HospitalOwnership,UrbanRuralDesi,TEACHINGDesignation,Category,Tot_ED_NmbVsts,EDStations,EDDXCount,PrimaryCareShortageArea,MentalHealthShortageArea,Visits_Per_Station,Bed_Size_Encoded,Burden_Status,KProto_Cluster,DBSCAN_Cluster,Visits_Volume_Bin,Capacity_Strain_Bin
Government,Urban,Non-Teaching,Active COVID-19,13261.0,12.0,349.0,No,No,1105.082412431323,3,Normal,4,0,Low Volume,Low Strain
Nonprofit,Urban,Non-Teaching,Active COVID-19,29420.666666666668,22.0,826.6666666666666,No,No,1337.302422438293,6,Normal,2,0,Medium Volume,Medium Strain
Nonprofit,Urban,Teaching,Active COVID-19,30782.5,40.0,1152.5,No,No,769.562307609423,4,Under-Burdened,3,0,Medium Volume,Low Strain
Government,Urban,Non-Teaching,Active COVID-19,65082.0,59.0,1765.0,No,No,1103.0845587992274,5,Normal,0,0,High Volume,Low Strain
Nonprofit,Urban,Non-Teaching,Active COVID-19,29479.0,30.0,925.3333333333334,No,No,982.633005788998,6,Under-Burdened,2,0,Medium Volume,Low Strain
Government,Urban,Non-Teaching,Active COVID-19,42180.666666666664,39.0,1870.6666666666667,No,No,1081.5552782336893,6,Normal,3,0,Medium Volume,Low Strain
Nonprofit,Urban,Non-Teaching,Active COVID-19,28620.0,17.0,1378.0,No,No,1683.5284214538697,4,Normal,2,0,Medium Volume,High Strain
Nonprofit,Urban,Non-Teaching,Active COVID-19,37801.333333333336,18.0,1024.6666666666667,No,No,2100.0729073669036,3,Overburdened,2,0,Medium Volume,High Strain
Nonprofit,Urban,Non-Teaching,Active COVID-19,31745.0,22.0,1018.0,No,No,1442.9538895664139,3,Normal,2,0,Medium Volume,Medium Strain
Nonprofit,Urban,Non-Teaching,Active COVID-19,110997.0,80.0,3679.0,No,No,1387.4623265672092,6,Normal,0,0,High Volume,Medium Strain
Nonprofit,Urban,Non-Teaching,Active COVID-19,66977.0,40.0,2032.6666666666667,No,No,1674.4245813938546,5,Normal,3,0,High Volume,High Strain
Nonprofit,Rural,Non-Teaching,Active COVID-19,24025.0,14.0,1008.0,Yes,No,1716.070202806998,2,Normal,1,0,Low Volume,High Strain
Nonprofit,Rural,Non-Teaching,Active COVID-19,9708.5,5.0,366.0,Yes,Yes,1941.696116607767,3,Overburdened,1,0,Low Volume,High Strain
Nonprofit,Rural,Non-Teaching,Active COVID-19,8570.0,14.0,333.5,Yes,Yes,612.1424198982716,3,Under-Burdened,1,0,Low Volume,Low Strain
Nonprofit,Urban,Non-Teaching,Active COVID-19,55911.0,49.0,1487.6666666666667,No,Yes,1141.0405834611054,5,Normal,3,0,High Volume,Low Strain
Nonprofit,Rural,Non-Teaching,Active COVID-19,10039.0,8.0,359.0,Yes,Yes,1254.8734314082108,1,Normal,1,0,Low Volume,Medium Strain
Nonprofit,Urban,Non-Teaching,Active COVID-19,41025.0,30.0,1491.3333333333333,No,No,1367.4995441668186,3,Normal,2,0,Medium Volume,Medium Strain
Nonprofit,Urban,Non-Teaching,Active COVID-19,46164.333333333336,44.0,1432.0,No,No,1049.1891554873132,7,Under-Burdened,3,0,Medium Volume,Low Strain
Nonprofit,Urban,Non-Teaching,Active COVID-19,63404.333333333336,52.0,1956.3333333333333,No,No,1219.3138680806665,5,Normal,3,0,High Volume,Medium Strain
Nonprofit,Urban,Non-Teaching,Active COVID-19,50722.333333333336,32.0,1680.0,No,No,1585.072421331535,5,Normal,2,0,High Volume,Medium Strain
Investor Owned,Urban,Non-Teaching,Active COVID-19,16929.333333333332,12.0,591.6666666666666,No,No,1410.7766021306093,3,Normal,4,0,Low Volume,Medium Strain
Nonprofit,Urban,Non-Teaching,Active COVID-19,63958.666666666664,36.0,2519.6666666666665,No,No,1776.629136121536,4,Overburdened,3,0,High Volume,High Strain
Nonprofit,Rural,Non-Teaching,Active COVID-19,16776.666666666668,12.0,405.0,Yes,Yes,1398.0543905102302,3,Normal,1,0,Low Volume,Medium Strain
Nonprofit,Rural,Non-Teaching,Active COVID-19,55450.333333333336,59.0,1746.0,Yes,Yes,939.8359988978533,6,Under-Burdened,0,1,High Volume,Low Strain
Investor Owned,Rural,Non-Teaching,Active COVID-19,7588.5,9.0,266.0,Yes,Yes,843.1657298158558,3,Under-Burdened,1,0,Low Volume,Low Strain
Nonprofit,Urban,Teaching,Active COVID-19,80788.66666666667,73.0,2195.6666666666665,Yes,No,1106.693912325035,7,Normal,0,0,High Volume,Low Strain
Nonprofit,Rural,Non-Teaching,Active COVID-19,35672.666666666664,10.0,1690.3333333333333,Yes,Yes,3567.263099403567,1,Overburdened,1,2,Medium Volume,High Strain
Nonprofit,Urban,Non-Teaching,Active COVID-19,57338.0,48.0,2331.5,No,Yes,1194.5414178038711,6,Normal,3,0,High Volume,Medium Strain
Nonprofit,Urban,Non-Teaching,Active COVID-19,47511.333333333336,21.0,1736.3333333333333,No,Yes,2262.4433670904605,4,Overburdened,2,0,Medium Volume,High Strain
Investor Owned,Frontier,Non-Teaching,Active COVID-19,5907.0,4.333333333333333,138.33333333333334,Yes,Yes,1363.1507004214607,1,Normal,1,0,Low Volume,Medium Strain
Investor Owned,Rural,Non-Teaching,Active COVID-19,10314.0,8.0,262.0,Yes,Yes,1289.2483884395144,1,Normal,1,0,Low Volume,Medium Strain
Investor Owned,Rural,Non-Teaching,Active COVID-19,28371.0,20.0,648.5,Yes,Yes,1418.5492907253547,3,Normal,1,0,Medium Volume,Medium Strain
Government,Rural,Non-Teaching,Active COVID-19,39829.0,16.0,2018.0,Yes,Yes,2489.31094418066,3,Overburdened,1,0,Medium Volume,High Strain
Government,Rural,Non-Teaching,Active COVID-19,7991.666666666667,7.666666666666667,244.0,No,No,1042.3899447087679,1,Under-Burdened,4,0,Low Volume,Low Strain
Government,Frontier,Non-Teaching,Active COVID-19,1610.0,2.0,59.0,Yes,No,804.9959750201249,1,Under-Burdened,1,0,Low Volume,Low Strain
Nonprofit,Urban,Non-Teaching,Active COVID-19,28485.0,10.0,696.5,Yes,Yes,2848.4971515028487,4,Overburdened,1,0,Medium Volume,High Strain
Government,Frontier,Non-Teaching,Active COVID-19,6546.333333333333,8.0,220.66666666666666,Yes,Yes,818.290643803362,3,Under-Burdened,1,0,Low Volume,Low Strain
Nonprofit,Urban,Non-Teaching,Active COVID-19,64106.0,42.666666666666664,2322.6666666666665,No,Yes,1502.484022855307,3,Normal,3,0,High Volume,Medium Strain
Nonprofit,Rural,Non-Teaching,Active COVID-19,15535.666666666666,12.0,515.0,Yes,Yes,1294.6378100240472,2,Normal,1,0,Low Volume,Medium Strain
Nonprofit,Rural,Non-Teaching,Active COVID-19,20035.333333333332,13.0,895.0,Yes,Yes,1541.1783016577167,1,Normal,1,0,Low Volume,Medium Strain
Nonprofit,Urban,Non-Teaching,Active COVID-19,88985.33333333333,40.666666666666664,3437.3333333333335,Yes,Yes,2188.163396353263,4,Overburdened,3,0,High Volume,High Strain
Nonprofit,Rural,Non-Teaching,Active COVID-19,18720.666666666668,8.0,574.0,Yes,Yes,2340.080408232823,1,Overburdened,1,0,Low Volume,High Strain
Nonprofit,Rural,Non-Teaching,Active COVID-19,18771.0,12.0,655.6666666666666,Yes,Yes,1564.2486964594198,1,Normal,1,0,Low Volume,Medium Strain
Nonprofit,Rural,Non-Teaching,Active COVID-19,10002.666666666666,8.0,358.0,Yes,Yes,1250.3317704186202,1,Normal,1,0,Low Volume,Medium Strain
Investor Owned,Urban,Non-Teaching,Active COVID-19,14433.0,8.0,697.5,No,No,1804.122744846569,3,Overburdened,4,0,Low Volume,High Strain
Government,Urban,Non-Teaching,Active COVID-19,102466.66666666667,42.666666666666664,3595.0,No,Yes,2401.561937133921,6,Overburdened,3,3,High Volume,High Strain
Nonprofit,Urban,Non-Teaching,Active COVID-19,36011.0,26.0,1092.0,No,No,1385.0379288315658,6,Normal,2,0,Medium Volume,Medium Strain
Investor Owned,Urban,Non-Teaching,Active COVID-19,12317.0,17.0,293.3333333333333,No,No,724.528985571185,6,Under-Burdened,4,0,Low Volume,Low Strain
Nonprofit,Urban,Non-Teaching,Active COVID-19,57101.0,35.0,1049.0,No,No,1631.4566767266635,6,Normal,3,0,High Volume,High Strain
Investor Owned,Urban,Non-Teaching,Active COVID-19,34882.0,50.5,681.0,Yes,No,690.7325364886066,6,Under-Burdened,3,0,Medium Volume,Low Strain
Nonprofit,Urban,Teaching,Active COVID-19,65446.0,41.0,1137.0,Yes,No,1596.2435131113382,6,Normal,3,0,High Volume,High Strain
Investor Owned,Urban,Non-Teaching,Active COVID-19,29986.333333333332,14.0,313.0,No,Yes,2141.879422467079,2,Overburdened,4,0,Medium Volume,High Strain
Investor Owned,Urban,Non-Teaching,Active COVID-19,3751.5,4.0,41.0,Yes,Yes,937.8726553183618,3,Under-Burdened,1,0,Low Volume,Low Strain
Investor Owned,Urban,Non-Teaching,Active COVID-19,20267.0,12.0,517.6666666666666,No,No,1688.915259237284,5,Normal,4,0,Low Volume,High Strain
Investor Owned,Urban,Non-Teaching,Active COVID-19,33361.5,14.0,1077.0,No,No,2382.9625835981547,4,Overburdened,4,0,Medium Volume,High Strain
Nonprofit,Urban,Non-Teaching,Active COVID-19,46487.666666666664,30.666666666666668,1206.0,No,No,1515.9016795972782,4,Normal,2,0,Medium Volume,Medium Strain
Investor Owned,Urban,Non-Teaching,Active COVID-19,9859.5,8.0,212.0,Yes,Yes,1232.4359594550508,3,Normal,1,0,Low Volume,Medium Strain
Investor Owned,Urban,Non-Teaching,Active COVID-19,6710.333333333333,9.0,139.0,No,No,745.591764157299,3,Under-Burdened,4,0,Low Volume,Low Strain
Investor Owned,Urban,Non-Teaching,Active COVID-19,16033.333333333334,21.0,456.6666666666667,No,No,763.4916999245874,5,Under-Burdened,4,0,Low Volume,Low Strain
Nonprofit,Urban,Non-Teaching,Active COVID-19,39767.5,37.0,1577.0,No,No,1074.7970068116197,7,Under-Burdened,3,0,Medium Volume,Low Strain
Investor Owned,Urban,Non-Teaching,Active COVID-19,18635.5,9.0,501.5,Yes,No,2070.608810434655,3,Overburdened,4,0,Low Volume,High Strain
Nonprofit,Urban,Non-Teaching,Active COVID-19,79359.66666666667,32.0,2097.6666666666665,No,No,2479.9888083368305,6,Overburdened,2,0,High Volume,High Strain
Nonprofit,Urban,Non-Teaching,Active COVID-19,68964.66666666667,30.0,2553.6666666666665,Yes,No,2298.8214559484036,7,Overburdened,2,0,High Volume,High Strain
Nonprofit,Urban,Teaching,Active COVID-19,53635.333333333336,57.0,2387.3333333333335,Yes,No,940.9705951513575,6,Under-Burdened,0,0,High Volume,Low Strain
Nonprofit,Urban,Non-Teaching,Active COVID-19,62426.5,49.5,2586.5,Yes,No,1261.1411593654223,5,Normal,3,0,High Volume,Medium Strain
Nonprofit,Urban,Non-Teaching,Active COVID-19,61938.666666666664,41.0,3083.3333333333335,No,No,1510.6988185287432,5,Normal,3,0,High Volume,Medium Strain
Nonprofit,Urban,Non-Teaching,Active COVID-19,79005.0,53.0,3160.6666666666665,No,No,1490.6600961018685,5,Normal,3,0,High Volume,Medium Strain
Nonprofit,Urban,Non-Teaching,Active COVID-19,40703.0,29.0,1586.0,No,No,1403.5512401547448,6,Normal,2,0,Medium Volume,Medium Strain
Nonprofit,Urban,Non-Teaching,Active COVID-19,32344.666666666668,18.0,941.6666666666666,No,No,1796.9249276342996,3,Overburdened,2,0,Medium Volume,High Strain
Investor Owned,Urban,Non-Teaching,Active COVID-19,36378.0,15.0,1699.0,No,No,2425.198383201078,5,Overburdened,4,0,Medium Volume,High Strain
Investor Owned,Urban,Non-Teaching,Active COVID-19,29577.0,10.666666666666666,371.6666666666667,Yes,No,2772.841150461422,4,Overburdened,4,0,Medium Volume,High Strain
Nonprofit,Urban,Teaching,Active COVID-19,72059.5,64.0,3561.5,No,No,1125.9295115735138,6,Normal,0,0,High Volume,Low Strain
Nonprofit,Urban,Non-Teaching,Active COVID-19,35037.666666666664,29.0,1129.3333333333333,No,No,1208.19498567989,6,Normal,2,0,Medium Volume,Medium Strain
Investor Owned,Urban,Non-Teaching,Active COVID-19,16074.666666666666,5.666666666666667,339.6666666666667,No,No,2836.700876410218,3,Overburdened,4,0,Low Volume,High Strain
Nonprofit,Urban,Teaching,Active COVID-19,54946.0,55.5,2193.5,No,No,990.0178396364253,7,Under-Burdened,3,0,High Volume,Low Strain
Nonprofit,Urban,Non-Teaching,Active COVID-19,47234.0,37.0,2174.0,No,No,1276.5942495691215,6,Normal,3,0,Medium Volume,Medium Strain
Investor Owned,Urban,Non-Teaching,Active COVID-19,4946.5,4.0,118.0,No,No,1236.621908445229,2,Normal,4,0,Low Volume,Medium Strain
Investor Owned,Urban,Non-Teaching,Active COVID-19,6297.5,7.0,110.5,No,No,899.6415719406116,3,Under-Burdened,4,0,Low Volume,Low Strain
Nonprofit,Urban,Non-Teaching,Active COVID-19,77714.0,71.0,3064.0,No,No,1094.5632261178555,6,Normal,0,0,High Volume,Low Strain
Nonprofit,Urban,Non-Teaching,Active COVID-19,57211.0,61.0,1889.0,No,No,937.8850921499849,7,Under-Burdened,0,0,High Volume,Low Strain
Investor Owned,Urban,Non-Teaching,Active COVID-19,12230.666666666666,8.0,307.3333333333333,No,No,1528.8314222940555,3,Normal,4,0,Low Volume,Medium Strain
Nonprofit,Urban,Non-Teaching,Active COVID-19,32363.666666666668,15.333333333333334,1254.0,No,No,2110.672536517911,5,Overburdened,2,0,Medium Volume,High Strain
Government,Urban,Non-Teaching,Active COVID-19,31796.5,21.0,1136.0,No,No,1514.1183266103208,5,Normal,2,0,Medium Volume,Medium Strain
Investor Owned,Urban,Non-Teaching,Active COVID-19,6826.0,7.0,125.0,Yes,No,975.1414640836227,5,Under-Burdened,4,0,Low Volume,Low Strain
Nonprofit,Urban,Non-Teaching,Active COVID-19,18475.333333333332,12.0,340.0,No,No,1539.609828102921,4,Normal,2,0,Low Volume,Medium Strain
Investor Owned,Urban,Non-Teaching,Active COVID-19,46827.333333333336,41.333333333333336,1107.6666666666667,Yes,Yes,1132.9190807453836,6,Normal,3,0,Medium Volume,Low Strain
Nonprofit,Urban,Non-Teaching,Active COVID-19,23936.333333333332,27.0,705.0,No,No,886.530535852888,5,Under-Burdened,2,0,Low Volume,Low Strain
Nonprofit,Urban,Non-Teaching,Active COVID-19,50359.333333333336,40.0,1975.3333333333333,No,No,1258.9830185875787,6,Normal,3,0,High Volume,Medium Strain
Investor Owned,Urban,Non-Teaching,Active COVID-19,9195.333333333334,8.0,119.33333333333333,No,No,1149.4152298976294,3,Normal,4,0,Low Volume,Low Strain
Nonprofit,Urban,Non-Teaching,Active COVID-19,43418.0,32.0,991.3333333333334,No,No,1356.8120759962262,6,Normal,2,0,Medium Volume,Medium Strain
Nonprofit,Urban,Non-Teaching,Active COVID-19,21073.5,13.0,1153.5,No,No,1621.037214586758,4,Normal,2,0,Low Volume,High Strain
Investor Owned,Urban,Non-Teaching,Active COVID-19,46270.0,30.0,790.3333333333334,No,No,1542.3328192223937,5,Normal,4,0,Medium Volume,Medium Strain
Nonprofit,Urban,Teaching,Active COVID-19,49428.0,28.0,1115.3333333333333,No,No,1765.285083826756,6,Overburdened,2,0,High Volume,High Strain
Investor Owned,Urban,Non-Teaching,Active COVID-19,23054.5,13.0,569.0,No,No,1773.4217127525287,4,Overburdened,4,0,Low Volume,High Strain
Nonprofit,Urban,Non-Teaching,Active COVID-19,52035.666666666664,30.0,1854.3333333333333,No,No,1734.5216440483407,6,Normal,2,0,High Volume,High Strain
Government,Urban,Teaching,Active COVID-19,73969.0,72.66666666666667,1447.0,Yes,No,1017.9218782676313,6,Under-Burdened,0,0,High Volume,Low Strain
Government,Urban,Teaching,Active COVID-19,105955.5,80.5,1251.0,No,No,1316.2172277991021,7,Normal,0,0,High Volume,Medium Strain
Nonprofit,Urban,Teaching,Active COVID-19,99493.0,29.0,4238.0,Yes,Yes,3430.791920416579,3,Overburdened,2,4,High Volume,High Strain
Government,Urban,Teaching,Active COVID-19,50463.666666666664,50.666666666666664,845.3333333333334,No,No,995.9932244750214,6,Under-Burdened,3,0,High Volume,Low Strain
Nonprofit,Urban,Non-Teaching,Active COVID-19,40780.666666666664,37.333333333333336,1762.0,No,No,1092.3389931234838,5,Normal,3,0,Medium Volume,Low Strain
Nonprofit,Urban,Non-Teaching,Active COVID-19,67262.0,33.0,2627.3333333333335,Yes,No,2038.2418065933919,5,Overburdened,2,0,High Volume,High Strain
Nonprofit,Urban,Non-Teaching,Active COVID-19,92182.33333333333,80.0,4109.666666666667,No,No,1152.2790226317886,6,Normal,0,0,High Volume,Low Strain
Investor Owned,Urban,Non-Teaching,Active COVID-19,64397.333333333336,35.0,1270.0,Yes,Yes,1839.9232838314426,4,Overburdened,3,0,High Volume,High Strain
Nonprofit,Rural,Non-Teaching,Active COVID-19,77745.33333333333,38.0,2528.0,Yes,Yes,2045.9292861589595,6,Overburdened,3,1,High Volume,High Strain
Nonprofit,Urban,Non-Teaching,Active COVID-19,27449.0,19.0,556.0,No,No,1444.683450166605,3,Normal,2,0,Medium Volume,Medium Strain
Nonprofit,Urban,Non-Teaching,Active COVID-19,29936.333333333332,31.0,683.6666666666666,No,No,965.6878605307977,6,Under-Burdened,2,0,Medium Volume,Low Strain
Nonprofit,Urban,Non-Teaching,Active COVID-19,14621.0,9.0,414.0,No,No,1624.553750495833,1,Normal,2,0,Low Volume,High Strain
Government,Rural,Non-Teaching,Active COVID-19,6284.0,3.6666666666666665,231.66666666666666,Yes,Yes,1713.8135077813424,1,Normal,1,0,Low Volume,High Strain
Nonprofit,Rural,Non-Teaching,Active COVID-19,9094.0,6.0,221.0,Yes,Yes,1515.6641405597659,1,Normal,1,0,Low Volume,Medium Strain
Nonprofit,Rural,Non-Teaching,Active COVID-19,28163.666666666668,19.0,883.0,Yes,Yes,1482.2974654574743,2,Normal,1,0,Medium Volume,Medium Strain
Nonprofit,Rural,Non-Teaching,Active COVID-19,13366.0,9.0,372.3333333333333,Yes,Yes,1485.1094609894878,1,Normal,1,0,Low Volume,Medium Strain
Nonprofit,Rural,Non-Teaching,Active COVID-19,25567.333333333332,10.0,955.0,Yes,Yes,2556.7307766025565,1,Overburdened,1,0,Medium Volume,High Strain
Nonprofit,Urban,Non-Teaching,Active COVID-19,57461.0,26.0,1122.6666666666667,Yes,Yes,2210.0376115239956,4,Overburdened,2,0,High Volume,High Strain
Government,Frontier,Non-Teaching,Active COVID-19,511.0,1.0,37.0,Yes,Yes,510.99489005109945,1,Under-Burdened,1,0,Low Volume,Low Strain
Nonprofit,Urban,Non-Teaching,Active COVID-19,41278.666666666664,30.666666666666668,1442.6666666666667,No,No,1346.0430393337915,5,Normal,2,0,Medium Volume,Medium Strain
Nonprofit,Rural,Non-Teaching,Active COVID-19,14553.0,6.0,461.6666666666667,No,Yes,2425.495957506738,2,Overburdened,1,0,Low Volume,High Strain
Government,Urban,Non-Teaching,Active COVID-19,50028.333333333336,16.0,1703.3333333333333,Yes,Yes,3126.768879102784,5,Overburdened,1,0,High Volume,High Strain
Government,Urban,Non-Teaching,Active COVID-19,51527.5,19.0,1639.0,Yes,Yes,2711.972256856707,4,Overburdened,1,0,High Volume,High Strain
Investor Owned,Urban,Non-Teaching,Active COVID-19,24487.0,18.0,599.0,No,No,1360.3881331177038,4,Normal,4,0,Low Volume,Medium Strain
Nonprofit,Rural,Non-Teaching,Active COVID-19,6034.5,8.0,183.5,No,No,754.3115571105536,3,Under-Burdened,1,0,Low Volume,Low Strain
Government,Rural,Non-Teaching,Active COVID-19,12749.5,15.0,330.5,Yes,Yes,849.9661000226,2,Under-Burdened,1,0,Low Volume,Low Strain
Nonprofit,Urban,Non-Teaching,Active COVID-19,92289.0,35.666666666666664,2349.3333333333335,No,No,2587.5413305958887,6,Overburdened,3,0,High Volume,High Strain
Nonprofit,Urban,Non-Teaching,Active COVID-19,27767.5,26.0,1696.5,No,No,1067.9803584690928,5,Under-Burdened,2,0,Medium Volume,Low Strain
Investor Owned,Urban,Teaching,Active COVID-19,23505.0,30.0,788.0,No,Yes,783.4997388334205,5,Under-Burdened,4,0,Low Volume,Low Strain
Investor Owned,Urban,Non-Teaching,Active COVID-19,5063.0,8.0,143.0,No,No,632.8742089072389,3,Under-Burdened,4,0,Low Volume,Low Strain
Investor Owned,Urban,Non-Teaching,Active COVID-19,12153.0,11.0,241.0,No,Yes,1104.8171774389295,4,Normal,4,0,Low Volume,Low Strain
Nonprofit,Urban,Non-Teaching,Active COVID-19,100965.66666666667,80.5,5046.0,No,No,1254.2317282527874,6,Normal,0,0,High Volume,Medium Strain
Investor Owned,Urban,Non-Teaching,Active COVID-19,11960.0,12.0,218.66666666666666,No,No,996.6658361118033,3,Under-Burdened,4,0,Low Volume,Low Strain
Investor Owned,Urban,Non-Teaching,Active COVID-19,11887.333333333334,11.0,284.6666666666667,No,No,1080.6656842433174,3,Normal,4,0,Low Volume,Low Strain
Investor Owned,Urban,Non-Teaching,Active COVID-19,25199.5,23.0,1069.0,No,No,1095.6299584217572,4,Normal,4,0,Low Volume,Low Strain
Investor Owned,Urban,Non-Teaching,Active COVID-19,11411.0,10.0,162.0,Yes,No,1141.098858901141,4,Normal,4,0,Low Volume,Low Strain
Nonprofit,Urban,Non-Teaching,Active COVID-19,34495.5,44.5,2111.5,No,No,775.1796010832356,6,Under-Burdened,3,0,Medium Volume,Low Strain
Government,Urban,Teaching,Active COVID-19,42020.0,50.666666666666664,1385.0,Yes,No,829.3419415772483,6,Under-Burdened,3,0,Medium Volume,Low Strain
Investor Owned,Urban,Non-Teaching,Active COVID-19,19240.0,12.0,392.0,Yes,No,1603.3319972233357,4,Normal,4,0,Low Volume,High Strain
Nonprofit,Urban,Non-Teaching,Active COVID-19,27262.5,31.0,1590.0,No,No,879.4352001821935,5,Under-Burdened,2,0,Medium Volume,Low Strain
Nonprofit,Urban,Non-Teaching,Active COVID-19,14340.0,20.0,634.6666666666666,No,No,716.9996415001792,4,Under-Burdened,2,0,Low Volume,Low Strain
Nonprofit,Urban,Non-Teaching,Active COVID-19,53749.666666666664,36.0,2368.3333333333335,No,No,1493.045881561329,6,Normal,3,0,High Volume,Medium Strain
Investor Owned,Urban,Non-Teaching,Active COVID-19,4135.333333333333,8.0,131.33333333333334,No,No,516.916020521641,4,Under-Burdened,4,0,Low Volume,Low Strain
Investor Owned,Urban,Non-Teaching,Active COVID-19,24221.0,24.0,639.0,Yes,No,1009.2079128300363,5,Under-Burdened,4,0,Low Volume,Low Strain
Investor Owned,Urban,Non-Teaching,Active COVID-19,17550.0,17.5,271.5,No,No,1002.8565697962458,5,Under-Burdened,4,0,Low Volume,Low Strain
Nonprofit,Urban,Non-Teaching,Active COVID-19,109291.5,72.0,5331.625,No,No,1517.9372891753765,5,Normal,0,0,High Volume,Medium Strain
Nonprofit,Urban,Non-Teaching,Active COVID-19,26386.333333333332,14.0,1108.0,No,Yes,1884.7367489975602,2,Overburdened,2,0,Medium Volume,High Strain
Nonprofit,Urban,Non-Teaching,Active COVID-19,69937.5,69.0,4219.0,No,No,1013.5868096251,6,Under-Burdened,0,0,High Volume,Low Strain
Nonprofit,Urban,Non-Teaching,Active COVID-19,112998.5,62.0,4212.333333333333,No,No,1822.5561576522325,6,Overburdened,0,0,High Volume,High Strain
Government,Frontier,Non-Teaching,Active COVID-19,3495.0,3.0,122.0,Yes,Yes,1164.996116679611,1,Normal,1,0,Low Volume,Medium Strain
Government,Frontier,Non-Teaching,Active COVID-19,2546.6666666666665,2.0,76.33333333333333,Yes,Yes,1273.3269666984997,1,Normal,1,0,Low Volume,Medium Strain
Investor Owned,Urban,Non-Teaching,Active COVID-19,44698.666666666664,30.0,1181.3333333333333,No,Yes,1489.9550589038693,4,Normal,4,0,Medium Volume,Medium Strain
Investor Owned,Urban,Non-Teaching,Active COVID-19,54417.5,28.0,901.5,No,Yes,1943.4814487566255,6,Overburdened,4,0,High Volume,High Strain
Investor Owned,Urban,Non-Teaching,Active COVID-19,39938.5,29.0,513.5,Yes,Yes,1377.189180279593,6,Normal,4,0,Medium Volume,Medium Strain
Investor Owned,Urban,Non-Teaching,Active COVID-19,45627.5,12.0,757.0,No,Yes,3802.2884980929184,3,Overburdened,4,5,Medium Volume,High Strain
Government,Rural,Non-Teaching,Active COVID-19,7767.0,7.0,267.5,Yes,Yes,1109.5698434716523,1,Normal,1,0,Low Volume,Low Strain
Investor Owned,Urban,Non-Teaching,Active COVID-19,45660.666666666664,41.0,1318.0,No,Yes,1113.6745251200343,4,Normal,3,0,Medium Volume,Low Strain
Government,Urban,Non-Teaching,Active COVID-19,37046.333333333336,28.0,1119.0,No,Yes,1323.0828608037402,2,Normal,2,0,Medium Volume,Medium Strain
Investor Owned,Urban,Non-Teaching,Active COVID-19,15067.333333333334,12.0,306.0,Yes,No,1255.6100647693906,2,Normal,4,0,Low Volume,Medium Strain
Nonprofit,Urban,Non-Teaching,Active COVID-19,54291.666666666664,41.0,2284.0,No,Yes,1324.1866688975604,5,Normal,3,0,High Volume,Medium Strain
Nonprofit,Urban,Non-Teaching,Active COVID-19,47474.5,26.0,2953.5,No,Yes,1825.9416054070748,2,Overburdened,2,0,Medium Volume,High Strain
Investor Owned,Urban,Non-Teaching,Active COVID-19,90694.33333333333,53.0,2509.6666666666665,No,Yes,1711.213513607513,3,Normal,3,6,High Volume,High Strain
Investor Owned,Urban,Non-Teaching,Active COVID-19,35054.666666666664,21.0,911.3333333333334,No,No,1669.2690463798192,3,Normal,4,0,Medium Volume,High Strain
Nonprofit,Urban,Non-Teaching,Active COVID-19,47299.5,58.5,1608.5,No,Yes,808.5383233267823,3,Under-Burdened,0,0,Medium Volume,Low Strain
Nonprofit,Urban,Non-Teaching,Active COVID-19,95381.5,59.0,3802.5,No,No,1616.6353192143526,5,Normal,0,0,High Volume,High Strain
Government,Urban,Teaching,Active COVID-19,63503.666666666664,70.0,2146.0,No,No,907.1951084959368,7,Under-Burdened,0,0,High Volume,Low Strain
Nonprofit,Urban,Non-Teaching,Active COVID-19,84523.33333333333,51.333333333333336,3193.3333333333335,No,No,1646.5581208003657,7,Normal,3,0,High Volume,High Strain
Nonprofit,Urban,Non-Teaching,Active COVID-19,106119.0,53.0,3396.5,No,No,2002.2449052368102,5,Overburdened,3,0,High Volume,High Strain
Government,Rural,Non-Teaching,Active COVID-19,21385.333333333332,18.0,1152.3333333333333,Yes,No,1188.0734140332884,2,Normal,1,0,Low Volume,Medium Strain
Government,Rural,Non-Teaching,Active COVID-19,11297.666666666666,7.0,398.0,Yes,Yes,1613.9500753094162,1,Normal,1,0,Low Volume,High Strain
Investor Owned,Urban,Non-Teaching,Active COVID-19,33224.0,15.0,853.3333333333334,No,No,2214.9318567120954,3,Overburdened,4,0,Medium Volume,High Strain
Investor Owned,Urban,Non-Teaching,Active COVID-19,22289.0,12.0,405.0,No,Yes,1857.4151188207343,3,Overburdened,4,0,Low Volume,High Strain
Nonprofit,Urban,Non-Teaching,Active COVID-19,112998.5,80.5,5331.625,Yes,No,1403.7079001605093,6,Normal,0,0,High Volume,Medium Strain
Nonprofit,Urban,Teaching,Active COVID-19,40403.0,40.0,1705.0,No,No,1010.074747481313,6,Under-Burdened,3,0,Medium Volume,Low Strain
Government,Rural,Non-Teaching,Active COVID-19,8291.666666666666,6.0,353.0,Yes,Yes,1381.9421412075424,1,Normal,1,0,Low Volume,Medium Strain
Nonprofit,Urban,Non-Teaching,Active COVID-19,75626.66666666667,52.0,1959.3333333333333,No,Yes,1454.35869467461,6,Normal,3,0,High Volume,Medium Strain
Nonprofit,Urban,Non-Teaching,Active COVID-19,53317.333333333336,18.0,1413.6666666666667,No,Yes,2962.0724284782805,6,Overburdened,2,0,High Volume,High Strain
Nonprofit,Urban,Non-Teaching,Active COVID-19,62192.333333333336,43.0,2250.6666666666665,No,Yes,1446.3329969768224,5,Normal,3,0,High Volume,Medium Strain
Investor Owned,Urban,Non-Teaching,Active COVID-19,30790.0,16.0,386.5,Yes,Yes,1924.3737972663766,3,Overburdened,4,0,Medium Volume,High Strain
Investor Owned,Rural,Non-Teaching,Active COVID-19,22806.333333333332,15.333333333333334,500.6666666666667,Yes,Yes,1487.3685951943944,4,Normal,1,0,Low Volume,Medium Strain
Investor Owned,Urban,Non-Teaching,Active COVID-19,35471.0,20.333333333333332,619.0,Yes,Yes,1744.4745518977616,3,Normal,4,0,Medium Volume,High Strain
Government,Urban,Teaching,Active COVID-19,57942.0,47.0,1788.0,Yes,No,1232.8082483386704,6,Normal,3,0,High Volume,Medium Strain
Investor Owned,Rural,Non-Teaching,Active COVID-19,25407.666666666668,16.0,684.0,Yes,Yes,1587.9781741803079,1,Normal,1,0,Medium Volume,High Strain
Nonprofit,Urban,Non-Teaching,Active COVID-19,23200.666666666668,15.0,877.3333333333334,No,Yes,1546.710079971058,2,Normal,2,0,Low Volume,Medium Strain
Nonprofit,Urban,Non-Teaching,Active COVID-19,79146.5,63.0,2739.5,No,No,1256.2934513819919,7,Normal,0,0,High Volume,Medium Strain
Nonprofit,Urban,Non-Teaching,Active COVID-19,86469.0,80.5,3229.0,No,Yes,1074.148934888331,7,Under-Burdened,0,0,High Volume,Low Strain
Nonprofit,Urban,Non-Teaching,Active COVID-19,112241.5,80.5,5331.625,No,No,1394.3041746205993,6,Normal,0,0,High Volume,Medium Strain
Nonprofit,Urban,Teaching,Active COVID-19,96961.66666666667,77.33333333333333,2924.3333333333335,No,No,1253.8144930412295,6,Normal,0,0,High Volume,Medium Strain
Investor Owned,Urban,Non-Teaching,Active COVID-19,17293.0,20.0,431.6666666666667,Yes,Yes,864.6495676752162,5,Under-Burdened,4,0,Low Volume,Low Strain
Nonprofit,Urban,Non-Teaching,Active COVID-19,37200.666666666664,47.0,1173.0,No,No,791.5033776943167,6,Under-Burdened,3,0,Medium Volume,Low Strain
Government,Urban,Non-Teaching,Active COVID-19,39953.666666666664,40.0,1231.6666666666667,No,No,998.8414169563123,6,Under-Burdened,3,0,Medium Volume,Low Strain
Government,Urban,Teaching,Active COVID-19,60332.5,80.5,1711.5,No,No,749.4719565873346,6,Under-Burdened,0,0,High Volume,Low Strain
Nonprofit,Urban,Non-Teaching,Active COVID-19,63761.0,48.0,2907.0,No,No,1328.3538899262728,6,Normal,3,0,High Volume,Medium Strain
Government,Urban,Non-Teaching,Active COVID-19,26922.5,8.0,1189.5,No,No,3365.3082933646333,5,Overburdened,4,7,Medium Volume,High Strain
Nonprofit,Urban,Non-Teaching,Active COVID-19,44178.666666666664,38.0,1478.6666666666667,No,No,1162.5961852817054,4,Normal,3,0,Medium Volume,Low Strain
Government,Urban,Non-Teaching,Active COVID-19,77978.0,72.0,3344.0,No,Yes,1083.027627357274,5,Normal,0,0,High Volume,Low Strain
Nonprofit,Urban,Teaching,Active COVID-19,31841.333333333332,28.666666666666668,799.3333333333334,No,No,1110.7437985777447,5,Normal,2,0,Medium Volume,Low Strain
Nonprofit,Urban,Non-Teaching,Active COVID-19,10480.666666666666,12.0,268.3333333333333,No,No,873.3881610654213,5,Under-Burdened,2,0,Low Volume,Low Strain
Government,Urban,Teaching,Active COVID-19,43609.0,59.0,766.3333333333334,No,No,739.135467943141,6,Under-Burdened,0,0,Medium Volume,Low Strain
Nonprofit,Urban,Non-Teaching,Active COVID-19,20186.666666666668,19.0,354.3333333333333,No,No,1062.4555811637292,5,Under-Burdened,2,0,Low Volume,Low Strain
Nonprofit,Urban,Teaching,Active COVID-19,11045.666666666666,12.0,238.33333333333334,No,No,920.4714551626762,5,Under-Burdened,2,0,Low Volume,Low Strain
Nonprofit,Urban,Non-Teaching,Active COVID-19,26493.666666666668,35.0,889.3333333333334,No,Yes,756.9616884871366,5,Under-Burdened,3,0,Medium Volume,Low Strain
Nonprofit,Urban,Non-Teaching,Active COVID-19,17995.0,16.0,631.6666666666666,No,No,1124.686797070752,3,Normal,2,0,Low Volume,Low Strain
Nonprofit,Urban,Non-Teaching,Active COVID-19,49033.666666666664,28.0,2132.3333333333335,No,Yes,1751.2017555231826,4,Overburdened,2,0,High Volume,High Strain
Government,Urban,Non-Teaching,Active COVID-19,41087.333333333336,25.333333333333332,993.3333333333334,Yes,Yes,1621.8677808416658,4,Normal,2,0,Medium Volume,High Strain
Nonprofit,Urban,Non-Teaching,Active COVID-19,29388.666666666668,14.0,1037.0,No,Yes,2099.1889767697785,2,Overburdened,2,0,Medium Volume,High Strain
Investor Owned,Urban,Non-Teaching,Active COVID-19,25987.0,11.0,1068.6666666666667,No,Yes,2362.4523977705476,2,Overburdened,4,0,Medium Volume,High Strain
Nonprofit,Urban,Non-Teaching,Active COVID-19,103851.33333333333,46.666666666666664,4281.666666666667,No,Yes,2225.385237417449,2,Overburdened,3,8,High Volume,High Strain
Nonprofit,Rural,Non-Teaching,Active COVID-19,25632.666666666668,18.0,894.3333333333334,No,Yes,1424.0362459057894,2,Normal,1,0,Medium Volume,Medium Strain
Nonprofit,Rural,Non-Teaching,Active COVID-19,20801.333333333332,22.0,677.6666666666666,No,Yes,945.5147217357325,2,Under-Burdened,1,0,Low Volume,Low Strain
Investor Owned,Rural,Non-Teaching,Active COVID-19,19784.666666666668,11.0,546.0,No,Yes,1798.6044255111285,4,Overburdened,1,0,Low Volume,High Strain
Investor Owned,Urban,Non-Teaching,Active COVID-19,27192.666666666668,23.0,896.0,No,No,1182.2893410336198,3,Normal,4,0,Medium Volume,Medium Strain
Government,Urban,Non-Teaching,Active COVID-19,33189.666666666664,15.0,1110.0,No,No,2212.6429693491314,4,Overburdened,4,0,Medium Volume,High Strain
Nonprofit,Urban,Non-Teaching,Active COVID-19,39927.666666666664,19.0,1151.6666666666667,No,No,2101.4550343219116,3,Overburdened,2,0,Medium Volume,High Strain
Investor Owned,Urban,Non-Teaching,Active COVID-19,13136.0,22.0,651.0,No,No,597.0906376860738,6,Under-Burdened,4,0,Low Volume,Low Strain
Investor Owned,Rural,Non-Teaching,Active COVID-19,1620.0,7.0,29.0,No,No,231.42824081679885,3,Under-Burdened,4,9,Low Volume,Low Strain
Nonprofit,Urban,Non-Teaching,Active COVID-19,41904.5,26.0,1552.0,No,No,1611.7109185727236,5,Normal,2,0,Medium Volume,High Strain
Nonprofit,Urban,Non-Teaching,Active COVID-19,14532.0,17.0,616.0,No,No,854.8230265746903,5,Under-Burdened,2,0,Low Volume,Low Strain
Nonprofit,Urban,Non-Teaching,Active COVID-19,32738.0,24.0,910.6666666666666,No,No,1364.0827649655146,4,Normal,2,0,Medium Volume,Medium Strain
Nonprofit,Urban,Non-Teaching,Active COVID-19,22042.666666666668,22.0,1006.3333333333334,No,Yes,1001.9389385126037,1,Under-Burdened,2,0,Low Volume,Low Strain
Government,Rural,Non-Teaching,Active COVID-19,18819.5,10.0,634.0,No,Yes,1881.948118051882,2,Overburdened,1,0,Low Volume,High Strain
Nonprofit,Urban,Non-Teaching,Active COVID-19,48621.0,41.0,1987.5,Yes,Yes,1185.8777595420097,5,Normal,3,0,Medium Volume,Medium Strain
Nonprofit,Urban,Non-Teaching,Active COVID-19,35892.0,40.5,1396.5,No,No,886.2220034019743,6,Under-Burdened,3,0,Medium Volume,Low Strain
Nonprofit,Rural,Non-Teaching,Active COVID-19,9330.0,8.0,312.6666666666667,No,Yes,1166.2485421893223,1,Normal,1,0,Low Volume,Medium Strain
Nonprofit,Urban,Non-Teaching,Active COVID-19,52909.5,40.0,2764.0,No,No,1322.7371693157077,6,Normal,3,0,High Volume,Medium Strain
Investor Owned,Urban,Non-Teaching,Active COVID-19,47574.333333333336,35.0,1541.3333333333333,No,No,1359.266278304873,6,Normal,3,0,Medium Volume,Medium Strain
Government,Urban,Non-Teaching,Active COVID-19,49958.666666666664,25.0,1287.6666666666667,No,No,1998.3458673283196,6,Overburdened,2,0,High Volume,High Strain
Nonprofit,Urban,Teaching,Active COVID-19,73416.5,80.5,3413.0,No,No,912.0060978874412,5,Under-Burdened,0,0,High Volume,Low Strain
Nonprofit,Urban,Non-Teaching,Active COVID-19,65069.0,36.0,2189.5,No,No,1807.4717201467442,5,Overburdened,3,0,High Volume,High Strain
Government,Rural,Non-Teaching,Active COVID-19,33380.333333333336,8.0,1126.0,No,No,4172.536450996104,2,Overburdened,4,10,Medium Volume,High Strain
Nonprofit,Urban,Non-Teaching,Active COVID-19,67463.5,30.0,2090.0,No,No,2248.7825837391388,6,Overburdened,2,0,High Volume,High Strain
Nonprofit,Urban,Non-Teaching,Active COVID-19,28103.666666666668,13.333333333333334,725.6666666666666,Yes,No,2107.7734191699356,3,Overburdened,2,0,Medium Volume,High Strain
Government,Frontier,Non-Teaching,Active COVID-19,3986.3333333333335,6.0,160.0,Yes,Yes,664.3877815759197,3,Under-Burdened,1,0,Low Volume,Low Strain
Investor Owned,Urban,Non-Teaching,Active COVID-19,24901.0,28.0,676.3333333333334,No,Yes,889.3211109567461,5,Under-Burdened,4,0,Low Volume,Low Strain
Nonprofit,Urban,Non-Teaching,Active COVID-19,42502.0,26.0,1645.6666666666667,No,Yes,1634.691678964739,5,Normal,2,0,Medium Volume,High Strain
Nonprofit,Rural,Non-Teaching,Active COVID-19,9721.666666666666,11.0,307.0,Yes,Yes,883.7870753450829,1,Under-Burdened,1,0,Low Volume,Low Strain
Nonprofit,Rural,Non-Teaching,Active COVID-19,9916.0,7.0,537.0,Yes,Yes,1416.5694049008503,1,Normal,1,0,Low Volume,Medium Strain
Nonprofit,Urban,Non-Teaching,Active COVID-19,57303.333333333336,51.0,1593.0,No,No,1123.594550929173,5,Normal,3,0,High Volume,Low Strain
Nonprofit,Urban,Non-Teaching,Active COVID-19,24714.666666666668,13.0,670.3333333333334,No,No,1901.1267427230187,3,Overburdened,2,0,Low Volume,High Strain
Nonprofit,Urban,Non-Teaching,Active COVID-19,57780.0,45.0,1774.6666666666667,No,No,1283.99971466673,4,Normal,3,0,High Volume,Medium Strain
Nonprofit,Urban,Non-Teaching,Active COVID-19,48864.0,27.0,1737.0,No,No,1809.7771074899601,3,Overburdened,2,0,Medium Volume,High Strain
Investor Owned,Rural,Non-Teaching,Active COVID-19,8867.0,9.0,250.0,No,No,985.2211275320806,1,Under-Burdened,4,0,Low Volume,Low Strain
Investor Owned,Urban,Non-Teaching,Active COVID-19,17207.5,15.0,484.5,No,No,1147.1659018893988,2,Normal,4,0,Low Volume,Low Strain
Investor Owned,Urban,Non-Teaching,Active COVID-19,35628.0,29.5,880.5,No,Yes,1207.728404159863,5,Normal,4,0,Medium Volume,Medium Strain
Government,Urban,Non-Teaching,Active COVID-19,8424.666666666666,8.333333333333334,183.0,Yes,No,1010.9587868494557,2,Under-Burdened,4,0,Low Volume,Low Strain
Nonprofit,Urban,Teaching,Active COVID-19,53276.0,30.0,1483.0,No,Yes,1775.8660747113086,4,Overburdened,2,0,High Volume,High Strain
Nonprofit,Urban,Non-Teaching,Active COVID-19,31739.5,34.0,946.5,No,Yes,933.5144313192848,3,Under-Burdened,3,0,Medium Volume,Low Strain
Investor Owned,Urban,Non-Teaching,Active COVID-19,77669.33333333333,33.0,2272.3333333333335,No,No,2353.6154483993587,6,Overburdened,2,0,High Volume,High Strain
Investor Owned,Urban,Non-Teaching,Active COVID-19,51875.333333333336,32.0,1759.6666666666667,No,No,1621.1036600717728,5,Normal,4,0,High Volume,High Strain
Nonprofit,Urban,Non-Teaching,Active COVID-19,72098.66666666667,40.0,3259.6666666666665,No,No,1802.4662160501127,6,Overburdened,3,0,High Volume,High Strain
Government,Rural,Non-Teaching,Active COVID-19,18690.333333333332,12.0,310.0,Yes,No,1557.5264798390444,1,Normal,1,0,Low Volume,Medium Strain
Nonprofit,Rural,Non-Teaching,Active COVID-19,28291.666666666668,14.0,1135.3333333333333,Yes,Yes,2020.8318898819837,2,Overburdened,1,0,Medium Volume,High Strain
Government,Urban,Non-Teaching,Active COVID-19,59761.5,80.5,2932.5,Yes,Yes,742.3787897666099,6,Under-Burdened,0,0,High Volume,Low Strain
Government,Rural,Non-Teaching,Active COVID-19,33321.0,24.0,931.5,Yes,Yes,1388.3744215106578,4,Normal,1,0,Medium Volume,Medium Strain
Nonprofit,Rural,Non-Teaching,Active COVID-19,28867.333333333332,15.0,1278.0,Yes,Yes,1924.4876058971515,3,Overburdened,1,0,Medium Volume,High Strain
Nonprofit,Rural,Non-Teaching,Active COVID-19,30663.666666666668,18.0,1130.3333333333333,Yes,Yes,1703.536090628098,2,Normal,1,0,Medium Volume,High Strain
Government,Urban,Non-Teaching,Active COVID-19,40721.5,38.5,1449.0,No,No,1057.70102397376,5,Under-Burdened,3,0,Medium Volume,Low Strain
Investor Owned,Urban,Non-Teaching,Active COVID-19,40176.0,28.0,1030.6666666666667,No,No,1434.8566304083463,6,Normal,4,0,Medium Volume,Medium Strain
Nonprofit,Rural,Non-Teaching,Active COVID-19,7952.0,6.0,305.3333333333333,No,No,1325.331124448126,1,Normal,1,0,Low Volume,Medium Strain
Nonprofit,Urban,Non-Teaching,Active COVID-19,22600.333333333332,14.0,824.0,No,No,1614.3083707321161,3,Normal,2,0,Low Volume,High Strain
Nonprofit,Urban,Non-Teaching,Active COVID-19,45771.666666666664,31.0,1518.3333333333333,No,Yes,1476.5049000521826,5,Normal,2,0,Medium Volume,Medium Strain
Nonprofit,Urban,Non-Teaching,Active COVID-19,26971.5,11.0,1237.0,No,Yes,2451.952316406985,1,Overburdened,2,0,Medium Volume,High Strain
Nonprofit,Rural,Non-Teaching,Active COVID-19,59699.0,44.0,2362.0,Yes,Yes,1356.7951461829211,5,Normal,3,1,High Volume,Medium Strain
Nonprofit,Urban,Non-Teaching,Active COVID-19,36398.0,40.0,572.0,No,No,909.9497725125568,4,Under-Burdened,3,0,Medium Volume,Low Strain
Government,Urban,Non-Teaching,Active COVID-19,69248.0,54.0,869.0,No,No,1282.3701328944198,4,Normal,3,0,High Volume,Medium Strain
Nonprofit,Urban,Teaching,Active COVID-19,112998.5,80.0,2391.0,No,No,1412.4810734398657,6,Normal,0,0,High Volume,Medium Strain
Nonprofit,Rural,Non-Teaching,Active COVID-19,9934.0,5.0,193.0,Yes,Yes,1986.7960264079472,1,Overburdened,1,0,Low Volume,High Strain
Nonprofit,Rural,Non-Teaching,Active COVID-19,15236.0,11.0,376.5,Yes,Yes,1385.0896499185,1,Normal,1,0,Low Volume,Medium Strain
Nonprofit,Rural,Non-Teaching,Active COVID-19,26490.0,24.0,712.0,No,No,1103.7495401043584,3,Normal,2,0,Medium Volume,Low Strain
Investor Owned,Rural,Non-Teaching,Active COVID-19,9268.0,9.0,191.0,Yes,Yes,1029.7766335815184,2,Under-Burdened,1,0,Low Volume,Low Strain
Nonprofit,Urban,Teaching,Active COVID-19,63937.0,48.0,907.0,No,Yes,1332.0205558290509,6,Normal,3,0,High Volume,Medium Strain
Investor Owned,Rural,Non-Teaching,Active COVID-19,11554.0,12.0,131.0,Yes,Yes,962.8325309728909,2,Under-Burdened,1,0,Low Volume,Low Strain
Government,Rural,Non-Teaching,Active COVID-19,30623.0,20.0,674.0,Yes,Yes,1531.149234425383,4,Normal,1,0,Medium Volume,Medium Strain
Nonprofit,Urban,Non-Teaching,Active COVID-19,74433.0,36.0,1942.0,No,Yes,2067.582759004789,6,Overburdened,3,0,High Volume,High Strain
Government,Urban,Teaching,Active COVID-19,45491.0,30.0,761.5,No,Yes,1516.3661612112796,5,Normal,2,0,Medium Volume,Medium Strain
Nonprofit,Urban,Non-Teaching,Active COVID-19,53560.0,40.0,795.0,No,Yes,1338.9996652500836,5,Normal,3,0,High Volume,Medium Strain
Nonprofit,Frontier,Non-Teaching,Active COVID-19,2364.0,2.0,34.0,Yes,Yes,1181.9940900295499,1,Normal,1,0,Low Volume,Medium Strain
Nonprofit,Urban,Teaching,Active COVID-19,41196.0,26.0,409.0,No,No,1584.4609290534888,6,Normal,2,0,Medium Volume,Medium Strain
Nonprofit,Urban,Non-Teaching,Active COVID-19,72057.0,46.0,714.0,Yes,No,1566.456181205178,6,Normal,3,0,High Volume,Medium Strain
Government,Urban,Non-Teaching,Active COVID-19,33564.0,14.0,470.0,No,No,2397.4268589808153,4,Overburdened,4,0,Medium Volume,High Strain
Nonprofit,Urban,Non-Teaching,Active COVID-19,31471.5,22.0,781.5,No,No,1430.5220770354194,3,Normal,2,0,Medium Volume,Medium Strain
Nonprofit,Urban,Non-Teaching,Active COVID-19,33640.5,16.0,581.5,No,No,2102.52993591879,6,Overburdened,2,0,Medium Volume,High Strain
Nonprofit,Urban,Non-Teaching,Active COVID-19,52043.0,50.0,1137.0,No,No,1040.8597918280416,7,Under-Burdened,3,0,High Volume,Low Strain
Investor Owned,Urban,Non-Teaching,Active COVID-19,29638.0,21.0,815.5,No,No,1411.3326612701612,4,Normal,4,0,Medium Volume,Medium Strain
Nonprofit,Urban,Non-Teaching,Active COVID-19,25109.5,16.0,504.0,No,No,1569.3427691607694,6,Normal,2,0,Low Volume,Medium Strain
Investor Owned,Urban,Non-Teaching,Active COVID-19,50599.5,24.0,1148.0,No,No,2108.3116215368245,6,Overburdened,4,0,High Volume,High Strain
Nonprofit,Urban,Non-Teaching,Active COVID-19,109217.0,29.0,1652.0,Yes,Yes,3766.1021496199482,3,Overburdened,2,4,High Volume,High Strain
Government,Rural,Non-Teaching,Active COVID-19,10799.0,13.0,173.0,No,Yes,830.6916686987164,1,Under-Burdened,1,0,Low Volume,Low Strain
Nonprofit,Rural,Non-Teaching,Active COVID-19,6472.0,8.0,105.0,No,No,808.998988751264,4,Under-Burdened,1,0,Low Volume,Low Strain
Nonprofit,Rural,Non-Teaching,Active COVID-19,23312.0,18.0,623.5,Yes,Yes,1295.110391605338,3,Normal,1,0,Low Volume,Medium Strain
Government,Urban,Non-Teaching,Active COVID-19,27460.0,23.0,550.0,No,No,1193.912524385859,4,Normal,2,0,Medium Volume,Medium Strain
Nonprofit,Urban,Non-Teaching,Active COVID-19,11497.0,69.0,275.0,No,No,166.62316425751243,2,Under-Burdened,0,11,Low Volume,Low Strain
Nonprofit,Urban,Teaching,Active COVID-19,112998.5,72.0,3150.0,No,No,1569.4233931356398,5,Normal,0,0,High Volume,Medium Strain
Investor Owned,Urban,Teaching,Active COVID-19,87345.0,64.0,613.0,Yes,Yes,1364.7654117554043,7,Normal,0,0,High Volume,Medium Strain
Nonprofit,Urban,Non-Teaching,Active COVID-19,51767.0,26.0,1333.0,No,Yes,1991.0376957547323,3,Overburdened,2,0,High Volume,High Strain
Nonprofit,Urban,Teaching,Active COVID-19,99973.0,59.0,1720.0,No,No,1694.4573399224846,5,Normal,0,0,High Volume,High Strain
Nonprofit,Urban,Non-Teaching,Active COVID-19,30920.5,20.0,780.5,No,No,1546.0242269878865,6,Normal,2,0,Medium Volume,Medium Strain
Nonprofit,Urban,Non-Teaching,Active COVID-19,56462.0,31.0,813.0,No,No,1821.3542511760481,6,Overburdened,2,0,High Volume,High Strain
Nonprofit,Urban,Non-Teaching,Active COVID-19,45169.5,29.0,1322.5,No,No,1557.56842842468,6,Normal,2,0,Medium Volume,Medium Strain
Nonprofit,Urban,Teaching,Active COVID-19,107243.0,53.0,1475.0,No,No,2023.4524484051983,5,Overburdened,3,0,High Volume,High Strain
Nonprofit,Urban,Non-Teaching,Active COVID-19,42886.0,25.0,887.0,No,No,1715.4393138242744,3,Normal,2,0,Medium Volume,High Strain
Nonprofit,Urban,Teaching,Active COVID-19,112998.5,80.5,3283.0,Yes,No,1403.7079001605093,6,Normal,0,0,High Volume,Medium Strain
Nonprofit,Urban,Teaching,Active COVID-19,62646.0,24.0,548.0,No,Yes,2610.2489123962864,6,Overburdened,2,0,High Volume,High Strain
Nonprofit,Frontier,Non-Teaching,Active COVID-19,4339.5,4.0,86.0,Yes,Yes,1084.8722878192805,1,Normal,1,0,Low Volume,Low Strain
Nonprofit,Urban,Non-Teaching,Active COVID-19,14965.0,39.0,477.0,No,No,383.7178503287563,4,Under-Burdened,3,0,Low Volume,Low Strain
Nonprofit,Urban,Teaching,Active COVID-19,112998.5,80.5,3175.0,No,No,1403.7079001605093,6,Normal,0,0,High Volume,Medium Strain
Nonprofit,Urban,Non-Teaching,Active COVID-19,5637.5,7.0,174.5,No,Yes,805.3559923485824,2,Under-Burdened,1,0,Low Volume,Low Strain
Investor Owned,Urban,Teaching,Active COVID-19,82844.0,62.0,1340.0,Yes,Yes,1336.1933328720431,6,Normal,0,0,High Volume,Medium Strain
Investor Owned,Urban,Non-Teaching,Active COVID-19,13380.0,22.0,245.0,No,No,608.1815417356629,5,Under-Burdened,4,0,Low Volume,Low Strain
Nonprofit,Urban,Non-Teaching,Active COVID-19,17158.0,17.0,387.0,No,No,1009.293523944986,4,Under-Burdened,2,0,Low Volume,Low Strain
Nonprofit,Urban,Teaching,Active COVID-19,43220.0,40.0,733.0,No,No,1080.4997298750675,6,Under-Burdened,3,0,Medium Volume,Low Strain
Nonprofit,Urban,Non-Teaching,Active COVID-19,63151.0,40.0,1842.0,No,No,1578.7746053063486,5,Normal,3,0,High Volume,Medium Strain
Nonprofit,Urban,Teaching,Active COVID-19,73413.0,36.0,1414.0,No,No,2039.249433541824,5,Overburdened,3,0,High Volume,High Strain
Nonprofit,Urban,Teaching,Active COVID-19,74166.0,30.0,1489.0,No,No,2472.199175933608,6,Overburdened,2,0,High Volume,High Strain
Nonprofit,Urban,Non-Teaching,Active COVID-19,39333.0,24.0,718.0,No,Yes,1638.8743171357012,5,Normal,2,0,Medium Volume,High Strain
Nonprofit,Urban,Non-Teaching,Active COVID-19,53345.0,27.0,1015.0,No,No,1975.740008985182,4,Overburdened,2,0,High Volume,High Strain
Nonprofit,Urban,Non-Teaching,Active COVID-19,59695.0,30.0,1086.0,No,Yes,1989.8326700557766,4,Overburdened,2,0,High Volume,High Strain
Government,Urban,Teaching,Active COVID-19,71708.0,73.0,1187.0,Yes,Yes,982.3012353012006,6,Under-Burdened,0,0,High Volume,Low Strain
Government,Urban,Non-Teaching,Active COVID-19,45896.0,35.0,692.0,No,No,1311.313911053168,4,Normal,3,0,Medium Volume,Medium Strain
Nonprofit,Urban,Non-Teaching,Active COVID-19,34054.5,18.0,1360.0,No,No,1891.9156156024358,3,Overburdened,2,0,Medium Volume,High Strain
Nonprofit,Urban,Non-Teaching,Active COVID-19,23820.0,19.5,937.5,No,Yes,1221.5378351088025,3,Normal,2,0,Low Volume,Medium Strain
Nonprofit,Urban,Non-Teaching,Active COVID-19,32229.0,23.0,835.0,No,Yes,1401.260260321626,2,Normal,2,0,Medium Volume,Medium Strain
Government,Frontier,Non-Teaching,Active COVID-19,2837.0,2.0,47.0,Yes,Yes,1418.4929075354623,1,Normal,1,0,Low Volume,Medium Strain
Investor Owned,Urban,Non-Teaching,Active COVID-19,23943.0,20.0,391.0,Yes,No,1197.1494014252994,6,Normal,4,0,Low Volume,Medium Strain
Government,Urban,Teaching,Active COVID-19,32425.0,41.0,937.0,No,No,790.8534656454962,6,Under-Burdened,3,0,Medium Volume,Low Strain
Nonprofit,Rural,Non-Teaching,Active COVID-19,28244.0,16.0,1506.0,Yes,Yes,1765.2488967194397,3,Overburdened,1,0,Medium Volume,High Strain
Government,Frontier,Non-Teaching,Active COVID-19,4834.0,4.0,236.0,Yes,Yes,1208.4969787575533,2,Normal,1,0,Low Volume,Medium Strain
Nonprofit,Urban,Non-Teaching,Active COVID-19,58831.0,56.0,3416.0,No,No,1050.5533838297529,6,Under-Burdened,3,0,High Volume,Low Strain
Investor Owned,Urban,Non-Teaching,Active COVID-19,73328.0,64.0,1767.0,Yes,Yes,1145.7498209765904,6,Normal,0,0,High Volume,Low Strain
Government,Urban,Teaching,Active COVID-19,68827.0,44.0,2001.0,No,Yes,1564.249644488717,6,Normal,3,0,High Volume,Medium Strain
Nonprofit,Urban,Non-Teaching,Active COVID-19,51901.0,24.0,1621.0,No,Yes,2162.540765608014,6,Overburdened,2,0,High Volume,High Strain
Government,Urban,Teaching,Active COVID-19,33076.0,52.0,844.0,No,No,636.0768007544614,7,Under-Burdened,3,0,Medium Volume,Low Strain
Nonprofit,Urban,Non-Teaching,Active COVID-19,28108.0,21.0,1422.0,Yes,Yes,1338.4755531068795,5,Normal,1,0,Medium Volume,Medium Strain
Investor Owned,Urban,Non-Teaching,Active COVID-19,67670.0,62.0,2677.0,Yes,Yes,1091.4514368626715,6,Normal,0,0,High Volume,Low Strain
Government,Urban,Non-Teaching,All ED Visits,13261.0,12.0,5331.625,No,No,1105.082412431323,3,Normal,4,0,Low Volume,Low Strain
Nonprofit,Urban,Non-Teaching,All ED Visits,29420.666666666668,22.0,5331.625,No,No,1337.302422438293,6,Normal,2,0,Medium Volume,Medium Strain
Nonprofit,Urban,Teaching,All ED Visits,30782.5,40.0,5331.625,No,No,769.562307609423,4,Under-Burdened,3,0,Medium Volume,Low Strain
Government,Urban,Non-Teaching,All ED Visits,65082.0,59.0,5331.625,No,No,1103.0845587992274,5,Normal,0,0,High Volume,Low Strain
Nonprofit,Urban,Non-Teaching,All ED Visits,29479.0,30.0,5331.625,No,No,982.633005788998,6,Under-Burdened,2,0,Medium Volume,Low Strain
Government,Urban,Non-Teaching,All ED Visits,42180.666666666664,39.0,5331.625,No,No,1081.5552782336893,6,Normal,3,0,Medium Volume,Low Strain
Nonprofit,Urban,Non-Teaching,All ED Visits,28620.0,17.0,5331.625,No,No,1683.5284214538697,4,Normal,2,0,Medium Volume,High Strain
Nonprofit,Urban,Non-Teaching,All ED Visits,37801.333333333336,18.0,5331.625,No,No,2100.0729073669036,3,Overburdened,2,0,Medium Volume,High Strain
Nonprofit,Urban,Non-Teaching,All ED Visits,31745.0,22.0,5331.625,No,No,1442.9538895664139,3,Normal,2,0,Medium Volume,Medium Strain
Nonprofit,Urban,Non-Teaching,All ED Visits,110997.0,80.0,5331.625,No,No,1387.4623265672092,6,Normal,0,0,High Volume,Medium Strain
Nonprofit,Urban,Non-Teaching,All ED Visits,66977.0,40.0,5331.625,No,No,1674.4245813938546,5,Normal,3,0,High Volume,High Strain
Nonprofit,Rural,Non-Teaching,All ED Visits,24025.0,14.0,5331.625,Yes,No,1716.070202806998,2,Normal,1,0,Low Volume,High Strain
Nonprofit,Rural,Non-Teaching,All ED Visits,9708.5,5.0,5331.625,Yes,Yes,1941.696116607767,3,Overburdened,1,0,Low Volume,High Strain
Nonprofit,Rural,Non-Teaching,All ED Visits,8570.0,14.0,5331.625,Yes,Yes,612.1424198982716,3,Under-Burdened,1,0,Low Volume,Low Strain
Nonprofit,Urban,Non-Teaching,All ED Visits,55911.0,49.0,5331.625,No,Yes,1141.0405834611054,5,Normal,3,0,High Volume,Low Strain
Nonprofit,Rural,Non-Teaching,All ED Visits,10039.0,8.0,5331.625,Yes,Yes,1254.8734314082108,1,Normal,1,0,Low Volume,Medium Strain
Nonprofit,Urban,Non-Teaching,All ED Visits,41025.0,30.0,5331.625,No,No,1367.4995441668186,3,Normal,2,0,Medium Volume,Medium Strain
Nonprofit,Urban,Non-Teaching,All ED Visits,46164.333333333336,44.0,5331.625,No,No,1049.1891554873132,7,Under-Burdened,3,0,Medium Volume,Low Strain
Nonprofit,Urban,Non-Teaching,All ED Visits,63404.333333333336,52.0,5331.625,No,No,1219.3138680806665,5,Normal,3,0,High Volume,Medium Strain
Nonprofit,Urban,Non-Teaching,All ED Visits,50722.333333333336,32.0,5331.625,No,No,1585.072421331535,5,Normal,2,0,High Volume,Medium Strain
Investor Owned,Urban,Non-Teaching,All ED Visits,16929.333333333332,12.0,5331.625,No,No,1410.7766021306093,3,Normal,4,0,Low Volume,Medium Strain
Nonprofit,Urban,Non-Teaching,All ED Visits,63958.666666666664,36.0,5331.625,No,No,1776.629136121536,4,Overburdened,3,0,High Volume,High Strain
Nonprofit,Rural,Non-Teaching,All ED Visits,16776.666666666668,12.0,5331.625,Yes,Yes,1398.0543905102302,3,Normal,1,0,Low Volume,Medium Strain
Nonprofit,Rural,Non-Teaching,All ED Visits,55450.333333333336,59.0,5331.625,Yes,Yes,939.8359988978533,6,Under-Burdened,0,1,High Volume,Low Strain
Investor Owned,Rural,Non-Teaching,All ED Visits,7588.5,9.0,5331.625,Yes,Yes,843.1657298158558,3,Under-Burdened,1,0,Low Volume,Low Strain
Nonprofit,Urban,Teaching,All ED Visits,80788.66666666667,73.0,5331.625,Yes,No,1106.693912325035,7,Normal,0,0,High Volume,Low Strain
Nonprofit,Rural,Non-Teaching,All ED Visits,35672.666666666664,10.0,5331.625,Yes,Yes,3567.263099403567,1,Overburdened,1,2,Medium Volume,High Strain
Nonprofit,Urban,Non-Teaching,All ED Visits,57338.0,48.0,5331.625,No,Yes,1194.5414178038711,6,Normal,3,0,High Volume,Medium Strain
Nonprofit,Urban,Non-Teaching,All ED Visits,47511.333333333336,21.0,5331.625,No,Yes,2262.4433670904605,4,Overburdened,2,0,Medium Volume,High Strain
Investor Owned,Frontier,Non-Teaching,All ED Visits,5907.0,4.333333333333333,5331.625,Yes,Yes,1363.1507004214607,1,Normal,1,0,Low Volume,Medium Strain
Investor Owned,Rural,Non-Teaching,All ED Visits,10314.0,8.0,5331.625,Yes,Yes,1289.2483884395144,1,Normal,1,0,Low Volume,Medium Strain
Investor Owned,Rural,Non-Teaching,All ED Visits,28371.0,20.0,5331.625,Yes,Yes,1418.5492907253547,3,Normal,1,0,Medium Volume,Medium Strain
Government,Rural,Non-Teaching,All ED Visits,39829.0,16.0,5331.625,Yes,Yes,2489.31094418066,3,Overburdened,1,0,Medium Volume,High Strain
Government,Rural,Non-Teaching,All ED Visits,7991.666666666667,7.666666666666667,5331.625,No,No,1042.3899447087679,1,Under-Burdened,4,0,Low Volume,Low Strain
Government,Frontier,Non-Teaching,All ED Visits,1610.0,2.0,1610.0,Yes,No,804.9959750201249,1,Under-Burdened,1,0,Low Volume,Low Strain
Nonprofit,Urban,Non-Teaching,All ED Visits,28485.0,10.0,5331.625,Yes,Yes,2848.4971515028487,4,Overburdened,1,0,Medium Volume,High Strain
Government,Frontier,Non-Teaching,All ED Visits,6546.333333333333,8.0,5331.625,Yes,Yes,818.290643803362,3,Under-Burdened,1,0,Low Volume,Low Strain
Nonprofit,Urban,Non-Teaching,All ED Visits,64106.0,42.666666666666664,5331.625,No,Yes,1502.484022855307,3,Normal,3,0,High Volume,Medium Strain
Nonprofit,Rural,Non-Teaching,All ED Visits,15535.666666666666,12.0,5331.625,Yes,Yes,1294.6378100240472,2,Normal,1,0,Low Volume,Medium Strain
Nonprofit,Rural,Non-Teaching,All ED Visits,20035.333333333332,13.0,5331.625,Yes,Yes,1541.1783016577167,1,Normal,1,0,Low Volume,Medium Strain
Nonprofit,Urban,Non-Teaching,All ED Visits,88985.33333333333,40.666666666666664,5331.625,Yes,Yes,2188.163396353263,4,Overburdened,3,0,High Volume,High Strain
Nonprofit,Rural,Non-Teaching,All ED Visits,18720.666666666668,8.0,5331.625,Yes,Yes,2340.080408232823,1,Overburdened,1,0,Low Volume,High Strain
Nonprofit,Rural,Non-Teaching,All ED Visits,18771.0,12.0,5331.625,Yes,Yes,1564.2486964594198,1,Normal,1,0,Low Volume,Medium Strain
Nonprofit,Rural,Non-Teaching,All ED Visits,10002.666666666666,8.0,5331.625,Yes,Yes,1250.3317704186202,1,Normal,1,0,Low Volume,Medium Strain
Investor Owned,Urban,Non-Teaching,All ED Visits,14433.0,8.0,5331.625,No,No,1804.122744846569,3,Overburdened,4,0,Low Volume,High Strain
Government,Urban,Non-Teaching,All ED Visits,102466.66666666667,42.666666666666664,5331.625,No,Yes,2401.561937133921,6,Overburdened,3,3,High Volume,High Strain
Nonprofit,Urban,Non-Teaching,All ED Visits,36011.0,26.0,5331.625,No,No,1385.0379288315658,6,Normal,2,0,Medium Volume,Medium Strain
Investor Owned,Urban,Non-Teaching,All ED Visits,12317.0,17.0,5331.625,No,No,724.528985571185,6,Under-Burdened,4,0,Low Volume,Low Strain
Nonprofit,Urban,Non-Teaching,All ED Visits,57101.0,35.0,5331.625,No,No,1631.4566767266635,6,Normal,3,0,High Volume,High Strain
Investor Owned,Urban,Non-Teaching,All ED Visits,34882.0,50.5,5331.625,Yes,No,690.7325364886066,6,Under-Burdened,3,0,Medium Volume,Low Strain
Nonprofit,Urban,Teaching,All ED Visits,65446.0,41.0,5331.625,Yes,No,1596.2435131113382,6,Normal,3,0,High Volume,High Strain
Investor Owned,Urban,Non-Teaching,All ED Visits,29986.333333333332,14.0,5331.625,No,Yes,2141.879422467079,2,Overburdened,4,0,Medium Volume,High Strain
Investor Owned,Urban,Non-Teaching,All ED Visits,3751.5,4.0,3751.5,Yes,Yes,937.8726553183618,3,Under-Burdened,1,0,Low Volume,Low Strain
Investor Owned,Urban,Non-Teaching,All ED Visits,20267.0,12.0,5331.625,No,No,1688.915259237284,5,Normal,4,0,Low Volume,High Strain
Investor Owned,Urban,Non-Teaching,All ED Visits,33361.5,14.0,5331.625,No,No,2382.9625835981547,4,Overburdened,4,0,Medium Volume,High Strain
Nonprofit,Urban,Non-Teaching,All ED Visits,46487.666666666664,30.666666666666668,5331.625,No,No,1515.9016795972782,4,Normal,2,0,Medium Volume,Medium Strain
Investor Owned,Urban,Non-Teaching,All ED Visits,9859.5,8.0,5331.625,Yes,Yes,1232.4359594550508,3,Normal,1,0,Low Volume,Medium Strain
Investor Owned,Urban,Non-Teaching,All ED Visits,6710.333333333333,9.0,5331.625,No,No,745.591764157299,3,Under-Burdened,4,0,Low Volume,Low Strain
Investor Owned,Urban,Non-Teaching,All ED Visits,16033.333333333334,21.0,5331.625,No,No,763.4916999245874,5,Under-Burdened,4,0,Low Volume,Low Strain
Nonprofit,Urban,Non-Teaching,All ED Visits,39767.5,37.0,5331.625,No,No,1074.7970068116197,7,Under-Burdened,3,0,Medium Volume,Low Strain
Investor Owned,Urban,Non-Teaching,All ED Visits,18635.5,9.0,5331.625,Yes,No,2070.608810434655,3,Overburdened,4,0,Low Volume,High Strain
Nonprofit,Urban,Non-Teaching,All ED Visits,79359.66666666667,32.0,5331.625,No,No,2479.9888083368305,6,Overburdened,2,0,High Volume,High Strain
Nonprofit,Urban,Non-Teaching,All ED Visits,68964.66666666667,30.0,5331.625,Yes,No,2298.8214559484036,7,Overburdened,2,0,High Volume,High Strain
Nonprofit,Urban,Teaching,All ED Visits,53635.333333333336,57.0,5331.625,Yes,No,940.9705951513575,6,Under-Burdened,0,0,High Volume,Low Strain
Nonprofit,Urban,Non-Teaching,All ED Visits,62426.5,49.5,5331.625,Yes,No,1261.1411593654223,5,Normal,3,0,High Volume,Medium Strain
Nonprofit,Urban,Non-Teaching,All ED Visits,61938.666666666664,41.0,5331.625,No,No,1510.6988185287432,5,Normal,3,0,High Volume,Medium Strain
Nonprofit,Urban,Non-Teaching,All ED Visits,79005.0,53.0,5331.625,No,No,1490.6600961018685,5,Normal,3,0,High Volume,Medium Strain
Nonprofit,Urban,Non-Teaching,All ED Visits,40703.0,29.0,5331.625,No,No,1403.5512401547448,6,Normal,2,0,Medium Volume,Medium Strain
Nonprofit,Urban,Non-Teaching,All ED Visits,32344.666666666668,18.0,5331.625,No,No,1796.9249276342996,3,Overburdened,2,0,Medium Volume,High Strain
Investor Owned,Urban,Non-Teaching,All ED Visits,36378.0,15.0,5331.625,No,No,2425.198383201078,5,Overburdened,4,0,Medium Volume,High Strain
Investor Owned,Urban,Non-Teaching,All ED Visits,29577.0,10.666666666666666,5331.625,Yes,No,2772.841150461422,4,Overburdened,4,0,Medium Volume,High Strain
Nonprofit,Urban,Teaching,All ED Visits,72059.5,64.0,5331.625,No,No,1125.9295115735138,6,Normal,0,0,High Volume,Low Strain
Nonprofit,Urban,Non-Teaching,All ED Visits,35037.666666666664,29.0,5331.625,No,No,1208.19498567989,6,Normal,2,0,Medium Volume,Medium Strain
Investor Owned,Urban,Non-Teaching,All ED Visits,16074.666666666666,5.666666666666667,5331.625,No,No,2836.700876410218,3,Overburdened,4,0,Low Volume,High Strain
Nonprofit,Urban,Teaching,All ED Visits,54946.0,55.5,5331.625,No,No,990.0178396364253,7,Under-Burdened,3,0,High Volume,Low Strain
Nonprofit,Urban,Non-Teaching,All ED Visits,47234.0,37.0,5331.625,No,No,1276.5942495691215,6,Normal,3,0,Medium Volume,Medium Strain
Investor Owned,Urban,Non-Teaching,All ED Visits,4946.5,4.0,4946.5,No,No,1236.621908445229,2,Normal,4,0,Low Volume,Medium Strain
Investor Owned,Urban,Non-Teaching,All ED Visits,6297.5,7.0,5331.625,No,No,899.6415719406116,3,Under-Burdened,4,0,Low Volume,Low Strain
Nonprofit,Urban,Non-Teaching,All ED Visits,77714.0,71.0,5331.625,No,No,1094.5632261178555,6,Normal,0,0,High Volume,Low Strain
Nonprofit,Urban,Non-Teaching,All ED Visits,57211.0,61.0,5331.625,No,No,937.8850921499849,7,Under-Burdened,0,0,High Volume,Low Strain
Investor Owned,Urban,Non-Teaching,All ED Visits,12230.666666666666,8.0,5331.625,No,No,1528.8314222940555,3,Normal,4,0,Low Volume,Medium Strain
Nonprofit,Urban,Non-Teaching,All ED Visits,32363.666666666668,15.333333333333334,5331.625,No,No,2110.672536517911,5,Overburdened,2,0,Medium Volume,High Strain
Government,Urban,Non-Teaching,All ED Visits,31796.5,21.0,5331.625,No,No,1514.1183266103208,5,Normal,2,0,Medium Volume,Medium Strain
Investor Owned,Urban,Non-Teaching,All ED Visits,6826.0,7.0,5331.625,Yes,No,975.1414640836227,5,Under-Burdened,4,0,Low Volume,Low Strain
Nonprofit,Urban,Non-Teaching,All ED Visits,18475.333333333332,12.0,5331.625,No,No,1539.609828102921,4,Normal,2,0,Low Volume,Medium Strain
Investor Owned,Urban,Non-Teaching,All ED Visits,46827.333333333336,41.333333333333336,5331.625,Yes,Yes,1132.9190807453836,6,Normal,3,0,Medium Volume,Low Strain
Nonprofit,Urban,Non-Teaching,All ED Visits,23936.333333333332,27.0,5331.625,No,No,886.530535852888,5,Under-Burdened,2,0,Low Volume,Low Strain
Nonprofit,Urban,Non-Teaching,All ED Visits,50359.333333333336,40.0,5331.625,No,No,1258.9830185875787,6,Normal,3,0,High Volume,Medium Strain
Investor Owned,Urban,Non-Teaching,All ED Visits,9195.333333333334,8.0,5331.625,No,No,1149.4152298976294,3,Normal,4,0,Low Volume,Low Strain
Nonprofit,Urban,Non-Teaching,All ED Visits,43418.0,32.0,5331.625,No,No,1356.8120759962262,6,Normal,2,0,Medium Volume,Medium Strain
Nonprofit,Urban,Non-Teaching,All ED Visits,21073.5,13.0,5331.625,No,No,1621.037214586758,4,Normal,2,0,Low Volume,High Strain
Investor Owned,Urban,Non-Teaching,All ED Visits,46270.0,30.0,5331.625,No,No,1542.3328192223937,5,Normal,4,0,Medium Volume,Medium Strain
Nonprofit,Urban,Teaching,All ED Visits,49428.0,28.0,5331.625,No,No,1765.285083826756,6,Overburdened,2,0,High Volume,High Strain
Investor Owned,Urban,Non-Teaching,All ED Visits,23054.5,13.0,5331.625,No,No,1773.4217127525287,4,Overburdened,4,0,Low Volume,High Strain
Nonprofit,Urban,Non-Teaching,All ED Visits,52035.666666666664,30.0,5331.625,No,No,1734.5216440483407,6,Normal,2,0,High Volume,High Strain
Government,Urban,Teaching,All ED Visits,73969.0,72.66666666666667,5331.625,Yes,No,1017.9218782676313,6,Under-Burdened,0,0,High Volume,Low Strain
Government,Urban,Teaching,All ED Visits,105955.5,80.5,5331.625,No,No,1316.2172277991021,7,Normal,0,0,High Volume,Medium Strain
Nonprofit,Urban,Teaching,All ED Visits,99493.0,29.0,5331.625,Yes,Yes,3430.791920416579,3,Overburdened,2,4,High Volume,High Strain
Government,Urban,Teaching,All ED Visits,50463.666666666664,50.666666666666664,5331.625,No,No,995.9932244750214,6,Under-Burdened,3,0,High Volume,Low Strain
Nonprofit,Urban,Non-Teaching,All ED Visits,40780.666666666664,37.333333333333336,5331.625,No,No,1092.3389931234838,5,Normal,3,0,Medium Volume,Low Strain
Nonprofit,Urban,Non-Teaching,All ED Visits,67262.0,33.0,5331.625,Yes,No,2038.2418065933919,5,Overburdened,2,0,High Volume,High Strain
Nonprofit,Urban,Non-Teaching,All ED Visits,92182.33333333333,80.0,5331.625,No,No,1152.2790226317886,6,Normal,0,0,High Volume,Low Strain
Investor Owned,Urban,Non-Teaching,All ED Visits,64397.333333333336,35.0,5331.625,Yes,Yes,1839.9232838314426,4,Overburdened,3,0,High Volume,High Strain
Nonprofit,Rural,Non-Teaching,All ED Visits,77745.33333333333,38.0,5331.625,Yes,Yes,2045.9292861589595,6,Overburdened,3,1,High Volume,High Strain
Nonprofit,Urban,Non-Teaching,All ED Visits,27449.0,19.0,5331.625,No,No,1444.683450166605,3,Normal,2,0,Medium Volume,Medium Strain
Nonprofit,Urban,Non-Teaching,All ED Visits,29936.333333333332,31.0,5331.625,No,No,965.6878605307977,6,Under-Burdened,2,0,Medium Volume,Low Strain
Nonprofit,Urban,Non-Teaching,All ED Visits,14621.0,9.0,5331.625,No,No,1624.553750495833,1,Normal,2,0,Low Volume,High Strain
Government,Rural,Non-Teaching,All ED Visits,6284.0,3.6666666666666665,5331.625,Yes,Yes,1713.8135077813424,1,Normal,1,0,Low Volume,High Strain
Nonprofit,Rural,Non-Teaching,All ED Visits,9094.0,6.0,5331.625,Yes,Yes,1515.6641405597659,1,Normal,1,0,Low Volume,Medium Strain
Nonprofit,Rural,Non-Teaching,All ED Visits,28163.666666666668,19.0,5331.625,Yes,Yes,1482.2974654574743,2,Normal,1,0,Medium Volume,Medium Strain
Nonprofit,Rural,Non-Teaching,All ED Visits,13366.0,9.0,5331.625,Yes,Yes,1485.1094609894878,1,Normal,1,0,Low Volume,Medium Strain
Nonprofit,Rural,Non-Teaching,All ED Visits,25567.333333333332,10.0,5331.625,Yes,Yes,2556.7307766025565,1,Overburdened,1,0,Medium Volume,High Strain
Nonprofit,Urban,Non-Teaching,All ED Visits,57461.0,26.0,5331.625,Yes,Yes,2210.0376115239956,4,Overburdened,2,0,High Volume,High Strain
Government,Frontier,Non-Teaching,All ED Visits,511.0,1.0,511.0,Yes,Yes,510.99489005109945,1,Under-Burdened,1,0,Low Volume,Low Strain
Nonprofit,Urban,Non-Teaching,All ED Visits,41278.666666666664,30.666666666666668,5331.625,No,No,1346.0430393337915,5,Normal,2,0,Medium Volume,Medium Strain
Nonprofit,Rural,Non-Teaching,All ED Visits,14553.0,6.0,5331.625,No,Yes,2425.495957506738,2,Overburdened,1,0,Low Volume,High Strain
Government,Urban,Non-Teaching,All ED Visits,50028.333333333336,16.0,5331.625,Yes,Yes,3126.768879102784,5,Overburdened,1,0,High Volume,High Strain
Government,Urban,Non-Teaching,All ED Visits,51527.5,19.0,5331.625,Yes,Yes,2711.972256856707,4,Overburdened,1,0,High Volume,High Strain
Investor Owned,Urban,Non-Teaching,All ED Visits,24487.0,18.0,5331.625,No,No,1360.3881331177038,4,Normal,4,0,Low Volume,Medium Strain
Nonprofit,Rural,Non-Teaching,All ED Visits,6034.5,8.0,5331.625,No,No,754.3115571105536,3,Under-Burdened,1,0,Low Volume,Low Strain
Government,Rural,Non-Teaching,All ED Visits,12749.5,15.0,5331.625,Yes,Yes,849.9661000226,2,Under-Burdened,1,0,Low Volume,Low Strain
Nonprofit,Urban,Non-Teaching,All ED Visits,92289.0,35.666666666666664,5331.625,No,No,2587.5413305958887,6,Overburdened,3,0,High Volume,High Strain
Nonprofit,Urban,Non-Teaching,All ED Visits,27767.5,26.0,5331.625,No,No,1067.9803584690928,5,Under-Burdened,2,0,Medium Volume,Low Strain
Investor Owned,Urban,Teaching,All ED Visits,23505.0,30.0,5331.625,No,Yes,783.4997388334205,5,Under-Burdened,4,0,Low Volume,Low Strain
Investor Owned,Urban,Non-Teaching,All ED Visits,5063.0,8.0,5063.0,No,No,632.8742089072389,3,Under-Burdened,4,0,Low Volume,Low Strain
Investor Owned,Urban,Non-Teaching,All ED Visits,12153.0,11.0,5331.625,No,Yes,1104.8171774389295,4,Normal,4,0,Low Volume,Low Strain
Nonprofit,Urban,Non-Teaching,All ED Visits,100965.66666666667,80.5,5331.625,No,No,1254.2317282527874,6,Normal,0,0,High Volume,Medium Strain
Investor Owned,Urban,Non-Teaching,All ED Visits,11960.0,12.0,5331.625,No,No,996.6658361118033,3,Under-Burdened,4,0,Low Volume,Low Strain
Investor Owned,Urban,Non-Teaching,All ED Visits,11887.333333333334,11.0,5331.625,No,No,1080.6656842433174,3,Normal,4,0,Low Volume,Low Strain
Investor Owned,Urban,Non-Teaching,All ED Visits,25199.5,23.0,5331.625,No,No,1095.6299584217572,4,Normal,4,0,Low Volume,Low Strain
Investor Owned,Urban,Non-Teaching,All ED Visits,11411.0,10.0,5331.625,Yes,No,1141.098858901141,4,Normal,4,0,Low Volume,Low Strain
Nonprofit,Urban,Non-Teaching,All ED Visits,34495.5,44.5,5331.625,No,No,775.1796010832356,6,Under-Burdened,3,0,Medium Volume,Low Strain
Government,Urban,Teaching,All ED Visits,42020.0,50.666666666666664,5331.625,Yes,No,829.3419415772483,6,Under-Burdened,3,0,Medium Volume,Low Strain
Investor Owned,Urban,Non-Teaching,All ED Visits,19240.0,12.0,5331.625,Yes,No,1603.3319972233357,4,Normal,4,0,Low Volume,High Strain
Nonprofit,Urban,Non-Teaching,All ED Visits,27262.5,31.0,5331.625,No,No,879.4352001821935,5,Under-Burdened,2,0,Medium Volume,Low Strain
Nonprofit,Urban,Non-Teaching,All ED Visits,14340.0,20.0,5331.625,No,No,716.9996415001792,4,Under-Burdened,2,0,Low Volume,Low Strain
Nonprofit,Urban,Non-Teaching,All ED Visits,53749.666666666664,36.0,5331.625,No,No,1493.045881561329,6,Normal,3,0,High Volume,Medium Strain
Investor Owned,Urban,Non-Teaching,All ED Visits,4135.333333333333,8.0,4135.333333333333,No,No,516.916020521641,4,Under-Burdened,4,0,Low Volume,Low Strain
Investor Owned,Urban,Non-Teaching,All ED Visits,24221.0,24.0,5331.625,Yes,No,1009.2079128300363,5,Under-Burdened,4,0,Low Volume,Low Strain
Investor Owned,Urban,Non-Teaching,All ED Visits,17550.0,17.5,5331.625,No,No,1002.8565697962458,5,Under-Burdened,4,0,Low Volume,Low Strain
Nonprofit,Urban,Non-Teaching,All ED Visits,109291.5,72.0,5331.625,No,No,1517.9372891753765,5,Normal,0,0,High Volume,Medium Strain
Nonprofit,Urban,Non-Teaching,All ED Visits,26386.333333333332,14.0,5331.625,No,Yes,1884.7367489975602,2,Overburdened,2,0,Medium Volume,High Strain
Nonprofit,Urban,Non-Teaching,All ED Visits,69937.5,69.0,5331.625,No,No,1013.5868096251,6,Under-Burdened,0,0,High Volume,Low Strain
Nonprofit,Urban,Non-Teaching,All ED Visits,112998.5,62.0,5331.625,No,No,1822.5561576522325,6,Overburdened,0,0,High Volume,High Strain
Government,Frontier,Non-Teaching,All ED Visits,3495.0,3.0,3495.0,Yes,Yes,1164.996116679611,1,Normal,1,0,Low Volume,Medium Strain
Government,Frontier,Non-Teaching,All ED Visits,2546.6666666666665,2.0,2546.6666666666665,Yes,Yes,1273.3269666984997,1,Normal,1,0,Low Volume,Medium Strain
Investor Owned,Urban,Non-Teaching,All ED Visits,44698.666666666664,30.0,5331.625,No,Yes,1489.9550589038693,4,Normal,4,0,Medium Volume,Medium Strain
Investor Owned,Urban,Non-Teaching,All ED Visits,54417.5,28.0,5331.625,No,Yes,1943.4814487566255,6,Overburdened,4,0,High Volume,High Strain
Investor Owned,Urban,Non-Teaching,All ED Visits,39938.5,29.0,5331.625,Yes,Yes,1377.189180279593,6,Normal,4,0,Medium Volume,Medium Strain
Investor Owned,Urban,Non-Teaching,All ED Visits,45627.5,12.0,5331.625,No,Yes,3802.2884980929184,3,Overburdened,4,5,Medium Volume,High Strain
Government,Rural,Non-Teaching,All ED Visits,7767.0,7.0,5331.625,Yes,Yes,1109.5698434716523,1,Normal,1,0,Low Volume,Low Strain
Investor Owned,Urban,Non-Teaching,All ED Visits,45660.666666666664,41.0,5331.625,No,Yes,1113.6745251200343,4,Normal,3,0,Medium Volume,Low Strain
Government,Urban,Non-Teaching,All ED Visits,37046.333333333336,28.0,5331.625,No,Yes,1323.0828608037402,2,Normal,2,0,Medium Volume,Medium Strain
Investor Owned,Urban,Non-Teaching,All ED Visits,15067.333333333334,12.0,5331.625,Yes,No,1255.6100647693906,2,Normal,4,0,Low Volume,Medium Strain
Nonprofit,Urban,Non-Teaching,All ED Visits,54291.666666666664,41.0,5331.625,No,Yes,1324.1866688975604,5,Normal,3,0,High Volume,Medium Strain
Nonprofit,Urban,Non-Teaching,All ED Visits,47474.5,26.0,5331.625,No,Yes,1825.9416054070748,2,Overburdened,2,0,Medium Volume,High Strain
Investor Owned,Urban,Non-Teaching,All ED Visits,90694.33333333333,53.0,5331.625,No,Yes,1711.213513607513,3,Normal,3,6,High Volume,High Strain
Investor Owned,Urban,Non-Teaching,All ED Visits,35054.666666666664,21.0,5331.625,No,No,1669.2690463798192,3,Normal,4,0,Medium Volume,High Strain
Nonprofit,Urban,Non-Teaching,All ED Visits,47299.5,58.5,5331.625,No,Yes,808.5383233267823,3,Under-Burdened,0,0,Medium Volume,Low Strain
Nonprofit,Urban,Non-Teaching,All ED Visits,95381.5,59.0,5331.625,No,No,1616.6353192143526,5,Normal,0,0,High Volume,High Strain
Government,Urban,Teaching,All ED Visits,63503.666666666664,70.0,5331.625,No,No,907.1951084959368,7,Under-Burdened,0,0,High Volume,Low Strain
Nonprofit,Urban,Non-Teaching,All ED Visits,84523.33333333333,51.333333333333336,5331.625,No,No,1646.5581208003657,7,Normal,3,0,High Volume,High Strain
Nonprofit,Urban,Non-Teaching,All ED Visits,106119.0,53.0,5331.625,No,No,2002.2449052368102,5,Overburdened,3,0,High Volume,High Strain
Government,Rural,Non-Teaching,All ED Visits,21385.333333333332,18.0,5331.625,Yes,No,1188.0734140332884,2,Normal,1,0,Low Volume,Medium Strain
Government,Rural,Non-Teaching,All ED Visits,11297.666666666666,7.0,5331.625,Yes,Yes,1613.9500753094162,1,Normal,1,0,Low Volume,High Strain
Investor Owned,Urban,Non-Teaching,All ED Visits,33224.0,15.0,5331.625,No,No,2214.9318567120954,3,Overburdened,4,0,Medium Volume,High Strain
Investor Owned,Urban,Non-Teaching,All ED Visits,22289.0,12.0,5331.625,No,Yes,1857.4151188207343,3,Overburdened,4,0,Low Volume,High Strain
Nonprofit,Urban,Non-Teaching,All ED Visits,112998.5,80.5,5331.625,Yes,No,1403.7079001605093,6,Normal,0,0,High Volume,Medium Strain
Nonprofit,Urban,Teaching,All ED Visits,40403.0,40.0,5331.625,No,No,1010.074747481313,6,Under-Burdened,3,0,Medium Volume,Low Strain
Government,Rural,Non-Teaching,All ED Visits,8291.666666666666,6.0,5331.625,Yes,Yes,1381.9421412075424,1,Normal,1,0,Low Volume,Medium Strain
Nonprofit,Urban,Non-Teaching,All ED Visits,75626.66666666667,52.0,5331.625,No,Yes,1454.35869467461,6,Normal,3,0,High Volume,Medium Strain
Nonprofit,Urban,Non-Teaching,All ED Visits,53317.333333333336,18.0,5331.625,No,Yes,2962.0724284782805,6,Overburdened,2,0,High Volume,High Strain
Nonprofit,Urban,Non-Teaching,All ED Visits,62192.333333333336,43.0,5331.625,No,Yes,1446.3329969768224,5,Normal,3,0,High Volume,Medium Strain
Investor Owned,Urban,Non-Teaching,All ED Visits,30790.0,16.0,5331.625,Yes,Yes,1924.3737972663766,3,Overburdened,4,0,Medium Volume,High Strain
Investor Owned,Rural,Non-Teaching,All ED Visits,22806.333333333332,15.333333333333334,5331.625,Yes,Yes,1487.3685951943944,4,Normal,1,0,Low Volume,Medium Strain
Investor Owned,Urban,Non-Teaching,All ED Visits,35471.0,20.333333333333332,5331.625,Yes,Yes,1744.4745518977616,3,Normal,4,0,Medium Volume,High Strain
Government,Urban,Teaching,All ED Visits,57942.0,47.0,5331.625,Yes,No,1232.8082483386704,6,Normal,3,0,High Volume,Medium Strain
Investor Owned,Rural,Non-Teaching,All ED Visits,25407.666666666668,16.0,5331.625,Yes,Yes,1587.9781741803079,1,Normal,1,0,Medium Volume,High Strain
Nonprofit,Urban,Non-Teaching,All ED Visits,23200.666666666668,15.0,5331.625,No,Yes,1546.710079971058,2,Normal,2,0,Low Volume,Medium Strain
Nonprofit,Urban,Non-Teaching,All ED Visits,79146.5,63.0,5331.625,No,No,1256.2934513819919,7,Normal,0,0,High Volume,Medium Strain
Nonprofit,Urban,Non-Teaching,All ED Visits,86469.0,80.5,5331.625,No,Yes,1074.148934888331,7,Under-Burdened,0,0,High Volume,Low Strain
Nonprofit,Urban,Non-Teaching,All ED Visits,112241.5,80.5,5331.625,No,No,1394.3041746205993,6,Normal,0,0,High Volume,Medium Strain
Nonprofit,Urban,Teaching,All ED Visits,96961.66666666667,77.33333333333333,5331.625,No,No,1253.8144930412295,6,Normal,0,0,High Volume,Medium Strain
Investor Owned,Urban,Non-Teaching,All ED Visits,17293.0,20.0,5331.625,Yes,Yes,864.6495676752162,5,Under-Burdened,4,0,Low Volume,Low Strain
Nonprofit,Urban,Non-Teaching,All ED Visits,37200.666666666664,47.0,5331.625,No,No,791.5033776943167,6,Under-Burdened,3,0,Medium Volume,Low Strain
Government,Urban,Non-Teaching,All ED Visits,39953.666666666664,40.0,5331.625,No,No,998.8414169563123,6,Under-Burdened,3,0,Medium Volume,Low Strain
Government,Urban,Teaching,All ED Visits,60332.5,80.5,5331.625,No,No,749.4719565873346,6,Under-Burdened,0,0,High Volume,Low Strain
Nonprofit,Urban,Non-Teaching,All ED Visits,63761.0,48.0,5331.625,No,No,1328.3538899262728,6,Normal,3,0,High Volume,Medium Strain
Government,Urban,Non-Teaching,All ED Visits,26922.5,8.0,5331.625,No,No,3365.3082933646333,5,Overburdened,4,7,Medium Volume,High Strain
Nonprofit,Urban,Non-Teaching,All ED Visits,44178.666666666664,38.0,5331.625,No,No,1162.5961852817054,4,Normal,3,0,Medium Volume,Low Strain
Government,Urban,Non-Teaching,All ED Visits,77978.0,72.0,5331.625,No,Yes,1083.027627357274,5,Normal,0,0,High Volume,Low Strain
Nonprofit,Urban,Teaching,All ED Visits,31841.333333333332,28.666666666666668,5331.625,No,No,1110.7437985777447,5,Normal,2,0,Medium Volume,Low Strain
Nonprofit,Urban,Non-Teaching,All ED Visits,10480.666666666666,12.0,5331.625,No,No,873.3881610654213,5,Under-Burdened,2,0,Low Volume,Low Strain
Government,Urban,Teaching,All ED Visits,43609.0,59.0,5331.625,No,No,739.135467943141,6,Under-Burdened,0,0,Medium Volume,Low Strain
Nonprofit,Urban,Non-Teaching,All ED Visits,20186.666666666668,19.0,5331.625,No,No,1062.4555811637292,5,Under-Burdened,2,0,Low Volume,Low Strain
Nonprofit,Urban,Teaching,All ED Visits,11045.666666666666,12.0,5331.625,No,No,920.4714551626762,5,Under-Burdened,2,0,Low Volume,Low Strain
Nonprofit,Urban,Non-Teaching,All ED Visits,26493.666666666668,35.0,5331.625,No,Yes,756.9616884871366,5,Under-Burdened,3,0,Medium Volume,Low Strain
Nonprofit,Urban,Non-Teaching,All ED Visits,17995.0,16.0,5331.625,No,No,1124.686797070752,3,Normal,2,0,Low Volume,Low Strain
Nonprofit,Urban,Non-Teaching,All ED Visits,49033.666666666664,28.0,5331.625,No,Yes,1751.2017555231826,4,Overburdened,2,0,High Volume,High Strain
Government,Urban,Non-Teaching,All ED Visits,41087.333333333336,25.333333333333332,5331.625,Yes,Yes,1621.8677808416658,4,Normal,2,0,Medium Volume,High Strain
Nonprofit,Urban,Non-Teaching,All ED Visits,29388.666666666668,14.0,5331.625,No,Yes,2099.1889767697785,2,Overburdened,2,0,Medium Volume,High Strain
Investor Owned,Urban,Non-Teaching,All ED Visits,25987.0,11.0,5331.625,No,Yes,2362.4523977705476,2,Overburdened,4,0,Medium Volume,High Strain
Nonprofit,Urban,Non-Teaching,All ED Visits,103851.33333333333,46.666666666666664,5331.625,No,Yes,2225.385237417449,2,Overburdened,3,8,High Volume,High Strain
Nonprofit,Rural,Non-Teaching,All ED Visits,25632.666666666668,18.0,5331.625,No,Yes,1424.0362459057894,2,Normal,1,0,Medium Volume,Medium Strain
Nonprofit,Rural,Non-Teaching,All ED Visits,20801.333333333332,22.0,5331.625,No,Yes,945.5147217357325,2,Under-Burdened,1,0,Low Volume,Low Strain
Investor Owned,Rural,Non-Teaching,All ED Visits,19784.666666666668,11.0,5331.625,No,Yes,1798.6044255111285,4,Overburdened,1,0,Low Volume,High Strain
Investor Owned,Urban,Non-Teaching,All ED Visits,27192.666666666668,23.0,5331.625,No,No,1182.2893410336198,3,Normal,4,0,Medium Volume,Medium Strain
Government,Urban,Non-Teaching,All ED Visits,33189.666666666664,15.0,5331.625,No,No,2212.6429693491314,4,Overburdened,4,0,Medium Volume,High Strain
Nonprofit,Urban,Non-Teaching,All ED Visits,39927.666666666664,19.0,5331.625,No,No,2101.4550343219116,3,Overburdened,2,0,Medium Volume,High Strain
Investor Owned,Urban,Non-Teaching,All ED Visits,13136.0,22.0,5331.625,No,No,597.0906376860738,6,Under-Burdened,4,0,Low Volume,Low Strain
Investor Owned,Rural,Non-Teaching,All ED Visits,1620.0,7.0,1620.0,No,No,231.42824081679885,3,Under-Burdened,4,9,Low Volume,Low Strain
Nonprofit,Urban,Non-Teaching,All ED Visits,41904.5,26.0,5331.625,No,No,1611.7109185727236,5,Normal,2,0,Medium Volume,High Strain
Nonprofit,Urban,Non-Teaching,All ED Visits,14532.0,17.0,5331.625,No,No,854.8230265746903,5,Under-Burdened,2,0,Low Volume,Low Strain
Nonprofit,Urban,Non-Teaching,All ED Visits,32738.0,24.0,5331.625,No,No,1364.0827649655146,4,Normal,2,0,Medium Volume,Medium Strain
Nonprofit,Urban,Non-Teaching,All ED Visits,22042.666666666668,22.0,5331.625,No,Yes,1001.9389385126037,1,Under-Burdened,2,0,Low Volume,Low Strain
Government,Rural,Non-Teaching,All ED Visits,18819.5,10.0,5331.625,No,Yes,1881.948118051882,2,Overburdened,1,0,Low Volume,High Strain
Nonprofit,Urban,Non-Teaching,All ED Visits,48621.0,41.0,5331.625,Yes,Yes,1185.8777595420097,5,Normal,3,0,Medium Volume,Medium Strain
Nonprofit,Urban,Non-Teaching,All ED Visits,35892.0,40.5,5331.625,No,No,886.2220034019743,6,Under-Burdened,3,0,Medium Volume,Low Strain
Nonprofit,Rural,Non-Teaching,All ED Visits,9330.0,8.0,5331.625,No,Yes,1166.2485421893223,1,Normal,1,0,Low Volume,Medium Strain
Nonprofit,Urban,Non-Teaching,All ED Visits,52909.5,40.0,5331.625,No,No,1322.7371693157077,6,Normal,3,0,High Volume,Medium Strain
Investor Owned,Urban,Non-Teaching,All ED Visits,47574.333333333336,35.0,5331.625,No,No,1359.266278304873,6,Normal,3,0,Medium Volume,Medium Strain
Government,Urban,Non-Teaching,All ED Visits,49958.666666666664,25.0,5331.625,No,No,1998.3458673283196,6,Overburdened,2,0,High Volume,High Strain
Nonprofit,Urban,Teaching,All ED Visits,73416.5,80.5,5331.625,No,No,912.0060978874412,5,Under-Burdened,0,0,High Volume,Low Strain
Nonprofit,Urban,Non-Teaching,All ED Visits,65069.0,36.0,5331.625,No,No,1807.4717201467442,5,Overburdened,3,0,High Volume,High Strain
Government,Rural,Non-Teaching,All ED Visits,33380.333333333336,8.0,5331.625,No,No,4172.536450996104,2,Overburdened,4,10,Medium Volume,High Strain
Nonprofit,Urban,Non-Teaching,All ED Visits,67463.5,30.0,5331.625,No,No,2248.7825837391388,6,Overburdened,2,0,High Volume,High Strain
Nonprofit,Urban,Non-Teaching,All ED Visits,28103.666666666668,13.333333333333334,5331.625,Yes,No,2107.7734191699356,3,Overburdened,2,0,Medium Volume,High Strain
Government,Frontier,Non-Teaching,All ED Visits,3986.3333333333335,6.0,3986.3333333333335,Yes,Yes,664.3877815759197,3,Under-Burdened,1,0,Low Volume,Low Strain
Investor Owned,Urban,Non-Teaching,All ED Visits,24901.0,28.0,5331.625,No,Yes,889.3211109567461,5,Under-Burdened,4,0,Low Volume,Low Strain
Nonprofit,Urban,Non-Teaching,All ED Visits,42502.0,26.0,5331.625,No,Yes,1634.691678964739,5,Normal,2,0,Medium Volume,High Strain
Nonprofit,Rural,Non-Teaching,All ED Visits,9721.666666666666,11.0,5331.625,Yes,Yes,883.7870753450829,1,Under-Burdened,1,0,Low Volume,Low Strain
Nonprofit,Rural,Non-Teaching,All ED Visits,9916.0,7.0,5331.625,Yes,Yes,1416.5694049008503,1,Normal,1,0,Low Volume,Medium Strain
Nonprofit,Urban,Non-Teaching,All ED Visits,57303.333333333336,51.0,5331.625,No,No,1123.594550929173,5,Normal,3,0,High Volume,Low Strain
Nonprofit,Urban,Non-Teaching,All ED Visits,24714.666666666668,13.0,5331.625,No,No,1901.1267427230187,3,Overburdened,2,0,Low Volume,High Strain
Nonprofit,Urban,Non-Teaching,All ED Visits,57780.0,45.0,5331.625,No,No,1283.99971466673,4,Normal,3,0,High Volume,Medium Strain
Nonprofit,Urban,Non-Teaching,All ED Visits,48864.0,27.0,5331.625,No,No,1809.7771074899601,3,Overburdened,2,0,Medium Volume,High Strain
Investor Owned,Rural,Non-Teaching,All ED Visits,8867.0,9.0,5331.625,No,No,985.2211275320806,1,Under-Burdened,4,0,Low Volume,Low Strain
Investor Owned,Urban,Non-Teaching,All ED Visits,17207.5,15.0,5331.625,No,No,1147.1659018893988,2,Normal,4,0,Low Volume,Low Strain
Investor Owned,Urban,Non-Teaching,All ED Visits,35628.0,29.5,5331.625,No,Yes,1207.728404159863,5,Normal,4,0,Medium Volume,Medium Strain
Government,Urban,Non-Teaching,All ED Visits,8424.666666666666,8.333333333333334,5331.625,Yes,No,1010.9587868494557,2,Under-Burdened,4,0,Low Volume,Low Strain
Nonprofit,Urban,Teaching,All ED Visits,53276.0,30.0,5331.625,No,Yes,1775.8660747113086,4,Overburdened,2,0,High Volume,High Strain
Nonprofit,Urban,Non-Teaching,All ED Visits,31739.5,34.0,5331.625,No,Yes,933.5144313192848,3,Under-Burdened,3,0,Medium Volume,Low Strain
Investor Owned,Urban,Non-Teaching,All ED Visits,77669.33333333333,33.0,5331.625,No,No,2353.6154483993587,6,Overburdened,2,0,High Volume,High Strain
Investor Owned,Urban,Non-Teaching,All ED Visits,51875.333333333336,32.0,5331.625,No,No,1621.1036600717728,5,Normal,4,0,High Volume,High Strain
Nonprofit,Urban,Non-Teaching,All ED Visits,72098.66666666667,40.0,5331.625,No,No,1802.4662160501127,6,Overburdened,3,0,High Volume,High Strain
Government,Rural,Non-Teaching,All ED Visits,18690.333333333332,12.0,5331.625,Yes,No,1557.5264798390444,1,Normal,1,0,Low Volume,Medium Strain
Nonprofit,Rural,Non-Teaching,All ED Visits,28291.666666666668,14.0,5331.625,Yes,Yes,2020.8318898819837,2,Overburdened,1,0,Medium Volume,High Strain
Government,Urban,Non-Teaching,All ED Visits,59761.5,80.5,5331.625,Yes,Yes,742.3787897666099,6,Under-Burdened,0,0,High Volume,Low Strain
Government,Rural,Non-Teaching,All ED Visits,33321.0,24.0,5331.625,Yes,Yes,1388.3744215106578,4,Normal,1,0,Medium Volume,Medium Strain
Nonprofit,Rural,Non-Teaching,All ED Visits,28867.333333333332,15.0,5331.625,Yes,Yes,1924.4876058971515,3,Overburdened,1,0,Medium Volume,High Strain
Nonprofit,Rural,Non-Teaching,All ED Visits,30663.666666666668,18.0,5331.625,Yes,Yes,1703.536090628098,2,Normal,1,0,Medium Volume,High Strain
Government,Urban,Non-Teaching,All ED Visits,40721.5,38.5,5331.625,No,No,1057.70102397376,5,Under-Burdened,3,0,Medium Volume,Low Strain
Investor Owned,Urban,Non-Teaching,All ED Visits,40176.0,28.0,5331.625,No,No,1434.8566304083463,6,Normal,4,0,Medium Volume,Medium Strain
Nonprofit,Rural,Non-Teaching,All ED Visits,7952.0,6.0,5331.625,No,No,1325.331124448126,1,Normal,1,0,Low Volume,Medium Strain
Nonprofit,Urban,Non-Teaching,All ED Visits,22600.333333333332,14.0,5331.625,No,No,1614.3083707321161,3,Normal,2,0,Low Volume,High Strain
Nonprofit,Urban,Non-Teaching,All ED Visits,45771.666666666664,31.0,5331.625,No,Yes,1476.5049000521826,5,Normal,2,0,Medium Volume,Medium Strain
Nonprofit,Urban,Non-Teaching,All ED Visits,26971.5,11.0,5331.625,No,Yes,2451.952316406985,1,Overburdened,2,0,Medium Volume,High Strain
Nonprofit,Rural,Non-Teaching,All ED Visits,59699.0,44.0,5331.625,Yes,Yes,1356.7951461829211,5,Normal,3,1,High Volume,Medium Strain
Nonprofit,Urban,Non-Teaching,All ED Visits,36398.0,40.0,5331.625,No,No,909.9497725125568,4,Under-Burdened,3,0,Medium Volume,Low Strain
Government,Urban,Non-Teaching,All ED Visits,69248.0,54.0,5331.625,No,No,1282.3701328944198,4,Normal,3,0,High Volume,Medium Strain
Nonprofit,Urban,Teaching,All ED Visits,112998.5,80.0,5331.625,No,No,1412.4810734398657,6,Normal,0,0,High Volume,Medium Strain
Nonprofit,Rural,Non-Teaching,All ED Visits,9934.0,5.0,5331.625,Yes,Yes,1986.7960264079472,1,Overburdened,1,0,Low Volume,High Strain
Nonprofit,Rural,Non-Teaching,All ED Visits,15236.0,11.0,5331.625,Yes,Yes,1385.0896499185,1,Normal,1,0,Low Volume,Medium Strain
Nonprofit,Rural,Non-Teaching,All ED Visits,26490.0,24.0,5331.625,No,No,1103.7495401043584,3,Normal,2,0,Medium Volume,Low Strain
Investor Owned,Rural,Non-Teaching,All ED Visits,9268.0,9.0,5331.625,Yes,Yes,1029.7766335815184,2,Under-Burdened,1,0,Low Volume,Low Strain
Nonprofit,Urban,Teaching,All ED Visits,63937.0,48.0,5331.625,No,Yes,1332.0205558290509,6,Normal,3,0,High Volume,Medium Strain
Investor Owned,Rural,Non-Teaching,All ED Visits,11554.0,12.0,5331.625,Yes,Yes,962.8325309728909,2,Under-Burdened,1,0,Low Volume,Low Strain
Government,Rural,Non-Teaching,All ED Visits,30623.0,20.0,5331.625,Yes,Yes,1531.149234425383,4,Normal,1,0,Medium Volume,Medium Strain
Nonprofit,Urban,Non-Teaching,All ED Visits,74433.0,36.0,5331.625,No,Yes,2067.582759004789,6,Overburdened,3,0,High Volume,High Strain
Government,Urban,Teaching,All ED Visits,45491.0,30.0,5331.625,No,Yes,1516.3661612112796,5,Normal,2,0,Medium Volume,Medium Strain
Nonprofit,Urban,Non-Teaching,All ED Visits,53560.0,40.0,5331.625,No,Yes,1338.9996652500836,5,Normal,3,0,High Volume,Medium Strain
Nonprofit,Frontier,Non-Teaching,All ED Visits,2364.0,2.0,2364.0,Yes,Yes,1181.9940900295499,1,Normal,1,0,Low Volume,Medium Strain
Nonprofit,Urban,Teaching,All ED Visits,41196.0,26.0,5331.625,No,No,1584.4609290534888,6,Normal,2,0,Medium Volume,Medium Strain
Nonprofit,Urban,Non-Teaching,All ED Visits,72057.0,46.0,5331.625,Yes,No,1566.456181205178,6,Normal,3,0,High Volume,Medium Strain
Government,Urban,Non-Teaching,All ED Visits,33564.0,14.0,5331.625,No,No,2397.4268589808153,4,Overburdened,4,0,Medium Volume,High Strain
Nonprofit,Urban,Non-Teaching,All ED Visits,31471.5,22.0,5331.625,No,No,1430.5220770354194,3,Normal,2,0,Medium Volume,Medium Strain
Nonprofit,Urban,Non-Teaching,All ED Visits,33640.5,16.0,5331.625,No,No,2102.52993591879,6,Overburdened,2,0,Medium Volume,High Strain
Nonprofit,Urban,Non-Teaching,All ED Visits,52043.0,50.0,5331.625,No,No,1040.8597918280416,7,Under-Burdened,3,0,High Volume,Low Strain
Investor Owned,Urban,Non-Teaching,All ED Visits,29638.0,21.0,5331.625,No,No,1411.3326612701612,4,Normal,4,0,Medium Volume,Medium Strain
Nonprofit,Urban,Non-Teaching,All ED Visits,25109.5,16.0,5331.625,No,No,1569.3427691607694,6,Normal,2,0,Low Volume,Medium Strain
Investor Owned,Urban,Non-Teaching,All ED Visits,50599.5,24.0,5331.625,No,No,2108.3116215368245,6,Overburdened,4,0,High Volume,High Strain
Nonprofit,Urban,Non-Teaching,All ED Visits,109217.0,29.0,5331.625,Yes,Yes,3766.1021496199482,3,Overburdened,2,4,High Volume,High Strain
Government,Rural,Non-Teaching,All ED Visits,10799.0,13.0,5331.625,No,Yes,830.6916686987164,1,Under-Burdened,1,0,Low Volume,Low Strain
Nonprofit,Rural,Non-Teaching,All ED Visits,6472.0,8.0,5331.625,No,No,808.998988751264,4,Under-Burdened,1,0,Low Volume,Low Strain
Nonprofit,Rural,Non-Teaching,All ED Visits,23312.0,18.0,5331.625,Yes,Yes,1295.110391605338,3,Normal,1,0,Low Volume,Medium Strain
Government,Urban,Non-Teaching,All ED Visits,27460.0,23.0,5331.625,No,No,1193.912524385859,4,Normal,2,0,Medium Volume,Medium Strain
Nonprofit,Urban,Non-Teaching,All ED Visits,11497.0,69.0,5331.625,No,No,166.62316425751243,2,Under-Burdened,0,11,Low Volume,Low Strain
Nonprofit,Urban,Teaching,All ED Visits,112998.5,72.0,5331.625,No,No,1569.4233931356398,5,Normal,0,0,High Volume,Medium Strain
Investor Owned,Urban,Teaching,All ED Visits,87345.0,64.0,5331.625,Yes,Yes,1364.7654117554043,7,Normal,0,0,High Volume,Medium Strain
Nonprofit,Urban,Non-Teaching,All ED Visits,51767.0,26.0,5331.625,No,Yes,1991.0376957547323,3,Overburdened,2,0,High Volume,High Strain
Nonprofit,Urban,Teaching,All ED Visits,99973.0,59.0,5331.625,No,No,1694.4573399224846,5,Normal,0,0,High Volume,High Strain
Nonprofit,Urban,Non-Teaching,All ED Visits,30920.5,20.0,5331.625,No,No,1546.0242269878865,6,Normal,2,0,Medium Volume,Medium Strain
Nonprofit,Urban,Non-Teaching,All ED Visits,56462.0,31.0,5331.625,No,No,1821.3542511760481,6,Overburdened,2,0,High Volume,High Strain
Nonprofit,Urban,Non-Teaching,All ED Visits,45169.5,29.0,5331.625,No,No,1557.56842842468,6,Normal,2,0,Medium Volume,Medium Strain
Nonprofit,Urban,Teaching,All ED Visits,107243.0,53.0,5331.625,No,No,2023.4524484051983,5,Overburdened,3,0,High Volume,High Strain
Nonprofit,Urban,Non-Teaching,All ED Visits,42886.0,25.0,5331.625,No,No,1715.4393138242744,3,Normal,2,0,Medium Volume,High Strain
Nonprofit,Urban,Teaching,All ED Visits,112998.5,80.5,5331.625,Yes,No,1403.7079001605093,6,Normal,0,0,High Volume,Medium Strain
Nonprofit,Urban,Teaching,All ED Visits,62646.0,24.0,5331.625,No,Yes,2610.2489123962864,6,Overburdened,2,0,High Volume,High Strain
Nonprofit,Frontier,Non-Teaching,All ED Visits,4339.5,4.0,4339.5,Yes,Yes,1084.8722878192805,1,Normal,1,0,Low Volume,Low Strain
Nonprofit,Urban,Non-Teaching,All ED Visits,14965.0,39.0,5331.625,No,No,383.7178503287563,4,Under-Burdened,3,0,Low Volume,Low Strain
Nonprofit,Urban,Teaching,All ED Visits,112998.5,80.5,5331.625,No,No,1403.7079001605093,6,Normal,0,0,High Volume,Medium Strain
Nonprofit,Urban,Non-Teaching,All ED Visits,5637.5,7.0,5331.625,No,Yes,805.3559923485824,2,Under-Burdened,1,0,Low Volume,Low Strain
Investor Owned,Urban,Teaching,All ED Visits,82844.0,62.0,5331.625,Yes,Yes,1336.1933328720431,6,Normal,0,0,High Volume,Medium Strain
Investor Owned,Urban,Non-Teaching,All ED Visits,13380.0,22.0,5331.625,No,No,608.1815417356629,5,Under-Burdened,4,0,Low Volume,Low Strain
Nonprofit,Urban,Non-Teaching,All ED Visits,17158.0,17.0,5331.625,No,No,1009.293523944986,4,Under-Burdened,2,0,Low Volume,Low Strain
Nonprofit,Urban,Teaching,All ED Visits,43220.0,40.0,5331.625,No,No,1080.4997298750675,6,Under-Burdened,3,0,Medium Volume,Low Strain
Nonprofit,Urban,Non-Teaching,All ED Visits,63151.0,40.0,5331.625,No,No,1578.7746053063486,5,Normal,3,0,High Volume,Medium Strain
Nonprofit,Urban,Teaching,All ED Visits,73413.0,36.0,5331.625,No,No,2039.249433541824,5,Overburdened,3,0,High Volume,High Strain
Nonprofit,Urban,Teaching,All ED Visits,74166.0,30.0,5331.625,No,No,2472.199175933608,6,Overburdened,2,0,High Volume,High Strain
Nonprofit,Urban,Non-Teaching,All ED Visits,39333.0,24.0,5331.625,No,Yes,1638.8743171357012,5,Normal,2,0,Medium Volume,High Strain
Nonprofit,Urban,Non-Teaching,All ED Visits,53345.0,27.0,5331.625,No,No,1975.740008985182,4,Overburdened,2,0,High Volume,High Strain
Nonprofit,Urban,Non-Teaching,All ED Visits,59695.0,30.0,5331.625,No,Yes,1989.8326700557766,4,Overburdened,2,0,High Volume,High Strain
Government,Urban,Teaching,All ED Visits,71708.0,73.0,5331.625,Yes,Yes,982.3012353012006,6,Under-Burdened,0,0,High Volume,Low Strain
Government,Urban,Non-Teaching,All ED Visits,45896.0,35.0,5331.625,No,No,1311.313911053168,4,Normal,3,0,Medium Volume,Medium Strain
Nonprofit,Urban,Non-Teaching,All ED Visits,34054.5,18.0,5331.625,No,No,1891.9156156024358,3,Overburdened,2,0,Medium Volume,High Strain
Nonprofit,Urban,Non-Teaching,All ED Visits,23820.0,19.5,5331.625,No,Yes,1221.5378351088025,3,Normal,2,0,Low Volume,Medium Strain
Nonprofit,Urban,Non-Teaching,All ED Visits,32229.0,23.0,5331.625,No,Yes,1401.260260321626,2,Normal,2,0,Medium Volume,Medium Strain
Government,Frontier,Non-Teaching,All ED Visits,2837.0,2.0,2837.0,Yes,Yes,1418.4929075354623,1,Normal,1,0,Low Volume,Medium Strain
Investor Owned,Urban,Non-Teaching,All ED Visits,23943.0,20.0,5331.625,Yes,No,1197.1494014252994,6,Normal,4,0,Low Volume,Medium Strain
Government,Urban,Teaching,All ED Visits,32425.0,41.0,5331.625,No,No,790.8534656454962,6,Under-Burdened,3,0,Medium Volume,Low Strain
Nonprofit,Rural,Non-Teaching,All ED Visits,28244.0,16.0,5331.625,Yes,Yes,1765.2488967194397,3,Overburdened,1,0,Medium Volume,High Strain
Government,Frontier,Non-Teaching,All ED Visits,4834.0,4.0,4834.0,Yes,Yes,1208.4969787575533,2,Normal,1,0,Low Volume,Medium Strain
Nonprofit,Urban,Non-Teaching,All ED Visits,58831.0,56.0,5331.625,No,No,1050.5533838297529,6,Under-Burdened,3,0,High Volume,Low Strain
Investor Owned,Urban,Non-Teaching,All ED Visits,73328.0,64.0,5331.625,Yes,Yes,1145.7498209765904,6,Normal,0,0,High Volume,Low Strain
Government,Urban,Teaching,All ED Visits,68827.0,44.0,5331.625,No,Yes,1564.249644488717,6,Normal,3,0,High Volume,Medium Strain
Nonprofit,Urban,Non-Teaching,All ED Visits,51901.0,24.0,5331.625,No,Yes,2162.540765608014,6,Overburdened,2,0,High Volume,High Strain
Government,Urban,Teaching,All ED Visits,33076.0,52.0,5331.625,No,No,636.0768007544614,7,Under-Burdened,3,0,Medium Volume,Low Strain
Nonprofit,Urban,Non-Teaching,All ED Visits,28108.0,21.0,5331.625,Yes,Yes,1338.4755531068795,5,Normal,1,0,Medium Volume,Medium Strain
Investor Owned,Urban,Non-Teaching,All ED Visits,67670.0,62.0,5331.625,Yes,Yes,1091.4514368626715,6,Normal,0,0,High Volume,Low Strain
Government,Urban,Non-Teaching,Asthma,13261.0,12.0,1237.3333333333333,No,No,1105.082412431323,3,Normal,4,0,Low Volume,Low Strain
Nonprofit,Urban,Non-Teaching,Asthma,29420.666666666668,22.0,497.6666666666667,No,No,1337.302422438293,6,Normal,2,0,Medium Volume,Medium Strain
Nonprofit,Urban,Teaching,Asthma,30782.5,40.0,3691.5,No,No,769.562307609423,4,Under-Burdened,3,0,Medium Volume,Low Strain
Government,Urban,Non-Teaching,Asthma,65082.0,59.0,2834.5,No,No,1103.0845587992274,5,Normal,0,0,High Volume,Low Strain
Nonprofit,Urban,Non-Teaching,Asthma,29479.0,30.0,630.3333333333334,No,No,982.633005788998,6,Under-Burdened,2,0,Medium Volume,Low Strain
Government,Urban,Non-Teaching,Asthma,42180.666666666664,39.0,1381.0,No,No,1081.5552782336893,6,Normal,3,0,Medium Volume,Low Strain
Nonprofit,Urban,Non-Teaching,Asthma,28620.0,17.0,2443.0,No,No,1683.5284214538697,4,Normal,2,0,Medium Volume,High Strain
Nonprofit,Urban,Non-Teaching,Asthma,37801.333333333336,18.0,3465.6666666666665,No,No,2100.0729073669036,3,Overburdened,2,0,Medium Volume,High Strain
Nonprofit,Urban,Non-Teaching,Asthma,31745.0,22.0,556.3333333333334,No,No,1442.9538895664139,3,Normal,2,0,Medium Volume,Medium Strain
Nonprofit,Urban,Non-Teaching,Asthma,110997.0,80.0,5331.625,No,No,1387.4623265672092,6,Normal,0,0,High Volume,Medium Strain
Nonprofit,Urban,Non-Teaching,Asthma,66977.0,40.0,5331.625,No,No,1674.4245813938546,5,Normal,3,0,High Volume,High Strain
Nonprofit,Rural,Non-Teaching,Asthma,24025.0,14.0,310.6666666666667,Yes,No,1716.070202806998,2,Normal,1,0,Low Volume,High Strain
Nonprofit,Rural,Non-Teaching,Asthma,9708.5,5.0,282.0,Yes,Yes,1941.696116607767,3,Overburdened,1,0,Low Volume,High Strain
Nonprofit,Rural,Non-Teaching,Asthma,8570.0,14.0,445.0,Yes,Yes,612.1424198982716,3,Under-Burdened,1,0,Low Volume,Low Strain
Nonprofit,Urban,Non-Teaching,Asthma,55911.0,49.0,1034.6666666666667,No,Yes,1141.0405834611054,5,Normal,3,0,High Volume,Low Strain
Nonprofit,Rural,Non-Teaching,Asthma,10039.0,8.0,864.0,Yes,Yes,1254.8734314082108,1,Normal,1,0,Low Volume,Medium Strain
Nonprofit,Urban,Non-Teaching,Asthma,41025.0,30.0,1071.0,No,No,1367.4995441668186,3,Normal,2,0,Medium Volume,Medium Strain
Nonprofit,Urban,Non-Teaching,Asthma,46164.333333333336,44.0,1835.6666666666667,No,No,1049.1891554873132,7,Under-Burdened,3,0,Medium Volume,Low Strain
Nonprofit,Urban,Non-Teaching,Asthma,63404.333333333336,52.0,5331.625,No,No,1219.3138680806665,5,Normal,3,0,High Volume,Medium Strain
Nonprofit,Urban,Non-Teaching,Asthma,50722.333333333336,32.0,2276.3333333333335,No,No,1585.072421331535,5,Normal,2,0,High Volume,Medium Strain
Investor Owned,Urban,Non-Teaching,Asthma,16929.333333333332,12.0,645.3333333333334,No,No,1410.7766021306093,3,Normal,4,0,Low Volume,Medium Strain
Nonprofit,Urban,Non-Teaching,Asthma,63958.666666666664,36.0,5331.625,No,No,1776.629136121536,4,Overburdened,3,0,High Volume,High Strain
Nonprofit,Rural,Non-Teaching,Asthma,16776.666666666668,12.0,1357.0,Yes,Yes,1398.0543905102302,3,Normal,1,0,Low Volume,Medium Strain
Nonprofit,Rural,Non-Teaching,Asthma,55450.333333333336,59.0,4424.0,Yes,Yes,939.8359988978533,6,Under-Burdened,0,1,High Volume,Low Strain
Investor Owned,Rural,Non-Teaching,Asthma,7588.5,9.0,86.5,Yes,Yes,843.1657298158558,3,Under-Burdened,1,0,Low Volume,Low Strain
Nonprofit,Urban,Teaching,Asthma,80788.66666666667,73.0,5331.625,Yes,No,1106.693912325035,7,Normal,0,0,High Volume,Low Strain
Nonprofit,Rural,Non-Teaching,Asthma,35672.666666666664,10.0,805.0,Yes,Yes,3567.263099403567,1,Overburdened,1,2,Medium Volume,High Strain
Nonprofit,Urban,Non-Teaching,Asthma,57338.0,48.0,5331.625,No,Yes,1194.5414178038711,6,Normal,3,0,High Volume,Medium Strain
Nonprofit,Urban,Non-Teaching,Asthma,47511.333333333336,21.0,4509.333333333333,No,Yes,2262.4433670904605,4,Overburdened,2,0,Medium Volume,High Strain
Investor Owned,Frontier,Non-Teaching,Asthma,5907.0,4.333333333333333,115.33333333333333,Yes,Yes,1363.1507004214607,1,Normal,1,0,Low Volume,Medium Strain
Investor Owned,Rural,Non-Teaching,Asthma,10314.0,8.0,692.3333333333334,Yes,Yes,1289.2483884395144,1,Normal,1,0,Low Volume,Medium Strain
Investor Owned,Rural,Non-Teaching,Asthma,28371.0,20.0,1179.5,Yes,Yes,1418.5492907253547,3,Normal,1,0,Medium Volume,Medium Strain
Government,Rural,Non-Teaching,Asthma,39829.0,16.0,697.5,Yes,Yes,2489.31094418066,3,Overburdened,1,0,Medium Volume,High Strain
Government,Rural,Non-Teaching,Asthma,7991.666666666667,7.666666666666667,171.66666666666666,No,No,1042.3899447087679,1,Under-Burdened,4,0,Low Volume,Low Strain
Government,Frontier,Non-Teaching,Asthma,1610.0,2.0,28.5,Yes,No,804.9959750201249,1,Under-Burdened,1,0,Low Volume,Low Strain
Nonprofit,Urban,Non-Teaching,Asthma,28485.0,10.0,687.0,Yes,Yes,2848.4971515028487,4,Overburdened,1,0,Medium Volume,High Strain
Government,Frontier,Non-Teaching,Asthma,6546.333333333333,8.0,63.0,Yes,Yes,818.290643803362,3,Under-Burdened,1,0,Low Volume,Low Strain
Nonprofit,Urban,Non-Teaching,Asthma,64106.0,42.666666666666664,2607.0,No,Yes,1502.484022855307,3,Normal,3,0,High Volume,Medium Strain
Nonprofit,Rural,Non-Teaching,Asthma,15535.666666666666,12.0,262.3333333333333,Yes,Yes,1294.6378100240472,2,Normal,1,0,Low Volume,Medium Strain
Nonprofit,Rural,Non-Teaching,Asthma,20035.333333333332,13.0,1089.0,Yes,Yes,1541.1783016577167,1,Normal,1,0,Low Volume,Medium Strain
Nonprofit,Urban,Non-Teaching,Asthma,88985.33333333333,40.666666666666664,1842.0,Yes,Yes,2188.163396353263,4,Overburdened,3,0,High Volume,High Strain
Nonprofit,Rural,Non-Teaching,Asthma,18720.666666666668,8.0,730.3333333333334,Yes,Yes,2340.080408232823,1,Overburdened,1,0,Low Volume,High Strain
Nonprofit,Rural,Non-Teaching,Asthma,18771.0,12.0,189.66666666666666,Yes,Yes,1564.2486964594198,1,Normal,1,0,Low Volume,Medium Strain
Nonprofit,Rural,Non-Teaching,Asthma,10002.666666666666,8.0,234.0,Yes,Yes,1250.3317704186202,1,Normal,1,0,Low Volume,Medium Strain
Investor Owned,Urban,Non-Teaching,Asthma,14433.0,8.0,223.0,No,No,1804.122744846569,3,Overburdened,4,0,Low Volume,High Strain
Government,Urban,Non-Teaching,Asthma,102466.66666666667,42.666666666666664,5331.625,No,Yes,2401.561937133921,6,Overburdened,3,3,High Volume,High Strain
Nonprofit,Urban,Non-Teaching,Asthma,36011.0,26.0,962.5,No,No,1385.0379288315658,6,Normal,2,0,Medium Volume,Medium Strain
Investor Owned,Urban,Non-Teaching,Asthma,12317.0,17.0,284.6666666666667,No,No,724.528985571185,6,Under-Burdened,4,0,Low Volume,Low Strain
Nonprofit,Urban,Non-Teaching,Asthma,57101.0,35.0,1834.3333333333333,No,No,1631.4566767266635,6,Normal,3,0,High Volume,High Strain
Investor Owned,Urban,Non-Teaching,Asthma,34882.0,50.5,3325.0,Yes,No,690.7325364886066,6,Under-Burdened,3,0,Medium Volume,Low Strain
Nonprofit,Urban,Teaching,Asthma,65446.0,41.0,1982.0,Yes,No,1596.2435131113382,6,Normal,3,0,High Volume,High Strain
Investor Owned,Urban,Non-Teaching,Asthma,29986.333333333332,14.0,931.6666666666666,No,Yes,2141.879422467079,2,Overburdened,4,0,Medium Volume,High Strain
Investor Owned,Urban,Non-Teaching,Asthma,3751.5,4.0,74.0,Yes,Yes,937.8726553183618,3,Under-Burdened,1,0,Low Volume,Low Strain
Investor Owned,Urban,Non-Teaching,Asthma,20267.0,12.0,425.3333333333333,No,No,1688.915259237284,5,Normal,4,0,Low Volume,High Strain
Investor Owned,Urban,Non-Teaching,Asthma,33361.5,14.0,1760.5,No,No,2382.9625835981547,4,Overburdened,4,0,Medium Volume,High Strain
Nonprofit,Urban,Non-Teaching,Asthma,46487.666666666664,30.666666666666668,2035.3333333333333,No,No,1515.9016795972782,4,Normal,2,0,Medium Volume,Medium Strain
Investor Owned,Urban,Non-Teaching,Asthma,9859.5,8.0,324.0,Yes,Yes,1232.4359594550508,3,Normal,1,0,Low Volume,Medium Strain
Investor Owned,Urban,Non-Teaching,Asthma,6710.333333333333,9.0,485.3333333333333,No,No,745.591764157299,3,Under-Burdened,4,0,Low Volume,Low Strain
Investor Owned,Urban,Non-Teaching,Asthma,16033.333333333334,21.0,437.6666666666667,No,No,763.4916999245874,5,Under-Burdened,4,0,Low Volume,Low Strain
Nonprofit,Urban,Non-Teaching,Asthma,39767.5,37.0,942.5,No,No,1074.7970068116197,7,Under-Burdened,3,0,Medium Volume,Low Strain
Investor Owned,Urban,Non-Teaching,Asthma,18635.5,9.0,702.5,Yes,No,2070.608810434655,3,Overburdened,4,0,Low Volume,High Strain
Nonprofit,Urban,Non-Teaching,Asthma,79359.66666666667,32.0,3328.0,No,No,2479.9888083368305,6,Overburdened,2,0,High Volume,High Strain
Nonprofit,Urban,Non-Teaching,Asthma,68964.66666666667,30.0,2628.3333333333335,Yes,No,2298.8214559484036,7,Overburdened,2,0,High Volume,High Strain
Nonprofit,Urban,Teaching,Asthma,53635.333333333336,57.0,1190.6666666666667,Yes,No,940.9705951513575,6,Under-Burdened,0,0,High Volume,Low Strain
Nonprofit,Urban,Non-Teaching,Asthma,62426.5,49.5,1735.5,Yes,No,1261.1411593654223,5,Normal,3,0,High Volume,Medium Strain
Nonprofit,Urban,Non-Teaching,Asthma,61938.666666666664,41.0,1954.0,No,No,1510.6988185287432,5,Normal,3,0,High Volume,Medium Strain
Nonprofit,Urban,Non-Teaching,Asthma,79005.0,53.0,2761.3333333333335,No,No,1490.6600961018685,5,Normal,3,0,High Volume,Medium Strain
Nonprofit,Urban,Non-Teaching,Asthma,40703.0,29.0,1676.5,No,No,1403.5512401547448,6,Normal,2,0,Medium Volume,Medium Strain
Nonprofit,Urban,Non-Teaching,Asthma,32344.666666666668,18.0,1540.6666666666667,No,No,1796.9249276342996,3,Overburdened,2,0,Medium Volume,High Strain
Investor Owned,Urban,Non-Teaching,Asthma,36378.0,15.0,1848.0,No,No,2425.198383201078,5,Overburdened,4,0,Medium Volume,High Strain
Investor Owned,Urban,Non-Teaching,Asthma,29577.0,10.666666666666666,2167.3333333333335,Yes,No,2772.841150461422,4,Overburdened,4,0,Medium Volume,High Strain
Nonprofit,Urban,Teaching,Asthma,72059.5,64.0,3559.5,No,No,1125.9295115735138,6,Normal,0,0,High Volume,Low Strain
Nonprofit,Urban,Non-Teaching,Asthma,35037.666666666664,29.0,1385.6666666666667,No,No,1208.19498567989,6,Normal,2,0,Medium Volume,Medium Strain
Investor Owned,Urban,Non-Teaching,Asthma,16074.666666666666,5.666666666666667,742.0,No,No,2836.700876410218,3,Overburdened,4,0,Low Volume,High Strain
Nonprofit,Urban,Teaching,Asthma,54946.0,55.5,690.0,No,No,990.0178396364253,7,Under-Burdened,3,0,High Volume,Low Strain
Nonprofit,Urban,Non-Teaching,Asthma,47234.0,37.0,812.0,No,No,1276.5942495691215,6,Normal,3,0,Medium Volume,Medium Strain
Investor Owned,Urban,Non-Teaching,Asthma,4946.5,4.0,100.5,No,No,1236.621908445229,2,Normal,4,0,Low Volume,Medium Strain
Investor Owned,Urban,Non-Teaching,Asthma,6297.5,7.0,519.5,No,No,899.6415719406116,3,Under-Burdened,4,0,Low Volume,Low Strain
Nonprofit,Urban,Non-Teaching,Asthma,77714.0,71.0,1780.0,No,No,1094.5632261178555,6,Normal,0,0,High Volume,Low Strain
Nonprofit,Urban,Non-Teaching,Asthma,57211.0,61.0,2528.3333333333335,No,No,937.8850921499849,7,Under-Burdened,0,0,High Volume,Low Strain
Investor Owned,Urban,Non-Teaching,Asthma,12230.666666666666,8.0,911.3333333333334,No,No,1528.8314222940555,3,Normal,4,0,Low Volume,Medium Strain
Nonprofit,Urban,Non-Teaching,Asthma,32363.666666666668,15.333333333333334,1599.6666666666667,No,No,2110.672536517911,5,Overburdened,2,0,Medium Volume,High Strain
Government,Urban,Non-Teaching,Asthma,31796.5,21.0,2682.0,No,No,1514.1183266103208,5,Normal,2,0,Medium Volume,Medium Strain
Investor Owned,Urban,Non-Teaching,Asthma,6826.0,7.0,126.66666666666667,Yes,No,975.1414640836227,5,Under-Burdened,4,0,Low Volume,Low Strain
Nonprofit,Urban,Non-Teaching,Asthma,18475.333333333332,12.0,1169.3333333333333,No,No,1539.609828102921,4,Normal,2,0,Low Volume,Medium Strain
Investor Owned,Urban,Non-Teaching,Asthma,46827.333333333336,41.333333333333336,3521.0,Yes,Yes,1132.9190807453836,6,Normal,3,0,Medium Volume,Low Strain
Nonprofit,Urban,Non-Teaching,Asthma,23936.333333333332,27.0,608.3333333333334,No,No,886.530535852888,5,Under-Burdened,2,0,Low Volume,Low Strain
Nonprofit,Urban,Non-Teaching,Asthma,50359.333333333336,40.0,1505.3333333333333,No,No,1258.9830185875787,6,Normal,3,0,High Volume,Medium Strain
Investor Owned,Urban,Non-Teaching,Asthma,9195.333333333334,8.0,309.3333333333333,No,No,1149.4152298976294,3,Normal,4,0,Low Volume,Low Strain
Nonprofit,Urban,Non-Teaching,Asthma,43418.0,32.0,2800.3333333333335,No,No,1356.8120759962262,6,Normal,2,0,Medium Volume,Medium Strain
Nonprofit,Urban,Non-Teaching,Asthma,21073.5,13.0,1067.5,No,No,1621.037214586758,4,Normal,2,0,Low Volume,High Strain
Investor Owned,Urban,Non-Teaching,Asthma,46270.0,30.0,2430.6666666666665,No,No,1542.3328192223937,5,Normal,4,0,Medium Volume,Medium Strain
Nonprofit,Urban,Teaching,Asthma,49428.0,28.0,1695.6666666666667,No,No,1765.285083826756,6,Overburdened,2,0,High Volume,High Strain
Investor Owned,Urban,Non-Teaching,Asthma,23054.5,13.0,813.0,No,No,1773.4217127525287,4,Overburdened,4,0,Low Volume,High Strain
Nonprofit,Urban,Non-Teaching,Asthma,52035.666666666664,30.0,891.6666666666666,No,No,1734.5216440483407,6,Normal,2,0,High Volume,High Strain
Government,Urban,Teaching,Asthma,73969.0,72.66666666666667,2104.3333333333335,Yes,No,1017.9218782676313,6,Under-Burdened,0,0,High Volume,Low Strain
Government,Urban,Teaching,Asthma,105955.5,80.5,2553.0,No,No,1316.2172277991021,7,Normal,0,0,High Volume,Medium Strain
Nonprofit,Urban,Teaching,Asthma,99493.0,29.0,5331.625,Yes,Yes,3430.791920416579,3,Overburdened,2,4,High Volume,High Strain
Government,Urban,Teaching,Asthma,50463.666666666664,50.666666666666664,1534.0,No,No,995.9932244750214,6,Under-Burdened,3,0,High Volume,Low Strain
Nonprofit,Urban,Non-Teaching,Asthma,40780.666666666664,37.333333333333336,1063.6666666666667,No,No,1092.3389931234838,5,Normal,3,0,Medium Volume,Low Strain
Nonprofit,Urban,Non-Teaching,Asthma,67262.0,33.0,1849.6666666666667,Yes,No,2038.2418065933919,5,Overburdened,2,0,High Volume,High Strain
Nonprofit,Urban,Non-Teaching,Asthma,92182.33333333333,80.0,2831.3333333333335,No,No,1152.2790226317886,6,Normal,0,0,High Volume,Low Strain
Investor Owned,Urban,Non-Teaching,Asthma,64397.333333333336,35.0,5331.625,Yes,Yes,1839.9232838314426,4,Overburdened,3,0,High Volume,High Strain
Nonprofit,Rural,Non-Teaching,Asthma,77745.33333333333,38.0,5331.625,Yes,Yes,2045.9292861589595,6,Overburdened,3,1,High Volume,High Strain
Nonprofit,Urban,Non-Teaching,Asthma,27449.0,19.0,2300.6666666666665,No,No,1444.683450166605,3,Normal,2,0,Medium Volume,Medium Strain
Nonprofit,Urban,Non-Teaching,Asthma,29936.333333333332,31.0,743.0,No,No,965.6878605307977,6,Under-Burdened,2,0,Medium Volume,Low Strain
Nonprofit,Urban,Non-Teaching,Asthma,14621.0,9.0,158.33333333333334,No,No,1624.553750495833,1,Normal,2,0,Low Volume,High Strain
Government,Rural,Non-Teaching,Asthma,6284.0,3.6666666666666665,65.0,Yes,Yes,1713.8135077813424,1,Normal,1,0,Low Volume,High Strain
Nonprofit,Rural,Non-Teaching,Asthma,9094.0,6.0,194.66666666666666,Yes,Yes,1515.6641405597659,1,Normal,1,0,Low Volume,Medium Strain
Nonprofit,Rural,Non-Teaching,Asthma,28163.666666666668,19.0,913.6666666666666,Yes,Yes,1482.2974654574743,2,Normal,1,0,Medium Volume,Medium Strain
Nonprofit,Rural,Non-Teaching,Asthma,13366.0,9.0,415.0,Yes,Yes,1485.1094609894878,1,Normal,1,0,Low Volume,Medium Strain
Nonprofit,Rural,Non-Teaching,Asthma,25567.333333333332,10.0,452.3333333333333,Yes,Yes,2556.7307766025565,1,Overburdened,1,0,Medium Volume,High Strain
Nonprofit,Urban,Non-Teaching,Asthma,57461.0,26.0,1633.6666666666667,Yes,Yes,2210.0376115239956,4,Overburdened,2,0,High Volume,High Strain
Government,Frontier,Non-Teaching,Asthma,511.0,1.0,13.0,Yes,Yes,510.99489005109945,1,Under-Burdened,1,0,Low Volume,Low Strain
Nonprofit,Urban,Non-Teaching,Asthma,41278.666666666664,30.666666666666668,3326.0,No,No,1346.0430393337915,5,Normal,2,0,Medium Volume,Medium Strain
Nonprofit,Rural,Non-Teaching,Asthma,14553.0,6.0,445.6666666666667,No,Yes,2425.495957506738,2,Overburdened,1,0,Low Volume,High Strain
Government,Urban,Non-Teaching,Asthma,50028.333333333336,16.0,2934.3333333333335,Yes,Yes,3126.768879102784,5,Overburdened,1,0,High Volume,High Strain
Government,Urban,Non-Teaching,Asthma,51527.5,19.0,1795.0,Yes,Yes,2711.972256856707,4,Overburdened,1,0,High Volume,High Strain
Investor Owned,Urban,Non-Teaching,Asthma,24487.0,18.0,1195.6666666666667,No,No,1360.3881331177038,4,Normal,4,0,Low Volume,Medium Strain
Nonprofit,Rural,Non-Teaching,Asthma,6034.5,8.0,155.0,No,No,754.3115571105536,3,Under-Burdened,1,0,Low Volume,Low Strain
Government,Rural,Non-Teaching,Asthma,12749.5,15.0,260.0,Yes,Yes,849.9661000226,2,Under-Burdened,1,0,Low Volume,Low Strain
Nonprofit,Urban,Non-Teaching,Asthma,92289.0,35.666666666666664,5331.625,No,No,2587.5413305958887,6,Overburdened,3,0,High Volume,High Strain
Nonprofit,Urban,Non-Teaching,Asthma,27767.5,26.0,772.0,No,No,1067.9803584690928,5,Under-Burdened,2,0,Medium Volume,Low Strain
Investor Owned,Urban,Teaching,Asthma,23505.0,30.0,1206.0,No,Yes,783.4997388334205,5,Under-Burdened,4,0,Low Volume,Low Strain
Investor Owned,Urban,Non-Teaching,Asthma,5063.0,8.0,61.0,No,No,632.8742089072389,3,Under-Burdened,4,0,Low Volume,Low Strain
Investor Owned,Urban,Non-Teaching,Asthma,12153.0,11.0,200.0,No,Yes,1104.8171774389295,4,Normal,4,0,Low Volume,Low Strain
Nonprofit,Urban,Non-Teaching,Asthma,100965.66666666667,80.5,5331.625,No,No,1254.2317282527874,6,Normal,0,0,High Volume,Medium Strain
Investor Owned,Urban,Non-Teaching,Asthma,11960.0,12.0,911.0,No,No,996.6658361118033,3,Under-Burdened,4,0,Low Volume,Low Strain
Investor Owned,Urban,Non-Teaching,Asthma,11887.333333333334,11.0,1038.3333333333333,No,No,1080.6656842433174,3,Normal,4,0,Low Volume,Low Strain
Investor Owned,Urban,Non-Teaching,Asthma,25199.5,23.0,956.5,No,No,1095.6299584217572,4,Normal,4,0,Low Volume,Low Strain
Investor Owned,Urban,Non-Teaching,Asthma,11411.0,10.0,160.0,Yes,No,1141.098858901141,4,Normal,4,0,Low Volume,Low Strain
Nonprofit,Urban,Non-Teaching,Asthma,34495.5,44.5,1349.5,No,No,775.1796010832356,6,Under-Burdened,3,0,Medium Volume,Low Strain
Government,Urban,Teaching,Asthma,42020.0,50.666666666666664,1608.0,Yes,No,829.3419415772483,6,Under-Burdened,3,0,Medium Volume,Low Strain
Investor Owned,Urban,Non-Teaching,Asthma,19240.0,12.0,1491.0,Yes,No,1603.3319972233357,4,Normal,4,0,Low Volume,High Strain
Nonprofit,Urban,Non-Teaching,Asthma,27262.5,31.0,328.0,No,No,879.4352001821935,5,Under-Burdened,2,0,Medium Volume,Low Strain
Nonprofit,Urban,Non-Teaching,Asthma,14340.0,20.0,467.0,No,No,716.9996415001792,4,Under-Burdened,2,0,Low Volume,Low Strain
Nonprofit,Urban,Non-Teaching,Asthma,53749.666666666664,36.0,2130.6666666666665,No,No,1493.045881561329,6,Normal,3,0,High Volume,Medium Strain
Investor Owned,Urban,Non-Teaching,Asthma,4135.333333333333,8.0,83.0,No,No,516.916020521641,4,Under-Burdened,4,0,Low Volume,Low Strain
Investor Owned,Urban,Non-Teaching,Asthma,24221.0,24.0,2171.6666666666665,Yes,No,1009.2079128300363,5,Under-Burdened,4,0,Low Volume,Low Strain
Investor Owned,Urban,Non-Teaching,Asthma,17550.0,17.5,265.5,No,No,1002.8565697962458,5,Under-Burdened,4,0,Low Volume,Low Strain
Nonprofit,Urban,Non-Teaching,Asthma,109291.5,72.0,2381.5,No,No,1517.9372891753765,5,Normal,0,0,High Volume,Medium Strain
Nonprofit,Urban,Non-Teaching,Asthma,26386.333333333332,14.0,322.6666666666667,No,Yes,1884.7367489975602,2,Overburdened,2,0,Medium Volume,High Strain
Nonprofit,Urban,Non-Teaching,Asthma,69937.5,69.0,1029.0,No,No,1013.5868096251,6,Under-Burdened,0,0,High Volume,Low Strain
Nonprofit,Urban,Non-Teaching,Asthma,112998.5,62.0,5331.625,No,No,1822.5561576522325,6,Overburdened,0,0,High Volume,High Strain
Government,Frontier,Non-Teaching,Asthma,3495.0,3.0,44.0,Yes,Yes,1164.996116679611,1,Normal,1,0,Low Volume,Medium Strain
Government,Frontier,Non-Teaching,Asthma,2546.6666666666665,2.0,29.0,Yes,Yes,1273.3269666984997,1,Normal,1,0,Low Volume,Medium Strain
Investor Owned,Urban,Non-Teaching,Asthma,44698.666666666664,30.0,2752.6666666666665,No,Yes,1489.9550589038693,4,Normal,4,0,Medium Volume,Medium Strain
Investor Owned,Urban,Non-Teaching,Asthma,54417.5,28.0,2809.5,No,Yes,1943.4814487566255,6,Overburdened,4,0,High Volume,High Strain
Investor Owned,Urban,Non-Teaching,Asthma,39938.5,29.0,1281.5,Yes,Yes,1377.189180279593,6,Normal,4,0,Medium Volume,Medium Strain
Investor Owned,Urban,Non-Teaching,Asthma,45627.5,12.0,1832.0,No,Yes,3802.2884980929184,3,Overburdened,4,5,Medium Volume,High Strain
Government,Rural,Non-Teaching,Asthma,7767.0,7.0,371.5,Yes,Yes,1109.5698434716523,1,Normal,1,0,Low Volume,Low Strain
Investor Owned,Urban,Non-Teaching,Asthma,45660.666666666664,41.0,1112.0,No,Yes,1113.6745251200343,4,Normal,3,0,Medium Volume,Low Strain
Government,Urban,Non-Teaching,Asthma,37046.333333333336,28.0,955.0,No,Yes,1323.0828608037402,2,Normal,2,0,Medium Volume,Medium Strain
Investor Owned,Urban,Non-Teaching,Asthma,15067.333333333334,12.0,485.3333333333333,Yes,No,1255.6100647693906,2,Normal,4,0,Low Volume,Medium Strain
Nonprofit,Urban,Non-Teaching,Asthma,54291.666666666664,41.0,1771.0,No,Yes,1324.1866688975604,5,Normal,3,0,High Volume,Medium Strain
Nonprofit,Urban,Non-Teaching,Asthma,47474.5,26.0,1626.5,No,Yes,1825.9416054070748,2,Overburdened,2,0,Medium Volume,High Strain
Investor Owned,Urban,Non-Teaching,Asthma,90694.33333333333,53.0,5331.625,No,Yes,1711.213513607513,3,Normal,3,6,High Volume,High Strain
Investor Owned,Urban,Non-Teaching,Asthma,35054.666666666664,21.0,2225.6666666666665,No,No,1669.2690463798192,3,Normal,4,0,Medium Volume,High Strain
Nonprofit,Urban,Non-Teaching,Asthma,47299.5,58.5,955.0,No,Yes,808.5383233267823,3,Under-Burdened,0,0,Medium Volume,Low Strain
Nonprofit,Urban,Non-Teaching,Asthma,95381.5,59.0,5331.625,No,No,1616.6353192143526,5,Normal,0,0,High Volume,High Strain
Government,Urban,Teaching,Asthma,63503.666666666664,70.0,4103.666666666667,No,No,907.1951084959368,7,Under-Burdened,0,0,High Volume,Low Strain
Nonprofit,Urban,Non-Teaching,Asthma,84523.33333333333,51.333333333333336,1623.6666666666667,No,No,1646.5581208003657,7,Normal,3,0,High Volume,High Strain
Nonprofit,Urban,Non-Teaching,Asthma,106119.0,53.0,5331.625,No,No,2002.2449052368102,5,Overburdened,3,0,High Volume,High Strain
Government,Rural,Non-Teaching,Asthma,21385.333333333332,18.0,361.0,Yes,No,1188.0734140332884,2,Normal,1,0,Low Volume,Medium Strain
Government,Rural,Non-Teaching,Asthma,11297.666666666666,7.0,138.33333333333334,Yes,Yes,1613.9500753094162,1,Normal,1,0,Low Volume,High Strain
Investor Owned,Urban,Non-Teaching,Asthma,33224.0,15.0,2912.0,No,No,2214.9318567120954,3,Overburdened,4,0,Medium Volume,High Strain
Investor Owned,Urban,Non-Teaching,Asthma,22289.0,12.0,2286.0,No,Yes,1857.4151188207343,3,Overburdened,4,0,Low Volume,High Strain
Nonprofit,Urban,Non-Teaching,Asthma,112998.5,80.5,3804.5,Yes,No,1403.7079001605093,6,Normal,0,0,High Volume,Medium Strain
Nonprofit,Urban,Teaching,Asthma,40403.0,40.0,2027.0,No,No,1010.074747481313,6,Under-Burdened,3,0,Medium Volume,Low Strain
Government,Rural,Non-Teaching,Asthma,8291.666666666666,6.0,116.33333333333333,Yes,Yes,1381.9421412075424,1,Normal,1,0,Low Volume,Medium Strain
Nonprofit,Urban,Non-Teaching,Asthma,75626.66666666667,52.0,1558.0,No,Yes,1454.35869467461,6,Normal,3,0,High Volume,Medium Strain
Nonprofit,Urban,Non-Teaching,Asthma,53317.333333333336,18.0,1679.0,No,Yes,2962.0724284782805,6,Overburdened,2,0,High Volume,High Strain
Nonprofit,Urban,Non-Teaching,Asthma,62192.333333333336,43.0,5331.625,No,Yes,1446.3329969768224,5,Normal,3,0,High Volume,Medium Strain
Investor Owned,Urban,Non-Teaching,Asthma,30790.0,16.0,1142.0,Yes,Yes,1924.3737972663766,3,Overburdened,4,0,Medium Volume,High Strain
Investor Owned,Rural,Non-Teaching,Asthma,22806.333333333332,15.333333333333334,1050.6666666666667,Yes,Yes,1487.3685951943944,4,Normal,1,0,Low Volume,Medium Strain
Investor Owned,Urban,Non-Teaching,Asthma,35471.0,20.333333333333332,2203.0,Yes,Yes,1744.4745518977616,3,Normal,4,0,Medium Volume,High Strain
Government,Urban,Teaching,Asthma,57942.0,47.0,2096.0,Yes,No,1232.8082483386704,6,Normal,3,0,High Volume,Medium Strain
Investor Owned,Rural,Non-Teaching,Asthma,25407.666666666668,16.0,1121.6666666666667,Yes,Yes,1587.9781741803079,1,Normal,1,0,Medium Volume,High Strain
Nonprofit,Urban,Non-Teaching,Asthma,23200.666666666668,15.0,1855.6666666666667,No,Yes,1546.710079971058,2,Normal,2,0,Low Volume,Medium Strain
Nonprofit,Urban,Non-Teaching,Asthma,79146.5,63.0,5331.625,No,No,1256.2934513819919,7,Normal,0,0,High Volume,Medium Strain
Nonprofit,Urban,Non-Teaching,Asthma,86469.0,80.5,5331.625,No,Yes,1074.148934888331,7,Under-Burdened,0,0,High Volume,Low Strain
Nonprofit,Urban,Non-Teaching,Asthma,112241.5,80.5,4061.0,No,No,1394.3041746205993,6,Normal,0,0,High Volume,Medium Strain
Nonprofit,Urban,Teaching,Asthma,96961.66666666667,77.33333333333333,4905.0,No,No,1253.8144930412295,6,Normal,0,0,High Volume,Medium Strain
Investor Owned,Urban,Non-Teaching,Asthma,17293.0,20.0,1538.3333333333333,Yes,Yes,864.6495676752162,5,Under-Burdened,4,0,Low Volume,Low Strain
Nonprofit,Urban,Non-Teaching,Asthma,37200.666666666664,47.0,1275.6666666666667,No,No,791.5033776943167,6,Under-Burdened,3,0,Medium Volume,Low Strain
Government,Urban,Non-Teaching,Asthma,39953.666666666664,40.0,886.6666666666666,No,No,998.8414169563123,6,Under-Burdened,3,0,Medium Volume,Low Strain
Government,Urban,Teaching,Asthma,60332.5,80.5,3955.0,No,No,749.4719565873346,6,Under-Burdened,0,0,High Volume,Low Strain
Nonprofit,Urban,Non-Teaching,Asthma,63761.0,48.0,4578.0,No,No,1328.3538899262728,6,Normal,3,0,High Volume,Medium Strain
Government,Urban,Non-Teaching,Asthma,26922.5,8.0,1637.5,No,No,3365.3082933646333,5,Overburdened,4,7,Medium Volume,High Strain
Nonprofit,Urban,Non-Teaching,Asthma,44178.666666666664,38.0,1791.3333333333333,No,No,1162.5961852817054,4,Normal,3,0,Medium Volume,Low Strain
Government,Urban,Non-Teaching,Asthma,77978.0,72.0,4868.0,No,Yes,1083.027627357274,5,Normal,0,0,High Volume,Low Strain
Nonprofit,Urban,Teaching,Asthma,31841.333333333332,28.666666666666668,1980.3333333333333,No,No,1110.7437985777447,5,Normal,2,0,Medium Volume,Low Strain
Nonprofit,Urban,Non-Teaching,Asthma,10480.666666666666,12.0,105.66666666666667,No,No,873.3881610654213,5,Under-Burdened,2,0,Low Volume,Low Strain
Government,Urban,Teaching,Asthma,43609.0,59.0,2424.3333333333335,No,No,739.135467943141,6,Under-Burdened,0,0,Medium Volume,Low Strain
Nonprofit,Urban,Non-Teaching,Asthma,20186.666666666668,19.0,390.6666666666667,No,No,1062.4555811637292,5,Under-Burdened,2,0,Low Volume,Low Strain
Nonprofit,Urban,Teaching,Asthma,11045.666666666666,12.0,411.6666666666667,No,No,920.4714551626762,5,Under-Burdened,2,0,Low Volume,Low Strain
Nonprofit,Urban,Non-Teaching,Asthma,26493.666666666668,35.0,436.3333333333333,No,Yes,756.9616884871366,5,Under-Burdened,3,0,Medium Volume,Low Strain
Nonprofit,Urban,Non-Teaching,Asthma,17995.0,16.0,322.3333333333333,No,No,1124.686797070752,3,Normal,2,0,Low Volume,Low Strain
Nonprofit,Urban,Non-Teaching,Asthma,49033.666666666664,28.0,1892.3333333333333,No,Yes,1751.2017555231826,4,Overburdened,2,0,High Volume,High Strain
Government,Urban,Non-Teaching,Asthma,41087.333333333336,25.333333333333332,1774.6666666666667,Yes,Yes,1621.8677808416658,4,Normal,2,0,Medium Volume,High Strain
Nonprofit,Urban,Non-Teaching,Asthma,29388.666666666668,14.0,461.0,No,Yes,2099.1889767697785,2,Overburdened,2,0,Medium Volume,High Strain
Investor Owned,Urban,Non-Teaching,Asthma,25987.0,11.0,1194.6666666666667,No,Yes,2362.4523977705476,2,Overburdened,4,0,Medium Volume,High Strain
Nonprofit,Urban,Non-Teaching,Asthma,103851.33333333333,46.666666666666664,5331.625,No,Yes,2225.385237417449,2,Overburdened,3,8,High Volume,High Strain
Nonprofit,Rural,Non-Teaching,Asthma,25632.666666666668,18.0,781.6666666666666,No,Yes,1424.0362459057894,2,Normal,1,0,Medium Volume,Medium Strain
Nonprofit,Rural,Non-Teaching,Asthma,20801.333333333332,22.0,566.0,No,Yes,945.5147217357325,2,Under-Burdened,1,0,Low Volume,Low Strain
Investor Owned,Rural,Non-Teaching,Asthma,19784.666666666668,11.0,891.3333333333334,No,Yes,1798.6044255111285,4,Overburdened,1,0,Low Volume,High Strain
Investor Owned,Urban,Non-Teaching,Asthma,27192.666666666668,23.0,1292.0,No,No,1182.2893410336198,3,Normal,4,0,Medium Volume,Medium Strain
Government,Urban,Non-Teaching,Asthma,33189.666666666664,15.0,787.3333333333334,No,No,2212.6429693491314,4,Overburdened,4,0,Medium Volume,High Strain
Nonprofit,Urban,Non-Teaching,Asthma,39927.666666666664,19.0,2645.0,No,No,2101.4550343219116,3,Overburdened,2,0,Medium Volume,High Strain
Investor Owned,Urban,Non-Teaching,Asthma,13136.0,22.0,199.0,No,No,597.0906376860738,6,Under-Burdened,4,0,Low Volume,Low Strain
Investor Owned,Rural,Non-Teaching,Asthma,1620.0,7.0,26.0,No,No,231.42824081679885,3,Under-Burdened,4,9,Low Volume,Low Strain
Nonprofit,Urban,Non-Teaching,Asthma,41904.5,26.0,489.0,No,No,1611.7109185727236,5,Normal,2,0,Medium Volume,High Strain
Nonprofit,Urban,Non-Teaching,Asthma,14532.0,17.0,260.5,No,No,854.8230265746903,5,Under-Burdened,2,0,Low Volume,Low Strain
Nonprofit,Urban,Non-Teaching,Asthma,32738.0,24.0,1668.0,No,No,1364.0827649655146,4,Normal,2,0,Medium Volume,Medium Strain
Nonprofit,Urban,Non-Teaching,Asthma,22042.666666666668,22.0,1589.6666666666667,No,Yes,1001.9389385126037,1,Under-Burdened,2,0,Low Volume,Low Strain
Government,Rural,Non-Teaching,Asthma,18819.5,10.0,898.5,No,Yes,1881.948118051882,2,Overburdened,1,0,Low Volume,High Strain
Nonprofit,Urban,Non-Teaching,Asthma,48621.0,41.0,1375.0,Yes,Yes,1185.8777595420097,5,Normal,3,0,Medium Volume,Medium Strain
Nonprofit,Urban,Non-Teaching,Asthma,35892.0,40.5,2344.5,No,No,886.2220034019743,6,Under-Burdened,3,0,Medium Volume,Low Strain
Nonprofit,Rural,Non-Teaching,Asthma,9330.0,8.0,470.0,No,Yes,1166.2485421893223,1,Normal,1,0,Low Volume,Medium Strain
Nonprofit,Urban,Non-Teaching,Asthma,52909.5,40.0,2176.5,No,No,1322.7371693157077,6,Normal,3,0,High Volume,Medium Strain
Investor Owned,Urban,Non-Teaching,Asthma,47574.333333333336,35.0,2671.3333333333335,No,No,1359.266278304873,6,Normal,3,0,Medium Volume,Medium Strain
Government,Urban,Non-Teaching,Asthma,49958.666666666664,25.0,3570.3333333333335,No,No,1998.3458673283196,6,Overburdened,2,0,High Volume,High Strain
Nonprofit,Urban,Teaching,Asthma,73416.5,80.5,5155.5,No,No,912.0060978874412,5,Under-Burdened,0,0,High Volume,Low Strain
Nonprofit,Urban,Non-Teaching,Asthma,65069.0,36.0,4625.5,No,No,1807.4717201467442,5,Overburdened,3,0,High Volume,High Strain
Government,Rural,Non-Teaching,Asthma,33380.333333333336,8.0,2266.3333333333335,No,No,4172.536450996104,2,Overburdened,4,10,Medium Volume,High Strain
Nonprofit,Urban,Non-Teaching,Asthma,67463.5,30.0,4869.5,No,No,2248.7825837391388,6,Overburdened,2,0,High Volume,High Strain
Nonprofit,Urban,Non-Teaching,Asthma,28103.666666666668,13.333333333333334,1563.0,Yes,No,2107.7734191699356,3,Overburdened,2,0,Medium Volume,High Strain
Government,Frontier,Non-Teaching,Asthma,3986.3333333333335,6.0,96.0,Yes,Yes,664.3877815759197,3,Under-Burdened,1,0,Low Volume,Low Strain
Investor Owned,Urban,Non-Teaching,Asthma,24901.0,28.0,1915.0,No,Yes,889.3211109567461,5,Under-Burdened,4,0,Low Volume,Low Strain
Nonprofit,Urban,Non-Teaching,Asthma,42502.0,26.0,836.3333333333334,No,Yes,1634.691678964739,5,Normal,2,0,Medium Volume,High Strain
Nonprofit,Rural,Non-Teaching,Asthma,9721.666666666666,11.0,129.33333333333334,Yes,Yes,883.7870753450829,1,Under-Burdened,1,0,Low Volume,Low Strain
Nonprofit,Rural,Non-Teaching,Asthma,9916.0,7.0,678.0,Yes,Yes,1416.5694049008503,1,Normal,1,0,Low Volume,Medium Strain
Nonprofit,Urban,Non-Teaching,Asthma,57303.333333333336,51.0,5331.625,No,No,1123.594550929173,5,Normal,3,0,High Volume,Low Strain
Nonprofit,Urban,Non-Teaching,Asthma,24714.666666666668,13.0,442.6666666666667,No,No,1901.1267427230187,3,Overburdened,2,0,Low Volume,High Strain
Nonprofit,Urban,Non-Teaching,Asthma,57780.0,45.0,2910.6666666666665,No,No,1283.99971466673,4,Normal,3,0,High Volume,Medium Strain
Nonprofit,Urban,Non-Teaching,Asthma,48864.0,27.0,5085.5,No,No,1809.7771074899601,3,Overburdened,2,0,Medium Volume,High Strain
Investor Owned,Rural,Non-Teaching,Asthma,8867.0,9.0,637.0,No,No,985.2211275320806,1,Under-Burdened,4,0,Low Volume,Low Strain
Investor Owned,Urban,Non-Teaching,Asthma,17207.5,15.0,854.0,No,No,1147.1659018893988,2,Normal,4,0,Low Volume,Low Strain
Investor Owned,Urban,Non-Teaching,Asthma,35628.0,29.5,1408.5,No,Yes,1207.728404159863,5,Normal,4,0,Medium Volume,Medium Strain
Government,Urban,Non-Teaching,Asthma,8424.666666666666,8.333333333333334,68.66666666666667,Yes,No,1010.9587868494557,2,Under-Burdened,4,0,Low Volume,Low Strain
Nonprofit,Urban,Teaching,Asthma,53276.0,30.0,3924.5,No,Yes,1775.8660747113086,4,Overburdened,2,0,High Volume,High Strain
Nonprofit,Urban,Non-Teaching,Asthma,31739.5,34.0,326.5,No,Yes,933.5144313192848,3,Under-Burdened,3,0,Medium Volume,Low Strain
Investor Owned,Urban,Non-Teaching,Asthma,77669.33333333333,33.0,3693.6666666666665,No,No,2353.6154483993587,6,Overburdened,2,0,High Volume,High Strain
Investor Owned,Urban,Non-Teaching,Asthma,51875.333333333336,32.0,3027.0,No,No,1621.1036600717728,5,Normal,4,0,High Volume,High Strain
Nonprofit,Urban,Non-Teaching,Asthma,72098.66666666667,40.0,989.3333333333334,No,No,1802.4662160501127,6,Overburdened,3,0,High Volume,High Strain
Government,Rural,Non-Teaching,Asthma,18690.333333333332,12.0,729.6666666666666,Yes,No,1557.5264798390444,1,Normal,1,0,Low Volume,Medium Strain
Nonprofit,Rural,Non-Teaching,Asthma,28291.666666666668,14.0,585.6666666666666,Yes,Yes,2020.8318898819837,2,Overburdened,1,0,Medium Volume,High Strain
Government,Urban,Non-Teaching,Asthma,59761.5,80.5,3160.0,Yes,Yes,742.3787897666099,6,Under-Burdened,0,0,High Volume,Low Strain
Government,Rural,Non-Teaching,Asthma,33321.0,24.0,1135.0,Yes,Yes,1388.3744215106578,4,Normal,1,0,Medium Volume,Medium Strain
Nonprofit,Rural,Non-Teaching,Asthma,28867.333333333332,15.0,585.0,Yes,Yes,1924.4876058971515,3,Overburdened,1,0,Medium Volume,High Strain
Nonprofit,Rural,Non-Teaching,Asthma,30663.666666666668,18.0,462.0,Yes,Yes,1703.536090628098,2,Normal,1,0,Medium Volume,High Strain
Government,Urban,Non-Teaching,Asthma,40721.5,38.5,830.0,No,No,1057.70102397376,5,Under-Burdened,3,0,Medium Volume,Low Strain
Investor Owned,Urban,Non-Teaching,Asthma,40176.0,28.0,2134.6666666666665,No,No,1434.8566304083463,6,Normal,4,0,Medium Volume,Medium Strain
Nonprofit,Rural,Non-Teaching,Asthma,7952.0,6.0,260.3333333333333,No,No,1325.331124448126,1,Normal,1,0,Low Volume,Medium Strain
Nonprofit,Urban,Non-Teaching,Asthma,22600.333333333332,14.0,921.6666666666666,No,No,1614.3083707321161,3,Normal,2,0,Low Volume,High Strain
Nonprofit,Urban,Non-Teaching,Asthma,45771.666666666664,31.0,1519.0,No,Yes,1476.5049000521826,5,Normal,2,0,Medium Volume,Medium Strain
Nonprofit,Urban,Non-Teaching,Asthma,26971.5,11.0,507.0,No,Yes,2451.952316406985,1,Overburdened,2,0,Medium Volume,High Strain
Nonprofit,Rural,Non-Teaching,Asthma,59699.0,44.0,1231.0,Yes,Yes,1356.7951461829211,5,Normal,3,1,High Volume,Medium Strain
Nonprofit,Urban,Non-Teaching,Asthma,36398.0,40.0,2972.0,No,No,909.9497725125568,4,Under-Burdened,3,0,Medium Volume,Low Strain
Government,Urban,Non-Teaching,Asthma,69248.0,54.0,2839.0,No,No,1282.3701328944198,4,Normal,3,0,High Volume,Medium Strain
Nonprofit,Urban,Teaching,Asthma,112998.5,80.0,5331.625,No,No,1412.4810734398657,6,Normal,0,0,High Volume,Medium Strain
Nonprofit,Rural,Non-Teaching,Asthma,9934.0,5.0,493.0,Yes,Yes,1986.7960264079472,1,Overburdened,1,0,Low Volume,High Strain
Nonprofit,Rural,Non-Teaching,Asthma,15236.0,11.0,240.0,Yes,Yes,1385.0896499185,1,Normal,1,0,Low Volume,Medium Strain
Nonprofit,Rural,Non-Teaching,Asthma,26490.0,24.0,310.5,No,No,1103.7495401043584,3,Normal,2,0,Medium Volume,Low Strain
Investor Owned,Rural,Non-Teaching,Asthma,9268.0,9.0,149.0,Yes,Yes,1029.7766335815184,2,Under-Burdened,1,0,Low Volume,Low Strain
Nonprofit,Urban,Teaching,Asthma,63937.0,48.0,4884.0,No,Yes,1332.0205558290509,6,Normal,3,0,High Volume,Medium Strain
Investor Owned,Rural,Non-Teaching,Asthma,11554.0,12.0,270.0,Yes,Yes,962.8325309728909,2,Under-Burdened,1,0,Low Volume,Low Strain
Government,Rural,Non-Teaching,Asthma,30623.0,20.0,1467.0,Yes,Yes,1531.149234425383,4,Normal,1,0,Medium Volume,Medium Strain
Nonprofit,Urban,Non-Teaching,Asthma,74433.0,36.0,2865.5,No,Yes,2067.582759004789,6,Overburdened,3,0,High Volume,High Strain
Government,Urban,Teaching,Asthma,45491.0,30.0,2254.0,No,Yes,1516.3661612112796,5,Normal,2,0,Medium Volume,Medium Strain
Nonprofit,Urban,Non-Teaching,Asthma,53560.0,40.0,2340.0,No,Yes,1338.9996652500836,5,Normal,3,0,High Volume,Medium Strain
Nonprofit,Frontier,Non-Teaching,Asthma,2364.0,2.0,48.0,Yes,Yes,1181.9940900295499,1,Normal,1,0,Low Volume,Medium Strain
Nonprofit,Urban,Teaching,Asthma,41196.0,26.0,932.0,No,No,1584.4609290534888,6,Normal,2,0,Medium Volume,Medium Strain
Nonprofit,Urban,Non-Teaching,Asthma,72057.0,46.0,2761.0,Yes,No,1566.456181205178,6,Normal,3,0,High Volume,Medium Strain
Government,Urban,Non-Teaching,Asthma,33564.0,14.0,1383.0,No,No,2397.4268589808153,4,Overburdened,4,0,Medium Volume,High Strain
Nonprofit,Urban,Non-Teaching,Asthma,31471.5,22.0,1528.0,No,No,1430.5220770354194,3,Normal,2,0,Medium Volume,Medium Strain
Nonprofit,Urban,Non-Teaching,Asthma,33640.5,16.0,1655.0,No,No,2102.52993591879,6,Overburdened,2,0,Medium Volume,High Strain
Nonprofit,Urban,Non-Teaching,Asthma,52043.0,50.0,1227.0,No,No,1040.8597918280416,7,Under-Burdened,3,0,High Volume,Low Strain
Investor Owned,Urban,Non-Teaching,Asthma,29638.0,21.0,1462.0,No,No,1411.3326612701612,4,Normal,4,0,Medium Volume,Medium Strain
Nonprofit,Urban,Non-Teaching,Asthma,25109.5,16.0,452.0,No,No,1569.3427691607694,6,Normal,2,0,Low Volume,Medium Strain
Investor Owned,Urban,Non-Teaching,Asthma,50599.5,24.0,1830.5,No,No,2108.3116215368245,6,Overburdened,4,0,High Volume,High Strain
Nonprofit,Urban,Non-Teaching,Asthma,109217.0,29.0,5331.625,Yes,Yes,3766.1021496199482,3,Overburdened,2,4,High Volume,High Strain
Government,Rural,Non-Teaching,Asthma,10799.0,13.0,153.0,No,Yes,830.6916686987164,1,Under-Burdened,1,0,Low Volume,Low Strain
Nonprofit,Rural,Non-Teaching,Asthma,6472.0,8.0,124.0,No,No,808.998988751264,4,Under-Burdened,1,0,Low Volume,Low Strain
Nonprofit,Rural,Non-Teaching,Asthma,23312.0,18.0,354.5,Yes,Yes,1295.110391605338,3,Normal,1,0,Low Volume,Medium Strain
Government,Urban,Non-Teaching,Asthma,27460.0,23.0,1377.0,No,No,1193.912524385859,4,Normal,2,0,Medium Volume,Medium Strain
Nonprofit,Urban,Non-Teaching,Asthma,11497.0,69.0,402.0,No,No,166.62316425751243,2,Under-Burdened,0,11,Low Volume,Low Strain
Nonprofit,Urban,Teaching,Asthma,112998.5,72.0,2638.0,No,No,1569.4233931356398,5,Normal,0,0,High Volume,Medium Strain
Investor Owned,Urban,Teaching,Asthma,87345.0,64.0,3974.0,Yes,Yes,1364.7654117554043,7,Normal,0,0,High Volume,Medium Strain
Nonprofit,Urban,Non-Teaching,Asthma,51767.0,26.0,1965.0,No,Yes,1991.0376957547323,3,Overburdened,2,0,High Volume,High Strain
Nonprofit,Urban,Teaching,Asthma,99973.0,59.0,5331.625,No,No,1694.4573399224846,5,Normal,0,0,High Volume,High Strain
Nonprofit,Urban,Non-Teaching,Asthma,30920.5,20.0,940.5,No,No,1546.0242269878865,6,Normal,2,0,Medium Volume,Medium Strain
Nonprofit,Urban,Non-Teaching,Asthma,56462.0,31.0,1315.0,No,No,1821.3542511760481,6,Overburdened,2,0,High Volume,High Strain
Nonprofit,Urban,Non-Teaching,Asthma,45169.5,29.0,1542.0,No,No,1557.56842842468,6,Normal,2,0,Medium Volume,Medium Strain
Nonprofit,Urban,Teaching,Asthma,107243.0,53.0,5331.625,No,No,2023.4524484051983,5,Overburdened,3,0,High Volume,High Strain
Nonprofit,Urban,Non-Teaching,Asthma,42886.0,25.0,919.0,No,No,1715.4393138242744,3,Normal,2,0,Medium Volume,High Strain
Nonprofit,Urban,Teaching,Asthma,112998.5,80.5,4169.0,Yes,No,1403.7079001605093,6,Normal,0,0,High Volume,Medium Strain
Nonprofit,Urban,Teaching,Asthma,62646.0,24.0,1973.0,No,Yes,2610.2489123962864,6,Overburdened,2,0,High Volume,High Strain
Nonprofit,Frontier,Non-Teaching,Asthma,4339.5,4.0,71.0,Yes,Yes,1084.8722878192805,1,Normal,1,0,Low Volume,Low Strain
Nonprofit,Urban,Non-Teaching,Asthma,14965.0,39.0,456.0,No,No,383.7178503287563,4,Under-Burdened,3,0,Low Volume,Low Strain
Nonprofit,Urban,Teaching,Asthma,112998.5,80.5,3911.0,No,No,1403.7079001605093,6,Normal,0,0,High Volume,Medium Strain
Nonprofit,Urban,Non-Teaching,Asthma,5637.5,7.0,68.5,No,Yes,805.3559923485824,2,Under-Burdened,1,0,Low Volume,Low Strain
Investor Owned,Urban,Teaching,Asthma,82844.0,62.0,1947.0,Yes,Yes,1336.1933328720431,6,Normal,0,0,High Volume,Medium Strain
Investor Owned,Urban,Non-Teaching,Asthma,13380.0,22.0,346.0,No,No,608.1815417356629,5,Under-Burdened,4,0,Low Volume,Low Strain
Nonprofit,Urban,Non-Teaching,Asthma,17158.0,17.0,276.0,No,No,1009.293523944986,4,Under-Burdened,2,0,Low Volume,Low Strain
Nonprofit,Urban,Teaching,Asthma,43220.0,40.0,2695.0,No,No,1080.4997298750675,6,Under-Burdened,3,0,Medium Volume,Low Strain
Nonprofit,Urban,Non-Teaching,Asthma,63151.0,40.0,1804.0,No,No,1578.7746053063486,5,Normal,3,0,High Volume,Medium Strain
Nonprofit,Urban,Teaching,Asthma,73413.0,36.0,5179.0,No,No,2039.249433541824,5,Overburdened,3,0,High Volume,High Strain
Nonprofit,Urban,Teaching,Asthma,74166.0,30.0,4310.0,No,No,2472.199175933608,6,Overburdened,2,0,High Volume,High Strain
Nonprofit,Urban,Non-Teaching,Asthma,39333.0,24.0,711.0,No,Yes,1638.8743171357012,5,Normal,2,0,Medium Volume,High Strain
Nonprofit,Urban,Non-Teaching,Asthma,53345.0,27.0,4793.0,No,No,1975.740008985182,4,Overburdened,2,0,High Volume,High Strain
Nonprofit,Urban,Non-Teaching,Asthma,59695.0,30.0,3783.0,No,Yes,1989.8326700557766,4,Overburdened,2,0,High Volume,High Strain
Government,Urban,Teaching,Asthma,71708.0,73.0,4437.0,Yes,Yes,982.3012353012006,6,Under-Burdened,0,0,High Volume,Low Strain
Government,Urban,Non-Teaching,Asthma,45896.0,35.0,1254.0,No,No,1311.313911053168,4,Normal,3,0,Medium Volume,Medium Strain
Nonprofit,Urban,Non-Teaching,Asthma,34054.5,18.0,1223.5,No,No,1891.9156156024358,3,Overburdened,2,0,Medium Volume,High Strain
Nonprofit,Urban,Non-Teaching,Asthma,23820.0,19.5,668.5,No,Yes,1221.5378351088025,3,Normal,2,0,Low Volume,Medium Strain
Nonprofit,Urban,Non-Teaching,Asthma,32229.0,23.0,489.0,No,Yes,1401.260260321626,2,Normal,2,0,Medium Volume,Medium Strain
Government,Frontier,Non-Teaching,Asthma,2837.0,2.0,54.0,Yes,Yes,1418.4929075354623,1,Normal,1,0,Low Volume,Medium Strain
Investor Owned,Urban,Non-Teaching,Asthma,23943.0,20.0,767.0,Yes,No,1197.1494014252994,6,Normal,4,0,Low Volume,Medium Strain
Government,Urban,Teaching,Asthma,32425.0,41.0,2257.0,No,No,790.8534656454962,6,Under-Burdened,3,0,Medium Volume,Low Strain
Nonprofit,Rural,Non-Teaching,Asthma,28244.0,16.0,539.0,Yes,Yes,1765.2488967194397,3,Overburdened,1,0,Medium Volume,High Strain
Government,Frontier,Non-Teaching,Asthma,4834.0,4.0,69.0,Yes,Yes,1208.4969787575533,2,Normal,1,0,Low Volume,Medium Strain
Nonprofit,Urban,Non-Teaching,Asthma,58831.0,56.0,3013.0,No,No,1050.5533838297529,6,Under-Burdened,3,0,High Volume,Low Strain
Investor Owned,Urban,Non-Teaching,Asthma,73328.0,64.0,5126.0,Yes,Yes,1145.7498209765904,6,Normal,0,0,High Volume,Low Strain
Government,Urban,Teaching,Asthma,68827.0,44.0,5183.0,No,Yes,1564.249644488717,6,Normal,3,0,High Volume,Medium Strain
Nonprofit,Urban,Non-Teaching,Asthma,51901.0,24.0,2209.0,No,Yes,2162.540765608014,6,Overburdened,2,0,High Volume,High Strain
Government,Urban,Teaching,Asthma,33076.0,52.0,292.0,No,No,636.0768007544614,7,Under-Burdened,3,0,Medium Volume,Low Strain
Nonprofit,Urban,Non-Teaching,Asthma,28108.0,21.0,2448.0,Yes,Yes,1338.4755531068795,5,Normal,1,0,Medium Volume,Medium Strain
Investor Owned,Urban,Non-Teaching,Asthma,67670.0,62.0,3120.0,Yes,Yes,1091.4514368626715,6,Normal,0,0,High Volume,Low Strain
Government,Urban,Non-Teaching,COPD,13261.0,12.0,313.0,No,No,1105.082412431323,3,Normal,4,0,Low Volume,Low Strain
Nonprofit,Urban,Non-Teaching,COPD,29420.666666666668,22.0,173.0,No,No,1337.302422438293,6,Normal,2,0,Medium Volume,Medium Strain
Nonprofit,Urban,Teaching,COPD,30782.5,40.0,51.0,No,No,769.562307609423,4,Under-Burdened,3,0,Medium Volume,Low Strain
Government,Urban,Non-Teaching,COPD,65082.0,59.0,1032.5,No,No,1103.0845587992274,5,Normal,0,0,High Volume,Low Strain
Nonprofit,Urban,Non-Teaching,COPD,29479.0,30.0,356.6666666666667,No,No,982.633005788998,6,Under-Burdened,2,0,Medium Volume,Low Strain
Government,Urban,Non-Teaching,COPD,42180.666666666664,39.0,582.0,No,No,1081.5552782336893,6,Normal,3,0,Medium Volume,Low Strain
Nonprofit,Urban,Non-Teaching,COPD,28620.0,17.0,441.0,No,No,1683.5284214538697,4,Normal,2,0,Medium Volume,High Strain
Nonprofit,Urban,Non-Teaching,COPD,37801.333333333336,18.0,659.0,No,No,2100.0729073669036,3,Overburdened,2,0,Medium Volume,High Strain
Nonprofit,Urban,Non-Teaching,COPD,31745.0,22.0,198.0,No,No,1442.9538895664139,3,Normal,2,0,Medium Volume,Medium Strain
Nonprofit,Urban,Non-Teaching,COPD,110997.0,80.0,2282.5,No,No,1387.4623265672092,6,Normal,0,0,High Volume,Medium Strain
Nonprofit,Urban,Non-Teaching,COPD,66977.0,40.0,1165.6666666666667,No,No,1674.4245813938546,5,Normal,3,0,High Volume,High Strain
Nonprofit,Rural,Non-Teaching,COPD,24025.0,14.0,205.66666666666666,Yes,No,1716.070202806998,2,Normal,1,0,Low Volume,High Strain
Nonprofit,Rural,Non-Teaching,COPD,9708.5,5.0,140.5,Yes,Yes,1941.696116607767,3,Overburdened,1,0,Low Volume,High Strain
Nonprofit,Rural,Non-Teaching,COPD,8570.0,14.0,299.0,Yes,Yes,612.1424198982716,3,Under-Burdened,1,0,Low Volume,Low Strain
Nonprofit,Urban,Non-Teaching,COPD,55911.0,49.0,1819.3333333333333,No,Yes,1141.0405834611054,5,Normal,3,0,High Volume,Low Strain
Nonprofit,Rural,Non-Teaching,COPD,10039.0,8.0,547.6666666666666,Yes,Yes,1254.8734314082108,1,Normal,1,0,Low Volume,Medium Strain
Nonprofit,Urban,Non-Teaching,COPD,41025.0,30.0,257.6666666666667,No,No,1367.4995441668186,3,Normal,2,0,Medium Volume,Medium Strain
Nonprofit,Urban,Non-Teaching,COPD,46164.333333333336,44.0,964.6666666666666,No,No,1049.1891554873132,7,Under-Burdened,3,0,Medium Volume,Low Strain
Nonprofit,Urban,Non-Teaching,COPD,63404.333333333336,52.0,1355.3333333333333,No,No,1219.3138680806665,5,Normal,3,0,High Volume,Medium Strain
Nonprofit,Urban,Non-Teaching,COPD,50722.333333333336,32.0,1493.3333333333333,No,No,1585.072421331535,5,Normal,2,0,High Volume,Medium Strain
Investor Owned,Urban,Non-Teaching,COPD,16929.333333333332,12.0,137.33333333333334,No,No,1410.7766021306093,3,Normal,4,0,Low Volume,Medium Strain
Nonprofit,Urban,Non-Teaching,COPD,63958.666666666664,36.0,1132.0,No,No,1776.629136121536,4,Overburdened,3,0,High Volume,High Strain
Nonprofit,Rural,Non-Teaching,COPD,16776.666666666668,12.0,347.6666666666667,Yes,Yes,1398.0543905102302,3,Normal,1,0,Low Volume,Medium Strain
Nonprofit,Rural,Non-Teaching,COPD,55450.333333333336,59.0,912.0,Yes,Yes,939.8359988978533,6,Under-Burdened,0,1,High Volume,Low Strain
Investor Owned,Rural,Non-Teaching,COPD,7588.5,9.0,14.0,Yes,Yes,843.1657298158558,3,Under-Burdened,1,0,Low Volume,Low Strain
Nonprofit,Urban,Teaching,COPD,80788.66666666667,73.0,1510.0,Yes,No,1106.693912325035,7,Normal,0,0,High Volume,Low Strain
Nonprofit,Rural,Non-Teaching,COPD,35672.666666666664,10.0,131.66666666666666,Yes,Yes,3567.263099403567,1,Overburdened,1,2,Medium Volume,High Strain
Nonprofit,Urban,Non-Teaching,COPD,57338.0,48.0,1476.0,No,Yes,1194.5414178038711,6,Normal,3,0,High Volume,Medium Strain
Nonprofit,Urban,Non-Teaching,COPD,47511.333333333336,21.0,1382.6666666666667,No,Yes,2262.4433670904605,4,Overburdened,2,0,Medium Volume,High Strain
Investor Owned,Frontier,Non-Teaching,COPD,5907.0,4.333333333333333,110.0,Yes,Yes,1363.1507004214607,1,Normal,1,0,Low Volume,Medium Strain
Investor Owned,Rural,Non-Teaching,COPD,10314.0,8.0,534.3333333333334,Yes,Yes,1289.2483884395144,1,Normal,1,0,Low Volume,Medium Strain
Investor Owned,Rural,Non-Teaching,COPD,28371.0,20.0,893.5,Yes,Yes,1418.5492907253547,3,Normal,1,0,Medium Volume,Medium Strain
Government,Rural,Non-Teaching,COPD,39829.0,16.0,65.0,Yes,Yes,2489.31094418066,3,Overburdened,1,0,Medium Volume,High Strain
Government,Rural,Non-Teaching,COPD,7991.666666666667,7.666666666666667,160.33333333333334,No,No,1042.3899447087679,1,Under-Burdened,4,0,Low Volume,Low Strain
Government,Frontier,Non-Teaching,COPD,1610.0,2.0,46.0,Yes,No,804.9959750201249,1,Under-Burdened,1,0,Low Volume,Low Strain
Nonprofit,Urban,Non-Teaching,COPD,28485.0,10.0,133.0,Yes,Yes,2848.4971515028487,4,Overburdened,1,0,Medium Volume,High Strain
Government,Frontier,Non-Teaching,COPD,6546.333333333333,8.0,91.0,Yes,Yes,818.290643803362,3,Under-Burdened,1,0,Low Volume,Low Strain
Nonprofit,Urban,Non-Teaching,COPD,64106.0,42.666666666666664,1003.3333333333334,No,Yes,1502.484022855307,3,Normal,3,0,High Volume,Medium Strain
Nonprofit,Rural,Non-Teaching,COPD,15535.666666666666,12.0,88.66666666666667,Yes,Yes,1294.6378100240472,2,Normal,1,0,Low Volume,Medium Strain
Nonprofit,Rural,Non-Teaching,COPD,20035.333333333332,13.0,408.6666666666667,Yes,Yes,1541.1783016577167,1,Normal,1,0,Low Volume,Medium Strain
Nonprofit,Urban,Non-Teaching,COPD,88985.33333333333,40.666666666666664,680.0,Yes,Yes,2188.163396353263,4,Overburdened,3,0,High Volume,High Strain
Nonprofit,Rural,Non-Teaching,COPD,18720.666666666668,8.0,978.0,Yes,Yes,2340.080408232823,1,Overburdened,1,0,Low Volume,High Strain
Nonprofit,Rural,Non-Teaching,COPD,18771.0,12.0,115.33333333333333,Yes,Yes,1564.2486964594198,1,Normal,1,0,Low Volume,Medium Strain
Nonprofit,Rural,Non-Teaching,COPD,10002.666666666666,8.0,178.66666666666666,Yes,Yes,1250.3317704186202,1,Normal,1,0,Low Volume,Medium Strain
Investor Owned,Urban,Non-Teaching,COPD,14433.0,8.0,45.5,No,No,1804.122744846569,3,Overburdened,4,0,Low Volume,High Strain
Government,Urban,Non-Teaching,COPD,102466.66666666667,42.666666666666664,2001.3333333333333,No,Yes,2401.561937133921,6,Overburdened,3,3,High Volume,High Strain
Nonprofit,Urban,Non-Teaching,COPD,36011.0,26.0,241.5,No,No,1385.0379288315658,6,Normal,2,0,Medium Volume,Medium Strain
Investor Owned,Urban,Non-Teaching,COPD,12317.0,17.0,265.6666666666667,No,No,724.528985571185,6,Under-Burdened,4,0,Low Volume,Low Strain
Nonprofit,Urban,Non-Teaching,COPD,57101.0,35.0,303.3333333333333,No,No,1631.4566767266635,6,Normal,3,0,High Volume,High Strain
Investor Owned,Urban,Non-Teaching,COPD,34882.0,50.5,521.5,Yes,No,690.7325364886066,6,Under-Burdened,3,0,Medium Volume,Low Strain
Nonprofit,Urban,Teaching,COPD,65446.0,41.0,3.5,Yes,No,1596.2435131113382,6,Normal,3,0,High Volume,High Strain
Investor Owned,Urban,Non-Teaching,COPD,29986.333333333332,14.0,143.66666666666666,No,Yes,2141.879422467079,2,Overburdened,4,0,Medium Volume,High Strain
Investor Owned,Urban,Non-Teaching,COPD,3751.5,4.0,67.5,Yes,Yes,937.8726553183618,3,Under-Burdened,1,0,Low Volume,Low Strain
Investor Owned,Urban,Non-Teaching,COPD,20267.0,12.0,120.33333333333333,No,No,1688.915259237284,5,Normal,4,0,Low Volume,High Strain
Investor Owned,Urban,Non-Teaching,COPD,33361.5,14.0,591.5,No,No,2382.9625835981547,4,Overburdened,4,0,Medium Volume,High Strain
Nonprofit,Urban,Non-Teaching,COPD,46487.666666666664,30.666666666666668,382.0,No,No,1515.9016795972782,4,Normal,2,0,Medium Volume,Medium Strain
Investor Owned,Urban,Non-Teaching,COPD,9859.5,8.0,55.0,Yes,Yes,1232.4359594550508,3,Normal,1,0,Low Volume,Medium Strain
Investor Owned,Urban,Non-Teaching,COPD,6710.333333333333,9.0,120.66666666666667,No,No,745.591764157299,3,Under-Burdened,4,0,Low Volume,Low Strain
Investor Owned,Urban,Non-Teaching,COPD,16033.333333333334,21.0,140.0,No,No,763.4916999245874,5,Under-Burdened,4,0,Low Volume,Low Strain
Nonprofit,Urban,Non-Teaching,COPD,39767.5,37.0,333.0,No,No,1074.7970068116197,7,Under-Burdened,3,0,Medium Volume,Low Strain
Investor Owned,Urban,Non-Teaching,COPD,18635.5,9.0,127.5,Yes,No,2070.608810434655,3,Overburdened,4,0,Low Volume,High Strain
Nonprofit,Urban,Non-Teaching,COPD,79359.66666666667,32.0,303.0,No,No,2479.9888083368305,6,Overburdened,2,0,High Volume,High Strain
Nonprofit,Urban,Non-Teaching,COPD,68964.66666666667,30.0,493.0,Yes,No,2298.8214559484036,7,Overburdened,2,0,High Volume,High Strain
Nonprofit,Urban,Teaching,COPD,53635.333333333336,57.0,362.0,Yes,No,940.9705951513575,6,Under-Burdened,0,0,High Volume,Low Strain
Nonprofit,Urban,Non-Teaching,COPD,62426.5,49.5,816.0,Yes,No,1261.1411593654223,5,Normal,3,0,High Volume,Medium Strain
Nonprofit,Urban,Non-Teaching,COPD,61938.666666666664,41.0,774.0,No,No,1510.6988185287432,5,Normal,3,0,High Volume,Medium Strain
Nonprofit,Urban,Non-Teaching,COPD,79005.0,53.0,1205.0,No,No,1490.6600961018685,5,Normal,3,0,High Volume,Medium Strain
Nonprofit,Urban,Non-Teaching,COPD,40703.0,29.0,270.5,No,No,1403.5512401547448,6,Normal,2,0,Medium Volume,Medium Strain
Nonprofit,Urban,Non-Teaching,COPD,32344.666666666668,18.0,230.0,No,No,1796.9249276342996,3,Overburdened,2,0,Medium Volume,High Strain
Investor Owned,Urban,Non-Teaching,COPD,36378.0,15.0,303.0,No,No,2425.198383201078,5,Overburdened,4,0,Medium Volume,High Strain
Investor Owned,Urban,Non-Teaching,COPD,29577.0,10.666666666666666,469.0,Yes,No,2772.841150461422,4,Overburdened,4,0,Medium Volume,High Strain
Nonprofit,Urban,Teaching,COPD,72059.5,64.0,506.0,No,No,1125.9295115735138,6,Normal,0,0,High Volume,Low Strain
Nonprofit,Urban,Non-Teaching,COPD,35037.666666666664,29.0,431.0,No,No,1208.19498567989,6,Normal,2,0,Medium Volume,Medium Strain
Investor Owned,Urban,Non-Teaching,COPD,16074.666666666666,5.666666666666667,45.666666666666664,No,No,2836.700876410218,3,Overburdened,4,0,Low Volume,High Strain
Nonprofit,Urban,Teaching,COPD,54946.0,55.5,168.0,No,No,990.0178396364253,7,Under-Burdened,3,0,High Volume,Low Strain
Nonprofit,Urban,Non-Teaching,COPD,47234.0,37.0,420.0,No,No,1276.5942495691215,6,Normal,3,0,Medium Volume,Medium Strain
Investor Owned,Urban,Non-Teaching,COPD,4946.5,4.0,47.0,No,No,1236.621908445229,2,Normal,4,0,Low Volume,Medium Strain
Investor Owned,Urban,Non-Teaching,COPD,6297.5,7.0,200.0,No,No,899.6415719406116,3,Under-Burdened,4,0,Low Volume,Low Strain
Nonprofit,Urban,Non-Teaching,COPD,77714.0,71.0,383.0,No,No,1094.5632261178555,6,Normal,0,0,High Volume,Low Strain
Nonprofit,Urban,Non-Teaching,COPD,57211.0,61.0,654.0,No,No,937.8850921499849,7,Under-Burdened,0,0,High Volume,Low Strain
Investor Owned,Urban,Non-Teaching,COPD,12230.666666666666,8.0,219.33333333333334,No,No,1528.8314222940555,3,Normal,4,0,Low Volume,Medium Strain
Nonprofit,Urban,Non-Teaching,COPD,32363.666666666668,15.333333333333334,271.3333333333333,No,No,2110.672536517911,5,Overburdened,2,0,Medium Volume,High Strain
Government,Urban,Non-Teaching,COPD,31796.5,21.0,419.5,No,No,1514.1183266103208,5,Normal,2,0,Medium Volume,Medium Strain
Investor Owned,Urban,Non-Teaching,COPD,6826.0,7.0,5.666666666666667,Yes,No,975.1414640836227,5,Under-Burdened,4,0,Low Volume,Low Strain
Nonprofit,Urban,Non-Teaching,COPD,18475.333333333332,12.0,205.33333333333334,No,No,1539.609828102921,4,Normal,2,0,Low Volume,Medium Strain
Investor Owned,Urban,Non-Teaching,COPD,46827.333333333336,41.333333333333336,469.6666666666667,Yes,Yes,1132.9190807453836,6,Normal,3,0,Medium Volume,Low Strain
Nonprofit,Urban,Non-Teaching,COPD,23936.333333333332,27.0,198.33333333333334,No,No,886.530535852888,5,Under-Burdened,2,0,Low Volume,Low Strain
Nonprofit,Urban,Non-Teaching,COPD,50359.333333333336,40.0,263.3333333333333,No,No,1258.9830185875787,6,Normal,3,0,High Volume,Medium Strain
Investor Owned,Urban,Non-Teaching,COPD,9195.333333333334,8.0,102.66666666666667,No,No,1149.4152298976294,3,Normal,4,0,Low Volume,Low Strain
Nonprofit,Urban,Non-Teaching,COPD,43418.0,32.0,280.6666666666667,No,No,1356.8120759962262,6,Normal,2,0,Medium Volume,Medium Strain
Nonprofit,Urban,Non-Teaching,COPD,21073.5,13.0,260.0,No,No,1621.037214586758,4,Normal,2,0,Low Volume,High Strain
Investor Owned,Urban,Non-Teaching,COPD,46270.0,30.0,555.6666666666666,No,No,1542.3328192223937,5,Normal,4,0,Medium Volume,Medium Strain
Nonprofit,Urban,Teaching,COPD,49428.0,28.0,281.6666666666667,No,No,1765.285083826756,6,Overburdened,2,0,High Volume,High Strain
Investor Owned,Urban,Non-Teaching,COPD,23054.5,13.0,132.0,No,No,1773.4217127525287,4,Overburdened,4,0,Low Volume,High Strain
Nonprofit,Urban,Non-Teaching,COPD,52035.666666666664,30.0,278.0,No,No,1734.5216440483407,6,Normal,2,0,High Volume,High Strain
Government,Urban,Teaching,COPD,73969.0,72.66666666666667,355.6666666666667,Yes,No,1017.9218782676313,6,Under-Burdened,0,0,High Volume,Low Strain
Government,Urban,Teaching,COPD,105955.5,80.5,539.0,No,No,1316.2172277991021,7,Normal,0,0,High Volume,Medium Strain
Nonprofit,Urban,Teaching,COPD,99493.0,29.0,1043.0,Yes,Yes,3430.791920416579,3,Overburdened,2,4,High Volume,High Strain
Government,Urban,Teaching,COPD,50463.666666666664,50.666666666666664,365.0,No,No,995.9932244750214,6,Under-Burdened,3,0,High Volume,Low Strain
Nonprofit,Urban,Non-Teaching,COPD,40780.666666666664,37.333333333333336,590.0,No,No,1092.3389931234838,5,Normal,3,0,Medium Volume,Low Strain
Nonprofit,Urban,Non-Teaching,COPD,67262.0,33.0,481.0,Yes,No,2038.2418065933919,5,Overburdened,2,0,High Volume,High Strain
Nonprofit,Urban,Non-Teaching,COPD,92182.33333333333,80.0,924.6666666666666,No,No,1152.2790226317886,6,Normal,0,0,High Volume,Low Strain
Investor Owned,Urban,Non-Teaching,COPD,64397.333333333336,35.0,1521.6666666666667,Yes,Yes,1839.9232838314426,4,Overburdened,3,0,High Volume,High Strain
Nonprofit,Rural,Non-Teaching,COPD,77745.33333333333,38.0,7.0,Yes,Yes,2045.9292861589595,6,Overburdened,3,1,High Volume,High Strain
Nonprofit,Urban,Non-Teaching,COPD,27449.0,19.0,574.3333333333334,No,No,1444.683450166605,3,Normal,2,0,Medium Volume,Medium Strain
Nonprofit,Urban,Non-Teaching,COPD,29936.333333333332,31.0,265.6666666666667,No,No,965.6878605307977,6,Under-Burdened,2,0,Medium Volume,Low Strain
Nonprofit,Urban,Non-Teaching,COPD,14621.0,9.0,45.0,No,No,1624.553750495833,1,Normal,2,0,Low Volume,High Strain
Government,Rural,Non-Teaching,COPD,6284.0,3.6666666666666665,90.33333333333333,Yes,Yes,1713.8135077813424,1,Normal,1,0,Low Volume,High Strain
Nonprofit,Rural,Non-Teaching,COPD,9094.0,6.0,240.0,Yes,Yes,1515.6641405597659,1,Normal,1,0,Low Volume,Medium Strain
Nonprofit,Rural,Non-Teaching,COPD,28163.666666666668,19.0,544.3333333333334,Yes,Yes,1482.2974654574743,2,Normal,1,0,Medium Volume,Medium Strain
Nonprofit,Rural,Non-Teaching,COPD,13366.0,9.0,314.6666666666667,Yes,Yes,1485.1094609894878,1,Normal,1,0,Low Volume,Medium Strain
Nonprofit,Rural,Non-Teaching,COPD,25567.333333333332,10.0,81.66666666666667,Yes,Yes,2556.7307766025565,1,Overburdened,1,0,Medium Volume,High Strain
Nonprofit,Urban,Non-Teaching,COPD,57461.0,26.0,805.6666666666666,Yes,Yes,2210.0376115239956,4,Overburdened,2,0,High Volume,High Strain
Government,Frontier,Non-Teaching,COPD,511.0,1.0,18.0,Yes,Yes,510.99489005109945,1,Under-Burdened,1,0,Low Volume,Low Strain
Nonprofit,Urban,Non-Teaching,COPD,41278.666666666664,30.666666666666668,1131.0,No,No,1346.0430393337915,5,Normal,2,0,Medium Volume,Medium Strain
Nonprofit,Rural,Non-Teaching,COPD,14553.0,6.0,89.66666666666667,No,Yes,2425.495957506738,2,Overburdened,1,0,Low Volume,High Strain
Government,Urban,Non-Teaching,COPD,50028.333333333336,16.0,1247.6666666666667,Yes,Yes,3126.768879102784,5,Overburdened,1,0,High Volume,High Strain
Government,Urban,Non-Teaching,COPD,51527.5,19.0,500.5,Yes,Yes,2711.972256856707,4,Overburdened,1,0,High Volume,High Strain
Investor Owned,Urban,Non-Teaching,COPD,24487.0,18.0,549.3333333333334,No,No,1360.3881331177038,4,Normal,4,0,Low Volume,Medium Strain
Nonprofit,Rural,Non-Teaching,COPD,6034.5,8.0,93.5,No,No,754.3115571105536,3,Under-Burdened,1,0,Low Volume,Low Strain
Government,Rural,Non-Teaching,COPD,12749.5,15.0,61.0,Yes,Yes,849.9661000226,2,Under-Burdened,1,0,Low Volume,Low Strain
Nonprofit,Urban,Non-Teaching,COPD,92289.0,35.666666666666664,4.666666666666667,No,No,2587.5413305958887,6,Overburdened,3,0,High Volume,High Strain
Nonprofit,Urban,Non-Teaching,COPD,27767.5,26.0,467.0,No,No,1067.9803584690928,5,Under-Burdened,2,0,Medium Volume,Low Strain
Investor Owned,Urban,Teaching,COPD,23505.0,30.0,452.0,No,Yes,783.4997388334205,5,Under-Burdened,4,0,Low Volume,Low Strain
Investor Owned,Urban,Non-Teaching,COPD,5063.0,8.0,16.0,No,No,632.8742089072389,3,Under-Burdened,4,0,Low Volume,Low Strain
Investor Owned,Urban,Non-Teaching,COPD,12153.0,11.0,28.0,No,Yes,1104.8171774389295,4,Normal,4,0,Low Volume,Low Strain
Nonprofit,Urban,Non-Teaching,COPD,100965.66666666667,80.5,1854.6666666666667,No,No,1254.2317282527874,6,Normal,0,0,High Volume,Medium Strain
Investor Owned,Urban,Non-Teaching,COPD,11960.0,12.0,243.33333333333334,No,No,996.6658361118033,3,Under-Burdened,4,0,Low Volume,Low Strain
Investor Owned,Urban,Non-Teaching,COPD,11887.333333333334,11.0,229.33333333333334,No,No,1080.6656842433174,3,Normal,4,0,Low Volume,Low Strain
Investor Owned,Urban,Non-Teaching,COPD,25199.5,23.0,474.0,No,No,1095.6299584217572,4,Normal,4,0,Low Volume,Low Strain
Investor Owned,Urban,Non-Teaching,COPD,11411.0,10.0,19.0,Yes,No,1141.098858901141,4,Normal,4,0,Low Volume,Low Strain
Nonprofit,Urban,Non-Teaching,COPD,34495.5,44.5,496.5,No,No,775.1796010832356,6,Under-Burdened,3,0,Medium Volume,Low Strain
Government,Urban,Teaching,COPD,42020.0,50.666666666666664,489.0,Yes,No,829.3419415772483,6,Under-Burdened,3,0,Medium Volume,Low Strain
Investor Owned,Urban,Non-Teaching,COPD,19240.0,12.0,280.3333333333333,Yes,No,1603.3319972233357,4,Normal,4,0,Low Volume,High Strain
Nonprofit,Urban,Non-Teaching,COPD,27262.5,31.0,222.5,No,No,879.4352001821935,5,Under-Burdened,2,0,Medium Volume,Low Strain
Nonprofit,Urban,Non-Teaching,COPD,14340.0,20.0,152.33333333333334,No,No,716.9996415001792,4,Under-Burdened,2,0,Low Volume,Low Strain
Nonprofit,Urban,Non-Teaching,COPD,53749.666666666664,36.0,736.3333333333334,No,No,1493.045881561329,6,Normal,3,0,High Volume,Medium Strain
Investor Owned,Urban,Non-Teaching,COPD,4135.333333333333,8.0,40.666666666666664,No,No,516.916020521641,4,Under-Burdened,4,0,Low Volume,Low Strain
Investor Owned,Urban,Non-Teaching,COPD,24221.0,24.0,562.3333333333334,Yes,No,1009.2079128300363,5,Under-Burdened,4,0,Low Volume,Low Strain
Investor Owned,Urban,Non-Teaching,COPD,17550.0,17.5,41.0,No,No,1002.8565697962458,5,Under-Burdened,4,0,Low Volume,Low Strain
Nonprofit,Urban,Non-Teaching,COPD,109291.5,72.0,960.0,No,No,1517.9372891753765,5,Normal,0,0,High Volume,Medium Strain
Nonprofit,Urban,Non-Teaching,COPD,26386.333333333332,14.0,171.0,No,Yes,1884.7367489975602,2,Overburdened,2,0,Medium Volume,High Strain
Nonprofit,Urban,Non-Teaching,COPD,69937.5,69.0,335.0,No,No,1013.5868096251,6,Under-Burdened,0,0,High Volume,Low Strain
Nonprofit,Urban,Non-Teaching,COPD,112998.5,62.0,2408.0,No,No,1822.5561576522325,6,Overburdened,0,0,High Volume,High Strain
Government,Frontier,Non-Teaching,COPD,3495.0,3.0,46.666666666666664,Yes,Yes,1164.996116679611,1,Normal,1,0,Low Volume,Medium Strain
Government,Frontier,Non-Teaching,COPD,2546.6666666666665,2.0,45.0,Yes,Yes,1273.3269666984997,1,Normal,1,0,Low Volume,Medium Strain
Investor Owned,Urban,Non-Teaching,COPD,44698.666666666664,30.0,663.6666666666666,No,Yes,1489.9550589038693,4,Normal,4,0,Medium Volume,Medium Strain
Investor Owned,Urban,Non-Teaching,COPD,54417.5,28.0,1105.0,No,Yes,1943.4814487566255,6,Overburdened,4,0,High Volume,High Strain
Investor Owned,Urban,Non-Teaching,COPD,39938.5,29.0,456.0,Yes,Yes,1377.189180279593,6,Normal,4,0,Medium Volume,Medium Strain
Investor Owned,Urban,Non-Teaching,COPD,45627.5,12.0,290.5,No,Yes,3802.2884980929184,3,Overburdened,4,5,Medium Volume,High Strain
Government,Rural,Non-Teaching,COPD,7767.0,7.0,264.0,Yes,Yes,1109.5698434716523,1,Normal,1,0,Low Volume,Low Strain
Investor Owned,Urban,Non-Teaching,COPD,45660.666666666664,41.0,184.0,No,Yes,1113.6745251200343,4,Normal,3,0,Medium Volume,Low Strain
Government,Urban,Non-Teaching,COPD,37046.333333333336,28.0,545.0,No,Yes,1323.0828608037402,2,Normal,2,0,Medium Volume,Medium Strain
Investor Owned,Urban,Non-Teaching,COPD,15067.333333333334,12.0,136.33333333333334,Yes,No,1255.6100647693906,2,Normal,4,0,Low Volume,Medium Strain
Nonprofit,Urban,Non-Teaching,COPD,54291.666666666664,41.0,668.3333333333334,No,Yes,1324.1866688975604,5,Normal,3,0,High Volume,Medium Strain
Nonprofit,Urban,Non-Teaching,COPD,47474.5,26.0,561.5,No,Yes,1825.9416054070748,2,Overburdened,2,0,Medium Volume,High Strain
Investor Owned,Urban,Non-Teaching,COPD,90694.33333333333,53.0,1228.0,No,Yes,1711.213513607513,3,Normal,3,6,High Volume,High Strain
Investor Owned,Urban,Non-Teaching,COPD,35054.666666666664,21.0,653.0,No,No,1669.2690463798192,3,Normal,4,0,Medium Volume,High Strain
Nonprofit,Urban,Non-Teaching,COPD,47299.5,58.5,1462.5,No,Yes,808.5383233267823,3,Under-Burdened,0,0,Medium Volume,Low Strain
Nonprofit,Urban,Non-Teaching,COPD,95381.5,59.0,1680.0,No,No,1616.6353192143526,5,Normal,0,0,High Volume,High Strain
Government,Urban,Teaching,COPD,63503.666666666664,70.0,1322.3333333333333,No,No,907.1951084959368,7,Under-Burdened,0,0,High Volume,Low Strain
Nonprofit,Urban,Non-Teaching,COPD,84523.33333333333,51.333333333333336,411.3333333333333,No,No,1646.5581208003657,7,Normal,3,0,High Volume,High Strain
Nonprofit,Urban,Non-Teaching,COPD,106119.0,53.0,2299.5,No,No,2002.2449052368102,5,Overburdened,3,0,High Volume,High Strain
Government,Rural,Non-Teaching,COPD,21385.333333333332,18.0,43.333333333333336,Yes,No,1188.0734140332884,2,Normal,1,0,Low Volume,Medium Strain
Government,Rural,Non-Teaching,COPD,11297.666666666666,7.0,52.666666666666664,Yes,Yes,1613.9500753094162,1,Normal,1,0,Low Volume,High Strain
Investor Owned,Urban,Non-Teaching,COPD,33224.0,15.0,227.0,No,No,2214.9318567120954,3,Overburdened,4,0,Medium Volume,High Strain
Investor Owned,Urban,Non-Teaching,COPD,22289.0,12.0,259.3333333333333,No,Yes,1857.4151188207343,3,Overburdened,4,0,Low Volume,High Strain
Nonprofit,Urban,Non-Teaching,COPD,112998.5,80.5,1055.0,Yes,No,1403.7079001605093,6,Normal,0,0,High Volume,Medium Strain
Nonprofit,Urban,Teaching,COPD,40403.0,40.0,1447.0,No,No,1010.074747481313,6,Under-Burdened,3,0,Medium Volume,Low Strain
Government,Rural,Non-Teaching,COPD,8291.666666666666,6.0,32.666666666666664,Yes,Yes,1381.9421412075424,1,Normal,1,0,Low Volume,Medium Strain
Nonprofit,Urban,Non-Teaching,COPD,75626.66666666667,52.0,644.3333333333334,No,Yes,1454.35869467461,6,Normal,3,0,High Volume,Medium Strain
Nonprofit,Urban,Non-Teaching,COPD,53317.333333333336,18.0,344.6666666666667,No,Yes,2962.0724284782805,6,Overburdened,2,0,High Volume,High Strain
Nonprofit,Urban,Non-Teaching,COPD,62192.333333333336,43.0,1635.6666666666667,No,Yes,1446.3329969768224,5,Normal,3,0,High Volume,Medium Strain
Investor Owned,Urban,Non-Teaching,COPD,30790.0,16.0,154.5,Yes,Yes,1924.3737972663766,3,Overburdened,4,0,Medium Volume,High Strain
Investor Owned,Rural,Non-Teaching,COPD,22806.333333333332,15.333333333333334,907.0,Yes,Yes,1487.3685951943944,4,Normal,1,0,Low Volume,Medium Strain
Investor Owned,Urban,Non-Teaching,COPD,35471.0,20.333333333333332,873.3333333333334,Yes,Yes,1744.4745518977616,3,Normal,4,0,Medium Volume,High Strain
Government,Urban,Teaching,COPD,57942.0,47.0,663.0,Yes,No,1232.8082483386704,6,Normal,3,0,High Volume,Medium Strain
Investor Owned,Rural,Non-Teaching,COPD,25407.666666666668,16.0,326.0,Yes,Yes,1587.9781741803079,1,Normal,1,0,Medium Volume,High Strain
Nonprofit,Urban,Non-Teaching,COPD,23200.666666666668,15.0,368.3333333333333,No,Yes,1546.710079971058,2,Normal,2,0,Low Volume,Medium Strain
Nonprofit,Urban,Non-Teaching,COPD,79146.5,63.0,1520.0,No,No,1256.2934513819919,7,Normal,0,0,High Volume,Medium Strain
Nonprofit,Urban,Non-Teaching,COPD,86469.0,80.5,1953.0,No,Yes,1074.148934888331,7,Under-Burdened,0,0,High Volume,Low Strain
Nonprofit,Urban,Non-Teaching,COPD,112241.5,80.5,2305.5,No,No,1394.3041746205993,6,Normal,0,0,High Volume,Medium Strain
Nonprofit,Urban,Teaching,COPD,96961.66666666667,77.33333333333333,1877.6666666666667,No,No,1253.8144930412295,6,Normal,0,0,High Volume,Medium Strain
Investor Owned,Urban,Non-Teaching,COPD,17293.0,20.0,400.6666666666667,Yes,Yes,864.6495676752162,5,Under-Burdened,4,0,Low Volume,Low Strain
Nonprofit,Urban,Non-Teaching,COPD,37200.666666666664,47.0,437.6666666666667,No,No,791.5033776943167,6,Under-Burdened,3,0,Medium Volume,Low Strain
Government,Urban,Non-Teaching,COPD,39953.666666666664,40.0,330.0,No,No,998.8414169563123,6,Under-Burdened,3,0,Medium Volume,Low Strain
Government,Urban,Teaching,COPD,60332.5,80.5,1853.0,No,No,749.4719565873346,6,Under-Burdened,0,0,High Volume,Low Strain
Nonprofit,Urban,Non-Teaching,COPD,63761.0,48.0,850.0,No,No,1328.3538899262728,6,Normal,3,0,High Volume,Medium Strain
Government,Urban,Non-Teaching,COPD,26922.5,8.0,655.0,No,No,3365.3082933646333,5,Overburdened,4,7,Medium Volume,High Strain
Nonprofit,Urban,Non-Teaching,COPD,44178.666666666664,38.0,651.0,No,No,1162.5961852817054,4,Normal,3,0,Medium Volume,Low Strain
Government,Urban,Non-Teaching,COPD,77978.0,72.0,1801.0,No,Yes,1083.027627357274,5,Normal,0,0,High Volume,Low Strain
Nonprofit,Urban,Teaching,COPD,31841.333333333332,28.666666666666668,419.3333333333333,No,No,1110.7437985777447,5,Normal,2,0,Medium Volume,Low Strain
Nonprofit,Urban,Non-Teaching,COPD,10480.666666666666,12.0,69.33333333333333,No,No,873.3881610654213,5,Under-Burdened,2,0,Low Volume,Low Strain
Government,Urban,Teaching,COPD,43609.0,59.0,971.3333333333334,No,No,739.135467943141,6,Under-Burdened,0,0,Medium Volume,Low Strain
Nonprofit,Urban,Non-Teaching,COPD,20186.666666666668,19.0,501.6666666666667,No,No,1062.4555811637292,5,Under-Burdened,2,0,Low Volume,Low Strain
Nonprofit,Urban,Teaching,COPD,11045.666666666666,12.0,318.6666666666667,No,No,920.4714551626762,5,Under-Burdened,2,0,Low Volume,Low Strain
Nonprofit,Urban,Non-Teaching,COPD,26493.666666666668,35.0,191.33333333333334,No,Yes,756.9616884871366,5,Under-Burdened,3,0,Medium Volume,Low Strain
Nonprofit,Urban,Non-Teaching,COPD,17995.0,16.0,88.33333333333333,No,No,1124.686797070752,3,Normal,2,0,Low Volume,Low Strain
Nonprofit,Urban,Non-Teaching,COPD,49033.666666666664,28.0,1022.6666666666666,No,Yes,1751.2017555231826,4,Overburdened,2,0,High Volume,High Strain
Government,Urban,Non-Teaching,COPD,41087.333333333336,25.333333333333332,574.6666666666666,Yes,Yes,1621.8677808416658,4,Normal,2,0,Medium Volume,High Strain
Nonprofit,Urban,Non-Teaching,COPD,29388.666666666668,14.0,83.66666666666667,No,Yes,2099.1889767697785,2,Overburdened,2,0,Medium Volume,High Strain
Investor Owned,Urban,Non-Teaching,COPD,25987.0,11.0,413.3333333333333,No,Yes,2362.4523977705476,2,Overburdened,4,0,Medium Volume,High Strain
Nonprofit,Urban,Non-Teaching,COPD,103851.33333333333,46.666666666666664,1825.0,No,Yes,2225.385237417449,2,Overburdened,3,8,High Volume,High Strain
Nonprofit,Rural,Non-Teaching,COPD,25632.666666666668,18.0,513.6666666666666,No,Yes,1424.0362459057894,2,Normal,1,0,Medium Volume,Medium Strain
Nonprofit,Rural,Non-Teaching,COPD,20801.333333333332,22.0,478.0,No,Yes,945.5147217357325,2,Under-Burdened,1,0,Low Volume,Low Strain
Investor Owned,Rural,Non-Teaching,COPD,19784.666666666668,11.0,257.3333333333333,No,Yes,1798.6044255111285,4,Overburdened,1,0,Low Volume,High Strain
Investor Owned,Urban,Non-Teaching,COPD,27192.666666666668,23.0,462.3333333333333,No,No,1182.2893410336198,3,Normal,4,0,Medium Volume,Medium Strain
Government,Urban,Non-Teaching,COPD,33189.666666666664,15.0,170.33333333333334,No,No,2212.6429693491314,4,Overburdened,4,0,Medium Volume,High Strain
Nonprofit,Urban,Non-Teaching,COPD,39927.666666666664,19.0,611.6666666666666,No,No,2101.4550343219116,3,Overburdened,2,0,Medium Volume,High Strain
Investor Owned,Urban,Non-Teaching,COPD,13136.0,22.0,56.0,No,No,597.0906376860738,6,Under-Burdened,4,0,Low Volume,Low Strain
Investor Owned,Rural,Non-Teaching,COPD,1620.0,7.0,3.0,No,No,231.42824081679885,3,Under-Burdened,4,9,Low Volume,Low Strain
Nonprofit,Urban,Non-Teaching,COPD,41904.5,26.0,204.0,No,No,1611.7109185727236,5,Normal,2,0,Medium Volume,High Strain
Nonprofit,Urban,Non-Teaching,COPD,14532.0,17.0,97.0,No,No,854.8230265746903,5,Under-Burdened,2,0,Low Volume,Low Strain
Nonprofit,Urban,Non-Teaching,COPD,32738.0,24.0,440.0,No,No,1364.0827649655146,4,Normal,2,0,Medium Volume,Medium Strain
Nonprofit,Urban,Non-Teaching,COPD,22042.666666666668,22.0,303.3333333333333,No,Yes,1001.9389385126037,1,Under-Burdened,2,0,Low Volume,Low Strain
Government,Rural,Non-Teaching,COPD,18819.5,10.0,438.5,No,Yes,1881.948118051882,2,Overburdened,1,0,Low Volume,High Strain
Nonprofit,Urban,Non-Teaching,COPD,48621.0,41.0,591.0,Yes,Yes,1185.8777595420097,5,Normal,3,0,Medium Volume,Medium Strain
Nonprofit,Urban,Non-Teaching,COPD,35892.0,40.5,747.5,No,No,886.2220034019743,6,Under-Burdened,3,0,Medium Volume,Low Strain
Nonprofit,Rural,Non-Teaching,COPD,9330.0,8.0,194.0,No,Yes,1166.2485421893223,1,Normal,1,0,Low Volume,Medium Strain
Nonprofit,Urban,Non-Teaching,COPD,52909.5,40.0,763.0,No,No,1322.7371693157077,6,Normal,3,0,High Volume,Medium Strain
Investor Owned,Urban,Non-Teaching,COPD,47574.333333333336,35.0,685.0,No,No,1359.266278304873,6,Normal,3,0,Medium Volume,Medium Strain
Government,Urban,Non-Teaching,COPD,49958.666666666664,25.0,611.3333333333334,No,No,1998.3458673283196,6,Overburdened,2,0,High Volume,High Strain
Nonprofit,Urban,Teaching,COPD,73416.5,80.5,595.5,No,No,912.0060978874412,5,Under-Burdened,0,0,High Volume,Low Strain
Nonprofit,Urban,Non-Teaching,COPD,65069.0,36.0,823.0,No,No,1807.4717201467442,5,Overburdened,3,0,High Volume,High Strain
Government,Rural,Non-Teaching,COPD,33380.333333333336,8.0,235.33333333333334,No,No,4172.536450996104,2,Overburdened,4,10,Medium Volume,High Strain
Nonprofit,Urban,Non-Teaching,COPD,67463.5,30.0,1119.5,No,No,2248.7825837391388,6,Overburdened,2,0,High Volume,High Strain
Nonprofit,Urban,Non-Teaching,COPD,28103.666666666668,13.333333333333334,324.0,Yes,No,2107.7734191699356,3,Overburdened,2,0,Medium Volume,High Strain
Government,Frontier,Non-Teaching,COPD,3986.3333333333335,6.0,180.0,Yes,Yes,664.3877815759197,3,Under-Burdened,1,0,Low Volume,Low Strain
Investor Owned,Urban,Non-Teaching,COPD,24901.0,28.0,1412.3333333333333,No,Yes,889.3211109567461,5,Under-Burdened,4,0,Low Volume,Low Strain
Nonprofit,Urban,Non-Teaching,COPD,42502.0,26.0,1085.3333333333333,No,Yes,1634.691678964739,5,Normal,2,0,Medium Volume,High Strain
Nonprofit,Rural,Non-Teaching,COPD,9721.666666666666,11.0,246.66666666666666,Yes,Yes,883.7870753450829,1,Under-Burdened,1,0,Low Volume,Low Strain
Nonprofit,Rural,Non-Teaching,COPD,9916.0,7.0,552.0,Yes,Yes,1416.5694049008503,1,Normal,1,0,Low Volume,Medium Strain
Nonprofit,Urban,Non-Teaching,COPD,57303.333333333336,51.0,1293.6666666666667,No,No,1123.594550929173,5,Normal,3,0,High Volume,Low Strain
Nonprofit,Urban,Non-Teaching,COPD,24714.666666666668,13.0,88.66666666666667,No,No,1901.1267427230187,3,Overburdened,2,0,Low Volume,High Strain
Nonprofit,Urban,Non-Teaching,COPD,57780.0,45.0,1367.0,No,No,1283.99971466673,4,Normal,3,0,High Volume,Medium Strain
Nonprofit,Urban,Non-Teaching,COPD,48864.0,27.0,963.0,No,No,1809.7771074899601,3,Overburdened,2,0,Medium Volume,High Strain
Investor Owned,Rural,Non-Teaching,COPD,8867.0,9.0,206.0,No,No,985.2211275320806,1,Under-Burdened,4,0,Low Volume,Low Strain
Investor Owned,Urban,Non-Teaching,COPD,17207.5,15.0,417.0,No,No,1147.1659018893988,2,Normal,4,0,Low Volume,Low Strain
Investor Owned,Urban,Non-Teaching,COPD,35628.0,29.5,878.5,No,Yes,1207.728404159863,5,Normal,4,0,Medium Volume,Medium Strain
Government,Urban,Non-Teaching,COPD,8424.666666666666,8.333333333333334,60.333333333333336,Yes,No,1010.9587868494557,2,Under-Burdened,4,0,Low Volume,Low Strain
Nonprofit,Urban,Teaching,COPD,53276.0,30.0,889.5,No,Yes,1775.8660747113086,4,Overburdened,2,0,High Volume,High Strain
Nonprofit,Urban,Non-Teaching,COPD,31739.5,34.0,141.5,No,Yes,933.5144313192848,3,Under-Burdened,3,0,Medium Volume,Low Strain
Investor Owned,Urban,Non-Teaching,COPD,77669.33333333333,33.0,1464.6666666666667,No,No,2353.6154483993587,6,Overburdened,2,0,High Volume,High Strain
Investor Owned,Urban,Non-Teaching,COPD,51875.333333333336,32.0,911.3333333333334,No,No,1621.1036600717728,5,Normal,4,0,High Volume,High Strain
Nonprofit,Urban,Non-Teaching,COPD,72098.66666666667,40.0,498.0,No,No,1802.4662160501127,6,Overburdened,3,0,High Volume,High Strain
Government,Rural,Non-Teaching,COPD,18690.333333333332,12.0,161.0,Yes,No,1557.5264798390444,1,Normal,1,0,Low Volume,Medium Strain
Nonprofit,Rural,Non-Teaching,COPD,28291.666666666668,14.0,821.3333333333334,Yes,Yes,2020.8318898819837,2,Overburdened,1,0,Medium Volume,High Strain
Government,Urban,Non-Teaching,COPD,59761.5,80.5,1047.5,Yes,Yes,742.3787897666099,6,Under-Burdened,0,0,High Volume,Low Strain
Government,Rural,Non-Teaching,COPD,33321.0,24.0,498.0,Yes,Yes,1388.3744215106578,4,Normal,1,0,Medium Volume,Medium Strain
Nonprofit,Rural,Non-Teaching,COPD,28867.333333333332,15.0,265.3333333333333,Yes,Yes,1924.4876058971515,3,Overburdened,1,0,Medium Volume,High Strain
Nonprofit,Rural,Non-Teaching,COPD,30663.666666666668,18.0,494.6666666666667,Yes,Yes,1703.536090628098,2,Normal,1,0,Medium Volume,High Strain
Government,Urban,Non-Teaching,COPD,40721.5,38.5,285.0,No,No,1057.70102397376,5,Under-Burdened,3,0,Medium Volume,Low Strain
Investor Owned,Urban,Non-Teaching,COPD,40176.0,28.0,596.3333333333334,No,No,1434.8566304083463,6,Normal,4,0,Medium Volume,Medium Strain
Nonprofit,Rural,Non-Teaching,COPD,7952.0,6.0,224.66666666666666,No,No,1325.331124448126,1,Normal,1,0,Low Volume,Medium Strain
Nonprofit,Urban,Non-Teaching,COPD,22600.333333333332,14.0,440.3333333333333,No,No,1614.3083707321161,3,Normal,2,0,Low Volume,High Strain
Nonprofit,Urban,Non-Teaching,COPD,45771.666666666664,31.0,681.6666666666666,No,Yes,1476.5049000521826,5,Normal,2,0,Medium Volume,Medium Strain
Nonprofit,Urban,Non-Teaching,COPD,26971.5,11.0,128.5,No,Yes,2451.952316406985,1,Overburdened,2,0,Medium Volume,High Strain
Nonprofit,Rural,Non-Teaching,COPD,59699.0,44.0,1179.3333333333333,Yes,Yes,1356.7951461829211,5,Normal,3,1,High Volume,Medium Strain
Nonprofit,Urban,Non-Teaching,COPD,36398.0,40.0,13.0,No,No,909.9497725125568,4,Under-Burdened,3,0,Medium Volume,Low Strain
Government,Urban,Non-Teaching,COPD,69248.0,54.0,1102.0,No,No,1282.3701328944198,4,Normal,3,0,High Volume,Medium Strain
Nonprofit,Urban,Teaching,COPD,112998.5,80.0,1985.0,No,No,1412.4810734398657,6,Normal,0,0,High Volume,Medium Strain
Nonprofit,Rural,Non-Teaching,COPD,9934.0,5.0,351.0,Yes,Yes,1986.7960264079472,1,Overburdened,1,0,Low Volume,High Strain
Nonprofit,Rural,Non-Teaching,COPD,15236.0,11.0,155.0,Yes,Yes,1385.0896499185,1,Normal,1,0,Low Volume,Medium Strain
Nonprofit,Rural,Non-Teaching,COPD,26490.0,24.0,330.0,No,No,1103.7495401043584,3,Normal,2,0,Medium Volume,Low Strain
Investor Owned,Rural,Non-Teaching,COPD,9268.0,9.0,17.0,Yes,Yes,1029.7766335815184,2,Under-Burdened,1,0,Low Volume,Low Strain
Nonprofit,Urban,Teaching,COPD,63937.0,48.0,1332.0,No,Yes,1332.0205558290509,6,Normal,3,0,High Volume,Medium Strain
Investor Owned,Rural,Non-Teaching,COPD,11554.0,12.0,130.0,Yes,Yes,962.8325309728909,2,Under-Burdened,1,0,Low Volume,Low Strain
Government,Rural,Non-Teaching,COPD,30623.0,20.0,404.0,Yes,Yes,1531.149234425383,4,Normal,1,0,Medium Volume,Medium Strain
Nonprofit,Urban,Non-Teaching,COPD,74433.0,36.0,1486.5,No,Yes,2067.582759004789,6,Overburdened,3,0,High Volume,High Strain
Government,Urban,Teaching,COPD,45491.0,30.0,548.5,No,Yes,1516.3661612112796,5,Normal,2,0,Medium Volume,Medium Strain
Nonprofit,Urban,Non-Teaching,COPD,53560.0,40.0,1496.0,No,Yes,1338.9996652500836,5,Normal,3,0,High Volume,Medium Strain
Nonprofit,Frontier,Non-Teaching,COPD,2364.0,2.0,12.0,Yes,Yes,1181.9940900295499,1,Normal,1,0,Low Volume,Medium Strain
Nonprofit,Urban,Teaching,COPD,41196.0,26.0,338.0,No,No,1584.4609290534888,6,Normal,2,0,Medium Volume,Medium Strain
Government,Urban,Non-Teaching,COPD,33564.0,14.0,283.0,No,No,2397.4268589808153,4,Overburdened,4,0,Medium Volume,High Strain
Nonprofit,Urban,Non-Teaching,COPD,31471.5,22.0,449.5,No,No,1430.5220770354194,3,Normal,2,0,Medium Volume,Medium Strain
Nonprofit,Urban,Non-Teaching,COPD,33640.5,16.0,373.5,No,No,2102.52993591879,6,Overburdened,2,0,Medium Volume,High Strain
Nonprofit,Urban,Non-Teaching,COPD,52043.0,50.0,242.0,No,No,1040.8597918280416,7,Under-Burdened,3,0,High Volume,Low Strain
Investor Owned,Urban,Non-Teaching,COPD,29638.0,21.0,418.0,No,No,1411.3326612701612,4,Normal,4,0,Medium Volume,Medium Strain
Nonprofit,Urban,Non-Teaching,COPD,25109.5,16.0,246.5,No,No,1569.3427691607694,6,Normal,2,0,Low Volume,Medium Strain
Investor Owned,Urban,Non-Teaching,COPD,50599.5,24.0,338.0,No,No,2108.3116215368245,6,Overburdened,4,0,High Volume,High Strain
Nonprofit,Urban,Non-Teaching,COPD,109217.0,29.0,1128.0,Yes,Yes,3766.1021496199482,3,Overburdened,2,4,High Volume,High Strain
Government,Rural,Non-Teaching,COPD,10799.0,13.0,16.0,No,Yes,830.6916686987164,1,Under-Burdened,1,0,Low Volume,Low Strain
Nonprofit,Rural,Non-Teaching,COPD,6472.0,8.0,88.0,No,No,808.998988751264,4,Under-Burdened,1,0,Low Volume,Low Strain
Nonprofit,Rural,Non-Teaching,COPD,23312.0,18.0,238.5,Yes,Yes,1295.110391605338,3,Normal,1,0,Low Volume,Medium Strain
Government,Urban,Non-Teaching,COPD,27460.0,23.0,580.0,No,No,1193.912524385859,4,Normal,2,0,Medium Volume,Medium Strain
Nonprofit,Urban,Teaching,COPD,112998.5,72.0,927.0,No,No,1569.4233931356398,5,Normal,0,0,High Volume,Medium Strain
Investor Owned,Urban,Teaching,COPD,87345.0,64.0,1647.0,Yes,Yes,1364.7654117554043,7,Normal,0,0,High Volume,Medium Strain
Nonprofit,Urban,Non-Teaching,COPD,51767.0,26.0,604.0,No,Yes,1991.0376957547323,3,Overburdened,2,0,High Volume,High Strain
Nonprofit,Urban,Teaching,COPD,99973.0,59.0,1636.0,No,No,1694.4573399224846,5,Normal,0,0,High Volume,High Strain
Nonprofit,Urban,Non-Teaching,COPD,30920.5,20.0,685.5,No,No,1546.0242269878865,6,Normal,2,0,Medium Volume,Medium Strain
Nonprofit,Urban,Non-Teaching,COPD,56462.0,31.0,978.0,No,No,1821.3542511760481,6,Overburdened,2,0,High Volume,High Strain
Nonprofit,Urban,Non-Teaching,COPD,45169.5,29.0,606.0,No,No,1557.56842842468,6,Normal,2,0,Medium Volume,Medium Strain
Nonprofit,Urban,Teaching,COPD,107243.0,53.0,1828.0,No,No,2023.4524484051983,5,Overburdened,3,0,High Volume,High Strain
Nonprofit,Urban,Non-Teaching,COPD,42886.0,25.0,481.0,No,No,1715.4393138242744,3,Normal,2,0,Medium Volume,High Strain
Nonprofit,Urban,Teaching,COPD,112998.5,80.5,1038.0,Yes,No,1403.7079001605093,6,Normal,0,0,High Volume,Medium Strain
Nonprofit,Urban,Teaching,COPD,62646.0,24.0,721.0,No,Yes,2610.2489123962864,6,Overburdened,2,0,High Volume,High Strain
Nonprofit,Frontier,Non-Teaching,COPD,4339.5,4.0,95.5,Yes,Yes,1084.8722878192805,1,Normal,1,0,Low Volume,Low Strain
Nonprofit,Urban,Non-Teaching,COPD,14965.0,39.0,172.0,No,No,383.7178503287563,4,Under-Burdened,3,0,Low Volume,Low Strain
Nonprofit,Urban,Teaching,COPD,112998.5,80.5,1814.0,No,No,1403.7079001605093,6,Normal,0,0,High Volume,Medium Strain
Nonprofit,Urban,Non-Teaching,COPD,5637.5,7.0,87.5,No,Yes,805.3559923485824,2,Under-Burdened,1,0,Low Volume,Low Strain
Investor Owned,Urban,Teaching,COPD,82844.0,62.0,1958.0,Yes,Yes,1336.1933328720431,6,Normal,0,0,High Volume,Medium Strain
Investor Owned,Urban,Non-Teaching,COPD,13380.0,22.0,91.0,No,No,608.1815417356629,5,Under-Burdened,4,0,Low Volume,Low Strain
Nonprofit,Urban,Non-Teaching,COPD,17158.0,17.0,151.0,No,No,1009.293523944986,4,Under-Burdened,2,0,Low Volume,Low Strain
Nonprofit,Urban,Teaching,COPD,43220.0,40.0,720.0,No,No,1080.4997298750675,6,Under-Burdened,3,0,Medium Volume,Low Strain
Nonprofit,Urban,Non-Teaching,COPD,63151.0,40.0,611.0,No,No,1578.7746053063486,5,Normal,3,0,High Volume,Medium Strain
Nonprofit,Urban,Teaching,COPD,73413.0,36.0,701.0,No,No,2039.249433541824,5,Overburdened,3,0,High Volume,High Strain
Nonprofit,Urban,Teaching,COPD,74166.0,30.0,891.0,No,No,2472.199175933608,6,Overburdened,2,0,High Volume,High Strain
Nonprofit,Urban,Non-Teaching,COPD,39333.0,24.0,284.0,No,Yes,1638.8743171357012,5,Normal,2,0,Medium Volume,High Strain
Nonprofit,Urban,Non-Teaching,COPD,53345.0,27.0,771.0,No,No,1975.740008985182,4,Overburdened,2,0,High Volume,High Strain
Nonprofit,Urban,Non-Teaching,COPD,59695.0,30.0,863.0,No,Yes,1989.8326700557766,4,Overburdened,2,0,High Volume,High Strain
Government,Urban,Teaching,COPD,71708.0,73.0,1472.0,Yes,Yes,982.3012353012006,6,Under-Burdened,0,0,High Volume,Low Strain
Government,Urban,Non-Teaching,COPD,45896.0,35.0,302.0,No,No,1311.313911053168,4,Normal,3,0,Medium Volume,Medium Strain
Nonprofit,Urban,Non-Teaching,COPD,34054.5,18.0,443.0,No,No,1891.9156156024358,3,Overburdened,2,0,Medium Volume,High Strain
Nonprofit,Urban,Non-Teaching,COPD,23820.0,19.5,329.5,No,Yes,1221.5378351088025,3,Normal,2,0,Low Volume,Medium Strain
Nonprofit,Urban,Non-Teaching,COPD,32229.0,23.0,81.0,No,Yes,1401.260260321626,2,Normal,2,0,Medium Volume,Medium Strain
Government,Frontier,Non-Teaching,COPD,2837.0,2.0,22.0,Yes,Yes,1418.4929075354623,1,Normal,1,0,Low Volume,Medium Strain
Investor Owned,Urban,Non-Teaching,COPD,23943.0,20.0,154.0,Yes,No,1197.1494014252994,6,Normal,4,0,Low Volume,Medium Strain
Government,Urban,Teaching,COPD,32425.0,41.0,359.0,No,No,790.8534656454962,6,Under-Burdened,3,0,Medium Volume,Low Strain
Nonprofit,Rural,Non-Teaching,COPD,28244.0,16.0,558.0,Yes,Yes,1765.2488967194397,3,Overburdened,1,0,Medium Volume,High Strain
Government,Frontier,Non-Teaching,COPD,4834.0,4.0,159.0,Yes,Yes,1208.4969787575533,2,Normal,1,0,Low Volume,Medium Strain
Nonprofit,Urban,Non-Teaching,COPD,58831.0,56.0,851.0,No,No,1050.5533838297529,6,Under-Burdened,3,0,High Volume,Low Strain
Investor Owned,Urban,Non-Teaching,COPD,73328.0,64.0,1567.0,Yes,Yes,1145.7498209765904,6,Normal,0,0,High Volume,Low Strain
Government,Urban,Teaching,COPD,68827.0,44.0,1406.0,No,Yes,1564.249644488717,6,Normal,3,0,High Volume,Medium Strain
Nonprofit,Urban,Non-Teaching,COPD,51901.0,24.0,917.0,No,Yes,2162.540765608014,6,Overburdened,2,0,High Volume,High Strain
Government,Urban,Teaching,COPD,33076.0,52.0,31.0,No,No,636.0768007544614,7,Under-Burdened,3,0,Medium Volume,Low Strain
Nonprofit,Urban,Non-Teaching,COPD,28108.0,21.0,777.0,Yes,Yes,1338.4755531068795,5,Normal,1,0,Medium Volume,Medium Strain
Investor Owned,Urban,Non-Teaching,COPD,67670.0,62.0,1815.0,Yes,Yes,1091.4514368626715,6,Normal,0,0,High Volume,Low Strain
Government,Urban,Non-Teaching,COVID-19 History,13261.0,12.0,102.66666666666667,No,No,1105.082412431323,3,Normal,4,0,Low Volume,Low Strain
Nonprofit,Urban,Non-Teaching,COVID-19 History,29420.666666666668,22.0,163.66666666666666,No,No,1337.302422438293,6,Normal,2,0,Medium Volume,Medium Strain
Nonprofit,Urban,Teaching,COVID-19 History,30782.5,40.0,1016.5,No,No,769.562307609423,4,Under-Burdened,3,0,Medium Volume,Low Strain
Government,Urban,Non-Teaching,COVID-19 History,65082.0,59.0,463.5,No,No,1103.0845587992274,5,Normal,0,0,High Volume,Low Strain
Nonprofit,Urban,Non-Teaching,COVID-19 History,29479.0,30.0,163.0,No,No,982.633005788998,6,Under-Burdened,2,0,Medium Volume,Low Strain
Government,Urban,Non-Teaching,COVID-19 History,42180.666666666664,39.0,233.66666666666666,No,No,1081.5552782336893,6,Normal,3,0,Medium Volume,Low Strain
Nonprofit,Urban,Non-Teaching,COVID-19 History,28620.0,17.0,365.0,No,No,1683.5284214538697,4,Normal,2,0,Medium Volume,High Strain
Nonprofit,Urban,Non-Teaching,COVID-19 History,37801.333333333336,18.0,484.6666666666667,No,No,2100.0729073669036,3,Overburdened,2,0,Medium Volume,High Strain
Nonprofit,Urban,Non-Teaching,COVID-19 History,31745.0,22.0,138.33333333333334,No,No,1442.9538895664139,3,Normal,2,0,Medium Volume,Medium Strain
Nonprofit,Urban,Non-Teaching,COVID-19 History,110997.0,80.0,1669.0,No,No,1387.4623265672092,6,Normal,0,0,High Volume,Medium Strain
Nonprofit,Urban,Non-Teaching,COVID-19 History,66977.0,40.0,946.0,No,No,1674.4245813938546,5,Normal,3,0,High Volume,High Strain
Nonprofit,Rural,Non-Teaching,COVID-19 History,24025.0,14.0,143.66666666666666,Yes,No,1716.070202806998,2,Normal,1,0,Low Volume,High Strain
Nonprofit,Rural,Non-Teaching,COVID-19 History,9708.5,5.0,84.0,Yes,Yes,1941.696116607767,3,Overburdened,1,0,Low Volume,High Strain
Nonprofit,Rural,Non-Teaching,COVID-19 History,8570.0,14.0,79.0,Yes,Yes,612.1424198982716,3,Under-Burdened,1,0,Low Volume,Low Strain
Nonprofit,Urban,Non-Teaching,COVID-19 History,55911.0,49.0,380.6666666666667,No,Yes,1141.0405834611054,5,Normal,3,0,High Volume,Low Strain
Nonprofit,Rural,Non-Teaching,COVID-19 History,10039.0,8.0,116.66666666666667,Yes,Yes,1254.8734314082108,1,Normal,1,0,Low Volume,Medium Strain
Nonprofit,Urban,Non-Teaching,COVID-19 History,41025.0,30.0,245.33333333333334,No,No,1367.4995441668186,3,Normal,2,0,Medium Volume,Medium Strain
Nonprofit,Urban,Non-Teaching,COVID-19 History,46164.333333333336,44.0,473.3333333333333,No,No,1049.1891554873132,7,Under-Burdened,3,0,Medium Volume,Low Strain
Nonprofit,Urban,Non-Teaching,COVID-19 History,63404.333333333336,52.0,1499.0,No,No,1219.3138680806665,5,Normal,3,0,High Volume,Medium Strain
Nonprofit,Urban,Non-Teaching,COVID-19 History,50722.333333333336,32.0,484.0,No,No,1585.072421331535,5,Normal,2,0,High Volume,Medium Strain
Investor Owned,Urban,Non-Teaching,COVID-19 History,16929.333333333332,12.0,118.33333333333333,No,No,1410.7766021306093,3,Normal,4,0,Low Volume,Medium Strain
Nonprofit,Urban,Non-Teaching,COVID-19 History,63958.666666666664,36.0,1607.0,No,No,1776.629136121536,4,Overburdened,3,0,High Volume,High Strain
Nonprofit,Rural,Non-Teaching,COVID-19 History,16776.666666666668,12.0,240.0,Yes,Yes,1398.0543905102302,3,Normal,1,0,Low Volume,Medium Strain
Nonprofit,Rural,Non-Teaching,COVID-19 History,55450.333333333336,59.0,340.3333333333333,Yes,Yes,939.8359988978533,6,Under-Burdened,0,1,High Volume,Low Strain
Nonprofit,Urban,Teaching,COVID-19 History,80788.66666666667,73.0,477.0,Yes,No,1106.693912325035,7,Normal,0,0,High Volume,Low Strain
Nonprofit,Rural,Non-Teaching,COVID-19 History,35672.666666666664,10.0,386.6666666666667,Yes,Yes,3567.263099403567,1,Overburdened,1,2,Medium Volume,High Strain
Nonprofit,Urban,Non-Teaching,COVID-19 History,57338.0,48.0,1258.5,No,Yes,1194.5414178038711,6,Normal,3,0,High Volume,Medium Strain
Nonprofit,Urban,Non-Teaching,COVID-19 History,47511.333333333336,21.0,1115.6666666666667,No,Yes,2262.4433670904605,4,Overburdened,2,0,Medium Volume,High Strain
Investor Owned,Frontier,Non-Teaching,COVID-19 History,5907.0,4.333333333333333,33.666666666666664,Yes,Yes,1363.1507004214607,1,Normal,1,0,Low Volume,Medium Strain
Investor Owned,Rural,Non-Teaching,COVID-19 History,10314.0,8.0,90.0,Yes,Yes,1289.2483884395144,1,Normal,1,0,Low Volume,Medium Strain
Investor Owned,Rural,Non-Teaching,COVID-19 History,28371.0,20.0,281.0,Yes,Yes,1418.5492907253547,3,Normal,1,0,Medium Volume,Medium Strain
Government,Rural,Non-Teaching,COVID-19 History,39829.0,16.0,81.0,Yes,Yes,2489.31094418066,3,Overburdened,1,0,Medium Volume,High Strain
Government,Rural,Non-Teaching,COVID-19 History,7991.666666666667,7.666666666666667,36.333333333333336,No,No,1042.3899447087679,1,Under-Burdened,4,0,Low Volume,Low Strain
Government,Frontier,Non-Teaching,COVID-19 History,1610.0,2.0,16.5,Yes,No,804.9959750201249,1,Under-Burdened,1,0,Low Volume,Low Strain
Nonprofit,Urban,Non-Teaching,COVID-19 History,28485.0,10.0,33.0,Yes,Yes,2848.4971515028487,4,Overburdened,1,0,Medium Volume,High Strain
Government,Frontier,Non-Teaching,COVID-19 History,6546.333333333333,8.0,25.0,Yes,Yes,818.290643803362,3,Under-Burdened,1,0,Low Volume,Low Strain
Nonprofit,Urban,Non-Teaching,COVID-19 History,64106.0,42.666666666666664,2879.6666666666665,No,Yes,1502.484022855307,3,Normal,3,0,High Volume,Medium Strain
Nonprofit,Rural,Non-Teaching,COVID-19 History,15535.666666666666,12.0,92.66666666666667,Yes,Yes,1294.6378100240472,2,Normal,1,0,Low Volume,Medium Strain
Nonprofit,Rural,Non-Teaching,COVID-19 History,20035.333333333332,13.0,154.66666666666666,Yes,Yes,1541.1783016577167,1,Normal,1,0,Low Volume,Medium Strain
Nonprofit,Urban,Non-Teaching,COVID-19 History,88985.33333333333,40.666666666666664,808.3333333333334,Yes,Yes,2188.163396353263,4,Overburdened,3,0,High Volume,High Strain
Nonprofit,Rural,Non-Teaching,COVID-19 History,18720.666666666668,8.0,113.0,Yes,Yes,2340.080408232823,1,Overburdened,1,0,Low Volume,High Strain
Nonprofit,Rural,Non-Teaching,COVID-19 History,18771.0,12.0,53.333333333333336,Yes,Yes,1564.2486964594198,1,Normal,1,0,Low Volume,Medium Strain
Nonprofit,Rural,Non-Teaching,COVID-19 History,10002.666666666666,8.0,59.333333333333336,Yes,Yes,1250.3317704186202,1,Normal,1,0,Low Volume,Medium Strain
Investor Owned,Urban,Non-Teaching,COVID-19 History,14433.0,8.0,135.0,No,No,1804.122744846569,3,Overburdened,4,0,Low Volume,High Strain
Government,Urban,Non-Teaching,COVID-19 History,102466.66666666667,42.666666666666664,616.6666666666666,No,Yes,2401.561937133921,6,Overburdened,3,3,High Volume,High Strain
Nonprofit,Urban,Non-Teaching,COVID-19 History,36011.0,26.0,258.5,No,No,1385.0379288315658,6,Normal,2,0,Medium Volume,Medium Strain
Investor Owned,Urban,Non-Teaching,COVID-19 History,12317.0,17.0,99.66666666666667,No,No,724.528985571185,6,Under-Burdened,4,0,Low Volume,Low Strain
Nonprofit,Urban,Non-Teaching,COVID-19 History,57101.0,35.0,1864.3333333333333,No,No,1631.4566767266635,6,Normal,3,0,High Volume,High Strain
Investor Owned,Urban,Non-Teaching,COVID-19 History,34882.0,50.5,99.0,Yes,No,690.7325364886066,6,Under-Burdened,3,0,Medium Volume,Low Strain
Nonprofit,Urban,Teaching,COVID-19 History,65446.0,41.0,36.5,Yes,No,1596.2435131113382,6,Normal,3,0,High Volume,High Strain
Investor Owned,Urban,Non-Teaching,COVID-19 History,29986.333333333332,14.0,81.33333333333333,No,Yes,2141.879422467079,2,Overburdened,4,0,Medium Volume,High Strain
Investor Owned,Urban,Non-Teaching,COVID-19 History,3751.5,4.0,12.5,Yes,Yes,937.8726553183618,3,Under-Burdened,1,0,Low Volume,Low Strain
Investor Owned,Urban,Non-Teaching,COVID-19 History,20267.0,12.0,110.33333333333333,No,No,1688.915259237284,5,Normal,4,0,Low Volume,High Strain
Investor Owned,Urban,Non-Teaching,COVID-19 History,33361.5,14.0,200.0,No,No,2382.9625835981547,4,Overburdened,4,0,Medium Volume,High Strain
Nonprofit,Urban,Non-Teaching,COVID-19 History,46487.666666666664,30.666666666666668,5256.666666666667,No,No,1515.9016795972782,4,Normal,2,0,Medium Volume,Medium Strain
Investor Owned,Urban,Non-Teaching,COVID-19 History,9859.5,8.0,10.5,Yes,Yes,1232.4359594550508,3,Normal,1,0,Low Volume,Medium Strain
Investor Owned,Urban,Non-Teaching,COVID-19 History,6710.333333333333,9.0,77.0,No,No,745.591764157299,3,Under-Burdened,4,0,Low Volume,Low Strain
Investor Owned,Urban,Non-Teaching,COVID-19 History,16033.333333333334,21.0,92.0,No,No,763.4916999245874,5,Under-Burdened,4,0,Low Volume,Low Strain
Nonprofit,Urban,Non-Teaching,COVID-19 History,39767.5,37.0,258.0,No,No,1074.7970068116197,7,Under-Burdened,3,0,Medium Volume,Low Strain
Investor Owned,Urban,Non-Teaching,COVID-19 History,18635.5,9.0,64.5,Yes,No,2070.608810434655,3,Overburdened,4,0,Low Volume,High Strain
Nonprofit,Urban,Non-Teaching,COVID-19 History,79359.66666666667,32.0,1480.0,No,No,2479.9888083368305,6,Overburdened,2,0,High Volume,High Strain
Nonprofit,Urban,Non-Teaching,COVID-19 History,68964.66666666667,30.0,1196.6666666666667,Yes,No,2298.8214559484036,7,Overburdened,2,0,High Volume,High Strain
Nonprofit,Urban,Teaching,COVID-19 History,53635.333333333336,57.0,1196.0,Yes,No,940.9705951513575,6,Under-Burdened,0,0,High Volume,Low Strain
Nonprofit,Urban,Non-Teaching,COVID-19 History,62426.5,49.5,2189.0,Yes,No,1261.1411593654223,5,Normal,3,0,High Volume,Medium Strain
Nonprofit,Urban,Non-Teaching,COVID-19 History,61938.666666666664,41.0,2339.0,No,No,1510.6988185287432,5,Normal,3,0,High Volume,Medium Strain
Nonprofit,Urban,Non-Teaching,COVID-19 History,79005.0,53.0,1553.6666666666667,No,No,1490.6600961018685,5,Normal,3,0,High Volume,Medium Strain
Nonprofit,Urban,Non-Teaching,COVID-19 History,40703.0,29.0,576.0,No,No,1403.5512401547448,6,Normal,2,0,Medium Volume,Medium Strain
Nonprofit,Urban,Non-Teaching,COVID-19 History,32344.666666666668,18.0,150.0,No,No,1796.9249276342996,3,Overburdened,2,0,Medium Volume,High Strain
Investor Owned,Urban,Non-Teaching,COVID-19 History,36378.0,15.0,287.5,No,No,2425.198383201078,5,Overburdened,4,0,Medium Volume,High Strain
Investor Owned,Urban,Non-Teaching,COVID-19 History,29577.0,10.666666666666666,74.33333333333333,Yes,No,2772.841150461422,4,Overburdened,4,0,Medium Volume,High Strain
Nonprofit,Urban,Teaching,COVID-19 History,72059.5,64.0,499.5,No,No,1125.9295115735138,6,Normal,0,0,High Volume,Low Strain
Nonprofit,Urban,Non-Teaching,COVID-19 History,35037.666666666664,29.0,238.33333333333334,No,No,1208.19498567989,6,Normal,2,0,Medium Volume,Medium Strain
Investor Owned,Urban,Non-Teaching,COVID-19 History,16074.666666666666,5.666666666666667,80.66666666666667,No,No,2836.700876410218,3,Overburdened,4,0,Low Volume,High Strain
Nonprofit,Urban,Teaching,COVID-19 History,54946.0,55.5,551.0,No,No,990.0178396364253,7,Under-Burdened,3,0,High Volume,Low Strain
Nonprofit,Urban,Non-Teaching,COVID-19 History,47234.0,37.0,1373.0,No,No,1276.5942495691215,6,Normal,3,0,Medium Volume,Medium Strain
Investor Owned,Urban,Non-Teaching,COVID-19 History,4946.5,4.0,113.0,No,No,1236.621908445229,2,Normal,4,0,Low Volume,Medium Strain
Investor Owned,Urban,Non-Teaching,COVID-19 History,6297.5,7.0,15.0,No,No,899.6415719406116,3,Under-Burdened,4,0,Low Volume,Low Strain
Nonprofit,Urban,Non-Teaching,COVID-19 History,77714.0,71.0,342.0,No,No,1094.5632261178555,6,Normal,0,0,High Volume,Low Strain
Nonprofit,Urban,Non-Teaching,COVID-19 History,57211.0,61.0,964.6666666666666,No,No,937.8850921499849,7,Under-Burdened,0,0,High Volume,Low Strain
Investor Owned,Urban,Non-Teaching,COVID-19 History,12230.666666666666,8.0,6.666666666666667,No,No,1528.8314222940555,3,Normal,4,0,Low Volume,Medium Strain
Nonprofit,Urban,Non-Teaching,COVID-19 History,32363.666666666668,15.333333333333334,745.3333333333334,No,No,2110.672536517911,5,Overburdened,2,0,Medium Volume,High Strain
Government,Urban,Non-Teaching,COVID-19 History,31796.5,21.0,634.0,No,No,1514.1183266103208,5,Normal,2,0,Medium Volume,Medium Strain
Investor Owned,Urban,Non-Teaching,COVID-19 History,6871.0,7.0,18.5,Yes,No,981.5700263285339,5,Under-Burdened,4,0,Low Volume,Low Strain
Nonprofit,Urban,Non-Teaching,COVID-19 History,18475.333333333332,12.0,93.0,No,No,1539.609828102921,4,Normal,2,0,Low Volume,Medium Strain
Investor Owned,Urban,Non-Teaching,COVID-19 History,46827.333333333336,41.333333333333336,74.0,Yes,Yes,1132.9190807453836,6,Normal,3,0,Medium Volume,Low Strain
Nonprofit,Urban,Non-Teaching,COVID-19 History,23936.333333333332,27.0,252.66666666666666,No,No,886.530535852888,5,Under-Burdened,2,0,Low Volume,Low Strain
Nonprofit,Urban,Non-Teaching,COVID-19 History,50359.333333333336,40.0,554.6666666666666,No,No,1258.9830185875787,6,Normal,3,0,High Volume,Medium Strain
Investor Owned,Urban,Non-Teaching,COVID-19 History,9195.333333333334,8.0,14.0,No,No,1149.4152298976294,3,Normal,4,0,Low Volume,Low Strain
Nonprofit,Urban,Non-Teaching,COVID-19 History,43418.0,32.0,351.6666666666667,No,No,1356.8120759962262,6,Normal,2,0,Medium Volume,Medium Strain
Nonprofit,Urban,Non-Teaching,COVID-19 History,21073.5,13.0,504.0,No,No,1621.037214586758,4,Normal,2,0,Low Volume,High Strain
Investor Owned,Urban,Non-Teaching,COVID-19 History,46270.0,30.0,427.0,No,No,1542.3328192223937,5,Normal,4,0,Medium Volume,Medium Strain
Nonprofit,Urban,Teaching,COVID-19 History,49428.0,28.0,497.0,No,No,1765.285083826756,6,Overburdened,2,0,High Volume,High Strain
Investor Owned,Urban,Non-Teaching,COVID-19 History,23054.5,13.0,166.0,No,No,1773.4217127525287,4,Overburdened,4,0,Low Volume,High Strain
Nonprofit,Urban,Non-Teaching,COVID-19 History,52035.666666666664,30.0,335.6666666666667,No,No,1734.5216440483407,6,Normal,2,0,High Volume,High Strain
Government,Urban,Teaching,COVID-19 History,73969.0,72.66666666666667,852.3333333333334,Yes,No,1017.9218782676313,6,Under-Burdened,0,0,High Volume,Low Strain
Government,Urban,Teaching,COVID-19 History,105955.5,80.5,791.5,No,No,1316.2172277991021,7,Normal,0,0,High Volume,Medium Strain
Nonprofit,Urban,Teaching,COVID-19 History,99493.0,29.0,1049.0,Yes,Yes,3430.791920416579,3,Overburdened,2,4,High Volume,High Strain
Government,Urban,Teaching,COVID-19 History,50463.666666666664,50.666666666666664,1471.3333333333333,No,No,995.9932244750214,6,Under-Burdened,3,0,High Volume,Low Strain
Nonprofit,Urban,Non-Teaching,COVID-19 History,40780.666666666664,37.333333333333336,1570.3333333333333,No,No,1092.3389931234838,5,Normal,3,0,Medium Volume,Low Strain
Nonprofit,Urban,Non-Teaching,COVID-19 History,67262.0,33.0,1482.3333333333333,Yes,No,2038.2418065933919,5,Overburdened,2,0,High Volume,High Strain
Nonprofit,Urban,Non-Teaching,COVID-19 History,92182.33333333333,80.0,2601.3333333333335,No,No,1152.2790226317886,6,Normal,0,0,High Volume,Low Strain
Investor Owned,Urban,Non-Teaching,COVID-19 History,64397.333333333336,35.0,354.6666666666667,Yes,Yes,1839.9232838314426,4,Overburdened,3,0,High Volume,High Strain
Nonprofit,Rural,Non-Teaching,COVID-19 History,77745.33333333333,38.0,582.3333333333334,Yes,Yes,2045.9292861589595,6,Overburdened,3,1,High Volume,High Strain
Nonprofit,Urban,Non-Teaching,COVID-19 History,27449.0,19.0,407.3333333333333,No,No,1444.683450166605,3,Normal,2,0,Medium Volume,Medium Strain
Nonprofit,Urban,Non-Teaching,COVID-19 History,29936.333333333332,31.0,184.66666666666666,No,No,965.6878605307977,6,Under-Burdened,2,0,Medium Volume,Low Strain
Nonprofit,Urban,Non-Teaching,COVID-19 History,14621.0,9.0,50.333333333333336,No,No,1624.553750495833,1,Normal,2,0,Low Volume,High Strain
Government,Rural,Non-Teaching,COVID-19 History,6284.0,3.6666666666666665,44.666666666666664,Yes,Yes,1713.8135077813424,1,Normal,1,0,Low Volume,High Strain
Nonprofit,Rural,Non-Teaching,COVID-19 History,9094.0,6.0,51.0,Yes,Yes,1515.6641405597659,1,Normal,1,0,Low Volume,Medium Strain
Nonprofit,Rural,Non-Teaching,COVID-19 History,28163.666666666668,19.0,241.33333333333334,Yes,Yes,1482.2974654574743,2,Normal,1,0,Medium Volume,Medium Strain
Nonprofit,Rural,Non-Teaching,COVID-19 History,13366.0,9.0,95.66666666666667,Yes,Yes,1485.1094609894878,1,Normal,1,0,Low Volume,Medium Strain
Nonprofit,Rural,Non-Teaching,COVID-19 History,25567.333333333332,10.0,139.33333333333334,Yes,Yes,2556.7307766025565,1,Overburdened,1,0,Medium Volume,High Strain
Nonprofit,Urban,Non-Teaching,COVID-19 History,57461.0,26.0,1516.0,Yes,Yes,2210.0376115239956,4,Overburdened,2,0,High Volume,High Strain
Government,Frontier,Non-Teaching,COVID-19 History,511.0,1.0,10.0,Yes,Yes,510.99489005109945,1,Under-Burdened,1,0,Low Volume,Low Strain
Nonprofit,Urban,Non-Teaching,COVID-19 History,41278.666666666664,30.666666666666668,808.3333333333334,No,No,1346.0430393337915,5,Normal,2,0,Medium Volume,Medium Strain
Nonprofit,Rural,Non-Teaching,COVID-19 History,14553.0,6.0,376.6666666666667,No,Yes,2425.495957506738,2,Overburdened,1,0,Low Volume,High Strain
Government,Urban,Non-Teaching,COVID-19 History,50028.333333333336,16.0,1014.3333333333334,Yes,Yes,3126.768879102784,5,Overburdened,1,0,High Volume,High Strain
Government,Urban,Non-Teaching,COVID-19 History,51527.5,19.0,176.0,Yes,Yes,2711.972256856707,4,Overburdened,1,0,High Volume,High Strain
Investor Owned,Urban,Non-Teaching,COVID-19 History,24487.0,18.0,240.0,No,No,1360.3881331177038,4,Normal,4,0,Low Volume,Medium Strain
Nonprofit,Rural,Non-Teaching,COVID-19 History,6034.5,8.0,35.5,No,No,754.3115571105536,3,Under-Burdened,1,0,Low Volume,Low Strain
Government,Rural,Non-Teaching,COVID-19 History,12749.5,15.0,71.5,Yes,Yes,849.9661000226,2,Under-Burdened,1,0,Low Volume,Low Strain
Nonprofit,Urban,Non-Teaching,COVID-19 History,92289.0,35.666666666666664,1491.6666666666667,No,No,2587.5413305958887,6,Overburdened,3,0,High Volume,High Strain
Nonprofit,Urban,Non-Teaching,COVID-19 History,27767.5,26.0,290.0,No,No,1067.9803584690928,5,Under-Burdened,2,0,Medium Volume,Low Strain
Investor Owned,Urban,Teaching,COVID-19 History,23505.0,30.0,93.0,No,Yes,783.4997388334205,5,Under-Burdened,4,0,Low Volume,Low Strain
Investor Owned,Urban,Non-Teaching,COVID-19 History,5063.0,8.0,15.0,No,No,632.8742089072389,3,Under-Burdened,4,0,Low Volume,Low Strain
Investor Owned,Urban,Non-Teaching,COVID-19 History,12153.0,11.0,22.0,No,Yes,1104.8171774389295,4,Normal,4,0,Low Volume,Low Strain
Nonprofit,Urban,Non-Teaching,COVID-19 History,100965.66666666667,80.5,1862.0,No,No,1254.2317282527874,6,Normal,0,0,High Volume,Medium Strain
Investor Owned,Urban,Non-Teaching,COVID-19 History,11960.0,12.0,37.333333333333336,No,No,996.6658361118033,3,Under-Burdened,4,0,Low Volume,Low Strain
Investor Owned,Urban,Non-Teaching,COVID-19 History,11887.333333333334,11.0,47.0,No,No,1080.6656842433174,3,Normal,4,0,Low Volume,Low Strain
Investor Owned,Urban,Non-Teaching,COVID-19 History,25199.5,23.0,289.5,No,No,1095.6299584217572,4,Normal,4,0,Low Volume,Low Strain
Investor Owned,Urban,Non-Teaching,COVID-19 History,11411.0,10.0,19.0,Yes,No,1141.098858901141,4,Normal,4,0,Low Volume,Low Strain
Nonprofit,Urban,Non-Teaching,COVID-19 History,34495.5,44.5,881.5,No,No,775.1796010832356,6,Under-Burdened,3,0,Medium Volume,Low Strain
Government,Urban,Teaching,COVID-19 History,42020.0,50.666666666666664,904.3333333333334,Yes,No,829.3419415772483,6,Under-Burdened,3,0,Medium Volume,Low Strain
Investor Owned,Urban,Non-Teaching,COVID-19 History,19240.0,12.0,77.0,Yes,No,1603.3319972233357,4,Normal,4,0,Low Volume,High Strain
Nonprofit,Urban,Non-Teaching,COVID-19 History,27262.5,31.0,178.5,No,No,879.4352001821935,5,Under-Burdened,2,0,Medium Volume,Low Strain
Nonprofit,Urban,Non-Teaching,COVID-19 History,14340.0,20.0,198.0,No,No,716.9996415001792,4,Under-Burdened,2,0,Low Volume,Low Strain
Nonprofit,Urban,Non-Teaching,COVID-19 History,53749.666666666664,36.0,902.3333333333334,No,No,1493.045881561329,6,Normal,3,0,High Volume,Medium Strain
Investor Owned,Urban,Non-Teaching,COVID-19 History,4135.333333333333,8.0,18.666666666666668,No,No,516.916020521641,4,Under-Burdened,4,0,Low Volume,Low Strain
Investor Owned,Urban,Non-Teaching,COVID-19 History,24221.0,24.0,107.33333333333333,Yes,No,1009.2079128300363,5,Under-Burdened,4,0,Low Volume,Low Strain
Investor Owned,Urban,Non-Teaching,COVID-19 History,17550.0,17.5,61.5,No,No,1002.8565697962458,5,Under-Burdened,4,0,Low Volume,Low Strain
Nonprofit,Urban,Non-Teaching,COVID-19 History,109291.5,72.0,3048.0,No,No,1517.9372891753765,5,Normal,0,0,High Volume,Medium Strain
Nonprofit,Urban,Non-Teaching,COVID-19 History,26386.333333333332,14.0,125.66666666666667,No,Yes,1884.7367489975602,2,Overburdened,2,0,Medium Volume,High Strain
Nonprofit,Urban,Non-Teaching,COVID-19 History,69937.5,69.0,284.5,No,No,1013.5868096251,6,Under-Burdened,0,0,High Volume,Low Strain
Nonprofit,Urban,Non-Teaching,COVID-19 History,112998.5,62.0,3854.6666666666665,No,No,1822.5561576522325,6,Overburdened,0,0,High Volume,High Strain
Government,Frontier,Non-Teaching,COVID-19 History,3495.0,3.0,15.333333333333334,Yes,Yes,1164.996116679611,1,Normal,1,0,Low Volume,Medium Strain
Government,Frontier,Non-Teaching,COVID-19 History,2546.6666666666665,2.0,8.333333333333334,Yes,Yes,1273.3269666984997,1,Normal,1,0,Low Volume,Medium Strain
Investor Owned,Urban,Non-Teaching,COVID-19 History,44698.666666666664,30.0,338.0,No,Yes,1489.9550589038693,4,Normal,4,0,Medium Volume,Medium Strain
Investor Owned,Urban,Non-Teaching,COVID-19 History,54417.5,28.0,373.0,No,Yes,1943.4814487566255,6,Overburdened,4,0,High Volume,High Strain
Investor Owned,Urban,Non-Teaching,COVID-19 History,39938.5,29.0,248.0,Yes,Yes,1377.189180279593,6,Normal,4,0,Medium Volume,Medium Strain
Investor Owned,Urban,Non-Teaching,COVID-19 History,45627.5,12.0,292.0,No,Yes,3802.2884980929184,3,Overburdened,4,5,Medium Volume,High Strain
Government,Rural,Non-Teaching,COVID-19 History,7767.0,7.0,68.0,Yes,Yes,1109.5698434716523,1,Normal,1,0,Low Volume,Low Strain
Investor Owned,Urban,Non-Teaching,COVID-19 History,45660.666666666664,41.0,241.0,No,Yes,1113.6745251200343,4,Normal,3,0,Medium Volume,Low Strain
Government,Urban,Non-Teaching,COVID-19 History,37046.333333333336,28.0,448.6666666666667,No,Yes,1323.0828608037402,2,Normal,2,0,Medium Volume,Medium Strain
Investor Owned,Urban,Non-Teaching,COVID-19 History,15067.333333333334,12.0,107.0,Yes,No,1255.6100647693906,2,Normal,4,0,Low Volume,Medium Strain
Nonprofit,Urban,Non-Teaching,COVID-19 History,54291.666666666664,41.0,1520.3333333333333,No,Yes,1324.1866688975604,5,Normal,3,0,High Volume,Medium Strain
Nonprofit,Urban,Non-Teaching,COVID-19 History,47474.5,26.0,1560.5,No,Yes,1825.9416054070748,2,Overburdened,2,0,Medium Volume,High Strain
Investor Owned,Urban,Non-Teaching,COVID-19 History,90694.33333333333,53.0,1252.3333333333333,No,Yes,1711.213513607513,3,Normal,3,6,High Volume,High Strain
Investor Owned,Urban,Non-Teaching,COVID-19 History,35054.666666666664,21.0,425.0,No,No,1669.2690463798192,3,Normal,4,0,Medium Volume,High Strain
Nonprofit,Urban,Non-Teaching,COVID-19 History,47299.5,58.5,643.5,No,Yes,808.5383233267823,3,Under-Burdened,0,0,Medium Volume,Low Strain
Nonprofit,Urban,Non-Teaching,COVID-19 History,95381.5,59.0,2521.5,No,No,1616.6353192143526,5,Normal,0,0,High Volume,High Strain
Government,Urban,Teaching,COVID-19 History,63503.666666666664,70.0,875.3333333333334,No,No,907.1951084959368,7,Under-Burdened,0,0,High Volume,Low Strain
Nonprofit,Urban,Non-Teaching,COVID-19 History,84523.33333333333,51.333333333333336,342.3333333333333,No,No,1646.5581208003657,7,Normal,3,0,High Volume,High Strain
Nonprofit,Urban,Non-Teaching,COVID-19 History,106119.0,53.0,3270.5,No,No,2002.2449052368102,5,Overburdened,3,0,High Volume,High Strain
Government,Rural,Non-Teaching,COVID-19 History,21385.333333333332,18.0,116.33333333333333,Yes,No,1188.0734140332884,2,Normal,1,0,Low Volume,Medium Strain
Government,Rural,Non-Teaching,COVID-19 History,11297.666666666666,7.0,47.666666666666664,Yes,Yes,1613.9500753094162,1,Normal,1,0,Low Volume,High Strain
Investor Owned,Urban,Non-Teaching,COVID-19 History,33224.0,15.0,36.333333333333336,No,No,2214.9318567120954,3,Overburdened,4,0,Medium Volume,High Strain
Investor Owned,Urban,Non-Teaching,COVID-19 History,22289.0,12.0,3.3333333333333335,No,Yes,1857.4151188207343,3,Overburdened,4,0,Low Volume,High Strain
Nonprofit,Urban,Non-Teaching,COVID-19 History,112998.5,80.5,3272.0,Yes,No,1403.7079001605093,6,Normal,0,0,High Volume,Medium Strain
Nonprofit,Urban,Teaching,COVID-19 History,40403.0,40.0,836.0,No,No,1010.074747481313,6,Under-Burdened,3,0,Medium Volume,Low Strain
Government,Rural,Non-Teaching,COVID-19 History,8291.666666666666,6.0,26.666666666666668,Yes,Yes,1381.9421412075424,1,Normal,1,0,Low Volume,Medium Strain
Nonprofit,Urban,Non-Teaching,COVID-19 History,75626.66666666667,52.0,1363.0,No,Yes,1454.35869467461,6,Normal,3,0,High Volume,Medium Strain
Nonprofit,Urban,Non-Teaching,COVID-19 History,53317.333333333336,18.0,672.0,No,Yes,2962.0724284782805,6,Overburdened,2,0,High Volume,High Strain
Nonprofit,Urban,Non-Teaching,COVID-19 History,62192.333333333336,43.0,784.3333333333334,No,Yes,1446.3329969768224,5,Normal,3,0,High Volume,Medium Strain
Investor Owned,Urban,Non-Teaching,COVID-19 History,30790.0,16.0,87.5,Yes,Yes,1924.3737972663766,3,Overburdened,4,0,Medium Volume,High Strain
Investor Owned,Rural,Non-Teaching,COVID-19 History,22806.333333333332,15.333333333333334,101.33333333333333,Yes,Yes,1487.3685951943944,4,Normal,1,0,Low Volume,Medium Strain
Investor Owned,Urban,Non-Teaching,COVID-19 History,35471.0,20.333333333333332,11.0,Yes,Yes,1744.4745518977616,3,Normal,4,0,Medium Volume,High Strain
Government,Urban,Teaching,COVID-19 History,57942.0,47.0,356.0,Yes,No,1232.8082483386704,6,Normal,3,0,High Volume,Medium Strain
Investor Owned,Rural,Non-Teaching,COVID-19 History,25407.666666666668,16.0,218.0,Yes,Yes,1587.9781741803079,1,Normal,1,0,Medium Volume,High Strain
Nonprofit,Urban,Non-Teaching,COVID-19 History,23200.666666666668,15.0,273.0,No,Yes,1546.710079971058,2,Normal,2,0,Low Volume,Medium Strain
Nonprofit,Urban,Non-Teaching,COVID-19 History,79146.5,63.0,922.0,No,No,1256.2934513819919,7,Normal,0,0,High Volume,Medium Strain
Nonprofit,Urban,Non-Teaching,COVID-19 History,86469.0,80.5,1792.6666666666667,No,Yes,1074.148934888331,7,Under-Burdened,0,0,High Volume,Low Strain
Nonprofit,Urban,Non-Teaching,COVID-19 History,112241.5,80.5,5331.625,No,No,1394.3041746205993,6,Normal,0,0,High Volume,Medium Strain
Nonprofit,Urban,Teaching,COVID-19 History,96961.66666666667,77.33333333333333,956.6666666666666,No,No,1253.8144930412295,6,Normal,0,0,High Volume,Medium Strain
Investor Owned,Urban,Non-Teaching,COVID-19 History,17293.0,20.0,27.0,Yes,Yes,864.6495676752162,5,Under-Burdened,4,0,Low Volume,Low Strain
Nonprofit,Urban,Non-Teaching,COVID-19 History,37200.666666666664,47.0,412.6666666666667,No,No,791.5033776943167,6,Under-Burdened,3,0,Medium Volume,Low Strain
Government,Urban,Non-Teaching,COVID-19 History,39953.666666666664,40.0,237.33333333333334,No,No,998.8414169563123,6,Under-Burdened,3,0,Medium Volume,Low Strain
Government,Urban,Teaching,COVID-19 History,60332.5,80.5,1241.5,No,No,749.4719565873346,6,Under-Burdened,0,0,High Volume,Low Strain
Nonprofit,Urban,Non-Teaching,COVID-19 History,63761.0,48.0,586.3333333333334,No,No,1328.3538899262728,6,Normal,3,0,High Volume,Medium Strain
Government,Urban,Non-Teaching,COVID-19 History,26922.5,8.0,477.0,No,No,3365.3082933646333,5,Overburdened,4,7,Medium Volume,High Strain
Nonprofit,Urban,Non-Teaching,COVID-19 History,44178.666666666664,38.0,487.3333333333333,No,No,1162.5961852817054,4,Normal,3,0,Medium Volume,Low Strain
Government,Urban,Non-Teaching,COVID-19 History,77978.0,72.0,1805.0,No,Yes,1083.027627357274,5,Normal,0,0,High Volume,Low Strain
Nonprofit,Urban,Teaching,COVID-19 History,31841.333333333332,28.666666666666668,568.3333333333334,No,No,1110.7437985777447,5,Normal,2,0,Medium Volume,Low Strain
Nonprofit,Urban,Non-Teaching,COVID-19 History,10480.666666666666,12.0,30.666666666666668,No,No,873.3881610654213,5,Under-Burdened,2,0,Low Volume,Low Strain
Government,Urban,Teaching,COVID-19 History,43609.0,59.0,568.6666666666666,No,No,739.135467943141,6,Under-Burdened,0,0,Medium Volume,Low Strain
Nonprofit,Urban,Non-Teaching,COVID-19 History,20186.666666666668,19.0,153.66666666666666,No,No,1062.4555811637292,5,Under-Burdened,2,0,Low Volume,Low Strain
Nonprofit,Urban,Teaching,COVID-19 History,11045.666666666666,12.0,274.0,No,No,920.4714551626762,5,Under-Burdened,2,0,Low Volume,Low Strain
Nonprofit,Urban,Non-Teaching,COVID-19 History,26493.666666666668,35.0,90.33333333333333,No,Yes,756.9616884871366,5,Under-Burdened,3,0,Medium Volume,Low Strain
Nonprofit,Urban,Non-Teaching,COVID-19 History,17995.0,16.0,57.0,No,No,1124.686797070752,3,Normal,2,0,Low Volume,Low Strain
Nonprofit,Urban,Non-Teaching,COVID-19 History,49033.666666666664,28.0,462.3333333333333,No,Yes,1751.2017555231826,4,Overburdened,2,0,High Volume,High Strain
Government,Urban,Non-Teaching,COVID-19 History,41087.333333333336,25.333333333333332,224.33333333333334,Yes,Yes,1621.8677808416658,4,Normal,2,0,Medium Volume,High Strain
Nonprofit,Urban,Non-Teaching,COVID-19 History,29388.666666666668,14.0,144.66666666666666,No,Yes,2099.1889767697785,2,Overburdened,2,0,Medium Volume,High Strain
Investor Owned,Urban,Non-Teaching,COVID-19 History,25987.0,11.0,119.0,No,Yes,2362.4523977705476,2,Overburdened,4,0,Medium Volume,High Strain
Nonprofit,Urban,Non-Teaching,COVID-19 History,103851.33333333333,46.666666666666664,2654.3333333333335,No,Yes,2225.385237417449,2,Overburdened,3,8,High Volume,High Strain
Nonprofit,Rural,Non-Teaching,COVID-19 History,25632.666666666668,18.0,1132.6666666666667,No,Yes,1424.0362459057894,2,Normal,1,0,Medium Volume,Medium Strain
Nonprofit,Rural,Non-Teaching,COVID-19 History,20801.333333333332,22.0,740.3333333333334,No,Yes,945.5147217357325,2,Under-Burdened,1,0,Low Volume,Low Strain
Investor Owned,Rural,Non-Teaching,COVID-19 History,19784.666666666668,11.0,159.33333333333334,No,Yes,1798.6044255111285,4,Overburdened,1,0,Low Volume,High Strain
Investor Owned,Urban,Non-Teaching,COVID-19 History,27192.666666666668,23.0,264.6666666666667,No,No,1182.2893410336198,3,Normal,4,0,Medium Volume,Medium Strain
Government,Urban,Non-Teaching,COVID-19 History,33189.666666666664,15.0,281.0,No,No,2212.6429693491314,4,Overburdened,4,0,Medium Volume,High Strain
Nonprofit,Urban,Non-Teaching,COVID-19 History,39927.666666666664,19.0,884.0,No,No,2101.4550343219116,3,Overburdened,2,0,Medium Volume,High Strain
Investor Owned,Urban,Non-Teaching,COVID-19 History,13136.0,22.0,60.0,No,No,597.0906376860738,6,Under-Burdened,4,0,Low Volume,Low Strain
Investor Owned,Rural,Non-Teaching,COVID-19 History,1620.0,7.0,8.0,No,No,231.42824081679885,3,Under-Burdened,4,9,Low Volume,Low Strain
Nonprofit,Urban,Non-Teaching,COVID-19 History,41904.5,26.0,198.5,No,No,1611.7109185727236,5,Normal,2,0,Medium Volume,High Strain
Nonprofit,Urban,Non-Teaching,COVID-19 History,14532.0,17.0,416.5,No,No,854.8230265746903,5,Under-Burdened,2,0,Low Volume,Low Strain
Nonprofit,Urban,Non-Teaching,COVID-19 History,32738.0,24.0,574.3333333333334,No,No,1364.0827649655146,4,Normal,2,0,Medium Volume,Medium Strain
Nonprofit,Urban,Non-Teaching,COVID-19 History,22042.666666666668,22.0,277.0,No,Yes,1001.9389385126037,1,Under-Burdened,2,0,Low Volume,Low Strain
Government,Rural,Non-Teaching,COVID-19 History,18819.5,10.0,192.5,No,Yes,1881.948118051882,2,Overburdened,1,0,Low Volume,High Strain
Nonprofit,Urban,Non-Teaching,COVID-19 History,48621.0,41.0,2436.0,Yes,Yes,1185.8777595420097,5,Normal,3,0,Medium Volume,Medium Strain
Nonprofit,Urban,Non-Teaching,COVID-19 History,35892.0,40.5,539.0,No,No,886.2220034019743,6,Under-Burdened,3,0,Medium Volume,Low Strain
Nonprofit,Rural,Non-Teaching,COVID-19 History,9330.0,8.0,182.0,No,Yes,1166.2485421893223,1,Normal,1,0,Low Volume,Medium Strain
Nonprofit,Urban,Non-Teaching,COVID-19 History,52909.5,40.0,830.0,No,No,1322.7371693157077,6,Normal,3,0,High Volume,Medium Strain
Investor Owned,Urban,Non-Teaching,COVID-19 History,47574.333333333336,35.0,890.3333333333334,No,No,1359.266278304873,6,Normal,3,0,Medium Volume,Medium Strain
Government,Urban,Non-Teaching,COVID-19 History,49958.666666666664,25.0,516.6666666666666,No,No,1998.3458673283196,6,Overburdened,2,0,High Volume,High Strain
Nonprofit,Urban,Teaching,COVID-19 History,73416.5,80.5,737.0,No,No,912.0060978874412,5,Under-Burdened,0,0,High Volume,Low Strain
Nonprofit,Urban,Non-Teaching,COVID-19 History,65069.0,36.0,1563.0,No,No,1807.4717201467442,5,Overburdened,3,0,High Volume,High Strain
Government,Rural,Non-Teaching,COVID-19 History,33380.333333333336,8.0,559.0,No,No,4172.536450996104,2,Overburdened,4,10,Medium Volume,High Strain
Nonprofit,Urban,Non-Teaching,COVID-19 History,67463.5,30.0,1902.0,No,No,2248.7825837391388,6,Overburdened,2,0,High Volume,High Strain
Nonprofit,Urban,Non-Teaching,COVID-19 History,28103.666666666668,13.333333333333334,716.0,Yes,No,2107.7734191699356,3,Overburdened,2,0,Medium Volume,High Strain
Government,Frontier,Non-Teaching,COVID-19 History,3986.3333333333335,6.0,16.333333333333332,Yes,Yes,664.3877815759197,3,Under-Burdened,1,0,Low Volume,Low Strain
Investor Owned,Urban,Non-Teaching,COVID-19 History,24901.0,28.0,70.0,No,Yes,889.3211109567461,5,Under-Burdened,4,0,Low Volume,Low Strain
Nonprofit,Urban,Non-Teaching,COVID-19 History,42502.0,26.0,1391.6666666666667,No,Yes,1634.691678964739,5,Normal,2,0,Medium Volume,High Strain
Nonprofit,Rural,Non-Teaching,COVID-19 History,9721.666666666666,11.0,285.6666666666667,Yes,Yes,883.7870753450829,1,Under-Burdened,1,0,Low Volume,Low Strain
Nonprofit,Rural,Non-Teaching,COVID-19 History,9916.0,7.0,192.0,Yes,Yes,1416.5694049008503,1,Normal,1,0,Low Volume,Medium Strain
Nonprofit,Urban,Non-Teaching,COVID-19 History,57303.333333333336,51.0,1594.0,No,No,1123.594550929173,5,Normal,3,0,High Volume,Low Strain
Nonprofit,Urban,Non-Teaching,COVID-19 History,24714.666666666668,13.0,95.66666666666667,No,No,1901.1267427230187,3,Overburdened,2,0,Low Volume,High Strain
Nonprofit,Urban,Non-Teaching,COVID-19 History,57780.0,45.0,895.3333333333334,No,No,1283.99971466673,4,Normal,3,0,High Volume,Medium Strain
Nonprofit,Urban,Non-Teaching,COVID-19 History,48864.0,27.0,1444.0,No,No,1809.7771074899601,3,Overburdened,2,0,Medium Volume,High Strain
Investor Owned,Rural,Non-Teaching,COVID-19 History,8867.0,9.0,148.0,No,No,985.2211275320806,1,Under-Burdened,4,0,Low Volume,Low Strain
Investor Owned,Urban,Non-Teaching,COVID-19 History,17207.5,15.0,348.0,No,No,1147.1659018893988,2,Normal,4,0,Low Volume,Low Strain
Investor Owned,Urban,Non-Teaching,COVID-19 History,35628.0,29.5,239.0,No,Yes,1207.728404159863,5,Normal,4,0,Medium Volume,Medium Strain
Government,Urban,Non-Teaching,COVID-19 History,8424.666666666666,8.333333333333334,20.666666666666668,Yes,No,1010.9587868494557,2,Under-Burdened,4,0,Low Volume,Low Strain
Nonprofit,Urban,Teaching,COVID-19 History,53276.0,30.0,841.5,No,Yes,1775.8660747113086,4,Overburdened,2,0,High Volume,High Strain
Nonprofit,Urban,Non-Teaching,COVID-19 History,31739.5,34.0,117.0,No,Yes,933.5144313192848,3,Under-Burdened,3,0,Medium Volume,Low Strain
Investor Owned,Urban,Non-Teaching,COVID-19 History,77669.33333333333,33.0,928.6666666666666,No,No,2353.6154483993587,6,Overburdened,2,0,High Volume,High Strain
Investor Owned,Urban,Non-Teaching,COVID-19 History,51875.333333333336,32.0,439.3333333333333,No,No,1621.1036600717728,5,Normal,4,0,High Volume,High Strain
Nonprofit,Urban,Non-Teaching,COVID-19 History,72098.66666666667,40.0,456.3333333333333,No,No,1802.4662160501127,6,Overburdened,3,0,High Volume,High Strain
Government,Rural,Non-Teaching,COVID-19 History,18690.333333333332,12.0,34.333333333333336,Yes,No,1557.5264798390444,1,Normal,1,0,Low Volume,Medium Strain
Nonprofit,Rural,Non-Teaching,COVID-19 History,28291.666666666668,14.0,1148.3333333333333,Yes,Yes,2020.8318898819837,2,Overburdened,1,0,Medium Volume,High Strain
Government,Urban,Non-Teaching,COVID-19 History,59761.5,80.5,1101.5,Yes,Yes,742.3787897666099,6,Under-Burdened,0,0,High Volume,Low Strain
Government,Rural,Non-Teaching,COVID-19 History,33321.0,24.0,170.0,Yes,Yes,1388.3744215106578,4,Normal,1,0,Medium Volume,Medium Strain
Nonprofit,Rural,Non-Teaching,COVID-19 History,28867.333333333332,15.0,126.33333333333333,Yes,Yes,1924.4876058971515,3,Overburdened,1,0,Medium Volume,High Strain
Nonprofit,Rural,Non-Teaching,COVID-19 History,30663.666666666668,18.0,159.0,Yes,Yes,1703.536090628098,2,Normal,1,0,Medium Volume,High Strain
Government,Urban,Non-Teaching,COVID-19 History,40721.5,38.5,268.0,No,No,1057.70102397376,5,Under-Burdened,3,0,Medium Volume,Low Strain
Investor Owned,Urban,Non-Teaching,COVID-19 History,40176.0,28.0,457.3333333333333,No,No,1434.8566304083463,6,Normal,4,0,Medium Volume,Medium Strain
Nonprofit,Rural,Non-Teaching,COVID-19 History,7952.0,6.0,119.66666666666667,No,No,1325.331124448126,1,Normal,1,0,Low Volume,Medium Strain
Nonprofit,Urban,Non-Teaching,COVID-19 History,22600.333333333332,14.0,591.6666666666666,No,No,1614.3083707321161,3,Normal,2,0,Low Volume,High Strain
Nonprofit,Urban,Non-Teaching,COVID-19 History,45771.666666666664,31.0,1229.6666666666667,No,Yes,1476.5049000521826,5,Normal,2,0,Medium Volume,Medium Strain
Nonprofit,Urban,Non-Teaching,COVID-19 History,26971.5,11.0,104.0,No,Yes,2451.952316406985,1,Overburdened,2,0,Medium Volume,High Strain
Nonprofit,Rural,Non-Teaching,COVID-19 History,59699.0,44.0,375.0,Yes,Yes,1356.7951461829211,5,Normal,3,1,High Volume,Medium Strain
Nonprofit,Urban,Non-Teaching,COVID-19 History,36398.0,40.0,351.0,No,No,909.9497725125568,4,Under-Burdened,3,0,Medium Volume,Low Strain
Government,Urban,Non-Teaching,COVID-19 History,69248.0,54.0,221.0,No,No,1282.3701328944198,4,Normal,3,0,High Volume,Medium Strain
Nonprofit,Urban,Teaching,COVID-19 History,112998.5,80.0,627.0,No,No,1412.4810734398657,6,Normal,0,0,High Volume,Medium Strain
Nonprofit,Rural,Non-Teaching,COVID-19 History,9934.0,5.0,71.0,Yes,Yes,1986.7960264079472,1,Overburdened,1,0,Low Volume,High Strain
Nonprofit,Rural,Non-Teaching,COVID-19 History,15236.0,11.0,48.5,Yes,Yes,1385.0896499185,1,Normal,1,0,Low Volume,Medium Strain
Nonprofit,Rural,Non-Teaching,COVID-19 History,26490.0,24.0,85.0,No,No,1103.7495401043584,3,Normal,2,0,Medium Volume,Low Strain
Investor Owned,Rural,Non-Teaching,COVID-19 History,9268.0,9.0,1.0,Yes,Yes,1029.7766335815184,2,Under-Burdened,1,0,Low Volume,Low Strain
Nonprofit,Urban,Teaching,COVID-19 History,63937.0,48.0,848.0,No,Yes,1332.0205558290509,6,Normal,3,0,High Volume,Medium Strain
Investor Owned,Rural,Non-Teaching,COVID-19 History,11554.0,12.0,78.0,Yes,Yes,962.8325309728909,2,Under-Burdened,1,0,Low Volume,Low Strain
Government,Rural,Non-Teaching,COVID-19 History,30623.0,20.0,80.0,Yes,Yes,1531.149234425383,4,Normal,1,0,Medium Volume,Medium Strain
Nonprofit,Urban,Non-Teaching,COVID-19 History,74433.0,36.0,1802.5,No,Yes,2067.582759004789,6,Overburdened,3,0,High Volume,High Strain
Government,Urban,Teaching,COVID-19 History,45491.0,30.0,307.0,No,Yes,1516.3661612112796,5,Normal,2,0,Medium Volume,Medium Strain
Nonprofit,Urban,Non-Teaching,COVID-19 History,53560.0,40.0,235.0,No,Yes,1338.9996652500836,5,Normal,3,0,High Volume,Medium Strain
Nonprofit,Urban,Teaching,COVID-19 History,41196.0,26.0,124.0,No,No,1584.4609290534888,6,Normal,2,0,Medium Volume,Medium Strain
Nonprofit,Urban,Non-Teaching,COVID-19 History,72057.0,46.0,18.0,Yes,No,1566.456181205178,6,Normal,3,0,High Volume,Medium Strain
Government,Urban,Non-Teaching,COVID-19 History,33564.0,14.0,42.0,No,No,2397.4268589808153,4,Overburdened,4,0,Medium Volume,High Strain
Nonprofit,Urban,Non-Teaching,COVID-19 History,31471.5,22.0,251.5,No,No,1430.5220770354194,3,Normal,2,0,Medium Volume,Medium Strain
Nonprofit,Urban,Non-Teaching,COVID-19 History,33640.5,16.0,146.0,No,No,2102.52993591879,6,Overburdened,2,0,Medium Volume,High Strain
Nonprofit,Urban,Non-Teaching,COVID-19 History,52043.0,50.0,129.0,No,No,1040.8597918280416,7,Under-Burdened,3,0,High Volume,Low Strain
Investor Owned,Urban,Non-Teaching,COVID-19 History,29638.0,21.0,218.0,No,No,1411.3326612701612,4,Normal,4,0,Medium Volume,Medium Strain
Nonprofit,Urban,Non-Teaching,COVID-19 History,25109.5,16.0,529.5,No,No,1569.3427691607694,6,Normal,2,0,Low Volume,Medium Strain
Investor Owned,Urban,Non-Teaching,COVID-19 History,50599.5,24.0,284.0,No,No,2108.3116215368245,6,Overburdened,4,0,High Volume,High Strain
Nonprofit,Urban,Non-Teaching,COVID-19 History,109217.0,29.0,795.0,Yes,Yes,3766.1021496199482,3,Overburdened,2,4,High Volume,High Strain
Government,Rural,Non-Teaching,COVID-19 History,10799.0,13.0,45.0,No,Yes,830.6916686987164,1,Under-Burdened,1,0,Low Volume,Low Strain
Nonprofit,Rural,Non-Teaching,COVID-19 History,6472.0,8.0,23.0,No,No,808.998988751264,4,Under-Burdened,1,0,Low Volume,Low Strain
Nonprofit,Rural,Non-Teaching,COVID-19 History,23312.0,18.0,1013.0,Yes,Yes,1295.110391605338,3,Normal,1,0,Low Volume,Medium Strain
Government,Urban,Non-Teaching,COVID-19 History,27460.0,23.0,111.0,No,No,1193.912524385859,4,Normal,2,0,Medium Volume,Medium Strain
Nonprofit,Urban,Non-Teaching,COVID-19 History,11497.0,69.0,138.0,No,No,166.62316425751243,2,Under-Burdened,0,11,Low Volume,Low Strain
Nonprofit,Urban,Teaching,COVID-19 History,112998.5,72.0,3818.0,No,No,1569.4233931356398,5,Normal,0,0,High Volume,Medium Strain
Investor Owned,Urban,Teaching,COVID-19 History,87345.0,64.0,465.0,Yes,Yes,1364.7654117554043,7,Normal,0,0,High Volume,Medium Strain
Nonprofit,Urban,Non-Teaching,COVID-19 History,51767.0,26.0,1561.0,No,Yes,1991.0376957547323,3,Overburdened,2,0,High Volume,High Strain
Nonprofit,Urban,Teaching,COVID-19 History,99973.0,59.0,2278.0,No,No,1694.4573399224846,5,Normal,0,0,High Volume,High Strain
Nonprofit,Urban,Non-Teaching,COVID-19 History,30920.5,20.0,1105.5,No,No,1546.0242269878865,6,Normal,2,0,Medium Volume,Medium Strain
Nonprofit,Urban,Non-Teaching,COVID-19 History,56462.0,31.0,2583.0,No,No,1821.3542511760481,6,Overburdened,2,0,High Volume,High Strain
Nonprofit,Urban,Non-Teaching,COVID-19 History,45169.5,29.0,1356.5,No,No,1557.56842842468,6,Normal,2,0,Medium Volume,Medium Strain
Nonprofit,Urban,Teaching,COVID-19 History,107243.0,53.0,2909.0,No,No,2023.4524484051983,5,Overburdened,3,0,High Volume,High Strain
Nonprofit,Urban,Non-Teaching,COVID-19 History,42886.0,25.0,1569.0,No,No,1715.4393138242744,3,Normal,2,0,Medium Volume,High Strain
Nonprofit,Urban,Teaching,COVID-19 History,112998.5,80.5,3153.0,Yes,No,1403.7079001605093,6,Normal,0,0,High Volume,Medium Strain
Nonprofit,Urban,Teaching,COVID-19 History,62646.0,24.0,5331.625,No,Yes,2610.2489123962864,6,Overburdened,2,0,High Volume,High Strain
Nonprofit,Frontier,Non-Teaching,COVID-19 History,4339.5,4.0,21.5,Yes,Yes,1084.8722878192805,1,Normal,1,0,Low Volume,Low Strain
Nonprofit,Urban,Non-Teaching,COVID-19 History,14965.0,39.0,451.0,No,No,383.7178503287563,4,Under-Burdened,3,0,Low Volume,Low Strain
Nonprofit,Urban,Teaching,COVID-19 History,112998.5,80.5,5331.625,No,No,1403.7079001605093,6,Normal,0,0,High Volume,Medium Strain
Nonprofit,Urban,Non-Teaching,COVID-19 History,5637.5,7.0,14.5,No,Yes,805.3559923485824,2,Under-Burdened,1,0,Low Volume,Low Strain
Investor Owned,Urban,Teaching,COVID-19 History,82844.0,62.0,2006.0,Yes,Yes,1336.1933328720431,6,Normal,0,0,High Volume,Medium Strain
Investor Owned,Urban,Non-Teaching,COVID-19 History,13380.0,22.0,23.0,No,No,608.1815417356629,5,Under-Burdened,4,0,Low Volume,Low Strain
Nonprofit,Urban,Non-Teaching,COVID-19 History,17158.0,17.0,420.0,No,No,1009.293523944986,4,Under-Burdened,2,0,Low Volume,Low Strain
Nonprofit,Urban,Teaching,COVID-19 History,43220.0,40.0,730.0,No,No,1080.4997298750675,6,Under-Burdened,3,0,Medium Volume,Low Strain
Nonprofit,Urban,Non-Teaching,COVID-19 History,63151.0,40.0,800.0,No,No,1578.7746053063486,5,Normal,3,0,High Volume,Medium Strain
Nonprofit,Urban,Teaching,COVID-19 History,73413.0,36.0,2145.0,No,No,2039.249433541824,5,Overburdened,3,0,High Volume,High Strain
Nonprofit,Urban,Teaching,COVID-19 History,74166.0,30.0,2556.0,No,No,2472.199175933608,6,Overburdened,2,0,High Volume,High Strain
Nonprofit,Urban,Non-Teaching,COVID-19 History,39333.0,24.0,1847.0,No,Yes,1638.8743171357012,5,Normal,2,0,Medium Volume,High Strain
Nonprofit,Urban,Non-Teaching,COVID-19 History,53345.0,27.0,1575.0,No,No,1975.740008985182,4,Overburdened,2,0,High Volume,High Strain
Nonprofit,Urban,Non-Teaching,COVID-19 History,59695.0,30.0,1007.0,No,Yes,1989.8326700557766,4,Overburdened,2,0,High Volume,High Strain
Government,Urban,Teaching,COVID-19 History,71708.0,73.0,715.0,Yes,Yes,982.3012353012006,6,Under-Burdened,0,0,High Volume,Low Strain
Government,Urban,Non-Teaching,COVID-19 History,45896.0,35.0,94.0,No,No,1311.313911053168,4,Normal,3,0,Medium Volume,Medium Strain
Nonprofit,Urban,Non-Teaching,COVID-19 History,34054.5,18.0,225.0,No,No,1891.9156156024358,3,Overburdened,2,0,Medium Volume,High Strain
Nonprofit,Urban,Non-Teaching,COVID-19 History,23820.0,19.5,1195.0,No,Yes,1221.5378351088025,3,Normal,2,0,Low Volume,Medium Strain
Nonprofit,Urban,Non-Teaching,COVID-19 History,32229.0,23.0,268.0,No,Yes,1401.260260321626,2,Normal,2,0,Medium Volume,Medium Strain
Investor Owned,Rural,Non-Teaching,COVID-19 History,6307.0,9.0,8.0,Yes,Yes,700.7769991366677,3,Under-Burdened,1,0,Low Volume,Low Strain
Government,Frontier,Non-Teaching,COVID-19 History,2837.0,2.0,3.0,Yes,Yes,1418.4929075354623,1,Normal,1,0,Low Volume,Medium Strain
Investor Owned,Urban,Non-Teaching,COVID-19 History,23943.0,20.0,73.0,Yes,No,1197.1494014252994,6,Normal,4,0,Low Volume,Medium Strain
Government,Urban,Teaching,COVID-19 History,32425.0,41.0,619.0,No,No,790.8534656454962,6,Under-Burdened,3,0,Medium Volume,Low Strain
Nonprofit,Rural,Non-Teaching,COVID-19 History,28244.0,16.0,212.0,Yes,Yes,1765.2488967194397,3,Overburdened,1,0,Medium Volume,High Strain
Government,Frontier,Non-Teaching,COVID-19 History,4834.0,4.0,2.0,Yes,Yes,1208.4969787575533,2,Normal,1,0,Low Volume,Medium Strain
Nonprofit,Urban,Non-Teaching,COVID-19 History,58831.0,56.0,1452.0,No,No,1050.5533838297529,6,Under-Burdened,3,0,High Volume,Low Strain
Investor Owned,Urban,Non-Teaching,COVID-19 History,73328.0,64.0,1021.0,Yes,Yes,1145.7498209765904,6,Normal,0,0,High Volume,Low Strain
Government,Urban,Teaching,COVID-19 History,68827.0,44.0,721.0,No,Yes,1564.249644488717,6,Normal,3,0,High Volume,Medium Strain
Nonprofit,Urban,Non-Teaching,COVID-19 History,51901.0,24.0,923.0,No,Yes,2162.540765608014,6,Overburdened,2,0,High Volume,High Strain
Government,Urban,Teaching,COVID-19 History,33076.0,52.0,51.0,No,No,636.0768007544614,7,Under-Burdened,3,0,Medium Volume,Low Strain
Nonprofit,Urban,Non-Teaching,COVID-19 History,28108.0,21.0,115.0,Yes,Yes,1338.4755531068795,5,Normal,1,0,Medium Volume,Medium Strain
Investor Owned,Urban,Non-Teaching,COVID-19 History,67670.0,62.0,633.0,Yes,Yes,1091.4514368626715,6,Normal,0,0,High Volume,Low Strain
Government,Urban,Non-Teaching,Cancer,13261.0,12.0,103.33333333333333,No,No,1105.082412431323,3,Normal,4,0,Low Volume,Low Strain
Nonprofit,Urban,Non-Teaching,Cancer,29420.666666666668,22.0,321.0,No,No,1337.302422438293,6,Normal,2,0,Medium Volume,Medium Strain
Nonprofit,Urban,Teaching,Cancer,30782.5,40.0,137.5,No,No,769.562307609423,4,Under-Burdened,3,0,Medium Volume,Low Strain
Government,Urban,Non-Teaching,Cancer,65082.0,59.0,509.5,No,No,1103.0845587992274,5,Normal,0,0,High Volume,Low Strain
Nonprofit,Urban,Non-Teaching,Cancer,29479.0,30.0,458.3333333333333,No,No,982.633005788998,6,Under-Burdened,2,0,Medium Volume,Low Strain
Government,Urban,Non-Teaching,Cancer,42180.666666666664,39.0,311.0,No,No,1081.5552782336893,6,Normal,3,0,Medium Volume,Low Strain
Nonprofit,Urban,Non-Teaching,Cancer,28620.0,17.0,321.0,No,No,1683.5284214538697,4,Normal,2,0,Medium Volume,High Strain
Nonprofit,Urban,Non-Teaching,Cancer,37801.333333333336,18.0,809.6666666666666,No,No,2100.0729073669036,3,Overburdened,2,0,Medium Volume,High Strain
Nonprofit,Urban,Non-Teaching,Cancer,31745.0,22.0,319.3333333333333,No,No,1442.9538895664139,3,Normal,2,0,Medium Volume,Medium Strain
Nonprofit,Urban,Non-Teaching,Cancer,110997.0,80.0,2164.0,No,No,1387.4623265672092,6,Normal,0,0,High Volume,Medium Strain
Nonprofit,Urban,Non-Teaching,Cancer,66977.0,40.0,1327.3333333333333,No,No,1674.4245813938546,5,Normal,3,0,High Volume,High Strain
Nonprofit,Rural,Non-Teaching,Cancer,24025.0,14.0,244.66666666666666,Yes,No,1716.070202806998,2,Normal,1,0,Low Volume,High Strain
Nonprofit,Rural,Non-Teaching,Cancer,9708.5,5.0,88.0,Yes,Yes,1941.696116607767,3,Overburdened,1,0,Low Volume,High Strain
Nonprofit,Rural,Non-Teaching,Cancer,8570.0,14.0,50.5,Yes,Yes,612.1424198982716,3,Under-Burdened,1,0,Low Volume,Low Strain
Nonprofit,Urban,Non-Teaching,Cancer,55911.0,49.0,739.0,No,Yes,1141.0405834611054,5,Normal,3,0,High Volume,Low Strain
Nonprofit,Rural,Non-Teaching,Cancer,10039.0,8.0,139.0,Yes,Yes,1254.8734314082108,1,Normal,1,0,Low Volume,Medium Strain
Nonprofit,Urban,Non-Teaching,Cancer,41025.0,30.0,208.0,No,No,1367.4995441668186,3,Normal,2,0,Medium Volume,Medium Strain
Nonprofit,Urban,Non-Teaching,Cancer,46164.333333333336,44.0,971.6666666666666,No,No,1049.1891554873132,7,Under-Burdened,3,0,Medium Volume,Low Strain
Nonprofit,Urban,Non-Teaching,Cancer,63404.333333333336,52.0,1783.0,No,No,1219.3138680806665,5,Normal,3,0,High Volume,Medium Strain
Nonprofit,Urban,Non-Teaching,Cancer,50722.333333333336,32.0,798.0,No,No,1585.072421331535,5,Normal,2,0,High Volume,Medium Strain
Investor Owned,Urban,Non-Teaching,Cancer,16929.333333333332,12.0,76.66666666666667,No,No,1410.7766021306093,3,Normal,4,0,Low Volume,Medium Strain
Nonprofit,Urban,Non-Teaching,Cancer,63958.666666666664,36.0,1193.3333333333333,No,No,1776.629136121536,4,Overburdened,3,0,High Volume,High Strain
Nonprofit,Rural,Non-Teaching,Cancer,16776.666666666668,12.0,107.0,Yes,Yes,1398.0543905102302,3,Normal,1,0,Low Volume,Medium Strain
Nonprofit,Rural,Non-Teaching,Cancer,55450.333333333336,59.0,540.6666666666666,Yes,Yes,939.8359988978533,6,Under-Burdened,0,1,High Volume,Low Strain
Investor Owned,Rural,Non-Teaching,Cancer,7588.5,9.0,8.5,Yes,Yes,843.1657298158558,3,Under-Burdened,1,0,Low Volume,Low Strain
Nonprofit,Urban,Teaching,Cancer,80788.66666666667,73.0,347.3333333333333,Yes,No,1106.693912325035,7,Normal,0,0,High Volume,Low Strain
Nonprofit,Rural,Non-Teaching,Cancer,35672.666666666664,10.0,84.0,Yes,Yes,3567.263099403567,1,Overburdened,1,2,Medium Volume,High Strain
Nonprofit,Urban,Non-Teaching,Cancer,57338.0,48.0,391.0,No,Yes,1194.5414178038711,6,Normal,3,0,High Volume,Medium Strain
Nonprofit,Urban,Non-Teaching,Cancer,47511.333333333336,21.0,1103.0,No,Yes,2262.4433670904605,4,Overburdened,2,0,Medium Volume,High Strain
Investor Owned,Frontier,Non-Teaching,Cancer,5907.0,4.333333333333333,45.333333333333336,Yes,Yes,1363.1507004214607,1,Normal,1,0,Low Volume,Medium Strain
Investor Owned,Rural,Non-Teaching,Cancer,10314.0,8.0,106.66666666666667,Yes,Yes,1289.2483884395144,1,Normal,1,0,Low Volume,Medium Strain
Investor Owned,Rural,Non-Teaching,Cancer,28371.0,20.0,339.0,Yes,Yes,1418.5492907253547,3,Normal,1,0,Medium Volume,Medium Strain
Government,Rural,Non-Teaching,Cancer,39829.0,16.0,164.0,Yes,Yes,2489.31094418066,3,Overburdened,1,0,Medium Volume,High Strain
Government,Rural,Non-Teaching,Cancer,7991.666666666667,7.666666666666667,128.0,No,No,1042.3899447087679,1,Under-Burdened,4,0,Low Volume,Low Strain
Government,Frontier,Non-Teaching,Cancer,1610.0,2.0,23.0,Yes,No,804.9959750201249,1,Under-Burdened,1,0,Low Volume,Low Strain
Nonprofit,Urban,Non-Teaching,Cancer,28485.0,10.0,79.5,Yes,Yes,2848.4971515028487,4,Overburdened,1,0,Medium Volume,High Strain
Government,Frontier,Non-Teaching,Cancer,6546.333333333333,8.0,71.0,Yes,Yes,818.290643803362,3,Under-Burdened,1,0,Low Volume,Low Strain
Nonprofit,Urban,Non-Teaching,Cancer,64106.0,42.666666666666664,493.3333333333333,No,Yes,1502.484022855307,3,Normal,3,0,High Volume,Medium Strain
Nonprofit,Rural,Non-Teaching,Cancer,15535.666666666666,12.0,98.0,Yes,Yes,1294.6378100240472,2,Normal,1,0,Low Volume,Medium Strain
Nonprofit,Rural,Non-Teaching,Cancer,20035.333333333332,13.0,161.0,Yes,Yes,1541.1783016577167,1,Normal,1,0,Low Volume,Medium Strain
Nonprofit,Urban,Non-Teaching,Cancer,88985.33333333333,40.666666666666664,355.3333333333333,Yes,Yes,2188.163396353263,4,Overburdened,3,0,High Volume,High Strain
Nonprofit,Rural,Non-Teaching,Cancer,18720.666666666668,8.0,178.33333333333334,Yes,Yes,2340.080408232823,1,Overburdened,1,0,Low Volume,High Strain
Nonprofit,Rural,Non-Teaching,Cancer,18771.0,12.0,182.66666666666666,Yes,Yes,1564.2486964594198,1,Normal,1,0,Low Volume,Medium Strain
Nonprofit,Rural,Non-Teaching,Cancer,10002.666666666666,8.0,83.66666666666667,Yes,Yes,1250.3317704186202,1,Normal,1,0,Low Volume,Medium Strain
Investor Owned,Urban,Non-Teaching,Cancer,14433.0,8.0,83.5,No,No,1804.122744846569,3,Overburdened,4,0,Low Volume,High Strain
Government,Urban,Non-Teaching,Cancer,102466.66666666667,42.666666666666664,625.3333333333334,No,Yes,2401.561937133921,6,Overburdened,3,3,High Volume,High Strain
Nonprofit,Urban,Non-Teaching,Cancer,36011.0,26.0,128.0,No,No,1385.0379288315658,6,Normal,2,0,Medium Volume,Medium Strain
Investor Owned,Urban,Non-Teaching,Cancer,12317.0,17.0,59.333333333333336,No,No,724.528985571185,6,Under-Burdened,4,0,Low Volume,Low Strain
Nonprofit,Urban,Non-Teaching,Cancer,57101.0,35.0,238.0,No,No,1631.4566767266635,6,Normal,3,0,High Volume,High Strain
Investor Owned,Urban,Non-Teaching,Cancer,34882.0,50.5,61.0,Yes,No,690.7325364886066,6,Under-Burdened,3,0,Medium Volume,Low Strain
Nonprofit,Urban,Teaching,Cancer,65446.0,41.0,477.0,Yes,No,1596.2435131113382,6,Normal,3,0,High Volume,High Strain
Investor Owned,Urban,Non-Teaching,Cancer,29986.333333333332,14.0,57.666666666666664,No,Yes,2141.879422467079,2,Overburdened,4,0,Medium Volume,High Strain
Investor Owned,Urban,Non-Teaching,Cancer,3751.5,4.0,13.0,Yes,Yes,937.8726553183618,3,Under-Burdened,1,0,Low Volume,Low Strain
Investor Owned,Urban,Non-Teaching,Cancer,20267.0,12.0,135.33333333333334,No,No,1688.915259237284,5,Normal,4,0,Low Volume,High Strain
Investor Owned,Urban,Non-Teaching,Cancer,33361.5,14.0,196.5,No,No,2382.9625835981547,4,Overburdened,4,0,Medium Volume,High Strain
Nonprofit,Urban,Non-Teaching,Cancer,46487.666666666664,30.666666666666668,397.0,No,No,1515.9016795972782,4,Normal,2,0,Medium Volume,Medium Strain
Investor Owned,Urban,Non-Teaching,Cancer,9859.5,8.0,16.0,Yes,Yes,1232.4359594550508,3,Normal,1,0,Low Volume,Medium Strain
Investor Owned,Urban,Non-Teaching,Cancer,6710.333333333333,9.0,43.0,No,No,745.591764157299,3,Under-Burdened,4,0,Low Volume,Low Strain
Investor Owned,Urban,Non-Teaching,Cancer,16033.333333333334,21.0,207.0,No,No,763.4916999245874,5,Under-Burdened,4,0,Low Volume,Low Strain
Nonprofit,Urban,Non-Teaching,Cancer,39767.5,37.0,404.5,No,No,1074.7970068116197,7,Under-Burdened,3,0,Medium Volume,Low Strain
Investor Owned,Urban,Non-Teaching,Cancer,18635.5,9.0,88.5,Yes,No,2070.608810434655,3,Overburdened,4,0,Low Volume,High Strain
Nonprofit,Urban,Non-Teaching,Cancer,79359.66666666667,32.0,323.3333333333333,No,No,2479.9888083368305,6,Overburdened,2,0,High Volume,High Strain
Nonprofit,Urban,Non-Teaching,Cancer,68964.66666666667,30.0,750.0,Yes,No,2298.8214559484036,7,Overburdened,2,0,High Volume,High Strain
Nonprofit,Urban,Teaching,Cancer,53635.333333333336,57.0,798.3333333333334,Yes,No,940.9705951513575,6,Under-Burdened,0,0,High Volume,Low Strain
Nonprofit,Urban,Non-Teaching,Cancer,62426.5,49.5,1086.0,Yes,No,1261.1411593654223,5,Normal,3,0,High Volume,Medium Strain
Nonprofit,Urban,Non-Teaching,Cancer,61938.666666666664,41.0,1350.3333333333333,No,No,1510.6988185287432,5,Normal,3,0,High Volume,Medium Strain
Nonprofit,Urban,Non-Teaching,Cancer,79005.0,53.0,1125.0,No,No,1490.6600961018685,5,Normal,3,0,High Volume,Medium Strain
Nonprofit,Urban,Non-Teaching,Cancer,40703.0,29.0,214.0,No,No,1403.5512401547448,6,Normal,2,0,Medium Volume,Medium Strain
Nonprofit,Urban,Non-Teaching,Cancer,32344.666666666668,18.0,131.66666666666666,No,No,1796.9249276342996,3,Overburdened,2,0,Medium Volume,High Strain
Investor Owned,Urban,Non-Teaching,Cancer,36378.0,15.0,163.5,No,No,2425.198383201078,5,Overburdened,4,0,Medium Volume,High Strain
Investor Owned,Urban,Non-Teaching,Cancer,29577.0,10.666666666666666,123.66666666666667,Yes,No,2772.841150461422,4,Overburdened,4,0,Medium Volume,High Strain
Nonprofit,Urban,Teaching,Cancer,72059.5,64.0,461.0,No,No,1125.9295115735138,6,Normal,0,0,High Volume,Low Strain
Nonprofit,Urban,Non-Teaching,Cancer,35037.666666666664,29.0,222.66666666666666,No,No,1208.19498567989,6,Normal,2,0,Medium Volume,Medium Strain
Investor Owned,Urban,Non-Teaching,Cancer,16074.666666666666,5.666666666666667,57.0,No,No,2836.700876410218,3,Overburdened,4,0,Low Volume,High Strain
Nonprofit,Urban,Teaching,Cancer,54946.0,55.5,610.5,No,No,990.0178396364253,7,Under-Burdened,3,0,High Volume,Low Strain
Nonprofit,Urban,Non-Teaching,Cancer,47234.0,37.0,345.0,No,No,1276.5942495691215,6,Normal,3,0,Medium Volume,Medium Strain
Investor Owned,Urban,Non-Teaching,Cancer,4946.5,4.0,13.0,No,No,1236.621908445229,2,Normal,4,0,Low Volume,Medium Strain
Investor Owned,Urban,Non-Teaching,Cancer,6297.5,7.0,33.0,No,No,899.6415719406116,3,Under-Burdened,4,0,Low Volume,Low Strain
Nonprofit,Urban,Non-Teaching,Cancer,77714.0,71.0,342.0,No,No,1094.5632261178555,6,Normal,0,0,High Volume,Low Strain
Nonprofit,Urban,Non-Teaching,Cancer,57211.0,61.0,441.6666666666667,No,No,937.8850921499849,7,Under-Burdened,0,0,High Volume,Low Strain
Investor Owned,Urban,Non-Teaching,Cancer,12230.666666666666,8.0,21.0,No,No,1528.8314222940555,3,Normal,4,0,Low Volume,Medium Strain
Nonprofit,Urban,Non-Teaching,Cancer,32363.666666666668,15.333333333333334,136.33333333333334,No,No,2110.672536517911,5,Overburdened,2,0,Medium Volume,High Strain
Government,Urban,Non-Teaching,Cancer,31796.5,21.0,380.0,No,No,1514.1183266103208,5,Normal,2,0,Medium Volume,Medium Strain
Investor Owned,Urban,Non-Teaching,Cancer,6826.0,7.0,2.0,Yes,No,975.1414640836227,5,Under-Burdened,4,0,Low Volume,Low Strain
Nonprofit,Urban,Non-Teaching,Cancer,18475.333333333332,12.0,34.666666666666664,No,No,1539.609828102921,4,Normal,2,0,Low Volume,Medium Strain
Investor Owned,Urban,Non-Teaching,Cancer,46827.333333333336,41.333333333333336,245.0,Yes,Yes,1132.9190807453836,6,Normal,3,0,Medium Volume,Low Strain
Nonprofit,Urban,Non-Teaching,Cancer,23936.333333333332,27.0,246.66666666666666,No,No,886.530535852888,5,Under-Burdened,2,0,Low Volume,Low Strain
Nonprofit,Urban,Non-Teaching,Cancer,50359.333333333336,40.0,316.3333333333333,No,No,1258.9830185875787,6,Normal,3,0,High Volume,Medium Strain
Investor Owned,Urban,Non-Teaching,Cancer,9195.333333333334,8.0,35.333333333333336,No,No,1149.4152298976294,3,Normal,4,0,Low Volume,Low Strain
Nonprofit,Urban,Non-Teaching,Cancer,43418.0,32.0,78.66666666666667,No,No,1356.8120759962262,6,Normal,2,0,Medium Volume,Medium Strain
Nonprofit,Urban,Non-Teaching,Cancer,21073.5,13.0,252.5,No,No,1621.037214586758,4,Normal,2,0,Low Volume,High Strain
Investor Owned,Urban,Non-Teaching,Cancer,46270.0,30.0,169.66666666666666,No,No,1542.3328192223937,5,Normal,4,0,Medium Volume,Medium Strain
Nonprofit,Urban,Teaching,Cancer,49428.0,28.0,411.0,No,No,1765.285083826756,6,Overburdened,2,0,High Volume,High Strain
Investor Owned,Urban,Non-Teaching,Cancer,23054.5,13.0,108.0,No,No,1773.4217127525287,4,Overburdened,4,0,Low Volume,High Strain
Nonprofit,Urban,Non-Teaching,Cancer,52035.666666666664,30.0,363.3333333333333,No,No,1734.5216440483407,6,Normal,2,0,High Volume,High Strain
Government,Urban,Teaching,Cancer,73969.0,72.66666666666667,974.6666666666666,Yes,No,1017.9218782676313,6,Under-Burdened,0,0,High Volume,Low Strain
Government,Urban,Teaching,Cancer,105955.5,80.5,1882.5,No,No,1316.2172277991021,7,Normal,0,0,High Volume,Medium Strain
Nonprofit,Urban,Teaching,Cancer,99493.0,29.0,696.0,Yes,Yes,3430.791920416579,3,Overburdened,2,4,High Volume,High Strain
Government,Urban,Teaching,Cancer,50463.666666666664,50.666666666666664,766.0,No,No,995.9932244750214,6,Under-Burdened,3,0,High Volume,Low Strain
Nonprofit,Urban,Non-Teaching,Cancer,40780.666666666664,37.333333333333336,833.6666666666666,No,No,1092.3389931234838,5,Normal,3,0,Medium Volume,Low Strain
Nonprofit,Urban,Non-Teaching,Cancer,67262.0,33.0,1120.6666666666667,Yes,No,2038.2418065933919,5,Overburdened,2,0,High Volume,High Strain
Nonprofit,Urban,Non-Teaching,Cancer,92182.33333333333,80.0,1627.6666666666667,No,No,1152.2790226317886,6,Normal,0,0,High Volume,Low Strain
Investor Owned,Urban,Non-Teaching,Cancer,64397.333333333336,35.0,253.33333333333334,Yes,Yes,1839.9232838314426,4,Overburdened,3,0,High Volume,High Strain
Nonprofit,Rural,Non-Teaching,Cancer,77745.33333333333,38.0,232.33333333333334,Yes,Yes,2045.9292861589595,6,Overburdened,3,1,High Volume,High Strain
Nonprofit,Urban,Non-Teaching,Cancer,27449.0,19.0,945.6666666666666,No,No,1444.683450166605,3,Normal,2,0,Medium Volume,Medium Strain
Nonprofit,Urban,Non-Teaching,Cancer,29936.333333333332,31.0,268.6666666666667,No,No,965.6878605307977,6,Under-Burdened,2,0,Medium Volume,Low Strain
Nonprofit,Urban,Non-Teaching,Cancer,14621.0,9.0,108.66666666666667,No,No,1624.553750495833,1,Normal,2,0,Low Volume,High Strain
Government,Rural,Non-Teaching,Cancer,6284.0,3.6666666666666665,65.33333333333333,Yes,Yes,1713.8135077813424,1,Normal,1,0,Low Volume,High Strain
Nonprofit,Rural,Non-Teaching,Cancer,9094.0,6.0,204.66666666666666,Yes,Yes,1515.6641405597659,1,Normal,1,0,Low Volume,Medium Strain
Nonprofit,Rural,Non-Teaching,Cancer,28163.666666666668,19.0,289.6666666666667,Yes,Yes,1482.2974654574743,2,Normal,1,0,Medium Volume,Medium Strain
Nonprofit,Rural,Non-Teaching,Cancer,13366.0,9.0,133.33333333333334,Yes,Yes,1485.1094609894878,1,Normal,1,0,Low Volume,Medium Strain
Nonprofit,Rural,Non-Teaching,Cancer,25567.333333333332,10.0,119.66666666666667,Yes,Yes,2556.7307766025565,1,Overburdened,1,0,Medium Volume,High Strain
Nonprofit,Urban,Non-Teaching,Cancer,57461.0,26.0,408.0,Yes,Yes,2210.0376115239956,4,Overburdened,2,0,High Volume,High Strain
Government,Frontier,Non-Teaching,Cancer,511.0,1.0,4.0,Yes,Yes,510.99489005109945,1,Under-Burdened,1,0,Low Volume,Low Strain
Nonprofit,Urban,Non-Teaching,Cancer,41278.666666666664,30.666666666666668,407.6666666666667,No,No,1346.0430393337915,5,Normal,2,0,Medium Volume,Medium Strain
Nonprofit,Rural,Non-Teaching,Cancer,14553.0,6.0,51.666666666666664,No,Yes,2425.495957506738,2,Overburdened,1,0,Low Volume,High Strain
Government,Urban,Non-Teaching,Cancer,50028.333333333336,16.0,493.0,Yes,Yes,3126.768879102784,5,Overburdened,1,0,High Volume,High Strain
Government,Urban,Non-Teaching,Cancer,51527.5,19.0,182.0,Yes,Yes,2711.972256856707,4,Overburdened,1,0,High Volume,High Strain
Investor Owned,Urban,Non-Teaching,Cancer,24487.0,18.0,221.66666666666666,No,No,1360.3881331177038,4,Normal,4,0,Low Volume,Medium Strain
Nonprofit,Rural,Non-Teaching,Cancer,6034.5,8.0,119.5,No,No,754.3115571105536,3,Under-Burdened,1,0,Low Volume,Low Strain
Government,Rural,Non-Teaching,Cancer,12749.5,15.0,113.5,Yes,Yes,849.9661000226,2,Under-Burdened,1,0,Low Volume,Low Strain
Nonprofit,Urban,Non-Teaching,Cancer,92289.0,35.666666666666664,538.6666666666666,No,No,2587.5413305958887,6,Overburdened,3,0,High Volume,High Strain
Nonprofit,Urban,Non-Teaching,Cancer,27767.5,26.0,366.5,No,No,1067.9803584690928,5,Under-Burdened,2,0,Medium Volume,Low Strain
Investor Owned,Urban,Teaching,Cancer,23505.0,30.0,56.0,No,Yes,783.4997388334205,5,Under-Burdened,4,0,Low Volume,Low Strain
Investor Owned,Urban,Non-Teaching,Cancer,5063.0,8.0,16.0,No,No,632.8742089072389,3,Under-Burdened,4,0,Low Volume,Low Strain
Investor Owned,Urban,Non-Teaching,Cancer,12153.0,11.0,19.0,No,Yes,1104.8171774389295,4,Normal,4,0,Low Volume,Low Strain
Nonprofit,Urban,Non-Teaching,Cancer,100965.66666666667,80.5,1601.6666666666667,No,No,1254.2317282527874,6,Normal,0,0,High Volume,Medium Strain
Investor Owned,Urban,Non-Teaching,Cancer,11960.0,12.0,21.333333333333332,No,No,996.6658361118033,3,Under-Burdened,4,0,Low Volume,Low Strain
Investor Owned,Urban,Non-Teaching,Cancer,11887.333333333334,11.0,28.666666666666668,No,No,1080.6656842433174,3,Normal,4,0,Low Volume,Low Strain
Investor Owned,Urban,Non-Teaching,Cancer,25199.5,23.0,255.0,No,No,1095.6299584217572,4,Normal,4,0,Low Volume,Low Strain
Investor Owned,Urban,Non-Teaching,Cancer,11411.0,10.0,17.0,Yes,No,1141.098858901141,4,Normal,4,0,Low Volume,Low Strain
Nonprofit,Urban,Non-Teaching,Cancer,34495.5,44.5,368.5,No,No,775.1796010832356,6,Under-Burdened,3,0,Medium Volume,Low Strain
Government,Urban,Teaching,Cancer,42020.0,50.666666666666664,1245.3333333333333,Yes,No,829.3419415772483,6,Under-Burdened,3,0,Medium Volume,Low Strain
Investor Owned,Urban,Non-Teaching,Cancer,19240.0,12.0,48.666666666666664,Yes,No,1603.3319972233357,4,Normal,4,0,Low Volume,High Strain
Nonprofit,Urban,Non-Teaching,Cancer,27262.5,31.0,412.0,No,No,879.4352001821935,5,Under-Burdened,2,0,Medium Volume,Low Strain
Nonprofit,Urban,Non-Teaching,Cancer,14340.0,20.0,88.33333333333333,No,No,716.9996415001792,4,Under-Burdened,2,0,Low Volume,Low Strain
Nonprofit,Urban,Non-Teaching,Cancer,53749.666666666664,36.0,398.3333333333333,No,No,1493.045881561329,6,Normal,3,0,High Volume,Medium Strain
Investor Owned,Urban,Non-Teaching,Cancer,4135.333333333333,8.0,10.333333333333334,No,No,516.916020521641,4,Under-Burdened,4,0,Low Volume,Low Strain
Investor Owned,Urban,Non-Teaching,Cancer,24221.0,24.0,102.0,Yes,No,1009.2079128300363,5,Under-Burdened,4,0,Low Volume,Low Strain
Investor Owned,Urban,Non-Teaching,Cancer,17550.0,17.5,37.5,No,No,1002.8565697962458,5,Under-Burdened,4,0,Low Volume,Low Strain
Nonprofit,Urban,Non-Teaching,Cancer,109291.5,72.0,1879.0,No,No,1517.9372891753765,5,Normal,0,0,High Volume,Medium Strain
Nonprofit,Urban,Non-Teaching,Cancer,26386.333333333332,14.0,267.6666666666667,No,Yes,1884.7367489975602,2,Overburdened,2,0,Medium Volume,High Strain
Nonprofit,Urban,Non-Teaching,Cancer,69937.5,69.0,587.0,No,No,1013.5868096251,6,Under-Burdened,0,0,High Volume,Low Strain
Nonprofit,Urban,Non-Teaching,Cancer,112998.5,62.0,2232.3333333333335,No,No,1822.5561576522325,6,Overburdened,0,0,High Volume,High Strain
Government,Frontier,Non-Teaching,Cancer,3495.0,3.0,44.0,Yes,Yes,1164.996116679611,1,Normal,1,0,Low Volume,Medium Strain
Government,Frontier,Non-Teaching,Cancer,2546.6666666666665,2.0,35.333333333333336,Yes,Yes,1273.3269666984997,1,Normal,1,0,Low Volume,Medium Strain
Investor Owned,Urban,Non-Teaching,Cancer,44698.666666666664,30.0,263.3333333333333,No,Yes,1489.9550589038693,4,Normal,4,0,Medium Volume,Medium Strain
Investor Owned,Urban,Non-Teaching,Cancer,54417.5,28.0,251.0,No,Yes,1943.4814487566255,6,Overburdened,4,0,High Volume,High Strain
Investor Owned,Urban,Non-Teaching,Cancer,39938.5,29.0,93.0,Yes,Yes,1377.189180279593,6,Normal,4,0,Medium Volume,Medium Strain
Investor Owned,Urban,Non-Teaching,Cancer,45627.5,12.0,174.0,No,Yes,3802.2884980929184,3,Overburdened,4,5,Medium Volume,High Strain
Government,Rural,Non-Teaching,Cancer,7767.0,7.0,84.0,Yes,Yes,1109.5698434716523,1,Normal,1,0,Low Volume,Low Strain
Investor Owned,Urban,Non-Teaching,Cancer,45660.666666666664,41.0,107.0,No,Yes,1113.6745251200343,4,Normal,3,0,Medium Volume,Low Strain
Government,Urban,Non-Teaching,Cancer,37046.333333333336,28.0,385.0,No,Yes,1323.0828608037402,2,Normal,2,0,Medium Volume,Medium Strain
Investor Owned,Urban,Non-Teaching,Cancer,15067.333333333334,12.0,46.666666666666664,Yes,No,1255.6100647693906,2,Normal,4,0,Low Volume,Medium Strain
Nonprofit,Urban,Non-Teaching,Cancer,54291.666666666664,41.0,847.0,No,Yes,1324.1866688975604,5,Normal,3,0,High Volume,Medium Strain
Nonprofit,Urban,Non-Teaching,Cancer,47474.5,26.0,518.0,No,Yes,1825.9416054070748,2,Overburdened,2,0,Medium Volume,High Strain
Investor Owned,Urban,Non-Teaching,Cancer,90694.33333333333,53.0,432.3333333333333,No,Yes,1711.213513607513,3,Normal,3,6,High Volume,High Strain
Investor Owned,Urban,Non-Teaching,Cancer,35054.666666666664,21.0,237.66666666666666,No,No,1669.2690463798192,3,Normal,4,0,Medium Volume,High Strain
Nonprofit,Urban,Non-Teaching,Cancer,47299.5,58.5,629.0,No,Yes,808.5383233267823,3,Under-Burdened,0,0,Medium Volume,Low Strain
Nonprofit,Urban,Non-Teaching,Cancer,95381.5,59.0,1101.5,No,No,1616.6353192143526,5,Normal,0,0,High Volume,High Strain
Government,Urban,Teaching,Cancer,63503.666666666664,70.0,1126.6666666666667,No,No,907.1951084959368,7,Under-Burdened,0,0,High Volume,Low Strain
Nonprofit,Urban,Non-Teaching,Cancer,84523.33333333333,51.333333333333336,407.3333333333333,No,No,1646.5581208003657,7,Normal,3,0,High Volume,High Strain
Nonprofit,Urban,Non-Teaching,Cancer,106119.0,53.0,1988.5,No,No,2002.2449052368102,5,Overburdened,3,0,High Volume,High Strain
Government,Rural,Non-Teaching,Cancer,21385.333333333332,18.0,47.666666666666664,Yes,No,1188.0734140332884,2,Normal,1,0,Low Volume,Medium Strain
Government,Rural,Non-Teaching,Cancer,11297.666666666666,7.0,81.66666666666667,Yes,Yes,1613.9500753094162,1,Normal,1,0,Low Volume,High Strain
Investor Owned,Urban,Non-Teaching,Cancer,33224.0,15.0,49.333333333333336,No,No,2214.9318567120954,3,Overburdened,4,0,Medium Volume,High Strain
Investor Owned,Urban,Non-Teaching,Cancer,22289.0,12.0,21.0,No,Yes,1857.4151188207343,3,Overburdened,4,0,Low Volume,High Strain
Nonprofit,Urban,Non-Teaching,Cancer,112998.5,80.5,1595.0,Yes,No,1403.7079001605093,6,Normal,0,0,High Volume,Medium Strain
Nonprofit,Urban,Teaching,Cancer,40403.0,40.0,875.0,No,No,1010.074747481313,6,Under-Burdened,3,0,Medium Volume,Low Strain
Government,Rural,Non-Teaching,Cancer,8291.666666666666,6.0,47.0,Yes,Yes,1381.9421412075424,1,Normal,1,0,Low Volume,Medium Strain
Nonprofit,Urban,Non-Teaching,Cancer,75626.66666666667,52.0,1073.0,No,Yes,1454.35869467461,6,Normal,3,0,High Volume,Medium Strain
Nonprofit,Urban,Non-Teaching,Cancer,53317.333333333336,18.0,109.66666666666667,No,Yes,2962.0724284782805,6,Overburdened,2,0,High Volume,High Strain
Nonprofit,Urban,Non-Teaching,Cancer,62192.333333333336,43.0,346.3333333333333,No,Yes,1446.3329969768224,5,Normal,3,0,High Volume,Medium Strain
Investor Owned,Urban,Non-Teaching,Cancer,30790.0,16.0,74.5,Yes,Yes,1924.3737972663766,3,Overburdened,4,0,Medium Volume,High Strain
Investor Owned,Rural,Non-Teaching,Cancer,22806.333333333332,15.333333333333334,110.66666666666667,Yes,Yes,1487.3685951943944,4,Normal,1,0,Low Volume,Medium Strain
Investor Owned,Urban,Non-Teaching,Cancer,35471.0,20.333333333333332,78.66666666666667,Yes,Yes,1744.4745518977616,3,Normal,4,0,Medium Volume,High Strain
Government,Urban,Teaching,Cancer,57942.0,47.0,306.0,Yes,No,1232.8082483386704,6,Normal,3,0,High Volume,Medium Strain
Investor Owned,Rural,Non-Teaching,Cancer,25407.666666666668,16.0,86.66666666666667,Yes,Yes,1587.9781741803079,1,Normal,1,0,Medium Volume,High Strain
Nonprofit,Urban,Non-Teaching,Cancer,23200.666666666668,15.0,93.0,No,Yes,1546.710079971058,2,Normal,2,0,Low Volume,Medium Strain
Nonprofit,Urban,Non-Teaching,Cancer,79146.5,63.0,964.0,No,No,1256.2934513819919,7,Normal,0,0,High Volume,Medium Strain
Nonprofit,Urban,Non-Teaching,Cancer,86469.0,80.5,403.0,No,Yes,1074.148934888331,7,Under-Burdened,0,0,High Volume,Low Strain
Nonprofit,Urban,Non-Teaching,Cancer,112241.5,80.5,3014.0,No,No,1394.3041746205993,6,Normal,0,0,High Volume,Medium Strain
Nonprofit,Urban,Teaching,Cancer,96961.66666666667,77.33333333333333,479.0,No,No,1253.8144930412295,6,Normal,0,0,High Volume,Medium Strain
Investor Owned,Urban,Non-Teaching,Cancer,17293.0,20.0,28.0,Yes,Yes,864.6495676752162,5,Under-Burdened,4,0,Low Volume,Low Strain
Nonprofit,Urban,Non-Teaching,Cancer,37200.666666666664,47.0,353.3333333333333,No,No,791.5033776943167,6,Under-Burdened,3,0,Medium Volume,Low Strain
Government,Urban,Non-Teaching,Cancer,39953.666666666664,40.0,255.0,No,No,998.8414169563123,6,Under-Burdened,3,0,Medium Volume,Low Strain
Government,Urban,Teaching,Cancer,60332.5,80.5,2173.5,No,No,749.4719565873346,6,Under-Burdened,0,0,High Volume,Low Strain
Nonprofit,Urban,Non-Teaching,Cancer,63761.0,48.0,349.0,No,No,1328.3538899262728,6,Normal,3,0,High Volume,Medium Strain
Government,Urban,Non-Teaching,Cancer,26922.5,8.0,284.0,No,No,3365.3082933646333,5,Overburdened,4,7,Medium Volume,High Strain
Nonprofit,Urban,Non-Teaching,Cancer,44178.666666666664,38.0,608.3333333333334,No,No,1162.5961852817054,4,Normal,3,0,Medium Volume,Low Strain
Government,Urban,Non-Teaching,Cancer,77978.0,72.0,775.0,No,Yes,1083.027627357274,5,Normal,0,0,High Volume,Low Strain
Nonprofit,Urban,Teaching,Cancer,31841.333333333332,28.666666666666668,616.6666666666666,No,No,1110.7437985777447,5,Normal,2,0,Medium Volume,Low Strain
Nonprofit,Urban,Non-Teaching,Cancer,10480.666666666666,12.0,77.0,No,No,873.3881610654213,5,Under-Burdened,2,0,Low Volume,Low Strain
Government,Urban,Teaching,Cancer,43609.0,59.0,364.6666666666667,No,No,739.135467943141,6,Under-Burdened,0,0,Medium Volume,Low Strain
Nonprofit,Urban,Non-Teaching,Cancer,20186.666666666668,19.0,62.0,No,No,1062.4555811637292,5,Under-Burdened,2,0,Low Volume,Low Strain
Nonprofit,Urban,Teaching,Cancer,11045.666666666666,12.0,61.333333333333336,No,No,920.4714551626762,5,Under-Burdened,2,0,Low Volume,Low Strain
Nonprofit,Urban,Non-Teaching,Cancer,26493.666666666668,35.0,226.33333333333334,No,Yes,756.9616884871366,5,Under-Burdened,3,0,Medium Volume,Low Strain
Nonprofit,Urban,Non-Teaching,Cancer,17995.0,16.0,94.33333333333333,No,No,1124.686797070752,3,Normal,2,0,Low Volume,Low Strain
Nonprofit,Urban,Non-Teaching,Cancer,49033.666666666664,28.0,490.3333333333333,No,Yes,1751.2017555231826,4,Overburdened,2,0,High Volume,High Strain
Government,Urban,Non-Teaching,Cancer,41087.333333333336,25.333333333333332,209.66666666666666,Yes,Yes,1621.8677808416658,4,Normal,2,0,Medium Volume,High Strain
Nonprofit,Urban,Non-Teaching,Cancer,29388.666666666668,14.0,143.0,No,Yes,2099.1889767697785,2,Overburdened,2,0,Medium Volume,High Strain
Investor Owned,Urban,Non-Teaching,Cancer,25987.0,11.0,107.0,No,Yes,2362.4523977705476,2,Overburdened,4,0,Medium Volume,High Strain
Nonprofit,Urban,Non-Teaching,Cancer,103851.33333333333,46.666666666666664,1934.0,No,Yes,2225.385237417449,2,Overburdened,3,8,High Volume,High Strain
Nonprofit,Rural,Non-Teaching,Cancer,25632.666666666668,18.0,322.6666666666667,No,Yes,1424.0362459057894,2,Normal,1,0,Medium Volume,Medium Strain
Nonprofit,Rural,Non-Teaching,Cancer,20801.333333333332,22.0,462.3333333333333,No,Yes,945.5147217357325,2,Under-Burdened,1,0,Low Volume,Low Strain
Investor Owned,Rural,Non-Teaching,Cancer,19784.666666666668,11.0,131.66666666666666,No,Yes,1798.6044255111285,4,Overburdened,1,0,Low Volume,High Strain
Investor Owned,Urban,Non-Teaching,Cancer,27192.666666666668,23.0,214.33333333333334,No,No,1182.2893410336198,3,Normal,4,0,Medium Volume,Medium Strain
Government,Urban,Non-Teaching,Cancer,33189.666666666664,15.0,84.33333333333333,No,No,2212.6429693491314,4,Overburdened,4,0,Medium Volume,High Strain
Nonprofit,Urban,Non-Teaching,Cancer,39927.666666666664,19.0,726.6666666666666,No,No,2101.4550343219116,3,Overburdened,2,0,Medium Volume,High Strain
Investor Owned,Urban,Non-Teaching,Cancer,13136.0,22.0,68.0,No,No,597.0906376860738,6,Under-Burdened,4,0,Low Volume,Low Strain
Investor Owned,Rural,Non-Teaching,Cancer,1620.0,7.0,3.0,No,No,231.42824081679885,3,Under-Burdened,4,9,Low Volume,Low Strain
Nonprofit,Urban,Non-Teaching,Cancer,41904.5,26.0,419.5,No,No,1611.7109185727236,5,Normal,2,0,Medium Volume,High Strain
Nonprofit,Urban,Non-Teaching,Cancer,14532.0,17.0,122.0,No,No,854.8230265746903,5,Under-Burdened,2,0,Low Volume,Low Strain
Nonprofit,Urban,Non-Teaching,Cancer,32738.0,24.0,665.6666666666666,No,No,1364.0827649655146,4,Normal,2,0,Medium Volume,Medium Strain
Nonprofit,Urban,Non-Teaching,Cancer,22042.666666666668,22.0,190.0,No,Yes,1001.9389385126037,1,Under-Burdened,2,0,Low Volume,Low Strain
Government,Rural,Non-Teaching,Cancer,18819.5,10.0,204.5,No,Yes,1881.948118051882,2,Overburdened,1,0,Low Volume,High Strain
Nonprofit,Urban,Non-Teaching,Cancer,48621.0,41.0,502.0,Yes,Yes,1185.8777595420097,5,Normal,3,0,Medium Volume,Medium Strain
Nonprofit,Urban,Non-Teaching,Cancer,35892.0,40.5,507.0,No,No,886.2220034019743,6,Under-Burdened,3,0,Medium Volume,Low Strain
Nonprofit,Rural,Non-Teaching,Cancer,9330.0,8.0,153.0,No,Yes,1166.2485421893223,1,Normal,1,0,Low Volume,Medium Strain
Nonprofit,Urban,Non-Teaching,Cancer,52909.5,40.0,585.5,No,No,1322.7371693157077,6,Normal,3,0,High Volume,Medium Strain
Investor Owned,Urban,Non-Teaching,Cancer,47574.333333333336,35.0,272.3333333333333,No,No,1359.266278304873,6,Normal,3,0,Medium Volume,Medium Strain
Government,Urban,Non-Teaching,Cancer,49958.666666666664,25.0,187.66666666666666,No,No,1998.3458673283196,6,Overburdened,2,0,High Volume,High Strain
Nonprofit,Urban,Teaching,Cancer,73416.5,80.5,1923.0,No,No,912.0060978874412,5,Under-Burdened,0,0,High Volume,Low Strain
Nonprofit,Urban,Non-Teaching,Cancer,65069.0,36.0,961.0,No,No,1807.4717201467442,5,Overburdened,3,0,High Volume,High Strain
Government,Rural,Non-Teaching,Cancer,33380.333333333336,8.0,78.66666666666667,No,No,4172.536450996104,2,Overburdened,4,10,Medium Volume,High Strain
Nonprofit,Urban,Non-Teaching,Cancer,67463.5,30.0,1690.0,No,No,2248.7825837391388,6,Overburdened,2,0,High Volume,High Strain
Nonprofit,Urban,Non-Teaching,Cancer,28103.666666666668,13.333333333333334,201.66666666666666,Yes,No,2107.7734191699356,3,Overburdened,2,0,Medium Volume,High Strain
Government,Frontier,Non-Teaching,Cancer,3986.3333333333335,6.0,61.666666666666664,Yes,Yes,664.3877815759197,3,Under-Burdened,1,0,Low Volume,Low Strain
Investor Owned,Urban,Non-Teaching,Cancer,24901.0,28.0,48.666666666666664,No,Yes,889.3211109567461,5,Under-Burdened,4,0,Low Volume,Low Strain
Nonprofit,Urban,Non-Teaching,Cancer,42502.0,26.0,730.3333333333334,No,Yes,1634.691678964739,5,Normal,2,0,Medium Volume,High Strain
Nonprofit,Rural,Non-Teaching,Cancer,9721.666666666666,11.0,140.66666666666666,Yes,Yes,883.7870753450829,1,Under-Burdened,1,0,Low Volume,Low Strain
Nonprofit,Rural,Non-Teaching,Cancer,9916.0,7.0,156.0,Yes,Yes,1416.5694049008503,1,Normal,1,0,Low Volume,Medium Strain
Nonprofit,Urban,Non-Teaching,Cancer,57303.333333333336,51.0,1233.6666666666667,No,No,1123.594550929173,5,Normal,3,0,High Volume,Low Strain
Nonprofit,Urban,Non-Teaching,Cancer,24714.666666666668,13.0,150.33333333333334,No,No,1901.1267427230187,3,Overburdened,2,0,Low Volume,High Strain
Nonprofit,Urban,Non-Teaching,Cancer,57780.0,45.0,552.6666666666666,No,No,1283.99971466673,4,Normal,3,0,High Volume,Medium Strain
Nonprofit,Urban,Non-Teaching,Cancer,48864.0,27.0,1026.5,No,No,1809.7771074899601,3,Overburdened,2,0,Medium Volume,High Strain
Investor Owned,Rural,Non-Teaching,Cancer,8867.0,9.0,130.0,No,No,985.2211275320806,1,Under-Burdened,4,0,Low Volume,Low Strain
Investor Owned,Urban,Non-Teaching,Cancer,17207.5,15.0,165.5,No,No,1147.1659018893988,2,Normal,4,0,Low Volume,Low Strain
Investor Owned,Urban,Non-Teaching,Cancer,35628.0,29.5,393.0,No,Yes,1207.728404159863,5,Normal,4,0,Medium Volume,Medium Strain
Government,Urban,Non-Teaching,Cancer,8424.666666666666,8.333333333333334,121.66666666666667,Yes,No,1010.9587868494557,2,Under-Burdened,4,0,Low Volume,Low Strain
Nonprofit,Urban,Teaching,Cancer,53276.0,30.0,1129.5,No,Yes,1775.8660747113086,4,Overburdened,2,0,High Volume,High Strain
Nonprofit,Urban,Non-Teaching,Cancer,31739.5,34.0,328.0,No,Yes,933.5144313192848,3,Under-Burdened,3,0,Medium Volume,Low Strain
Investor Owned,Urban,Non-Teaching,Cancer,77669.33333333333,33.0,315.6666666666667,No,No,2353.6154483993587,6,Overburdened,2,0,High Volume,High Strain
Investor Owned,Urban,Non-Teaching,Cancer,51875.333333333336,32.0,286.6666666666667,No,No,1621.1036600717728,5,Normal,4,0,High Volume,High Strain
Nonprofit,Urban,Non-Teaching,Cancer,72098.66666666667,40.0,573.6666666666666,No,No,1802.4662160501127,6,Overburdened,3,0,High Volume,High Strain
Government,Rural,Non-Teaching,Cancer,18690.333333333332,12.0,56.333333333333336,Yes,No,1557.5264798390444,1,Normal,1,0,Low Volume,Medium Strain
Nonprofit,Rural,Non-Teaching,Cancer,28291.666666666668,14.0,306.6666666666667,Yes,Yes,2020.8318898819837,2,Overburdened,1,0,Medium Volume,High Strain
Government,Urban,Non-Teaching,Cancer,59761.5,80.5,482.0,Yes,Yes,742.3787897666099,6,Under-Burdened,0,0,High Volume,Low Strain
Government,Rural,Non-Teaching,Cancer,33321.0,24.0,230.5,Yes,Yes,1388.3744215106578,4,Normal,1,0,Medium Volume,Medium Strain
Nonprofit,Rural,Non-Teaching,Cancer,28867.333333333332,15.0,89.66666666666667,Yes,Yes,1924.4876058971515,3,Overburdened,1,0,Medium Volume,High Strain
Nonprofit,Rural,Non-Teaching,Cancer,30663.666666666668,18.0,422.3333333333333,Yes,Yes,1703.536090628098,2,Normal,1,0,Medium Volume,High Strain
Government,Urban,Non-Teaching,Cancer,40721.5,38.5,501.5,No,No,1057.70102397376,5,Under-Burdened,3,0,Medium Volume,Low Strain
Investor Owned,Urban,Non-Teaching,Cancer,40176.0,28.0,262.3333333333333,No,No,1434.8566304083463,6,Normal,4,0,Medium Volume,Medium Strain
Nonprofit,Rural,Non-Teaching,Cancer,7952.0,6.0,170.0,No,No,1325.331124448126,1,Normal,1,0,Low Volume,Medium Strain
Nonprofit,Urban,Non-Teaching,Cancer,22600.333333333332,14.0,295.3333333333333,No,No,1614.3083707321161,3,Normal,2,0,Low Volume,High Strain
Nonprofit,Urban,Non-Teaching,Cancer,45771.666666666664,31.0,395.3333333333333,No,Yes,1476.5049000521826,5,Normal,2,0,Medium Volume,Medium Strain
Nonprofit,Urban,Non-Teaching,Cancer,26971.5,11.0,206.0,No,Yes,2451.952316406985,1,Overburdened,2,0,Medium Volume,High Strain
Nonprofit,Rural,Non-Teaching,Cancer,59699.0,44.0,489.6666666666667,Yes,Yes,1356.7951461829211,5,Normal,3,1,High Volume,Medium Strain
Nonprofit,Urban,Non-Teaching,Cancer,36398.0,40.0,157.0,No,No,909.9497725125568,4,Under-Burdened,3,0,Medium Volume,Low Strain
Government,Urban,Non-Teaching,Cancer,69248.0,54.0,430.0,No,No,1282.3701328944198,4,Normal,3,0,High Volume,Medium Strain
Nonprofit,Urban,Teaching,Cancer,112998.5,80.0,1121.0,No,No,1412.4810734398657,6,Normal,0,0,High Volume,Medium Strain
Nonprofit,Rural,Non-Teaching,Cancer,9934.0,5.0,73.0,Yes,Yes,1986.7960264079472,1,Overburdened,1,0,Low Volume,High Strain
Nonprofit,Rural,Non-Teaching,Cancer,15236.0,11.0,146.0,Yes,Yes,1385.0896499185,1,Normal,1,0,Low Volume,Medium Strain
Nonprofit,Rural,Non-Teaching,Cancer,26490.0,24.0,153.5,No,No,1103.7495401043584,3,Normal,2,0,Medium Volume,Low Strain
Investor Owned,Rural,Non-Teaching,Cancer,9268.0,9.0,9.0,Yes,Yes,1029.7766335815184,2,Under-Burdened,1,0,Low Volume,Low Strain
Nonprofit,Urban,Teaching,Cancer,63937.0,48.0,460.0,No,Yes,1332.0205558290509,6,Normal,3,0,High Volume,Medium Strain
Investor Owned,Rural,Non-Teaching,Cancer,11554.0,12.0,58.0,Yes,Yes,962.8325309728909,2,Under-Burdened,1,0,Low Volume,Low Strain
Government,Rural,Non-Teaching,Cancer,30623.0,20.0,404.0,Yes,Yes,1531.149234425383,4,Normal,1,0,Medium Volume,Medium Strain
Nonprofit,Urban,Non-Teaching,Cancer,74433.0,36.0,432.5,No,Yes,2067.582759004789,6,Overburdened,3,0,High Volume,High Strain
Government,Urban,Teaching,Cancer,45491.0,30.0,304.5,No,Yes,1516.3661612112796,5,Normal,2,0,Medium Volume,Medium Strain
Nonprofit,Urban,Non-Teaching,Cancer,53560.0,40.0,914.0,No,Yes,1338.9996652500836,5,Normal,3,0,High Volume,Medium Strain
Nonprofit,Frontier,Non-Teaching,Cancer,2364.0,2.0,29.0,Yes,Yes,1181.9940900295499,1,Normal,1,0,Low Volume,Medium Strain
Nonprofit,Urban,Teaching,Cancer,41196.0,26.0,180.0,No,No,1584.4609290534888,6,Normal,2,0,Medium Volume,Medium Strain
Nonprofit,Urban,Non-Teaching,Cancer,72057.0,46.0,645.0,Yes,No,1566.456181205178,6,Normal,3,0,High Volume,Medium Strain
Government,Urban,Non-Teaching,Cancer,33564.0,14.0,166.0,No,No,2397.4268589808153,4,Overburdened,4,0,Medium Volume,High Strain
Nonprofit,Urban,Non-Teaching,Cancer,31471.5,22.0,311.5,No,No,1430.5220770354194,3,Normal,2,0,Medium Volume,Medium Strain
Nonprofit,Urban,Non-Teaching,Cancer,33640.5,16.0,308.5,No,No,2102.52993591879,6,Overburdened,2,0,Medium Volume,High Strain
Nonprofit,Urban,Non-Teaching,Cancer,52043.0,50.0,303.0,No,No,1040.8597918280416,7,Under-Burdened,3,0,High Volume,Low Strain
Investor Owned,Urban,Non-Teaching,Cancer,29638.0,21.0,251.0,No,No,1411.3326612701612,4,Normal,4,0,Medium Volume,Medium Strain
Nonprofit,Urban,Non-Teaching,Cancer,25109.5,16.0,189.0,No,No,1569.3427691607694,6,Normal,2,0,Low Volume,Medium Strain
Investor Owned,Urban,Non-Teaching,Cancer,50599.5,24.0,291.0,No,No,2108.3116215368245,6,Overburdened,4,0,High Volume,High Strain
Nonprofit,Urban,Non-Teaching,Cancer,109217.0,29.0,843.0,Yes,Yes,3766.1021496199482,3,Overburdened,2,4,High Volume,High Strain
Government,Rural,Non-Teaching,Cancer,10799.0,13.0,49.0,No,Yes,830.6916686987164,1,Under-Burdened,1,0,Low Volume,Low Strain
Nonprofit,Rural,Non-Teaching,Cancer,6472.0,8.0,113.0,No,No,808.998988751264,4,Under-Burdened,1,0,Low Volume,Low Strain
Nonprofit,Rural,Non-Teaching,Cancer,23312.0,18.0,262.0,Yes,Yes,1295.110391605338,3,Normal,1,0,Low Volume,Medium Strain
Government,Urban,Non-Teaching,Cancer,27460.0,23.0,248.0,No,No,1193.912524385859,4,Normal,2,0,Medium Volume,Medium Strain
Nonprofit,Urban,Teaching,Cancer,112998.5,72.0,1841.0,No,No,1569.4233931356398,5,Normal,0,0,High Volume,Medium Strain
Investor Owned,Urban,Teaching,Cancer,87345.0,64.0,320.0,Yes,Yes,1364.7654117554043,7,Normal,0,0,High Volume,Medium Strain
Nonprofit,Urban,Non-Teaching,Cancer,51767.0,26.0,747.0,No,Yes,1991.0376957547323,3,Overburdened,2,0,High Volume,High Strain
Nonprofit,Urban,Teaching,Cancer,99973.0,59.0,887.0,No,No,1694.4573399224846,5,Normal,0,0,High Volume,High Strain
Nonprofit,Urban,Non-Teaching,Cancer,30920.5,20.0,307.0,No,No,1546.0242269878865,6,Normal,2,0,Medium Volume,Medium Strain
Nonprofit,Urban,Non-Teaching,Cancer,56462.0,31.0,366.0,No,No,1821.3542511760481,6,Overburdened,2,0,High Volume,High Strain
Nonprofit,Urban,Non-Teaching,Cancer,45169.5,29.0,277.5,No,No,1557.56842842468,6,Normal,2,0,Medium Volume,Medium Strain
Nonprofit,Urban,Teaching,Cancer,107243.0,53.0,1529.0,No,No,2023.4524484051983,5,Overburdened,3,0,High Volume,High Strain
Nonprofit,Urban,Non-Teaching,Cancer,42886.0,25.0,321.0,No,No,1715.4393138242744,3,Normal,2,0,Medium Volume,High Strain
Nonprofit,Urban,Teaching,Cancer,112998.5,80.5,1663.0,Yes,No,1403.7079001605093,6,Normal,0,0,High Volume,Medium Strain
Nonprofit,Urban,Teaching,Cancer,62646.0,24.0,273.0,No,Yes,2610.2489123962864,6,Overburdened,2,0,High Volume,High Strain
Nonprofit,Frontier,Non-Teaching,Cancer,4339.5,4.0,23.5,Yes,Yes,1084.8722878192805,1,Normal,1,0,Low Volume,Low Strain
Nonprofit,Urban,Non-Teaching,Cancer,14965.0,39.0,354.0,No,No,383.7178503287563,4,Under-Burdened,3,0,Low Volume,Low Strain
Nonprofit,Urban,Teaching,Cancer,112998.5,80.5,2917.0,No,No,1403.7079001605093,6,Normal,0,0,High Volume,Medium Strain
Nonprofit,Urban,Non-Teaching,Cancer,5637.5,7.0,83.5,No,Yes,805.3559923485824,2,Under-Burdened,1,0,Low Volume,Low Strain
Investor Owned,Urban,Teaching,Cancer,82844.0,62.0,808.0,Yes,Yes,1336.1933328720431,6,Normal,0,0,High Volume,Medium Strain
Investor Owned,Urban,Non-Teaching,Cancer,13380.0,22.0,38.0,No,No,608.1815417356629,5,Under-Burdened,4,0,Low Volume,Low Strain
Nonprofit,Urban,Non-Teaching,Cancer,17158.0,17.0,183.0,No,No,1009.293523944986,4,Under-Burdened,2,0,Low Volume,Low Strain
Nonprofit,Urban,Teaching,Cancer,43220.0,40.0,947.0,No,No,1080.4997298750675,6,Under-Burdened,3,0,Medium Volume,Low Strain
Nonprofit,Urban,Non-Teaching,Cancer,63151.0,40.0,680.0,No,No,1578.7746053063486,5,Normal,3,0,High Volume,Medium Strain
Nonprofit,Urban,Teaching,Cancer,73413.0,36.0,795.0,No,No,2039.249433541824,5,Overburdened,3,0,High Volume,High Strain
Nonprofit,Urban,Teaching,Cancer,74166.0,30.0,1326.0,No,No,2472.199175933608,6,Overburdened,2,0,High Volume,High Strain
Nonprofit,Urban,Non-Teaching,Cancer,39333.0,24.0,407.0,No,Yes,1638.8743171357012,5,Normal,2,0,Medium Volume,High Strain
Nonprofit,Urban,Non-Teaching,Cancer,53345.0,27.0,866.0,No,No,1975.740008985182,4,Overburdened,2,0,High Volume,High Strain
Nonprofit,Urban,Non-Teaching,Cancer,59695.0,30.0,889.0,No,Yes,1989.8326700557766,4,Overburdened,2,0,High Volume,High Strain
Government,Urban,Teaching,Cancer,71708.0,73.0,613.0,Yes,Yes,982.3012353012006,6,Under-Burdened,0,0,High Volume,Low Strain
Government,Urban,Non-Teaching,Cancer,45896.0,35.0,600.0,No,No,1311.313911053168,4,Normal,3,0,Medium Volume,Medium Strain
Nonprofit,Urban,Non-Teaching,Cancer,34054.5,18.0,363.0,No,No,1891.9156156024358,3,Overburdened,2,0,Medium Volume,High Strain
Nonprofit,Urban,Non-Teaching,Cancer,23820.0,19.5,248.0,No,Yes,1221.5378351088025,3,Normal,2,0,Low Volume,Medium Strain
Nonprofit,Urban,Non-Teaching,Cancer,32229.0,23.0,216.0,No,Yes,1401.260260321626,2,Normal,2,0,Medium Volume,Medium Strain
Government,Frontier,Non-Teaching,Cancer,2837.0,2.0,15.0,Yes,Yes,1418.4929075354623,1,Normal,1,0,Low Volume,Medium Strain
Investor Owned,Urban,Non-Teaching,Cancer,23943.0,20.0,108.0,Yes,No,1197.1494014252994,6,Normal,4,0,Low Volume,Medium Strain
Government,Urban,Teaching,Cancer,32425.0,41.0,617.0,No,No,790.8534656454962,6,Under-Burdened,3,0,Medium Volume,Low Strain
Nonprofit,Rural,Non-Teaching,Cancer,28244.0,16.0,242.0,Yes,Yes,1765.2488967194397,3,Overburdened,1,0,Medium Volume,High Strain
Government,Frontier,Non-Teaching,Cancer,4834.0,4.0,51.0,Yes,Yes,1208.4969787575533,2,Normal,1,0,Low Volume,Medium Strain
Nonprofit,Urban,Non-Teaching,Cancer,58831.0,56.0,624.0,No,No,1050.5533838297529,6,Under-Burdened,3,0,High Volume,Low Strain
Investor Owned,Urban,Non-Teaching,Cancer,73328.0,64.0,337.0,Yes,Yes,1145.7498209765904,6,Normal,0,0,High Volume,Low Strain
Government,Urban,Teaching,Cancer,68827.0,44.0,738.0,No,Yes,1564.249644488717,6,Normal,3,0,High Volume,Medium Strain
Nonprofit,Urban,Non-Teaching,Cancer,51901.0,24.0,261.0,No,Yes,2162.540765608014,6,Overburdened,2,0,High Volume,High Strain
Government,Urban,Teaching,Cancer,33076.0,52.0,340.0,No,No,636.0768007544614,7,Under-Burdened,3,0,Medium Volume,Low Strain
Nonprofit,Urban,Non-Teaching,Cancer,28108.0,21.0,65.0,Yes,Yes,1338.4755531068795,5,Normal,1,0,Medium Volume,Medium Strain
Investor Owned,Urban,Non-Teaching,Cancer,67670.0,62.0,608.0,Yes,Yes,1091.4514368626715,6,Normal,0,0,High Volume,Low Strain
Government,Urban,Non-Teaching,Cardiac,13261.0,12.0,16.0,No,No,1105.082412431323,3,Normal,4,0,Low Volume,Low Strain
Nonprofit,Urban,Non-Teaching,Cardiac,29420.666666666668,22.0,10.666666666666666,No,No,1337.302422438293,6,Normal,2,0,Medium Volume,Medium Strain
Nonprofit,Urban,Teaching,Cardiac,30782.5,40.0,13.0,No,No,769.562307609423,4,Under-Burdened,3,0,Medium Volume,Low Strain
Government,Urban,Non-Teaching,Cardiac,65082.0,59.0,142.0,No,No,1103.0845587992274,5,Normal,0,0,High Volume,Low Strain
Nonprofit,Urban,Non-Teaching,Cardiac,29479.0,30.0,69.0,No,No,982.633005788998,6,Under-Burdened,2,0,Medium Volume,Low Strain
Government,Urban,Non-Teaching,Cardiac,42180.666666666664,39.0,62.666666666666664,No,No,1081.5552782336893,6,Normal,3,0,Medium Volume,Low Strain
Nonprofit,Urban,Non-Teaching,Cardiac,28620.0,17.0,49.0,No,No,1683.5284214538697,4,Normal,2,0,Medium Volume,High Strain
Nonprofit,Urban,Non-Teaching,Cardiac,37801.333333333336,18.0,29.666666666666668,No,No,2100.0729073669036,3,Overburdened,2,0,Medium Volume,High Strain
Nonprofit,Urban,Non-Teaching,Cardiac,31745.0,22.0,36.666666666666664,No,No,1442.9538895664139,3,Normal,2,0,Medium Volume,Medium Strain
Nonprofit,Urban,Non-Teaching,Cardiac,110997.0,80.0,87.5,No,No,1387.4623265672092,6,Normal,0,0,High Volume,Medium Strain
Nonprofit,Urban,Non-Teaching,Cardiac,66977.0,40.0,27.333333333333332,No,No,1674.4245813938546,5,Normal,3,0,High Volume,High Strain
Nonprofit,Rural,Non-Teaching,Cardiac,24025.0,14.0,25.0,Yes,No,1716.070202806998,2,Normal,1,0,Low Volume,High Strain
Nonprofit,Rural,Non-Teaching,Cardiac,9708.5,5.0,15.0,Yes,Yes,1941.696116607767,3,Overburdened,1,0,Low Volume,High Strain
Nonprofit,Rural,Non-Teaching,Cardiac,8570.0,14.0,42.5,Yes,Yes,612.1424198982716,3,Under-Burdened,1,0,Low Volume,Low Strain
Nonprofit,Urban,Non-Teaching,Cardiac,55911.0,49.0,69.0,No,Yes,1141.0405834611054,5,Normal,3,0,High Volume,Low Strain
Nonprofit,Rural,Non-Teaching,Cardiac,10039.0,8.0,12.0,Yes,Yes,1254.8734314082108,1,Normal,1,0,Low Volume,Medium Strain
Nonprofit,Urban,Non-Teaching,Cardiac,41025.0,30.0,73.0,No,No,1367.4995441668186,3,Normal,2,0,Medium Volume,Medium Strain
Nonprofit,Urban,Non-Teaching,Cardiac,46164.333333333336,44.0,35.333333333333336,No,No,1049.1891554873132,7,Under-Burdened,3,0,Medium Volume,Low Strain
Nonprofit,Urban,Non-Teaching,Cardiac,63404.333333333336,52.0,31.0,No,No,1219.3138680806665,5,Normal,3,0,High Volume,Medium Strain
Nonprofit,Urban,Non-Teaching,Cardiac,50722.333333333336,32.0,69.33333333333333,No,No,1585.072421331535,5,Normal,2,0,High Volume,Medium Strain
Investor Owned,Urban,Non-Teaching,Cardiac,16929.333333333332,12.0,28.333333333333332,No,No,1410.7766021306093,3,Normal,4,0,Low Volume,Medium Strain
Nonprofit,Urban,Non-Teaching,Cardiac,63958.666666666664,36.0,15.666666666666666,No,No,1776.629136121536,4,Overburdened,3,0,High Volume,High Strain
Nonprofit,Rural,Non-Teaching,Cardiac,16776.666666666668,12.0,28.0,Yes,Yes,1398.0543905102302,3,Normal,1,0,Low Volume,Medium Strain
Nonprofit,Rural,Non-Teaching,Cardiac,55450.333333333336,59.0,67.66666666666667,Yes,Yes,939.8359988978533,6,Under-Burdened,0,1,High Volume,Low Strain
Investor Owned,Rural,Non-Teaching,Cardiac,7588.5,9.0,11.5,Yes,Yes,843.1657298158558,3,Under-Burdened,1,0,Low Volume,Low Strain
Nonprofit,Urban,Teaching,Cardiac,80788.66666666667,73.0,335.6666666666667,Yes,No,1106.693912325035,7,Normal,0,0,High Volume,Low Strain
Nonprofit,Rural,Non-Teaching,Cardiac,35672.666666666664,10.0,53.0,Yes,Yes,3567.263099403567,1,Overburdened,1,2,Medium Volume,High Strain
Nonprofit,Urban,Non-Teaching,Cardiac,57338.0,48.0,88.0,No,Yes,1194.5414178038711,6,Normal,3,0,High Volume,Medium Strain
Nonprofit,Urban,Non-Teaching,Cardiac,47511.333333333336,21.0,23.0,No,Yes,2262.4433670904605,4,Overburdened,2,0,Medium Volume,High Strain
Investor Owned,Frontier,Non-Teaching,Cardiac,5907.0,4.333333333333333,7.0,Yes,Yes,1363.1507004214607,1,Normal,1,0,Low Volume,Medium Strain
Investor Owned,Rural,Non-Teaching,Cardiac,10314.0,8.0,25.666666666666668,Yes,Yes,1289.2483884395144,1,Normal,1,0,Low Volume,Medium Strain
Investor Owned,Rural,Non-Teaching,Cardiac,28371.0,20.0,34.0,Yes,Yes,1418.5492907253547,3,Normal,1,0,Medium Volume,Medium Strain
Government,Rural,Non-Teaching,Cardiac,39829.0,16.0,31.5,Yes,Yes,2489.31094418066,3,Overburdened,1,0,Medium Volume,High Strain
Government,Rural,Non-Teaching,Cardiac,7991.666666666667,7.666666666666667,18.0,No,No,1042.3899447087679,1,Under-Burdened,4,0,Low Volume,Low Strain
Government,Frontier,Non-Teaching,Cardiac,1610.0,2.0,6.0,Yes,No,804.9959750201249,1,Under-Burdened,1,0,Low Volume,Low Strain
Nonprofit,Urban,Non-Teaching,Cardiac,28485.0,10.0,33.0,Yes,Yes,2848.4971515028487,4,Overburdened,1,0,Medium Volume,High Strain
Government,Frontier,Non-Teaching,Cardiac,6546.333333333333,8.0,16.0,Yes,Yes,818.290643803362,3,Under-Burdened,1,0,Low Volume,Low Strain
Nonprofit,Urban,Non-Teaching,Cardiac,64106.0,42.666666666666664,58.666666666666664,No,Yes,1502.484022855307,3,Normal,3,0,High Volume,Medium Strain
Nonprofit,Rural,Non-Teaching,Cardiac,15535.666666666666,12.0,28.0,Yes,Yes,1294.6378100240472,2,Normal,1,0,Low Volume,Medium Strain
Nonprofit,Rural,Non-Teaching,Cardiac,20035.333333333332,13.0,26.0,Yes,Yes,1541.1783016577167,1,Normal,1,0,Low Volume,Medium Strain
Nonprofit,Urban,Non-Teaching,Cardiac,88985.33333333333,40.666666666666664,129.33333333333334,Yes,Yes,2188.163396353263,4,Overburdened,3,0,High Volume,High Strain
Nonprofit,Rural,Non-Teaching,Cardiac,18720.666666666668,8.0,38.333333333333336,Yes,Yes,2340.080408232823,1,Overburdened,1,0,Low Volume,High Strain
Nonprofit,Rural,Non-Teaching,Cardiac,18771.0,12.0,30.0,Yes,Yes,1564.2486964594198,1,Normal,1,0,Low Volume,Medium Strain
Nonprofit,Rural,Non-Teaching,Cardiac,10002.666666666666,8.0,11.333333333333334,Yes,Yes,1250.3317704186202,1,Normal,1,0,Low Volume,Medium Strain
Investor Owned,Urban,Non-Teaching,Cardiac,14433.0,8.0,8.0,No,No,1804.122744846569,3,Overburdened,4,0,Low Volume,High Strain
Government,Urban,Non-Teaching,Cardiac,102466.66666666667,42.666666666666664,117.33333333333333,No,Yes,2401.561937133921,6,Overburdened,3,3,High Volume,High Strain
Nonprofit,Urban,Non-Teaching,Cardiac,36011.0,26.0,62.0,No,No,1385.0379288315658,6,Normal,2,0,Medium Volume,Medium Strain
Investor Owned,Urban,Non-Teaching,Cardiac,12317.0,17.0,10.0,No,No,724.528985571185,6,Under-Burdened,4,0,Low Volume,Low Strain
Nonprofit,Urban,Non-Teaching,Cardiac,57101.0,35.0,59.333333333333336,No,No,1631.4566767266635,6,Normal,3,0,High Volume,High Strain
Investor Owned,Urban,Non-Teaching,Cardiac,34882.0,50.5,56.0,Yes,No,690.7325364886066,6,Under-Burdened,3,0,Medium Volume,Low Strain
Nonprofit,Urban,Teaching,Cardiac,65446.0,41.0,4.0,Yes,No,1596.2435131113382,6,Normal,3,0,High Volume,High Strain
Investor Owned,Urban,Non-Teaching,Cardiac,29986.333333333332,14.0,19.666666666666668,No,Yes,2141.879422467079,2,Overburdened,4,0,Medium Volume,High Strain
Investor Owned,Urban,Non-Teaching,Cardiac,20267.0,12.0,19.0,No,No,1688.915259237284,5,Normal,4,0,Low Volume,High Strain
Investor Owned,Urban,Non-Teaching,Cardiac,33361.5,14.0,68.5,No,No,2382.9625835981547,4,Overburdened,4,0,Medium Volume,High Strain
Nonprofit,Urban,Non-Teaching,Cardiac,46487.666666666664,30.666666666666668,23.333333333333332,No,No,1515.9016795972782,4,Normal,2,0,Medium Volume,Medium Strain
Investor Owned,Urban,Non-Teaching,Cardiac,9859.5,8.0,13.0,Yes,Yes,1232.4359594550508,3,Normal,1,0,Low Volume,Medium Strain
Investor Owned,Urban,Non-Teaching,Cardiac,6710.333333333333,9.0,2.6666666666666665,No,No,745.591764157299,3,Under-Burdened,4,0,Low Volume,Low Strain
Investor Owned,Urban,Non-Teaching,Cardiac,16033.333333333334,21.0,48.333333333333336,No,No,763.4916999245874,5,Under-Burdened,4,0,Low Volume,Low Strain
Nonprofit,Urban,Non-Teaching,Cardiac,39767.5,37.0,41.0,No,No,1074.7970068116197,7,Under-Burdened,3,0,Medium Volume,Low Strain
Investor Owned,Urban,Non-Teaching,Cardiac,18635.5,9.0,12.5,Yes,No,2070.608810434655,3,Overburdened,4,0,Low Volume,High Strain
Nonprofit,Urban,Non-Teaching,Cardiac,79359.66666666667,32.0,75.33333333333333,No,No,2479.9888083368305,6,Overburdened,2,0,High Volume,High Strain
Nonprofit,Urban,Non-Teaching,Cardiac,68964.66666666667,30.0,36.666666666666664,Yes,No,2298.8214559484036,7,Overburdened,2,0,High Volume,High Strain
Nonprofit,Urban,Teaching,Cardiac,53635.333333333336,57.0,20.0,Yes,No,940.9705951513575,6,Under-Burdened,0,0,High Volume,Low Strain
Nonprofit,Urban,Non-Teaching,Cardiac,62426.5,49.5,14.5,Yes,No,1261.1411593654223,5,Normal,3,0,High Volume,Medium Strain
Nonprofit,Urban,Non-Teaching,Cardiac,61938.666666666664,41.0,24.666666666666668,No,No,1510.6988185287432,5,Normal,3,0,High Volume,Medium Strain
Nonprofit,Urban,Non-Teaching,Cardiac,79005.0,53.0,34.0,No,No,1490.6600961018685,5,Normal,3,0,High Volume,Medium Strain
Nonprofit,Urban,Non-Teaching,Cardiac,40703.0,29.0,75.0,No,No,1403.5512401547448,6,Normal,2,0,Medium Volume,Medium Strain
Nonprofit,Urban,Non-Teaching,Cardiac,32344.666666666668,18.0,18.0,No,No,1796.9249276342996,3,Overburdened,2,0,Medium Volume,High Strain
Investor Owned,Urban,Non-Teaching,Cardiac,36378.0,15.0,35.5,No,No,2425.198383201078,5,Overburdened,4,0,Medium Volume,High Strain
Investor Owned,Urban,Non-Teaching,Cardiac,29577.0,10.666666666666666,31.666666666666668,Yes,No,2772.841150461422,4,Overburdened,4,0,Medium Volume,High Strain
Nonprofit,Urban,Teaching,Cardiac,72059.5,64.0,90.0,No,No,1125.9295115735138,6,Normal,0,0,High Volume,Low Strain
Nonprofit,Urban,Non-Teaching,Cardiac,35037.666666666664,29.0,61.666666666666664,No,No,1208.19498567989,6,Normal,2,0,Medium Volume,Medium Strain
Investor Owned,Urban,Non-Teaching,Cardiac,16074.666666666666,5.666666666666667,4.333333333333333,No,No,2836.700876410218,3,Overburdened,4,0,Low Volume,High Strain
Nonprofit,Urban,Teaching,Cardiac,54946.0,55.5,123.5,No,No,990.0178396364253,7,Under-Burdened,3,0,High Volume,Low Strain
Nonprofit,Urban,Non-Teaching,Cardiac,47234.0,37.0,89.0,No,No,1276.5942495691215,6,Normal,3,0,Medium Volume,Medium Strain
Investor Owned,Urban,Non-Teaching,Cardiac,4946.5,4.0,9.5,No,No,1236.621908445229,2,Normal,4,0,Low Volume,Medium Strain
Investor Owned,Urban,Non-Teaching,Cardiac,6297.5,7.0,10.0,No,No,899.6415719406116,3,Under-Burdened,4,0,Low Volume,Low Strain
Nonprofit,Urban,Non-Teaching,Cardiac,77714.0,71.0,145.5,No,No,1094.5632261178555,6,Normal,0,0,High Volume,Low Strain
Nonprofit,Urban,Non-Teaching,Cardiac,57211.0,61.0,65.0,No,No,937.8850921499849,7,Under-Burdened,0,0,High Volume,Low Strain
Investor Owned,Urban,Non-Teaching,Cardiac,12230.666666666666,8.0,9.666666666666666,No,No,1528.8314222940555,3,Normal,4,0,Low Volume,Medium Strain
Nonprofit,Urban,Non-Teaching,Cardiac,32363.666666666668,15.333333333333334,13.333333333333334,No,No,2110.672536517911,5,Overburdened,2,0,Medium Volume,High Strain
Government,Urban,Non-Teaching,Cardiac,31796.5,21.0,31.5,No,No,1514.1183266103208,5,Normal,2,0,Medium Volume,Medium Strain
Investor Owned,Urban,Non-Teaching,Cardiac,6826.0,7.0,4.0,Yes,No,975.1414640836227,5,Under-Burdened,4,0,Low Volume,Low Strain
Nonprofit,Urban,Non-Teaching,Cardiac,18475.333333333332,12.0,9.666666666666666,No,No,1539.609828102921,4,Normal,2,0,Low Volume,Medium Strain
Investor Owned,Urban,Non-Teaching,Cardiac,46827.333333333336,41.333333333333336,142.0,Yes,Yes,1132.9190807453836,6,Normal,3,0,Medium Volume,Low Strain
Nonprofit,Urban,Non-Teaching,Cardiac,23936.333333333332,27.0,36.666666666666664,No,No,886.530535852888,5,Under-Burdened,2,0,Low Volume,Low Strain
Nonprofit,Urban,Non-Teaching,Cardiac,50359.333333333336,40.0,73.33333333333333,No,No,1258.9830185875787,6,Normal,3,0,High Volume,Medium Strain
Investor Owned,Urban,Non-Teaching,Cardiac,9195.333333333334,8.0,21.666666666666668,No,No,1149.4152298976294,3,Normal,4,0,Low Volume,Low Strain
Nonprofit,Urban,Non-Teaching,Cardiac,43418.0,32.0,49.333333333333336,No,No,1356.8120759962262,6,Normal,2,0,Medium Volume,Medium Strain
Nonprofit,Urban,Non-Teaching,Cardiac,21073.5,13.0,14.5,No,No,1621.037214586758,4,Normal,2,0,Low Volume,High Strain
Investor Owned,Urban,Non-Teaching,Cardiac,46270.0,30.0,36.333333333333336,No,No,1542.3328192223937,5,Normal,4,0,Medium Volume,Medium Strain
Nonprofit,Urban,Teaching,Cardiac,49428.0,28.0,22.333333333333332,No,No,1765.285083826756,6,Overburdened,2,0,High Volume,High Strain
Investor Owned,Urban,Non-Teaching,Cardiac,23054.5,13.0,13.0,No,No,1773.4217127525287,4,Overburdened,4,0,Low Volume,High Strain
Nonprofit,Urban,Non-Teaching,Cardiac,52035.666666666664,30.0,47.0,No,No,1734.5216440483407,6,Normal,2,0,High Volume,High Strain
Government,Urban,Teaching,Cardiac,73969.0,72.66666666666667,132.66666666666666,Yes,No,1017.9218782676313,6,Under-Burdened,0,0,High Volume,Low Strain
Government,Urban,Teaching,Cardiac,105955.5,80.5,169.5,No,No,1316.2172277991021,7,Normal,0,0,High Volume,Medium Strain
Nonprofit,Urban,Teaching,Cardiac,99493.0,29.0,41.0,Yes,Yes,3430.791920416579,3,Overburdened,2,4,High Volume,High Strain
Government,Urban,Teaching,Cardiac,50463.666666666664,50.666666666666664,9.666666666666666,No,No,995.9932244750214,6,Under-Burdened,3,0,High Volume,Low Strain
Nonprofit,Urban,Non-Teaching,Cardiac,40780.666666666664,37.333333333333336,12.666666666666666,No,No,1092.3389931234838,5,Normal,3,0,Medium Volume,Low Strain
Nonprofit,Urban,Non-Teaching,Cardiac,67262.0,33.0,27.0,Yes,No,2038.2418065933919,5,Overburdened,2,0,High Volume,High Strain
Nonprofit,Urban,Non-Teaching,Cardiac,92182.33333333333,80.0,26.333333333333332,No,No,1152.2790226317886,6,Normal,0,0,High Volume,Low Strain
Investor Owned,Urban,Non-Teaching,Cardiac,64397.333333333336,35.0,51.666666666666664,Yes,Yes,1839.9232838314426,4,Overburdened,3,0,High Volume,High Strain
Nonprofit,Rural,Non-Teaching,Cardiac,77745.33333333333,38.0,21.0,Yes,Yes,2045.9292861589595,6,Overburdened,3,1,High Volume,High Strain
Nonprofit,Urban,Non-Teaching,Cardiac,27449.0,19.0,23.333333333333332,No,No,1444.683450166605,3,Normal,2,0,Medium Volume,Medium Strain
Nonprofit,Urban,Non-Teaching,Cardiac,29936.333333333332,31.0,39.666666666666664,No,No,965.6878605307977,6,Under-Burdened,2,0,Medium Volume,Low Strain
Nonprofit,Urban,Non-Teaching,Cardiac,14621.0,9.0,9.666666666666666,No,No,1624.553750495833,1,Normal,2,0,Low Volume,High Strain
Government,Rural,Non-Teaching,Cardiac,6284.0,3.6666666666666665,8.0,Yes,Yes,1713.8135077813424,1,Normal,1,0,Low Volume,High Strain
Nonprofit,Rural,Non-Teaching,Cardiac,9094.0,6.0,14.333333333333334,Yes,Yes,1515.6641405597659,1,Normal,1,0,Low Volume,Medium Strain
Nonprofit,Rural,Non-Teaching,Cardiac,28163.666666666668,19.0,16.666666666666668,Yes,Yes,1482.2974654574743,2,Normal,1,0,Medium Volume,Medium Strain
Nonprofit,Rural,Non-Teaching,Cardiac,13366.0,9.0,11.0,Yes,Yes,1485.1094609894878,1,Normal,1,0,Low Volume,Medium Strain
Nonprofit,Rural,Non-Teaching,Cardiac,25567.333333333332,10.0,42.0,Yes,Yes,2556.7307766025565,1,Overburdened,1,0,Medium Volume,High Strain
Nonprofit,Urban,Non-Teaching,Cardiac,57461.0,26.0,69.33333333333333,Yes,Yes,2210.0376115239956,4,Overburdened,2,0,High Volume,High Strain
Nonprofit,Urban,Non-Teaching,Cardiac,41278.666666666664,30.666666666666668,54.666666666666664,No,No,1346.0430393337915,5,Normal,2,0,Medium Volume,Medium Strain
Nonprofit,Rural,Non-Teaching,Cardiac,14553.0,6.0,8.333333333333334,No,Yes,2425.495957506738,2,Overburdened,1,0,Low Volume,High Strain
Government,Urban,Non-Teaching,Cardiac,50028.333333333336,16.0,64.0,Yes,Yes,3126.768879102784,5,Overburdened,1,0,High Volume,High Strain
Government,Urban,Non-Teaching,Cardiac,51527.5,19.0,52.0,Yes,Yes,2711.972256856707,4,Overburdened,1,0,High Volume,High Strain
Investor Owned,Urban,Non-Teaching,Cardiac,24487.0,18.0,36.333333333333336,No,No,1360.3881331177038,4,Normal,4,0,Low Volume,Medium Strain
Nonprofit,Rural,Non-Teaching,Cardiac,6034.5,8.0,2.5,No,No,754.3115571105536,3,Under-Burdened,1,0,Low Volume,Low Strain
Government,Rural,Non-Teaching,Cardiac,12749.5,15.0,13.0,Yes,Yes,849.9661000226,2,Under-Burdened,1,0,Low Volume,Low Strain
Nonprofit,Urban,Non-Teaching,Cardiac,92289.0,35.666666666666664,8.0,No,No,2587.5413305958887,6,Overburdened,3,0,High Volume,High Strain
Nonprofit,Urban,Non-Teaching,Cardiac,27767.5,26.0,46.0,No,No,1067.9803584690928,5,Under-Burdened,2,0,Medium Volume,Low Strain
Investor Owned,Urban,Teaching,Cardiac,23505.0,30.0,77.0,No,Yes,783.4997388334205,5,Under-Burdened,4,0,Low Volume,Low Strain
Investor Owned,Urban,Non-Teaching,Cardiac,5063.0,8.0,30.0,No,No,632.8742089072389,3,Under-Burdened,4,0,Low Volume,Low Strain
Investor Owned,Urban,Non-Teaching,Cardiac,12153.0,11.0,36.0,No,Yes,1104.8171774389295,4,Normal,4,0,Low Volume,Low Strain
Nonprofit,Urban,Non-Teaching,Cardiac,100965.66666666667,80.5,119.0,No,No,1254.2317282527874,6,Normal,0,0,High Volume,Medium Strain
Investor Owned,Urban,Non-Teaching,Cardiac,11960.0,12.0,29.666666666666668,No,No,996.6658361118033,3,Under-Burdened,4,0,Low Volume,Low Strain
Investor Owned,Urban,Non-Teaching,Cardiac,11887.333333333334,11.0,11.0,No,No,1080.6656842433174,3,Normal,4,0,Low Volume,Low Strain
Investor Owned,Urban,Non-Teaching,Cardiac,25199.5,23.0,53.0,No,No,1095.6299584217572,4,Normal,4,0,Low Volume,Low Strain
Investor Owned,Urban,Non-Teaching,Cardiac,11411.0,10.0,22.0,Yes,No,1141.098858901141,4,Normal,4,0,Low Volume,Low Strain
Nonprofit,Urban,Non-Teaching,Cardiac,34495.5,44.5,103.5,No,No,775.1796010832356,6,Under-Burdened,3,0,Medium Volume,Low Strain
Government,Urban,Teaching,Cardiac,42020.0,50.666666666666664,104.0,Yes,No,829.3419415772483,6,Under-Burdened,3,0,Medium Volume,Low Strain
Investor Owned,Urban,Non-Teaching,Cardiac,19240.0,12.0,46.333333333333336,Yes,No,1603.3319972233357,4,Normal,4,0,Low Volume,High Strain
Nonprofit,Urban,Non-Teaching,Cardiac,27262.5,31.0,61.5,No,No,879.4352001821935,5,Under-Burdened,2,0,Medium Volume,Low Strain
Nonprofit,Urban,Non-Teaching,Cardiac,14340.0,20.0,22.666666666666668,No,No,716.9996415001792,4,Under-Burdened,2,0,Low Volume,Low Strain
Nonprofit,Urban,Non-Teaching,Cardiac,53749.666666666664,36.0,104.0,No,No,1493.045881561329,6,Normal,3,0,High Volume,Medium Strain
Investor Owned,Urban,Non-Teaching,Cardiac,4135.333333333333,8.0,7.333333333333333,No,No,516.916020521641,4,Under-Burdened,4,0,Low Volume,Low Strain
Investor Owned,Urban,Non-Teaching,Cardiac,24221.0,24.0,112.0,Yes,No,1009.2079128300363,5,Under-Burdened,4,0,Low Volume,Low Strain
Investor Owned,Urban,Non-Teaching,Cardiac,17550.0,17.5,75.0,No,No,1002.8565697962458,5,Under-Burdened,4,0,Low Volume,Low Strain
Nonprofit,Urban,Non-Teaching,Cardiac,109291.5,72.0,48.0,No,No,1517.9372891753765,5,Normal,0,0,High Volume,Medium Strain
Nonprofit,Urban,Non-Teaching,Cardiac,26386.333333333332,14.0,35.666666666666664,No,Yes,1884.7367489975602,2,Overburdened,2,0,Medium Volume,High Strain
Nonprofit,Urban,Non-Teaching,Cardiac,69937.5,69.0,96.5,No,No,1013.5868096251,6,Under-Burdened,0,0,High Volume,Low Strain
Nonprofit,Urban,Non-Teaching,Cardiac,112998.5,62.0,58.333333333333336,No,No,1822.5561576522325,6,Overburdened,0,0,High Volume,High Strain
Government,Frontier,Non-Teaching,Cardiac,3495.0,3.0,4.666666666666667,Yes,Yes,1164.996116679611,1,Normal,1,0,Low Volume,Medium Strain
Government,Frontier,Non-Teaching,Cardiac,2546.6666666666665,2.0,4.333333333333333,Yes,Yes,1273.3269666984997,1,Normal,1,0,Low Volume,Medium Strain
Investor Owned,Urban,Non-Teaching,Cardiac,44698.666666666664,30.0,46.0,No,Yes,1489.9550589038693,4,Normal,4,0,Medium Volume,Medium Strain
Investor Owned,Urban,Non-Teaching,Cardiac,54417.5,28.0,91.5,No,Yes,1943.4814487566255,6,Overburdened,4,0,High Volume,High Strain
Investor Owned,Urban,Non-Teaching,Cardiac,39938.5,29.0,84.5,Yes,Yes,1377.189180279593,6,Normal,4,0,Medium Volume,Medium Strain
Investor Owned,Urban,Non-Teaching,Cardiac,45627.5,12.0,64.5,No,Yes,3802.2884980929184,3,Overburdened,4,5,Medium Volume,High Strain
Government,Rural,Non-Teaching,Cardiac,7767.0,7.0,11.5,Yes,Yes,1109.5698434716523,1,Normal,1,0,Low Volume,Low Strain
Investor Owned,Urban,Non-Teaching,Cardiac,45660.666666666664,41.0,38.333333333333336,No,Yes,1113.6745251200343,4,Normal,3,0,Medium Volume,Low Strain
Government,Urban,Non-Teaching,Cardiac,37046.333333333336,28.0,35.333333333333336,No,Yes,1323.0828608037402,2,Normal,2,0,Medium Volume,Medium Strain
Investor Owned,Urban,Non-Teaching,Cardiac,15067.333333333334,12.0,16.333333333333332,Yes,No,1255.6100647693906,2,Normal,4,0,Low Volume,Medium Strain
Nonprofit,Urban,Non-Teaching,Cardiac,54291.666666666664,41.0,36.0,No,Yes,1324.1866688975604,5,Normal,3,0,High Volume,Medium Strain
Nonprofit,Urban,Non-Teaching,Cardiac,47474.5,26.0,10.0,No,Yes,1825.9416054070748,2,Overburdened,2,0,Medium Volume,High Strain
Investor Owned,Urban,Non-Teaching,Cardiac,90694.33333333333,53.0,64.66666666666667,No,Yes,1711.213513607513,3,Normal,3,6,High Volume,High Strain
Investor Owned,Urban,Non-Teaching,Cardiac,35054.666666666664,21.0,41.0,No,No,1669.2690463798192,3,Normal,4,0,Medium Volume,High Strain
Nonprofit,Urban,Non-Teaching,Cardiac,47299.5,58.5,63.5,No,Yes,808.5383233267823,3,Under-Burdened,0,0,Medium Volume,Low Strain
Nonprofit,Urban,Non-Teaching,Cardiac,95381.5,59.0,113.5,No,No,1616.6353192143526,5,Normal,0,0,High Volume,High Strain
Government,Urban,Teaching,Cardiac,63503.666666666664,70.0,111.66666666666667,No,No,907.1951084959368,7,Under-Burdened,0,0,High Volume,Low Strain
Nonprofit,Urban,Non-Teaching,Cardiac,84523.33333333333,51.333333333333336,95.0,No,No,1646.5581208003657,7,Normal,3,0,High Volume,High Strain
Nonprofit,Urban,Non-Teaching,Cardiac,106119.0,53.0,171.5,No,No,2002.2449052368102,5,Overburdened,3,0,High Volume,High Strain
Government,Rural,Non-Teaching,Cardiac,21385.333333333332,18.0,19.0,Yes,No,1188.0734140332884,2,Normal,1,0,Low Volume,Medium Strain
Government,Rural,Non-Teaching,Cardiac,11297.666666666666,7.0,23.333333333333332,Yes,Yes,1613.9500753094162,1,Normal,1,0,Low Volume,High Strain
Investor Owned,Urban,Non-Teaching,Cardiac,33224.0,15.0,37.333333333333336,No,No,2214.9318567120954,3,Overburdened,4,0,Medium Volume,High Strain
Investor Owned,Urban,Non-Teaching,Cardiac,22289.0,12.0,36.333333333333336,No,Yes,1857.4151188207343,3,Overburdened,4,0,Low Volume,High Strain
Nonprofit,Urban,Non-Teaching,Cardiac,112998.5,80.5,173.5,Yes,No,1403.7079001605093,6,Normal,0,0,High Volume,Medium Strain
Nonprofit,Urban,Teaching,Cardiac,40403.0,40.0,105.0,No,No,1010.074747481313,6,Under-Burdened,3,0,Medium Volume,Low Strain
Government,Rural,Non-Teaching,Cardiac,8291.666666666666,6.0,19.0,Yes,Yes,1381.9421412075424,1,Normal,1,0,Low Volume,Medium Strain
Nonprofit,Urban,Non-Teaching,Cardiac,75626.66666666667,52.0,180.33333333333334,No,Yes,1454.35869467461,6,Normal,3,0,High Volume,Medium Strain
Nonprofit,Urban,Non-Teaching,Cardiac,53317.333333333336,18.0,45.333333333333336,No,Yes,2962.0724284782805,6,Overburdened,2,0,High Volume,High Strain
Nonprofit,Urban,Non-Teaching,Cardiac,62192.333333333336,43.0,100.66666666666667,No,Yes,1446.3329969768224,5,Normal,3,0,High Volume,Medium Strain
Investor Owned,Urban,Non-Teaching,Cardiac,30790.0,16.0,81.0,Yes,Yes,1924.3737972663766,3,Overburdened,4,0,Medium Volume,High Strain
Investor Owned,Rural,Non-Teaching,Cardiac,22806.333333333332,15.333333333333334,61.333333333333336,Yes,Yes,1487.3685951943944,4,Normal,1,0,Low Volume,Medium Strain
Investor Owned,Urban,Non-Teaching,Cardiac,35471.0,20.333333333333332,140.0,Yes,Yes,1744.4745518977616,3,Normal,4,0,Medium Volume,High Strain
Government,Urban,Teaching,Cardiac,57942.0,47.0,64.0,Yes,No,1232.8082483386704,6,Normal,3,0,High Volume,Medium Strain
Investor Owned,Rural,Non-Teaching,Cardiac,25407.666666666668,16.0,45.333333333333336,Yes,Yes,1587.9781741803079,1,Normal,1,0,Medium Volume,High Strain
Nonprofit,Urban,Non-Teaching,Cardiac,23200.666666666668,15.0,17.333333333333332,No,Yes,1546.710079971058,2,Normal,2,0,Low Volume,Medium Strain
Nonprofit,Urban,Non-Teaching,Cardiac,79146.5,63.0,65.5,No,No,1256.2934513819919,7,Normal,0,0,High Volume,Medium Strain
Nonprofit,Urban,Non-Teaching,Cardiac,86469.0,80.5,221.0,No,Yes,1074.148934888331,7,Under-Burdened,0,0,High Volume,Low Strain
Nonprofit,Urban,Non-Teaching,Cardiac,112241.5,80.5,20.0,No,No,1394.3041746205993,6,Normal,0,0,High Volume,Medium Strain
Nonprofit,Urban,Teaching,Cardiac,96961.66666666667,77.33333333333333,190.66666666666666,No,No,1253.8144930412295,6,Normal,0,0,High Volume,Medium Strain
Investor Owned,Urban,Non-Teaching,Cardiac,17293.0,20.0,52.0,Yes,Yes,864.6495676752162,5,Under-Burdened,4,0,Low Volume,Low Strain
Nonprofit,Urban,Non-Teaching,Cardiac,37200.666666666664,47.0,91.33333333333333,No,No,791.5033776943167,6,Under-Burdened,3,0,Medium Volume,Low Strain
Government,Urban,Non-Teaching,Cardiac,39953.666666666664,40.0,107.0,No,No,998.8414169563123,6,Under-Burdened,3,0,Medium Volume,Low Strain
Government,Urban,Teaching,Cardiac,60332.5,80.5,71.5,No,No,749.4719565873346,6,Under-Burdened,0,0,High Volume,Low Strain
Nonprofit,Urban,Non-Teaching,Cardiac,63761.0,48.0,92.66666666666667,No,No,1328.3538899262728,6,Normal,3,0,High Volume,Medium Strain
Government,Urban,Non-Teaching,Cardiac,26922.5,8.0,41.0,No,No,3365.3082933646333,5,Overburdened,4,7,Medium Volume,High Strain
Nonprofit,Urban,Non-Teaching,Cardiac,44178.666666666664,38.0,43.333333333333336,No,No,1162.5961852817054,4,Normal,3,0,Medium Volume,Low Strain
Government,Urban,Non-Teaching,Cardiac,77978.0,72.0,135.0,No,Yes,1083.027627357274,5,Normal,0,0,High Volume,Low Strain
Nonprofit,Urban,Teaching,Cardiac,31841.333333333332,28.666666666666668,13.0,No,No,1110.7437985777447,5,Normal,2,0,Medium Volume,Low Strain
Government,Urban,Teaching,Cardiac,43609.0,59.0,124.66666666666667,No,No,739.135467943141,6,Under-Burdened,0,0,Medium Volume,Low Strain
Nonprofit,Urban,Non-Teaching,Cardiac,20186.666666666668,19.0,2.6666666666666665,No,No,1062.4555811637292,5,Under-Burdened,2,0,Low Volume,Low Strain
Nonprofit,Urban,Teaching,Cardiac,11045.666666666666,12.0,16.666666666666668,No,No,920.4714551626762,5,Under-Burdened,2,0,Low Volume,Low Strain
Nonprofit,Urban,Non-Teaching,Cardiac,26493.666666666668,35.0,70.0,No,Yes,756.9616884871366,5,Under-Burdened,3,0,Medium Volume,Low Strain
Nonprofit,Urban,Non-Teaching,Cardiac,17995.0,16.0,4.333333333333333,No,No,1124.686797070752,3,Normal,2,0,Low Volume,Low Strain
Nonprofit,Urban,Non-Teaching,Cardiac,49033.666666666664,28.0,43.333333333333336,No,Yes,1751.2017555231826,4,Overburdened,2,0,High Volume,High Strain
Government,Urban,Non-Teaching,Cardiac,41087.333333333336,25.333333333333332,77.0,Yes,Yes,1621.8677808416658,4,Normal,2,0,Medium Volume,High Strain
Nonprofit,Urban,Non-Teaching,Cardiac,29388.666666666668,14.0,36.333333333333336,No,Yes,2099.1889767697785,2,Overburdened,2,0,Medium Volume,High Strain
Investor Owned,Urban,Non-Teaching,Cardiac,25987.0,11.0,28.666666666666668,No,Yes,2362.4523977705476,2,Overburdened,4,0,Medium Volume,High Strain
Nonprofit,Urban,Non-Teaching,Cardiac,103851.33333333333,46.666666666666664,31.0,No,Yes,2225.385237417449,2,Overburdened,3,8,High Volume,High Strain
Nonprofit,Rural,Non-Teaching,Cardiac,25632.666666666668,18.0,19.666666666666668,No,Yes,1424.0362459057894,2,Normal,1,0,Medium Volume,Medium Strain
Nonprofit,Rural,Non-Teaching,Cardiac,20801.333333333332,22.0,15.333333333333334,No,Yes,945.5147217357325,2,Under-Burdened,1,0,Low Volume,Low Strain
Investor Owned,Rural,Non-Teaching,Cardiac,19784.666666666668,11.0,11.333333333333334,No,Yes,1798.6044255111285,4,Overburdened,1,0,Low Volume,High Strain
Investor Owned,Urban,Non-Teaching,Cardiac,27192.666666666668,23.0,18.333333333333332,No,No,1182.2893410336198,3,Normal,4,0,Medium Volume,Medium Strain
Government,Urban,Non-Teaching,Cardiac,33189.666666666664,15.0,3.6666666666666665,No,No,2212.6429693491314,4,Overburdened,4,0,Medium Volume,High Strain
Nonprofit,Urban,Non-Teaching,Cardiac,39927.666666666664,19.0,12.333333333333334,No,No,2101.4550343219116,3,Overburdened,2,0,Medium Volume,High Strain
Investor Owned,Urban,Non-Teaching,Cardiac,13136.0,22.0,66.0,No,No,597.0906376860738,6,Under-Burdened,4,0,Low Volume,Low Strain
Nonprofit,Urban,Non-Teaching,Cardiac,41904.5,26.0,63.0,No,No,1611.7109185727236,5,Normal,2,0,Medium Volume,High Strain
Nonprofit,Urban,Non-Teaching,Cardiac,14532.0,17.0,11.0,No,No,854.8230265746903,5,Under-Burdened,2,0,Low Volume,Low Strain
Nonprofit,Urban,Non-Teaching,Cardiac,32738.0,24.0,24.0,No,No,1364.0827649655146,4,Normal,2,0,Medium Volume,Medium Strain
Nonprofit,Urban,Non-Teaching,Cardiac,22042.666666666668,22.0,4.0,No,Yes,1001.9389385126037,1,Under-Burdened,2,0,Low Volume,Low Strain
Government,Rural,Non-Teaching,Cardiac,18819.5,10.0,19.0,No,Yes,1881.948118051882,2,Overburdened,1,0,Low Volume,High Strain
Nonprofit,Urban,Non-Teaching,Cardiac,48621.0,41.0,58.0,Yes,Yes,1185.8777595420097,5,Normal,3,0,Medium Volume,Medium Strain
Nonprofit,Urban,Non-Teaching,Cardiac,35892.0,40.5,36.0,No,No,886.2220034019743,6,Under-Burdened,3,0,Medium Volume,Low Strain
Nonprofit,Rural,Non-Teaching,Cardiac,9330.0,8.0,10.333333333333334,No,Yes,1166.2485421893223,1,Normal,1,0,Low Volume,Medium Strain
Nonprofit,Urban,Non-Teaching,Cardiac,52909.5,40.0,75.0,No,No,1322.7371693157077,6,Normal,3,0,High Volume,Medium Strain
Investor Owned,Urban,Non-Teaching,Cardiac,47574.333333333336,35.0,75.33333333333333,No,No,1359.266278304873,6,Normal,3,0,Medium Volume,Medium Strain
Government,Urban,Non-Teaching,Cardiac,49958.666666666664,25.0,54.666666666666664,No,No,1998.3458673283196,6,Overburdened,2,0,High Volume,High Strain
Nonprofit,Urban,Teaching,Cardiac,73416.5,80.5,52.0,No,No,912.0060978874412,5,Under-Burdened,0,0,High Volume,Low Strain
Nonprofit,Urban,Non-Teaching,Cardiac,65069.0,36.0,94.0,No,No,1807.4717201467442,5,Overburdened,3,0,High Volume,High Strain
Government,Rural,Non-Teaching,Cardiac,33380.333333333336,8.0,41.0,No,No,4172.536450996104,2,Overburdened,4,10,Medium Volume,High Strain
Nonprofit,Urban,Non-Teaching,Cardiac,67463.5,30.0,72.5,No,No,2248.7825837391388,6,Overburdened,2,0,High Volume,High Strain
Nonprofit,Urban,Non-Teaching,Cardiac,28103.666666666668,13.333333333333334,32.0,Yes,No,2107.7734191699356,3,Overburdened,2,0,Medium Volume,High Strain
Government,Frontier,Non-Teaching,Cardiac,3986.3333333333335,6.0,5.0,Yes,Yes,664.3877815759197,3,Under-Burdened,1,0,Low Volume,Low Strain
Investor Owned,Urban,Non-Teaching,Cardiac,24901.0,28.0,35.333333333333336,No,Yes,889.3211109567461,5,Under-Burdened,4,0,Low Volume,Low Strain
Nonprofit,Urban,Non-Teaching,Cardiac,42502.0,26.0,77.33333333333333,No,Yes,1634.691678964739,5,Normal,2,0,Medium Volume,High Strain
Nonprofit,Rural,Non-Teaching,Cardiac,9721.666666666666,11.0,12.333333333333334,Yes,Yes,883.7870753450829,1,Under-Burdened,1,0,Low Volume,Low Strain
Nonprofit,Rural,Non-Teaching,Cardiac,9916.0,7.0,21.0,Yes,Yes,1416.5694049008503,1,Normal,1,0,Low Volume,Medium Strain
Nonprofit,Urban,Non-Teaching,Cardiac,57303.333333333336,51.0,97.0,No,No,1123.594550929173,5,Normal,3,0,High Volume,Low Strain
Nonprofit,Urban,Non-Teaching,Cardiac,24714.666666666668,13.0,14.0,No,No,1901.1267427230187,3,Overburdened,2,0,Low Volume,High Strain
Nonprofit,Urban,Non-Teaching,Cardiac,57780.0,45.0,81.0,No,No,1283.99971466673,4,Normal,3,0,High Volume,Medium Strain
Nonprofit,Urban,Non-Teaching,Cardiac,48864.0,27.0,21.0,No,No,1809.7771074899601,3,Overburdened,2,0,Medium Volume,High Strain
Investor Owned,Rural,Non-Teaching,Cardiac,8867.0,9.0,3.0,No,No,985.2211275320806,1,Under-Burdened,4,0,Low Volume,Low Strain
Investor Owned,Urban,Non-Teaching,Cardiac,17207.5,15.0,18.5,No,No,1147.1659018893988,2,Normal,4,0,Low Volume,Low Strain
Investor Owned,Urban,Non-Teaching,Cardiac,35628.0,29.5,77.5,No,Yes,1207.728404159863,5,Normal,4,0,Medium Volume,Medium Strain
Government,Urban,Non-Teaching,Cardiac,8424.666666666666,8.333333333333334,11.0,Yes,No,1010.9587868494557,2,Under-Burdened,4,0,Low Volume,Low Strain
Nonprofit,Urban,Teaching,Cardiac,53276.0,30.0,17.0,No,Yes,1775.8660747113086,4,Overburdened,2,0,High Volume,High Strain
Nonprofit,Urban,Non-Teaching,Cardiac,31739.5,34.0,25.0,No,Yes,933.5144313192848,3,Under-Burdened,3,0,Medium Volume,Low Strain
Investor Owned,Urban,Non-Teaching,Cardiac,77669.33333333333,33.0,83.66666666666667,No,No,2353.6154483993587,6,Overburdened,2,0,High Volume,High Strain
Investor Owned,Urban,Non-Teaching,Cardiac,51875.333333333336,32.0,71.0,No,No,1621.1036600717728,5,Normal,4,0,High Volume,High Strain
Nonprofit,Urban,Non-Teaching,Cardiac,72098.66666666667,40.0,78.0,No,No,1802.4662160501127,6,Overburdened,3,0,High Volume,High Strain
Government,Rural,Non-Teaching,Cardiac,18690.333333333332,12.0,10.0,Yes,No,1557.5264798390444,1,Normal,1,0,Low Volume,Medium Strain
Nonprofit,Rural,Non-Teaching,Cardiac,28291.666666666668,14.0,49.0,Yes,Yes,2020.8318898819837,2,Overburdened,1,0,Medium Volume,High Strain
Government,Urban,Non-Teaching,Cardiac,59761.5,80.5,154.5,Yes,Yes,742.3787897666099,6,Under-Burdened,0,0,High Volume,Low Strain
Government,Rural,Non-Teaching,Cardiac,33321.0,24.0,70.5,Yes,Yes,1388.3744215106578,4,Normal,1,0,Medium Volume,Medium Strain
Nonprofit,Rural,Non-Teaching,Cardiac,28867.333333333332,15.0,52.333333333333336,Yes,Yes,1924.4876058971515,3,Overburdened,1,0,Medium Volume,High Strain
Nonprofit,Rural,Non-Teaching,Cardiac,30663.666666666668,18.0,45.666666666666664,Yes,Yes,1703.536090628098,2,Normal,1,0,Medium Volume,High Strain
Government,Urban,Non-Teaching,Cardiac,40721.5,38.5,33.5,No,No,1057.70102397376,5,Under-Burdened,3,0,Medium Volume,Low Strain
Investor Owned,Urban,Non-Teaching,Cardiac,40176.0,28.0,37.0,No,No,1434.8566304083463,6,Normal,4,0,Medium Volume,Medium Strain
Nonprofit,Rural,Non-Teaching,Cardiac,7952.0,6.0,6.0,No,No,1325.331124448126,1,Normal,1,0,Low Volume,Medium Strain
Nonprofit,Urban,Non-Teaching,Cardiac,22600.333333333332,14.0,8.0,No,No,1614.3083707321161,3,Normal,2,0,Low Volume,High Strain
Nonprofit,Urban,Non-Teaching,Cardiac,45771.666666666664,31.0,33.0,No,Yes,1476.5049000521826,5,Normal,2,0,Medium Volume,Medium Strain
Nonprofit,Urban,Non-Teaching,Cardiac,26971.5,11.0,6.0,No,Yes,2451.952316406985,1,Overburdened,2,0,Medium Volume,High Strain
Nonprofit,Rural,Non-Teaching,Cardiac,59699.0,44.0,85.66666666666667,Yes,Yes,1356.7951461829211,5,Normal,3,1,High Volume,Medium Strain
Nonprofit,Urban,Non-Teaching,Cardiac,36398.0,40.0,8.0,No,No,909.9497725125568,4,Under-Burdened,3,0,Medium Volume,Low Strain
Government,Urban,Non-Teaching,Cardiac,69248.0,54.0,124.0,No,No,1282.3701328944198,4,Normal,3,0,High Volume,Medium Strain
Nonprofit,Urban,Teaching,Cardiac,112998.5,80.0,75.0,No,No,1412.4810734398657,6,Normal,0,0,High Volume,Medium Strain
Nonprofit,Rural,Non-Teaching,Cardiac,9934.0,5.0,9.0,Yes,Yes,1986.7960264079472,1,Overburdened,1,0,Low Volume,High Strain
Nonprofit,Rural,Non-Teaching,Cardiac,15236.0,11.0,28.0,Yes,Yes,1385.0896499185,1,Normal,1,0,Low Volume,Medium Strain
Nonprofit,Rural,Non-Teaching,Cardiac,26490.0,24.0,35.5,No,No,1103.7495401043584,3,Normal,2,0,Medium Volume,Low Strain
Investor Owned,Rural,Non-Teaching,Cardiac,9268.0,9.0,10.0,Yes,Yes,1029.7766335815184,2,Under-Burdened,1,0,Low Volume,Low Strain
Nonprofit,Urban,Teaching,Cardiac,63937.0,48.0,109.0,No,Yes,1332.0205558290509,6,Normal,3,0,High Volume,Medium Strain
Investor Owned,Rural,Non-Teaching,Cardiac,11554.0,12.0,37.0,Yes,Yes,962.8325309728909,2,Under-Burdened,1,0,Low Volume,Low Strain
Government,Rural,Non-Teaching,Cardiac,30623.0,20.0,52.0,Yes,Yes,1531.149234425383,4,Normal,1,0,Medium Volume,Medium Strain
Nonprofit,Urban,Non-Teaching,Cardiac,74433.0,36.0,52.5,No,Yes,2067.582759004789,6,Overburdened,3,0,High Volume,High Strain
Government,Urban,Teaching,Cardiac,45491.0,30.0,84.0,No,Yes,1516.3661612112796,5,Normal,2,0,Medium Volume,Medium Strain
Nonprofit,Urban,Non-Teaching,Cardiac,53560.0,40.0,61.0,No,Yes,1338.9996652500836,5,Normal,3,0,High Volume,Medium Strain
Nonprofit,Frontier,Non-Teaching,Cardiac,2364.0,2.0,1.0,Yes,Yes,1181.9940900295499,1,Normal,1,0,Low Volume,Medium Strain
Nonprofit,Urban,Teaching,Cardiac,41196.0,26.0,40.0,No,No,1584.4609290534888,6,Normal,2,0,Medium Volume,Medium Strain
Nonprofit,Urban,Non-Teaching,Cardiac,72057.0,46.0,7.0,Yes,No,1566.456181205178,6,Normal,3,0,High Volume,Medium Strain
Investor Owned,Urban,Non-Teaching,Cardiac,3646.0,4.0,3.0,Yes,Yes,911.497721255697,3,Under-Burdened,1,0,Low Volume,Low Strain
Government,Urban,Non-Teaching,Cardiac,33564.0,14.0,49.0,No,No,2397.4268589808153,4,Overburdened,4,0,Medium Volume,High Strain
Nonprofit,Urban,Non-Teaching,Cardiac,31471.5,22.0,14.0,No,No,1430.5220770354194,3,Normal,2,0,Medium Volume,Medium Strain
Nonprofit,Urban,Non-Teaching,Cardiac,33640.5,16.0,88.0,No,No,2102.52993591879,6,Overburdened,2,0,Medium Volume,High Strain
Nonprofit,Urban,Non-Teaching,Cardiac,52043.0,50.0,89.0,No,No,1040.8597918280416,7,Under-Burdened,3,0,High Volume,Low Strain
Investor Owned,Urban,Non-Teaching,Cardiac,29638.0,21.0,70.0,No,No,1411.3326612701612,4,Normal,4,0,Medium Volume,Medium Strain
Nonprofit,Urban,Non-Teaching,Cardiac,25109.5,16.0,28.5,No,No,1569.3427691607694,6,Normal,2,0,Low Volume,Medium Strain
Investor Owned,Urban,Non-Teaching,Cardiac,50599.5,24.0,28.5,No,No,2108.3116215368245,6,Overburdened,4,0,High Volume,High Strain
Nonprofit,Urban,Non-Teaching,Cardiac,109217.0,29.0,25.0,Yes,Yes,3766.1021496199482,3,Overburdened,2,4,High Volume,High Strain
Government,Rural,Non-Teaching,Cardiac,10799.0,13.0,5.0,No,Yes,830.6916686987164,1,Under-Burdened,1,0,Low Volume,Low Strain
Nonprofit,Rural,Non-Teaching,Cardiac,6472.0,8.0,7.0,No,No,808.998988751264,4,Under-Burdened,1,0,Low Volume,Low Strain
Nonprofit,Rural,Non-Teaching,Cardiac,23312.0,18.0,29.0,Yes,Yes,1295.110391605338,3,Normal,1,0,Low Volume,Medium Strain
Government,Urban,Non-Teaching,Cardiac,27460.0,23.0,46.0,No,No,1193.912524385859,4,Normal,2,0,Medium Volume,Medium Strain
Nonprofit,Urban,Non-Teaching,Cardiac,11497.0,69.0,4.0,No,No,166.62316425751243,2,Under-Burdened,0,11,Low Volume,Low Strain
Nonprofit,Urban,Teaching,Cardiac,112998.5,72.0,49.0,No,No,1569.4233931356398,5,Normal,0,0,High Volume,Medium Strain
Investor Owned,Urban,Teaching,Cardiac,87345.0,64.0,110.0,Yes,Yes,1364.7654117554043,7,Normal,0,0,High Volume,Medium Strain
Nonprofit,Urban,Non-Teaching,Cardiac,51767.0,26.0,11.0,No,Yes,1991.0376957547323,3,Overburdened,2,0,High Volume,High Strain
Nonprofit,Urban,Teaching,Cardiac,99973.0,59.0,103.0,No,No,1694.4573399224846,5,Normal,0,0,High Volume,High Strain
Nonprofit,Urban,Non-Teaching,Cardiac,30920.5,20.0,40.0,No,No,1546.0242269878865,6,Normal,2,0,Medium Volume,Medium Strain
Nonprofit,Urban,Non-Teaching,Cardiac,56462.0,31.0,183.0,No,No,1821.3542511760481,6,Overburdened,2,0,High Volume,High Strain
Nonprofit,Urban,Non-Teaching,Cardiac,45169.5,29.0,35.5,No,No,1557.56842842468,6,Normal,2,0,Medium Volume,Medium Strain
Nonprofit,Urban,Teaching,Cardiac,107243.0,53.0,139.0,No,No,2023.4524484051983,5,Overburdened,3,0,High Volume,High Strain
Nonprofit,Urban,Non-Teaching,Cardiac,42886.0,25.0,40.0,No,No,1715.4393138242744,3,Normal,2,0,Medium Volume,High Strain
Nonprofit,Urban,Teaching,Cardiac,112998.5,80.5,163.0,Yes,No,1403.7079001605093,6,Normal,0,0,High Volume,Medium Strain
Nonprofit,Urban,Teaching,Cardiac,62646.0,24.0,169.0,No,Yes,2610.2489123962864,6,Overburdened,2,0,High Volume,High Strain
Nonprofit,Frontier,Non-Teaching,Cardiac,4339.5,4.0,11.5,Yes,Yes,1084.8722878192805,1,Normal,1,0,Low Volume,Low Strain
Nonprofit,Urban,Non-Teaching,Cardiac,14965.0,39.0,5.0,No,No,383.7178503287563,4,Under-Burdened,3,0,Low Volume,Low Strain
Nonprofit,Urban,Teaching,Cardiac,112998.5,80.5,29.0,No,No,1403.7079001605093,6,Normal,0,0,High Volume,Medium Strain
Nonprofit,Urban,Non-Teaching,Cardiac,10395.5,12.0,2.5,No,No,866.2909447575461,5,Under-Burdened,2,0,Low Volume,Low Strain
Nonprofit,Urban,Non-Teaching,Cardiac,5637.5,7.0,3.0,No,Yes,805.3559923485824,2,Under-Burdened,1,0,Low Volume,Low Strain
Investor Owned,Urban,Teaching,Cardiac,82844.0,62.0,170.0,Yes,Yes,1336.1933328720431,6,Normal,0,0,High Volume,Medium Strain
Investor Owned,Urban,Non-Teaching,Cardiac,13380.0,22.0,49.0,No,No,608.1815417356629,5,Under-Burdened,4,0,Low Volume,Low Strain
Nonprofit,Urban,Non-Teaching,Cardiac,17158.0,17.0,17.0,No,No,1009.293523944986,4,Under-Burdened,2,0,Low Volume,Low Strain
Nonprofit,Urban,Teaching,Cardiac,43220.0,40.0,34.0,No,No,1080.4997298750675,6,Under-Burdened,3,0,Medium Volume,Low Strain
Nonprofit,Urban,Non-Teaching,Cardiac,63151.0,40.0,72.0,No,No,1578.7746053063486,5,Normal,3,0,High Volume,Medium Strain
Nonprofit,Urban,Teaching,Cardiac,73413.0,36.0,78.0,No,No,2039.249433541824,5,Overburdened,3,0,High Volume,High Strain
Nonprofit,Urban,Teaching,Cardiac,74166.0,30.0,61.0,No,No,2472.199175933608,6,Overburdened,2,0,High Volume,High Strain
Nonprofit,Urban,Non-Teaching,Cardiac,39333.0,24.0,48.0,No,Yes,1638.8743171357012,5,Normal,2,0,Medium Volume,High Strain
Nonprofit,Urban,Non-Teaching,Cardiac,53345.0,27.0,18.0,No,No,1975.740008985182,4,Overburdened,2,0,High Volume,High Strain
Nonprofit,Urban,Non-Teaching,Cardiac,59695.0,30.0,14.0,No,Yes,1989.8326700557766,4,Overburdened,2,0,High Volume,High Strain
Government,Urban,Teaching,Cardiac,71708.0,73.0,152.0,Yes,Yes,982.3012353012006,6,Under-Burdened,0,0,High Volume,Low Strain
Government,Urban,Non-Teaching,Cardiac,45896.0,35.0,36.0,No,No,1311.313911053168,4,Normal,3,0,Medium Volume,Medium Strain
Nonprofit,Urban,Non-Teaching,Cardiac,34054.5,18.0,17.5,No,No,1891.9156156024358,3,Overburdened,2,0,Medium Volume,High Strain
Nonprofit,Urban,Non-Teaching,Cardiac,23820.0,19.5,16.0,No,Yes,1221.5378351088025,3,Normal,2,0,Low Volume,Medium Strain
Nonprofit,Urban,Non-Teaching,Cardiac,32229.0,23.0,13.0,No,Yes,1401.260260321626,2,Normal,2,0,Medium Volume,Medium Strain
Government,Frontier,Non-Teaching,Cardiac,2837.0,2.0,2.0,Yes,Yes,1418.4929075354623,1,Normal,1,0,Low Volume,Medium Strain
Investor Owned,Urban,Non-Teaching,Cardiac,23943.0,20.0,46.0,Yes,No,1197.1494014252994,6,Normal,4,0,Low Volume,Medium Strain
Government,Urban,Teaching,Cardiac,32425.0,41.0,84.0,No,No,790.8534656454962,6,Under-Burdened,3,0,Medium Volume,Low Strain
Nonprofit,Rural,Non-Teaching,Cardiac,28244.0,16.0,163.0,Yes,Yes,1765.2488967194397,3,Overburdened,1,0,Medium Volume,High Strain
Government,Frontier,Non-Teaching,Cardiac,4834.0,4.0,9.0,Yes,Yes,1208.4969787575533,2,Normal,1,0,Low Volume,Medium Strain
Nonprofit,Urban,Non-Teaching,Cardiac,58831.0,56.0,77.0,No,No,1050.5533838297529,6,Under-Burdened,3,0,High Volume,Low Strain
Investor Owned,Urban,Non-Teaching,Cardiac,73328.0,64.0,121.0,Yes,Yes,1145.7498209765904,6,Normal,0,0,High Volume,Low Strain
Government,Urban,Teaching,Cardiac,68827.0,44.0,78.0,No,Yes,1564.249644488717,6,Normal,3,0,High Volume,Medium Strain
Nonprofit,Urban,Non-Teaching,Cardiac,51901.0,24.0,189.0,No,Yes,2162.540765608014,6,Overburdened,2,0,High Volume,High Strain
Government,Urban,Teaching,Cardiac,33076.0,52.0,48.0,No,No,636.0768007544614,7,Under-Burdened,3,0,Medium Volume,Low Strain
Nonprofit,Urban,Non-Teaching,Cardiac,28108.0,21.0,35.0,Yes,Yes,1338.4755531068795,5,Normal,1,0,Medium Volume,Medium Strain
Investor Owned,Urban,Non-Teaching,Cardiac,67670.0,62.0,186.0,Yes,Yes,1091.4514368626715,6,Normal,0,0,High Volume,Low Strain
Government,Urban,Non-Teaching,Diabetes,13261.0,12.0,1593.0,No,No,1105.082412431323,3,Normal,4,0,Low Volume,Low Strain
Nonprofit,Urban,Non-Teaching,Diabetes,29420.666666666668,22.0,1331.6666666666667,No,No,1337.302422438293,6,Normal,2,0,Medium Volume,Medium Strain
Nonprofit,Urban,Teaching,Diabetes,30782.5,40.0,216.0,No,No,769.562307609423,4,Under-Burdened,3,0,Medium Volume,Low Strain
Government,Urban,Non-Teaching,Diabetes,65082.0,59.0,5331.625,No,No,1103.0845587992274,5,Normal,0,0,High Volume,Low Strain
Nonprofit,Urban,Non-Teaching,Diabetes,29479.0,30.0,2225.3333333333335,No,No,982.633005788998,6,Under-Burdened,2,0,Medium Volume,Low Strain
Government,Urban,Non-Teaching,Diabetes,42180.666666666664,39.0,4752.666666666667,No,No,1081.5552782336893,6,Normal,3,0,Medium Volume,Low Strain
Nonprofit,Urban,Non-Teaching,Diabetes,28620.0,17.0,2714.0,No,No,1683.5284214538697,4,Normal,2,0,Medium Volume,High Strain
Nonprofit,Urban,Non-Teaching,Diabetes,37801.333333333336,18.0,5254.333333333333,No,No,2100.0729073669036,3,Overburdened,2,0,Medium Volume,High Strain
Nonprofit,Urban,Non-Teaching,Diabetes,31745.0,22.0,1520.0,No,No,1442.9538895664139,3,Normal,2,0,Medium Volume,Medium Strain
Nonprofit,Urban,Non-Teaching,Diabetes,110997.0,80.0,5331.625,No,No,1387.4623265672092,6,Normal,0,0,High Volume,Medium Strain
Nonprofit,Urban,Non-Teaching,Diabetes,66977.0,40.0,5331.625,No,No,1674.4245813938546,5,Normal,3,0,High Volume,High Strain
Nonprofit,Rural,Non-Teaching,Diabetes,24025.0,14.0,809.0,Yes,No,1716.070202806998,2,Normal,1,0,Low Volume,High Strain
Nonprofit,Rural,Non-Teaching,Diabetes,9708.5,5.0,623.0,Yes,Yes,1941.696116607767,3,Overburdened,1,0,Low Volume,High Strain
Nonprofit,Rural,Non-Teaching,Diabetes,8570.0,14.0,606.5,Yes,Yes,612.1424198982716,3,Under-Burdened,1,0,Low Volume,Low Strain
Nonprofit,Urban,Non-Teaching,Diabetes,55911.0,49.0,5331.625,No,Yes,1141.0405834611054,5,Normal,3,0,High Volume,Low Strain
Nonprofit,Rural,Non-Teaching,Diabetes,10039.0,8.0,932.0,Yes,Yes,1254.8734314082108,1,Normal,1,0,Low Volume,Medium Strain
Nonprofit,Urban,Non-Teaching,Diabetes,41025.0,30.0,1753.6666666666667,No,No,1367.4995441668186,3,Normal,2,0,Medium Volume,Medium Strain
Nonprofit,Urban,Non-Teaching,Diabetes,46164.333333333336,44.0,3961.6666666666665,No,No,1049.1891554873132,7,Under-Burdened,3,0,Medium Volume,Low Strain
Nonprofit,Urban,Non-Teaching,Diabetes,63404.333333333336,52.0,5331.625,No,No,1219.3138680806665,5,Normal,3,0,High Volume,Medium Strain
Nonprofit,Urban,Non-Teaching,Diabetes,50722.333333333336,32.0,5331.625,No,No,1585.072421331535,5,Normal,2,0,High Volume,Medium Strain
Investor Owned,Urban,Non-Teaching,Diabetes,16929.333333333332,12.0,920.0,No,No,1410.7766021306093,3,Normal,4,0,Low Volume,Medium Strain
Nonprofit,Urban,Non-Teaching,Diabetes,63958.666666666664,36.0,5331.625,No,No,1776.629136121536,4,Overburdened,3,0,High Volume,High Strain
Nonprofit,Rural,Non-Teaching,Diabetes,16776.666666666668,12.0,1067.6666666666667,Yes,Yes,1398.0543905102302,3,Normal,1,0,Low Volume,Medium Strain
Nonprofit,Rural,Non-Teaching,Diabetes,55450.333333333336,59.0,5331.625,Yes,Yes,939.8359988978533,6,Under-Burdened,0,1,High Volume,Low Strain
Investor Owned,Rural,Non-Teaching,Diabetes,7588.5,9.0,86.0,Yes,Yes,843.1657298158558,3,Under-Burdened,1,0,Low Volume,Low Strain
Nonprofit,Urban,Teaching,Diabetes,80788.66666666667,73.0,5331.625,Yes,No,1106.693912325035,7,Normal,0,0,High Volume,Low Strain
Nonprofit,Rural,Non-Teaching,Diabetes,35672.666666666664,10.0,2693.3333333333335,Yes,Yes,3567.263099403567,1,Overburdened,1,2,Medium Volume,High Strain
Nonprofit,Urban,Non-Teaching,Diabetes,57338.0,48.0,5331.625,No,Yes,1194.5414178038711,6,Normal,3,0,High Volume,Medium Strain
Nonprofit,Urban,Non-Teaching,Diabetes,47511.333333333336,21.0,5331.625,No,Yes,2262.4433670904605,4,Overburdened,2,0,Medium Volume,High Strain
Investor Owned,Frontier,Non-Teaching,Diabetes,5907.0,4.333333333333333,479.0,Yes,Yes,1363.1507004214607,1,Normal,1,0,Low Volume,Medium Strain
Investor Owned,Rural,Non-Teaching,Diabetes,10314.0,8.0,1150.6666666666667,Yes,Yes,1289.2483884395144,1,Normal,1,0,Low Volume,Medium Strain
Investor Owned,Rural,Non-Teaching,Diabetes,28371.0,20.0,2396.0,Yes,Yes,1418.5492907253547,3,Normal,1,0,Medium Volume,Medium Strain
Government,Rural,Non-Teaching,Diabetes,39829.0,16.0,1245.0,Yes,Yes,2489.31094418066,3,Overburdened,1,0,Medium Volume,High Strain
Government,Rural,Non-Teaching,Diabetes,7991.666666666667,7.666666666666667,474.3333333333333,No,No,1042.3899447087679,1,Under-Burdened,4,0,Low Volume,Low Strain
Government,Frontier,Non-Teaching,Diabetes,1610.0,2.0,127.5,Yes,No,804.9959750201249,1,Under-Burdened,1,0,Low Volume,Low Strain
Nonprofit,Urban,Non-Teaching,Diabetes,28485.0,10.0,2551.5,Yes,Yes,2848.4971515028487,4,Overburdened,1,0,Medium Volume,High Strain
Government,Frontier,Non-Teaching,Diabetes,6546.333333333333,8.0,266.6666666666667,Yes,Yes,818.290643803362,3,Under-Burdened,1,0,Low Volume,Low Strain
Nonprofit,Urban,Non-Teaching,Diabetes,64106.0,42.666666666666664,5331.625,No,Yes,1502.484022855307,3,Normal,3,0,High Volume,Medium Strain
Nonprofit,Rural,Non-Teaching,Diabetes,15535.666666666666,12.0,429.0,Yes,Yes,1294.6378100240472,2,Normal,1,0,Low Volume,Medium Strain
Nonprofit,Rural,Non-Teaching,Diabetes,20035.333333333332,13.0,1862.3333333333333,Yes,Yes,1541.1783016577167,1,Normal,1,0,Low Volume,Medium Strain
Nonprofit,Urban,Non-Teaching,Diabetes,88985.33333333333,40.666666666666664,5331.625,Yes,Yes,2188.163396353263,4,Overburdened,3,0,High Volume,High Strain
Nonprofit,Rural,Non-Teaching,Diabetes,18720.666666666668,8.0,2174.3333333333335,Yes,Yes,2340.080408232823,1,Overburdened,1,0,Low Volume,High Strain
Nonprofit,Rural,Non-Teaching,Diabetes,18771.0,12.0,576.3333333333334,Yes,Yes,1564.2486964594198,1,Normal,1,0,Low Volume,Medium Strain
Nonprofit,Rural,Non-Teaching,Diabetes,10002.666666666666,8.0,586.3333333333334,Yes,Yes,1250.3317704186202,1,Normal,1,0,Low Volume,Medium Strain
Investor Owned,Urban,Non-Teaching,Diabetes,14433.0,8.0,1948.0,No,No,1804.122744846569,3,Overburdened,4,0,Low Volume,High Strain
Government,Urban,Non-Teaching,Diabetes,102466.66666666667,42.666666666666664,5331.625,No,Yes,2401.561937133921,6,Overburdened,3,3,High Volume,High Strain
Nonprofit,Urban,Non-Teaching,Diabetes,36011.0,26.0,4396.0,No,No,1385.0379288315658,6,Normal,2,0,Medium Volume,Medium Strain
Investor Owned,Urban,Non-Teaching,Diabetes,12317.0,17.0,1264.6666666666667,No,No,724.528985571185,6,Under-Burdened,4,0,Low Volume,Low Strain
Nonprofit,Urban,Non-Teaching,Diabetes,57101.0,35.0,5331.625,No,No,1631.4566767266635,6,Normal,3,0,High Volume,High Strain
Investor Owned,Urban,Non-Teaching,Diabetes,34882.0,50.5,4268.5,Yes,No,690.7325364886066,6,Under-Burdened,3,0,Medium Volume,Low Strain
Nonprofit,Urban,Teaching,Diabetes,65446.0,41.0,287.0,Yes,No,1596.2435131113382,6,Normal,3,0,High Volume,High Strain
Investor Owned,Urban,Non-Teaching,Diabetes,29986.333333333332,14.0,3026.6666666666665,No,Yes,2141.879422467079,2,Overburdened,4,0,Medium Volume,High Strain
Investor Owned,Urban,Non-Teaching,Diabetes,3751.5,4.0,390.5,Yes,Yes,937.8726553183618,3,Under-Burdened,1,0,Low Volume,Low Strain
Investor Owned,Urban,Non-Teaching,Diabetes,20267.0,12.0,1569.0,No,No,1688.915259237284,5,Normal,4,0,Low Volume,High Strain
Investor Owned,Urban,Non-Teaching,Diabetes,33361.5,14.0,4230.5,No,No,2382.9625835981547,4,Overburdened,4,0,Medium Volume,High Strain
Nonprofit,Urban,Non-Teaching,Diabetes,46487.666666666664,30.666666666666668,5331.625,No,No,1515.9016795972782,4,Normal,2,0,Medium Volume,Medium Strain
Investor Owned,Urban,Non-Teaching,Diabetes,9859.5,8.0,1157.5,Yes,Yes,1232.4359594550508,3,Normal,1,0,Low Volume,Medium Strain
Investor Owned,Urban,Non-Teaching,Diabetes,6710.333333333333,9.0,591.3333333333334,No,No,745.591764157299,3,Under-Burdened,4,0,Low Volume,Low Strain
Investor Owned,Urban,Non-Teaching,Diabetes,16033.333333333334,21.0,1873.6666666666667,No,No,763.4916999245874,5,Under-Burdened,4,0,Low Volume,Low Strain
Nonprofit,Urban,Non-Teaching,Diabetes,39767.5,37.0,4442.0,No,No,1074.7970068116197,7,Under-Burdened,3,0,Medium Volume,Low Strain
Investor Owned,Urban,Non-Teaching,Diabetes,18635.5,9.0,1959.0,Yes,No,2070.608810434655,3,Overburdened,4,0,Low Volume,High Strain
Nonprofit,Urban,Non-Teaching,Diabetes,79359.66666666667,32.0,5331.625,No,No,2479.9888083368305,6,Overburdened,2,0,High Volume,High Strain
Nonprofit,Urban,Non-Teaching,Diabetes,68964.66666666667,30.0,5331.625,Yes,No,2298.8214559484036,7,Overburdened,2,0,High Volume,High Strain
Nonprofit,Urban,Teaching,Diabetes,53635.333333333336,57.0,4652.666666666667,Yes,No,940.9705951513575,6,Under-Burdened,0,0,High Volume,Low Strain
Nonprofit,Urban,Non-Teaching,Diabetes,62426.5,49.5,5331.625,Yes,No,1261.1411593654223,5,Normal,3,0,High Volume,Medium Strain
Nonprofit,Urban,Non-Teaching,Diabetes,61938.666666666664,41.0,5331.625,No,No,1510.6988185287432,5,Normal,3,0,High Volume,Medium Strain
Nonprofit,Urban,Non-Teaching,Diabetes,79005.0,53.0,5331.625,No,No,1490.6600961018685,5,Normal,3,0,High Volume,Medium Strain
Nonprofit,Urban,Non-Teaching,Diabetes,40703.0,29.0,4833.5,No,No,1403.5512401547448,6,Normal,2,0,Medium Volume,Medium Strain
Nonprofit,Urban,Non-Teaching,Diabetes,32344.666666666668,18.0,2164.0,No,No,1796.9249276342996,3,Overburdened,2,0,Medium Volume,High Strain
Investor Owned,Urban,Non-Teaching,Diabetes,36378.0,15.0,2284.5,No,No,2425.198383201078,5,Overburdened,4,0,Medium Volume,High Strain
Investor Owned,Urban,Non-Teaching,Diabetes,29577.0,10.666666666666666,3241.3333333333335,Yes,No,2772.841150461422,4,Overburdened,4,0,Medium Volume,High Strain
Nonprofit,Urban,Teaching,Diabetes,72059.5,64.0,5331.625,No,No,1125.9295115735138,6,Normal,0,0,High Volume,Low Strain
Nonprofit,Urban,Non-Teaching,Diabetes,35037.666666666664,29.0,3948.6666666666665,No,No,1208.19498567989,6,Normal,2,0,Medium Volume,Medium Strain
Investor Owned,Urban,Non-Teaching,Diabetes,16074.666666666666,5.666666666666667,2351.3333333333335,No,No,2836.700876410218,3,Overburdened,4,0,Low Volume,High Strain
Nonprofit,Urban,Teaching,Diabetes,54946.0,55.5,2226.5,No,No,990.0178396364253,7,Under-Burdened,3,0,High Volume,Low Strain
Nonprofit,Urban,Non-Teaching,Diabetes,47234.0,37.0,5081.0,No,No,1276.5942495691215,6,Normal,3,0,Medium Volume,Medium Strain
Investor Owned,Urban,Non-Teaching,Diabetes,4946.5,4.0,497.5,No,No,1236.621908445229,2,Normal,4,0,Low Volume,Medium Strain
Investor Owned,Urban,Non-Teaching,Diabetes,6297.5,7.0,813.5,No,No,899.6415719406116,3,Under-Burdened,4,0,Low Volume,Low Strain
Nonprofit,Urban,Non-Teaching,Diabetes,77714.0,71.0,5311.5,No,No,1094.5632261178555,6,Normal,0,0,High Volume,Low Strain
Nonprofit,Urban,Non-Teaching,Diabetes,57211.0,61.0,5331.625,No,No,937.8850921499849,7,Under-Burdened,0,0,High Volume,Low Strain
Investor Owned,Urban,Non-Teaching,Diabetes,12230.666666666666,8.0,1258.0,No,No,1528.8314222940555,3,Normal,4,0,Low Volume,Medium Strain
Nonprofit,Urban,Non-Teaching,Diabetes,32363.666666666668,15.333333333333334,4136.0,No,No,2110.672536517911,5,Overburdened,2,0,Medium Volume,High Strain
Government,Urban,Non-Teaching,Diabetes,31796.5,21.0,3088.0,No,No,1514.1183266103208,5,Normal,2,0,Medium Volume,Medium Strain
Investor Owned,Urban,Non-Teaching,Diabetes,6826.0,7.0,213.66666666666666,Yes,No,975.1414640836227,5,Under-Burdened,4,0,Low Volume,Low Strain
Nonprofit,Urban,Non-Teaching,Diabetes,18475.333333333332,12.0,1699.0,No,No,1539.609828102921,4,Normal,2,0,Low Volume,Medium Strain
Investor Owned,Urban,Non-Teaching,Diabetes,46827.333333333336,41.333333333333336,5331.625,Yes,Yes,1132.9190807453836,6,Normal,3,0,Medium Volume,Low Strain
Nonprofit,Urban,Non-Teaching,Diabetes,23936.333333333332,27.0,2008.6666666666667,No,No,886.530535852888,5,Under-Burdened,2,0,Low Volume,Low Strain
Nonprofit,Urban,Non-Teaching,Diabetes,50359.333333333336,40.0,4678.333333333333,No,No,1258.9830185875787,6,Normal,3,0,High Volume,Medium Strain
Investor Owned,Urban,Non-Teaching,Diabetes,9195.333333333334,8.0,1010.0,No,No,1149.4152298976294,3,Normal,4,0,Low Volume,Low Strain
Nonprofit,Urban,Non-Teaching,Diabetes,43418.0,32.0,2342.3333333333335,No,No,1356.8120759962262,6,Normal,2,0,Medium Volume,Medium Strain
Nonprofit,Urban,Non-Teaching,Diabetes,21073.5,13.0,1887.5,No,No,1621.037214586758,4,Normal,2,0,Low Volume,High Strain
Investor Owned,Urban,Non-Teaching,Diabetes,46270.0,30.0,3919.3333333333335,No,No,1542.3328192223937,5,Normal,4,0,Medium Volume,Medium Strain
Nonprofit,Urban,Teaching,Diabetes,49428.0,28.0,5331.625,No,No,1765.285083826756,6,Overburdened,2,0,High Volume,High Strain
Investor Owned,Urban,Non-Teaching,Diabetes,23054.5,13.0,2084.5,No,No,1773.4217127525287,4,Overburdened,4,0,Low Volume,High Strain
Nonprofit,Urban,Non-Teaching,Diabetes,52035.666666666664,30.0,2555.3333333333335,No,No,1734.5216440483407,6,Normal,2,0,High Volume,High Strain
Government,Urban,Teaching,Diabetes,73969.0,72.66666666666667,5331.625,Yes,No,1017.9218782676313,6,Under-Burdened,0,0,High Volume,Low Strain
Government,Urban,Teaching,Diabetes,105955.5,80.5,5331.625,No,No,1316.2172277991021,7,Normal,0,0,High Volume,Medium Strain
Nonprofit,Urban,Teaching,Diabetes,99493.0,29.0,5331.625,Yes,Yes,3430.791920416579,3,Overburdened,2,4,High Volume,High Strain
Government,Urban,Teaching,Diabetes,50463.666666666664,50.666666666666664,5331.625,No,No,995.9932244750214,6,Under-Burdened,3,0,High Volume,Low Strain
Nonprofit,Urban,Non-Teaching,Diabetes,40780.666666666664,37.333333333333336,3933.6666666666665,No,No,1092.3389931234838,5,Normal,3,0,Medium Volume,Low Strain
Nonprofit,Urban,Non-Teaching,Diabetes,67262.0,33.0,5331.625,Yes,No,2038.2418065933919,5,Overburdened,2,0,High Volume,High Strain
Nonprofit,Urban,Non-Teaching,Diabetes,92182.33333333333,80.0,5331.625,No,No,1152.2790226317886,6,Normal,0,0,High Volume,Low Strain
Investor Owned,Urban,Non-Teaching,Diabetes,64397.333333333336,35.0,5331.625,Yes,Yes,1839.9232838314426,4,Overburdened,3,0,High Volume,High Strain
Nonprofit,Rural,Non-Teaching,Diabetes,77745.33333333333,38.0,484.6666666666667,Yes,Yes,2045.9292861589595,6,Overburdened,3,1,High Volume,High Strain
Nonprofit,Urban,Non-Teaching,Diabetes,27449.0,19.0,2369.0,No,No,1444.683450166605,3,Normal,2,0,Medium Volume,Medium Strain
Nonprofit,Urban,Non-Teaching,Diabetes,29936.333333333332,31.0,1382.6666666666667,No,No,965.6878605307977,6,Under-Burdened,2,0,Medium Volume,Low Strain
Nonprofit,Urban,Non-Teaching,Diabetes,14621.0,9.0,333.6666666666667,No,No,1624.553750495833,1,Normal,2,0,Low Volume,High Strain
Government,Rural,Non-Teaching,Diabetes,6284.0,3.6666666666666665,236.33333333333334,Yes,Yes,1713.8135077813424,1,Normal,1,0,Low Volume,High Strain
Nonprofit,Rural,Non-Teaching,Diabetes,9094.0,6.0,657.6666666666666,Yes,Yes,1515.6641405597659,1,Normal,1,0,Low Volume,Medium Strain
Nonprofit,Rural,Non-Teaching,Diabetes,28163.666666666668,19.0,2392.6666666666665,Yes,Yes,1482.2974654574743,2,Normal,1,0,Medium Volume,Medium Strain
Nonprofit,Rural,Non-Teaching,Diabetes,13366.0,9.0,1066.3333333333333,Yes,Yes,1485.1094609894878,1,Normal,1,0,Low Volume,Medium Strain
Nonprofit,Rural,Non-Teaching,Diabetes,25567.333333333332,10.0,1155.0,Yes,Yes,2556.7307766025565,1,Overburdened,1,0,Medium Volume,High Strain
Nonprofit,Urban,Non-Teaching,Diabetes,57461.0,26.0,5331.625,Yes,Yes,2210.0376115239956,4,Overburdened,2,0,High Volume,High Strain
Government,Frontier,Non-Teaching,Diabetes,511.0,1.0,18.0,Yes,Yes,510.99489005109945,1,Under-Burdened,1,0,Low Volume,Low Strain
Nonprofit,Urban,Non-Teaching,Diabetes,41278.666666666664,30.666666666666668,4468.333333333333,No,No,1346.0430393337915,5,Normal,2,0,Medium Volume,Medium Strain
Nonprofit,Rural,Non-Teaching,Diabetes,14553.0,6.0,1079.0,No,Yes,2425.495957506738,2,Overburdened,1,0,Low Volume,High Strain
Government,Urban,Non-Teaching,Diabetes,50028.333333333336,16.0,5331.625,Yes,Yes,3126.768879102784,5,Overburdened,1,0,High Volume,High Strain
Government,Urban,Non-Teaching,Diabetes,51527.5,19.0,5331.625,Yes,Yes,2711.972256856707,4,Overburdened,1,0,High Volume,High Strain
Investor Owned,Urban,Non-Teaching,Diabetes,24487.0,18.0,2145.6666666666665,No,No,1360.3881331177038,4,Normal,4,0,Low Volume,Medium Strain
Nonprofit,Rural,Non-Teaching,Diabetes,6034.5,8.0,527.0,No,No,754.3115571105536,3,Under-Burdened,1,0,Low Volume,Low Strain
Government,Rural,Non-Teaching,Diabetes,12749.5,15.0,379.5,Yes,Yes,849.9661000226,2,Under-Burdened,1,0,Low Volume,Low Strain
Nonprofit,Urban,Non-Teaching,Diabetes,92289.0,35.666666666666664,643.6666666666666,No,No,2587.5413305958887,6,Overburdened,3,0,High Volume,High Strain
Nonprofit,Urban,Non-Teaching,Diabetes,27767.5,26.0,2753.5,No,No,1067.9803584690928,5,Under-Burdened,2,0,Medium Volume,Low Strain
Investor Owned,Urban,Teaching,Diabetes,23505.0,30.0,3244.0,No,Yes,783.4997388334205,5,Under-Burdened,4,0,Low Volume,Low Strain
Investor Owned,Urban,Non-Teaching,Diabetes,5063.0,8.0,223.0,No,No,632.8742089072389,3,Under-Burdened,4,0,Low Volume,Low Strain
Investor Owned,Urban,Non-Teaching,Diabetes,12153.0,11.0,622.0,No,Yes,1104.8171774389295,4,Normal,4,0,Low Volume,Low Strain
Nonprofit,Urban,Non-Teaching,Diabetes,100965.66666666667,80.5,5331.625,No,No,1254.2317282527874,6,Normal,0,0,High Volume,Medium Strain
Investor Owned,Urban,Non-Teaching,Diabetes,11960.0,12.0,1186.0,No,No,996.6658361118033,3,Under-Burdened,4,0,Low Volume,Low Strain
Investor Owned,Urban,Non-Teaching,Diabetes,11887.333333333334,11.0,1550.6666666666667,No,No,1080.6656842433174,3,Normal,4,0,Low Volume,Low Strain
Investor Owned,Urban,Non-Teaching,Diabetes,25199.5,23.0,2978.0,No,No,1095.6299584217572,4,Normal,4,0,Low Volume,Low Strain
Investor Owned,Urban,Non-Teaching,Diabetes,11411.0,10.0,712.0,Yes,No,1141.098858901141,4,Normal,4,0,Low Volume,Low Strain
Nonprofit,Urban,Non-Teaching,Diabetes,34495.5,44.5,3476.5,No,No,775.1796010832356,6,Under-Burdened,3,0,Medium Volume,Low Strain
Government,Urban,Teaching,Diabetes,42020.0,50.666666666666664,5331.625,Yes,No,829.3419415772483,6,Under-Burdened,3,0,Medium Volume,Low Strain
Investor Owned,Urban,Non-Teaching,Diabetes,19240.0,12.0,2608.0,Yes,No,1603.3319972233357,4,Normal,4,0,Low Volume,High Strain
Nonprofit,Urban,Non-Teaching,Diabetes,27262.5,31.0,1513.5,No,No,879.4352001821935,5,Under-Burdened,2,0,Medium Volume,Low Strain
Nonprofit,Urban,Non-Teaching,Diabetes,14340.0,20.0,892.3333333333334,No,No,716.9996415001792,4,Under-Burdened,2,0,Low Volume,Low Strain
Nonprofit,Urban,Non-Teaching,Diabetes,53749.666666666664,36.0,5331.625,No,No,1493.045881561329,6,Normal,3,0,High Volume,Medium Strain
Investor Owned,Urban,Non-Teaching,Diabetes,4135.333333333333,8.0,342.3333333333333,No,No,516.916020521641,4,Under-Burdened,4,0,Low Volume,Low Strain
Investor Owned,Urban,Non-Teaching,Diabetes,24221.0,24.0,3398.0,Yes,No,1009.2079128300363,5,Under-Burdened,4,0,Low Volume,Low Strain
Investor Owned,Urban,Non-Teaching,Diabetes,17550.0,17.5,1035.0,No,No,1002.8565697962458,5,Under-Burdened,4,0,Low Volume,Low Strain
Nonprofit,Urban,Non-Teaching,Diabetes,109291.5,72.0,5331.625,No,No,1517.9372891753765,5,Normal,0,0,High Volume,Medium Strain
Nonprofit,Urban,Non-Teaching,Diabetes,26386.333333333332,14.0,801.3333333333334,No,Yes,1884.7367489975602,2,Overburdened,2,0,Medium Volume,High Strain
Nonprofit,Urban,Non-Teaching,Diabetes,69937.5,69.0,2421.0,No,No,1013.5868096251,6,Under-Burdened,0,0,High Volume,Low Strain
Nonprofit,Urban,Non-Teaching,Diabetes,112998.5,62.0,5331.625,No,No,1822.5561576522325,6,Overburdened,0,0,High Volume,High Strain
Government,Frontier,Non-Teaching,Diabetes,3495.0,3.0,133.33333333333334,Yes,Yes,1164.996116679611,1,Normal,1,0,Low Volume,Medium Strain
Government,Frontier,Non-Teaching,Diabetes,2546.6666666666665,2.0,140.66666666666666,Yes,Yes,1273.3269666984997,1,Normal,1,0,Low Volume,Medium Strain
Investor Owned,Urban,Non-Teaching,Diabetes,44698.666666666664,30.0,5075.0,No,Yes,1489.9550589038693,4,Normal,4,0,Medium Volume,Medium Strain
Investor Owned,Urban,Non-Teaching,Diabetes,54417.5,28.0,5005.5,No,Yes,1943.4814487566255,6,Overburdened,4,0,High Volume,High Strain
Investor Owned,Urban,Non-Teaching,Diabetes,39938.5,29.0,2510.0,Yes,Yes,1377.189180279593,6,Normal,4,0,Medium Volume,Medium Strain
Investor Owned,Urban,Non-Teaching,Diabetes,45627.5,12.0,3612.0,No,Yes,3802.2884980929184,3,Overburdened,4,5,Medium Volume,High Strain
Government,Rural,Non-Teaching,Diabetes,7767.0,7.0,1070.0,Yes,Yes,1109.5698434716523,1,Normal,1,0,Low Volume,Low Strain
Investor Owned,Urban,Non-Teaching,Diabetes,45660.666666666664,41.0,3032.6666666666665,No,Yes,1113.6745251200343,4,Normal,3,0,Medium Volume,Low Strain
Government,Urban,Non-Teaching,Diabetes,37046.333333333336,28.0,2946.0,No,Yes,1323.0828608037402,2,Normal,2,0,Medium Volume,Medium Strain
Investor Owned,Urban,Non-Teaching,Diabetes,15067.333333333334,12.0,944.6666666666666,Yes,No,1255.6100647693906,2,Normal,4,0,Low Volume,Medium Strain
Nonprofit,Urban,Non-Teaching,Diabetes,54291.666666666664,41.0,5166.0,No,Yes,1324.1866688975604,5,Normal,3,0,High Volume,Medium Strain
Nonprofit,Urban,Non-Teaching,Diabetes,47474.5,26.0,5194.5,No,Yes,1825.9416054070748,2,Overburdened,2,0,Medium Volume,High Strain
Investor Owned,Urban,Non-Teaching,Diabetes,90694.33333333333,53.0,5331.625,No,Yes,1711.213513607513,3,Normal,3,6,High Volume,High Strain
Investor Owned,Urban,Non-Teaching,Diabetes,35054.666666666664,21.0,3630.3333333333335,No,No,1669.2690463798192,3,Normal,4,0,Medium Volume,High Strain
Nonprofit,Urban,Non-Teaching,Diabetes,47299.5,58.5,5331.625,No,Yes,808.5383233267823,3,Under-Burdened,0,0,Medium Volume,Low Strain
Nonprofit,Urban,Non-Teaching,Diabetes,95381.5,59.0,5331.625,No,No,1616.6353192143526,5,Normal,0,0,High Volume,High Strain
Government,Urban,Teaching,Diabetes,63503.666666666664,70.0,5331.625,No,No,907.1951084959368,7,Under-Burdened,0,0,High Volume,Low Strain
Nonprofit,Urban,Non-Teaching,Diabetes,84523.33333333333,51.333333333333336,3062.0,No,No,1646.5581208003657,7,Normal,3,0,High Volume,High Strain
Nonprofit,Urban,Non-Teaching,Diabetes,106119.0,53.0,5331.625,No,No,2002.2449052368102,5,Overburdened,3,0,High Volume,High Strain
Government,Rural,Non-Teaching,Diabetes,21385.333333333332,18.0,1964.0,Yes,No,1188.0734140332884,2,Normal,1,0,Low Volume,Medium Strain
Government,Rural,Non-Teaching,Diabetes,11297.666666666666,7.0,244.66666666666666,Yes,Yes,1613.9500753094162,1,Normal,1,0,Low Volume,High Strain
Investor Owned,Urban,Non-Teaching,Diabetes,33224.0,15.0,3422.6666666666665,No,No,2214.9318567120954,3,Overburdened,4,0,Medium Volume,High Strain
Investor Owned,Urban,Non-Teaching,Diabetes,22289.0,12.0,2286.6666666666665,No,Yes,1857.4151188207343,3,Overburdened,4,0,Low Volume,High Strain
Nonprofit,Urban,Non-Teaching,Diabetes,112998.5,80.5,5331.625,Yes,No,1403.7079001605093,6,Normal,0,0,High Volume,Medium Strain
Nonprofit,Urban,Teaching,Diabetes,40403.0,40.0,5331.625,No,No,1010.074747481313,6,Under-Burdened,3,0,Medium Volume,Low Strain
Government,Rural,Non-Teaching,Diabetes,8291.666666666666,6.0,213.66666666666666,Yes,Yes,1381.9421412075424,1,Normal,1,0,Low Volume,Medium Strain
Nonprofit,Urban,Non-Teaching,Diabetes,75626.66666666667,52.0,5331.625,No,Yes,1454.35869467461,6,Normal,3,0,High Volume,Medium Strain
Nonprofit,Urban,Non-Teaching,Diabetes,53317.333333333336,18.0,4661.0,No,Yes,2962.0724284782805,6,Overburdened,2,0,High Volume,High Strain
Nonprofit,Urban,Non-Teaching,Diabetes,62192.333333333336,43.0,5331.625,No,Yes,1446.3329969768224,5,Normal,3,0,High Volume,Medium Strain
Investor Owned,Urban,Non-Teaching,Diabetes,30790.0,16.0,1164.0,Yes,Yes,1924.3737972663766,3,Overburdened,4,0,Medium Volume,High Strain
Investor Owned,Rural,Non-Teaching,Diabetes,22806.333333333332,15.333333333333334,2022.0,Yes,Yes,1487.3685951943944,4,Normal,1,0,Low Volume,Medium Strain
Investor Owned,Urban,Non-Teaching,Diabetes,35471.0,20.333333333333332,3576.0,Yes,Yes,1744.4745518977616,3,Normal,4,0,Medium Volume,High Strain
Government,Urban,Teaching,Diabetes,57942.0,47.0,5331.625,Yes,No,1232.8082483386704,6,Normal,3,0,High Volume,Medium Strain
Investor Owned,Rural,Non-Teaching,Diabetes,25407.666666666668,16.0,1657.3333333333333,Yes,Yes,1587.9781741803079,1,Normal,1,0,Medium Volume,High Strain
Nonprofit,Urban,Non-Teaching,Diabetes,23200.666666666668,15.0,2361.0,No,Yes,1546.710079971058,2,Normal,2,0,Low Volume,Medium Strain
Nonprofit,Urban,Non-Teaching,Diabetes,79146.5,63.0,5331.625,No,No,1256.2934513819919,7,Normal,0,0,High Volume,Medium Strain
Nonprofit,Urban,Non-Teaching,Diabetes,86469.0,80.5,5331.625,No,Yes,1074.148934888331,7,Under-Burdened,0,0,High Volume,Low Strain
Nonprofit,Urban,Non-Teaching,Diabetes,112241.5,80.5,5331.625,No,No,1394.3041746205993,6,Normal,0,0,High Volume,Medium Strain
Nonprofit,Urban,Teaching,Diabetes,96961.66666666667,77.33333333333333,5331.625,No,No,1253.8144930412295,6,Normal,0,0,High Volume,Medium Strain
Investor Owned,Urban,Non-Teaching,Diabetes,17293.0,20.0,2351.0,Yes,Yes,864.6495676752162,5,Under-Burdened,4,0,Low Volume,Low Strain
Nonprofit,Urban,Non-Teaching,Diabetes,37200.666666666664,47.0,2697.6666666666665,No,No,791.5033776943167,6,Under-Burdened,3,0,Medium Volume,Low Strain
Government,Urban,Non-Teaching,Diabetes,39953.666666666664,40.0,2806.3333333333335,No,No,998.8414169563123,6,Under-Burdened,3,0,Medium Volume,Low Strain
Government,Urban,Teaching,Diabetes,60332.5,80.5,5331.625,No,No,749.4719565873346,6,Under-Burdened,0,0,High Volume,Low Strain
Nonprofit,Urban,Non-Teaching,Diabetes,63761.0,48.0,5331.625,No,No,1328.3538899262728,6,Normal,3,0,High Volume,Medium Strain
Government,Urban,Non-Teaching,Diabetes,26922.5,8.0,2837.5,No,No,3365.3082933646333,5,Overburdened,4,7,Medium Volume,High Strain
Nonprofit,Urban,Non-Teaching,Diabetes,44178.666666666664,38.0,3510.6666666666665,No,No,1162.5961852817054,4,Normal,3,0,Medium Volume,Low Strain
Government,Urban,Non-Teaching,Diabetes,77978.0,72.0,5331.625,No,Yes,1083.027627357274,5,Normal,0,0,High Volume,Low Strain
Nonprofit,Urban,Teaching,Diabetes,31841.333333333332,28.666666666666668,2856.3333333333335,No,No,1110.7437985777447,5,Normal,2,0,Medium Volume,Low Strain
Nonprofit,Urban,Non-Teaching,Diabetes,10480.666666666666,12.0,348.6666666666667,No,No,873.3881610654213,5,Under-Burdened,2,0,Low Volume,Low Strain
Government,Urban,Teaching,Diabetes,43609.0,59.0,3952.6666666666665,No,No,739.135467943141,6,Under-Burdened,0,0,Medium Volume,Low Strain
Nonprofit,Urban,Non-Teaching,Diabetes,20186.666666666668,19.0,1481.3333333333333,No,No,1062.4555811637292,5,Under-Burdened,2,0,Low Volume,Low Strain
Nonprofit,Urban,Teaching,Diabetes,11045.666666666666,12.0,1222.6666666666667,No,No,920.4714551626762,5,Under-Burdened,2,0,Low Volume,Low Strain
Nonprofit,Urban,Non-Teaching,Diabetes,26493.666666666668,35.0,756.6666666666666,No,Yes,756.9616884871366,5,Under-Burdened,3,0,Medium Volume,Low Strain
Nonprofit,Urban,Non-Teaching,Diabetes,17995.0,16.0,627.6666666666666,No,No,1124.686797070752,3,Normal,2,0,Low Volume,Low Strain
Nonprofit,Urban,Non-Teaching,Diabetes,49033.666666666664,28.0,5213.666666666667,No,Yes,1751.2017555231826,4,Overburdened,2,0,High Volume,High Strain
Government,Urban,Non-Teaching,Diabetes,41087.333333333336,25.333333333333332,4015.3333333333335,Yes,Yes,1621.8677808416658,4,Normal,2,0,Medium Volume,High Strain
Nonprofit,Urban,Non-Teaching,Diabetes,29388.666666666668,14.0,1076.6666666666667,No,Yes,2099.1889767697785,2,Overburdened,2,0,Medium Volume,High Strain
Investor Owned,Urban,Non-Teaching,Diabetes,25987.0,11.0,2089.0,No,Yes,2362.4523977705476,2,Overburdened,4,0,Medium Volume,High Strain
Nonprofit,Urban,Non-Teaching,Diabetes,103851.33333333333,46.666666666666664,5331.625,No,Yes,2225.385237417449,2,Overburdened,3,8,High Volume,High Strain
Nonprofit,Rural,Non-Teaching,Diabetes,25632.666666666668,18.0,2659.3333333333335,No,Yes,1424.0362459057894,2,Normal,1,0,Medium Volume,Medium Strain
Nonprofit,Rural,Non-Teaching,Diabetes,20801.333333333332,22.0,2095.0,No,Yes,945.5147217357325,2,Under-Burdened,1,0,Low Volume,Low Strain
Investor Owned,Rural,Non-Teaching,Diabetes,19784.666666666668,11.0,1032.3333333333333,No,Yes,1798.6044255111285,4,Overburdened,1,0,Low Volume,High Strain
Investor Owned,Urban,Non-Teaching,Diabetes,27192.666666666668,23.0,1840.3333333333333,No,No,1182.2893410336198,3,Normal,4,0,Medium Volume,Medium Strain
Government,Urban,Non-Teaching,Diabetes,33189.666666666664,15.0,3001.6666666666665,No,No,2212.6429693491314,4,Overburdened,4,0,Medium Volume,High Strain
Nonprofit,Urban,Non-Teaching,Diabetes,39927.666666666664,19.0,4333.666666666667,No,No,2101.4550343219116,3,Overburdened,2,0,Medium Volume,High Strain
Investor Owned,Urban,Non-Teaching,Diabetes,13136.0,22.0,630.0,No,No,597.0906376860738,6,Under-Burdened,4,0,Low Volume,Low Strain
Investor Owned,Rural,Non-Teaching,Diabetes,1620.0,7.0,41.0,No,No,231.42824081679885,3,Under-Burdened,4,9,Low Volume,Low Strain
Nonprofit,Urban,Non-Teaching,Diabetes,41904.5,26.0,1536.5,No,No,1611.7109185727236,5,Normal,2,0,Medium Volume,High Strain
Nonprofit,Urban,Non-Teaching,Diabetes,14532.0,17.0,1411.0,No,No,854.8230265746903,5,Under-Burdened,2,0,Low Volume,Low Strain
Nonprofit,Urban,Non-Teaching,Diabetes,32738.0,24.0,2765.3333333333335,No,No,1364.0827649655146,4,Normal,2,0,Medium Volume,Medium Strain
Nonprofit,Urban,Non-Teaching,Diabetes,22042.666666666668,22.0,1857.3333333333333,No,Yes,1001.9389385126037,1,Under-Burdened,2,0,Low Volume,Low Strain
Government,Rural,Non-Teaching,Diabetes,18819.5,10.0,2116.0,No,Yes,1881.948118051882,2,Overburdened,1,0,Low Volume,High Strain
Nonprofit,Urban,Non-Teaching,Diabetes,48621.0,41.0,5331.625,Yes,Yes,1185.8777595420097,5,Normal,3,0,Medium Volume,Medium Strain
Nonprofit,Urban,Non-Teaching,Diabetes,35892.0,40.5,3753.0,No,No,886.2220034019743,6,Under-Burdened,3,0,Medium Volume,Low Strain
Nonprofit,Rural,Non-Teaching,Diabetes,9330.0,8.0,902.0,No,Yes,1166.2485421893223,1,Normal,1,0,Low Volume,Medium Strain
Nonprofit,Urban,Non-Teaching,Diabetes,52909.5,40.0,5331.625,No,No,1322.7371693157077,6,Normal,3,0,High Volume,Medium Strain
Investor Owned,Urban,Non-Teaching,Diabetes,47574.333333333336,35.0,4406.0,No,No,1359.266278304873,6,Normal,3,0,Medium Volume,Medium Strain
Government,Urban,Non-Teaching,Diabetes,49958.666666666664,25.0,5331.625,No,No,1998.3458673283196,6,Overburdened,2,0,High Volume,High Strain
Nonprofit,Urban,Teaching,Diabetes,73416.5,80.5,5052.0,No,No,912.0060978874412,5,Under-Burdened,0,0,High Volume,Low Strain
Nonprofit,Urban,Non-Teaching,Diabetes,65069.0,36.0,5331.625,No,No,1807.4717201467442,5,Overburdened,3,0,High Volume,High Strain
Government,Rural,Non-Teaching,Diabetes,33380.333333333336,8.0,3595.3333333333335,No,No,4172.536450996104,2,Overburdened,4,10,Medium Volume,High Strain
Nonprofit,Urban,Non-Teaching,Diabetes,67463.5,30.0,5331.625,No,No,2248.7825837391388,6,Overburdened,2,0,High Volume,High Strain
Nonprofit,Urban,Non-Teaching,Diabetes,28103.666666666668,13.333333333333334,2862.6666666666665,Yes,No,2107.7734191699356,3,Overburdened,2,0,Medium Volume,High Strain
Government,Frontier,Non-Teaching,Diabetes,3986.3333333333335,6.0,470.3333333333333,Yes,Yes,664.3877815759197,3,Under-Burdened,1,0,Low Volume,Low Strain
Investor Owned,Urban,Non-Teaching,Diabetes,24901.0,28.0,2448.3333333333335,No,Yes,889.3211109567461,5,Under-Burdened,4,0,Low Volume,Low Strain
Nonprofit,Urban,Non-Teaching,Diabetes,42502.0,26.0,4080.3333333333335,No,Yes,1634.691678964739,5,Normal,2,0,Medium Volume,High Strain
Nonprofit,Rural,Non-Teaching,Diabetes,9721.666666666666,11.0,997.0,Yes,Yes,883.7870753450829,1,Under-Burdened,1,0,Low Volume,Low Strain
Nonprofit,Rural,Non-Teaching,Diabetes,9916.0,7.0,958.0,Yes,Yes,1416.5694049008503,1,Normal,1,0,Low Volume,Medium Strain
Nonprofit,Urban,Non-Teaching,Diabetes,57303.333333333336,51.0,5331.625,No,No,1123.594550929173,5,Normal,3,0,High Volume,Low Strain
Nonprofit,Urban,Non-Teaching,Diabetes,24714.666666666668,13.0,993.6666666666666,No,No,1901.1267427230187,3,Overburdened,2,0,Low Volume,High Strain
Nonprofit,Urban,Non-Teaching,Diabetes,57780.0,45.0,5331.625,No,No,1283.99971466673,4,Normal,3,0,High Volume,Medium Strain
Nonprofit,Urban,Non-Teaching,Diabetes,48864.0,27.0,5021.5,No,No,1809.7771074899601,3,Overburdened,2,0,Medium Volume,High Strain
Investor Owned,Rural,Non-Teaching,Diabetes,8867.0,9.0,882.0,No,No,985.2211275320806,1,Under-Burdened,4,0,Low Volume,Low Strain
Investor Owned,Urban,Non-Teaching,Diabetes,17207.5,15.0,1580.5,No,No,1147.1659018893988,2,Normal,4,0,Low Volume,Low Strain
Investor Owned,Urban,Non-Teaching,Diabetes,35628.0,29.5,3162.0,No,Yes,1207.728404159863,5,Normal,4,0,Medium Volume,Medium Strain
Government,Urban,Non-Teaching,Diabetes,8424.666666666666,8.333333333333334,225.33333333333334,Yes,No,1010.9587868494557,2,Under-Burdened,4,0,Low Volume,Low Strain
Nonprofit,Urban,Teaching,Diabetes,53276.0,30.0,3847.0,No,Yes,1775.8660747113086,4,Overburdened,2,0,High Volume,High Strain
Nonprofit,Urban,Non-Teaching,Diabetes,31739.5,34.0,883.0,No,Yes,933.5144313192848,3,Under-Burdened,3,0,Medium Volume,Low Strain
Investor Owned,Urban,Non-Teaching,Diabetes,77669.33333333333,33.0,5331.625,No,No,2353.6154483993587,6,Overburdened,2,0,High Volume,High Strain
Investor Owned,Urban,Non-Teaching,Diabetes,51875.333333333336,32.0,5043.0,No,No,1621.1036600717728,5,Normal,4,0,High Volume,High Strain
Nonprofit,Urban,Non-Teaching,Diabetes,72098.66666666667,40.0,3383.0,No,No,1802.4662160501127,6,Overburdened,3,0,High Volume,High Strain
Government,Rural,Non-Teaching,Diabetes,18690.333333333332,12.0,1045.0,Yes,No,1557.5264798390444,1,Normal,1,0,Low Volume,Medium Strain
Nonprofit,Rural,Non-Teaching,Diabetes,28291.666666666668,14.0,3046.0,Yes,Yes,2020.8318898819837,2,Overburdened,1,0,Medium Volume,High Strain
Government,Urban,Non-Teaching,Diabetes,59761.5,80.5,5331.625,Yes,Yes,742.3787897666099,6,Under-Burdened,0,0,High Volume,Low Strain
Government,Rural,Non-Teaching,Diabetes,33321.0,24.0,2568.0,Yes,Yes,1388.3744215106578,4,Normal,1,0,Medium Volume,Medium Strain
Nonprofit,Rural,Non-Teaching,Diabetes,28867.333333333332,15.0,2021.6666666666667,Yes,Yes,1924.4876058971515,3,Overburdened,1,0,Medium Volume,High Strain
Nonprofit,Rural,Non-Teaching,Diabetes,30663.666666666668,18.0,2376.6666666666665,Yes,Yes,1703.536090628098,2,Normal,1,0,Medium Volume,High Strain
Government,Urban,Non-Teaching,Diabetes,40721.5,38.5,3915.0,No,No,1057.70102397376,5,Under-Burdened,3,0,Medium Volume,Low Strain
Investor Owned,Urban,Non-Teaching,Diabetes,40176.0,28.0,3088.6666666666665,No,No,1434.8566304083463,6,Normal,4,0,Medium Volume,Medium Strain
Nonprofit,Rural,Non-Teaching,Diabetes,7952.0,6.0,630.6666666666666,No,No,1325.331124448126,1,Normal,1,0,Low Volume,Medium Strain
Nonprofit,Urban,Non-Teaching,Diabetes,22600.333333333332,14.0,2221.0,No,No,1614.3083707321161,3,Normal,2,0,Low Volume,High Strain
Nonprofit,Urban,Non-Teaching,Diabetes,45771.666666666664,31.0,5331.625,No,Yes,1476.5049000521826,5,Normal,2,0,Medium Volume,Medium Strain
Nonprofit,Urban,Non-Teaching,Diabetes,26971.5,11.0,1262.0,No,Yes,2451.952316406985,1,Overburdened,2,0,Medium Volume,High Strain
Nonprofit,Rural,Non-Teaching,Diabetes,59699.0,44.0,4766.333333333333,Yes,Yes,1356.7951461829211,5,Normal,3,1,High Volume,Medium Strain
Nonprofit,Urban,Non-Teaching,Diabetes,36398.0,40.0,181.0,No,No,909.9497725125568,4,Under-Burdened,3,0,Medium Volume,Low Strain
Government,Urban,Non-Teaching,Diabetes,69248.0,54.0,5331.625,No,No,1282.3701328944198,4,Normal,3,0,High Volume,Medium Strain
Nonprofit,Urban,Teaching,Diabetes,112998.5,80.0,5331.625,No,No,1412.4810734398657,6,Normal,0,0,High Volume,Medium Strain
Nonprofit,Rural,Non-Teaching,Diabetes,9934.0,5.0,1109.0,Yes,Yes,1986.7960264079472,1,Overburdened,1,0,Low Volume,High Strain
Nonprofit,Rural,Non-Teaching,Diabetes,15236.0,11.0,517.5,Yes,Yes,1385.0896499185,1,Normal,1,0,Low Volume,Medium Strain
Nonprofit,Rural,Non-Teaching,Diabetes,26490.0,24.0,1087.0,No,No,1103.7495401043584,3,Normal,2,0,Medium Volume,Low Strain
Investor Owned,Rural,Non-Teaching,Diabetes,9268.0,9.0,161.0,Yes,Yes,1029.7766335815184,2,Under-Burdened,1,0,Low Volume,Low Strain
Nonprofit,Urban,Teaching,Diabetes,63937.0,48.0,5331.625,No,Yes,1332.0205558290509,6,Normal,3,0,High Volume,Medium Strain
Investor Owned,Rural,Non-Teaching,Diabetes,11554.0,12.0,544.0,Yes,Yes,962.8325309728909,2,Under-Burdened,1,0,Low Volume,Low Strain
Government,Rural,Non-Teaching,Diabetes,30623.0,20.0,5331.625,Yes,Yes,1531.149234425383,4,Normal,1,0,Medium Volume,Medium Strain
Nonprofit,Urban,Non-Teaching,Diabetes,74433.0,36.0,5331.625,No,Yes,2067.582759004789,6,Overburdened,3,0,High Volume,High Strain
Government,Urban,Teaching,Diabetes,45491.0,30.0,4771.0,No,Yes,1516.3661612112796,5,Normal,2,0,Medium Volume,Medium Strain
Nonprofit,Urban,Non-Teaching,Diabetes,53560.0,40.0,5331.625,No,Yes,1338.9996652500836,5,Normal,3,0,High Volume,Medium Strain
Nonprofit,Frontier,Non-Teaching,Diabetes,2364.0,2.0,213.0,Yes,Yes,1181.9940900295499,1,Normal,1,0,Low Volume,Medium Strain
Nonprofit,Urban,Teaching,Diabetes,41196.0,26.0,5138.0,No,No,1584.4609290534888,6,Normal,2,0,Medium Volume,Medium Strain
Nonprofit,Urban,Non-Teaching,Diabetes,72057.0,46.0,333.0,Yes,No,1566.456181205178,6,Normal,3,0,High Volume,Medium Strain
Government,Urban,Non-Teaching,Diabetes,33564.0,14.0,4208.0,No,No,2397.4268589808153,4,Overburdened,4,0,Medium Volume,High Strain
Nonprofit,Urban,Non-Teaching,Diabetes,31471.5,22.0,3533.0,No,No,1430.5220770354194,3,Normal,2,0,Medium Volume,Medium Strain
Nonprofit,Urban,Non-Teaching,Diabetes,33640.5,16.0,4478.5,No,No,2102.52993591879,6,Overburdened,2,0,Medium Volume,High Strain
Nonprofit,Urban,Non-Teaching,Diabetes,52043.0,50.0,2547.0,No,No,1040.8597918280416,7,Under-Burdened,3,0,High Volume,Low Strain
Investor Owned,Urban,Non-Teaching,Diabetes,29638.0,21.0,4191.5,No,No,1411.3326612701612,4,Normal,4,0,Medium Volume,Medium Strain
Nonprofit,Urban,Non-Teaching,Diabetes,25109.5,16.0,2970.5,No,No,1569.3427691607694,6,Normal,2,0,Low Volume,Medium Strain
Investor Owned,Urban,Non-Teaching,Diabetes,50599.5,24.0,5331.625,No,No,2108.3116215368245,6,Overburdened,4,0,High Volume,High Strain
Nonprofit,Urban,Non-Teaching,Diabetes,109217.0,29.0,5331.625,Yes,Yes,3766.1021496199482,3,Overburdened,2,4,High Volume,High Strain
Government,Rural,Non-Teaching,Diabetes,10799.0,13.0,133.0,No,Yes,830.6916686987164,1,Under-Burdened,1,0,Low Volume,Low Strain
Nonprofit,Rural,Non-Teaching,Diabetes,6472.0,8.0,484.0,No,No,808.998988751264,4,Under-Burdened,1,0,Low Volume,Low Strain
Nonprofit,Rural,Non-Teaching,Diabetes,23312.0,18.0,1615.0,Yes,Yes,1295.110391605338,3,Normal,1,0,Low Volume,Medium Strain
Government,Urban,Non-Teaching,Diabetes,27460.0,23.0,3388.0,No,No,1193.912524385859,4,Normal,2,0,Medium Volume,Medium Strain
Nonprofit,Urban,Non-Teaching,Diabetes,11497.0,69.0,49.0,No,No,166.62316425751243,2,Under-Burdened,0,11,Low Volume,Low Strain
Nonprofit,Urban,Teaching,Diabetes,112998.5,72.0,5331.625,No,No,1569.4233931356398,5,Normal,0,0,High Volume,Medium Strain
Investor Owned,Urban,Teaching,Diabetes,87345.0,64.0,5331.625,Yes,Yes,1364.7654117554043,7,Normal,0,0,High Volume,Medium Strain
Nonprofit,Urban,Non-Teaching,Diabetes,51767.0,26.0,5331.625,No,Yes,1991.0376957547323,3,Overburdened,2,0,High Volume,High Strain
Nonprofit,Urban,Teaching,Diabetes,99973.0,59.0,5331.625,No,No,1694.4573399224846,5,Normal,0,0,High Volume,High Strain
Nonprofit,Urban,Non-Teaching,Diabetes,30920.5,20.0,4569.5,No,No,1546.0242269878865,6,Normal,2,0,Medium Volume,Medium Strain
Nonprofit,Urban,Non-Teaching,Diabetes,56462.0,31.0,5331.625,No,No,1821.3542511760481,6,Overburdened,2,0,High Volume,High Strain
Nonprofit,Urban,Non-Teaching,Diabetes,45169.5,29.0,5331.625,No,No,1557.56842842468,6,Normal,2,0,Medium Volume,Medium Strain
Nonprofit,Urban,Teaching,Diabetes,107243.0,53.0,5331.625,No,No,2023.4524484051983,5,Overburdened,3,0,High Volume,High Strain
Nonprofit,Urban,Non-Teaching,Diabetes,42886.0,25.0,3743.0,No,No,1715.4393138242744,3,Normal,2,0,Medium Volume,High Strain
Nonprofit,Urban,Teaching,Diabetes,112998.5,80.5,5331.625,Yes,No,1403.7079001605093,6,Normal,0,0,High Volume,Medium Strain
Nonprofit,Urban,Teaching,Diabetes,62646.0,24.0,5331.625,No,Yes,2610.2489123962864,6,Overburdened,2,0,High Volume,High Strain
Nonprofit,Frontier,Non-Teaching,Diabetes,4339.5,4.0,327.0,Yes,Yes,1084.8722878192805,1,Normal,1,0,Low Volume,Low Strain
Nonprofit,Urban,Non-Teaching,Diabetes,14965.0,39.0,1345.0,No,No,383.7178503287563,4,Under-Burdened,3,0,Low Volume,Low Strain
Nonprofit,Urban,Teaching,Diabetes,112998.5,80.5,5331.625,No,No,1403.7079001605093,6,Normal,0,0,High Volume,Medium Strain
Nonprofit,Urban,Non-Teaching,Diabetes,5637.5,7.0,416.5,No,Yes,805.3559923485824,2,Under-Burdened,1,0,Low Volume,Low Strain
Investor Owned,Urban,Teaching,Diabetes,82844.0,62.0,5331.625,Yes,Yes,1336.1933328720431,6,Normal,0,0,High Volume,Medium Strain
Investor Owned,Urban,Non-Teaching,Diabetes,13380.0,22.0,934.0,No,No,608.1815417356629,5,Under-Burdened,4,0,Low Volume,Low Strain
Nonprofit,Urban,Non-Teaching,Diabetes,17158.0,17.0,1804.0,No,No,1009.293523944986,4,Under-Burdened,2,0,Low Volume,Low Strain
Nonprofit,Urban,Teaching,Diabetes,43220.0,40.0,4402.0,No,No,1080.4997298750675,6,Under-Burdened,3,0,Medium Volume,Low Strain
Nonprofit,Urban,Non-Teaching,Diabetes,63151.0,40.0,5331.625,No,No,1578.7746053063486,5,Normal,3,0,High Volume,Medium Strain
Nonprofit,Urban,Teaching,Diabetes,73413.0,36.0,5331.625,No,No,2039.249433541824,5,Overburdened,3,0,High Volume,High Strain
Nonprofit,Urban,Teaching,Diabetes,74166.0,30.0,5331.625,No,No,2472.199175933608,6,Overburdened,2,0,High Volume,High Strain
Nonprofit,Urban,Non-Teaching,Diabetes,39333.0,24.0,3225.0,No,Yes,1638.8743171357012,5,Normal,2,0,Medium Volume,High Strain
Nonprofit,Urban,Non-Teaching,Diabetes,53345.0,27.0,4857.0,No,No,1975.740008985182,4,Overburdened,2,0,High Volume,High Strain
Nonprofit,Urban,Non-Teaching,Diabetes,59695.0,30.0,3928.0,No,Yes,1989.8326700557766,4,Overburdened,2,0,High Volume,High Strain
Government,Urban,Teaching,Diabetes,71708.0,73.0,5331.625,Yes,Yes,982.3012353012006,6,Under-Burdened,0,0,High Volume,Low Strain
Government,Urban,Non-Teaching,Diabetes,45896.0,35.0,4701.0,No,No,1311.313911053168,4,Normal,3,0,Medium Volume,Medium Strain
Nonprofit,Urban,Non-Teaching,Diabetes,34054.5,18.0,3208.0,No,No,1891.9156156024358,3,Overburdened,2,0,Medium Volume,High Strain
Nonprofit,Urban,Non-Teaching,Diabetes,23820.0,19.5,3456.5,No,Yes,1221.5378351088025,3,Normal,2,0,Low Volume,Medium Strain
Nonprofit,Urban,Non-Teaching,Diabetes,32229.0,23.0,1249.0,No,Yes,1401.260260321626,2,Normal,2,0,Medium Volume,Medium Strain
Government,Frontier,Non-Teaching,Diabetes,2837.0,2.0,77.0,Yes,Yes,1418.4929075354623,1,Normal,1,0,Low Volume,Medium Strain
Investor Owned,Urban,Non-Teaching,Diabetes,23943.0,20.0,2016.0,Yes,No,1197.1494014252994,6,Normal,4,0,Low Volume,Medium Strain
Government,Urban,Teaching,Diabetes,32425.0,41.0,3025.0,No,No,790.8534656454962,6,Under-Burdened,3,0,Medium Volume,Low Strain
Nonprofit,Rural,Non-Teaching,Diabetes,28244.0,16.0,3353.0,Yes,Yes,1765.2488967194397,3,Overburdened,1,0,Medium Volume,High Strain
Government,Frontier,Non-Teaching,Diabetes,4834.0,4.0,470.0,Yes,Yes,1208.4969787575533,2,Normal,1,0,Low Volume,Medium Strain
Nonprofit,Urban,Non-Teaching,Diabetes,58831.0,56.0,5331.625,No,No,1050.5533838297529,6,Under-Burdened,3,0,High Volume,Low Strain
Investor Owned,Urban,Non-Teaching,Diabetes,73328.0,64.0,5331.625,Yes,Yes,1145.7498209765904,6,Normal,0,0,High Volume,Low Strain
Government,Urban,Teaching,Diabetes,68827.0,44.0,5331.625,No,Yes,1564.249644488717,6,Normal,3,0,High Volume,Medium Strain
Nonprofit,Urban,Non-Teaching,Diabetes,51901.0,24.0,5331.625,No,Yes,2162.540765608014,6,Overburdened,2,0,High Volume,High Strain
Government,Urban,Teaching,Diabetes,33076.0,52.0,288.0,No,No,636.0768007544614,7,Under-Burdened,3,0,Medium Volume,Low Strain
Nonprofit,Urban,Non-Teaching,Diabetes,28108.0,21.0,2846.0,Yes,Yes,1338.4755531068795,5,Normal,1,0,Medium Volume,Medium Strain
Investor Owned,Urban,Non-Teaching,Diabetes,67670.0,62.0,5331.625,Yes,Yes,1091.4514368626715,6,Normal,0,0,High Volume,Low Strain
Government,Urban,Non-Teaching,Homeless,13261.0,12.0,412.0,No,No,1105.082412431323,3,Normal,4,0,Low Volume,Low Strain
Nonprofit,Urban,Non-Teaching,Homeless,29420.666666666668,22.0,1814.0,No,No,1337.302422438293,6,Normal,2,0,Medium Volume,Medium Strain
Nonprofit,Urban,Teaching,Homeless,30782.5,40.0,1257.5,No,No,769.562307609423,4,Under-Burdened,3,0,Medium Volume,Low Strain
Government,Urban,Non-Teaching,Homeless,65082.0,59.0,4247.0,No,No,1103.0845587992274,5,Normal,0,0,High Volume,Low Strain
Nonprofit,Urban,Non-Teaching,Homeless,29479.0,30.0,2777.6666666666665,No,No,982.633005788998,6,Under-Burdened,2,0,Medium Volume,Low Strain
Government,Urban,Non-Teaching,Homeless,42180.666666666664,39.0,1092.6666666666667,No,No,1081.5552782336893,6,Normal,3,0,Medium Volume,Low Strain
Nonprofit,Urban,Non-Teaching,Homeless,28620.0,17.0,797.0,No,No,1683.5284214538697,4,Normal,2,0,Medium Volume,High Strain
Nonprofit,Urban,Non-Teaching,Homeless,37801.333333333336,18.0,325.3333333333333,No,No,2100.0729073669036,3,Overburdened,2,0,Medium Volume,High Strain
Nonprofit,Urban,Non-Teaching,Homeless,31745.0,22.0,1211.0,No,No,1442.9538895664139,3,Normal,2,0,Medium Volume,Medium Strain
Nonprofit,Urban,Non-Teaching,Homeless,110997.0,80.0,3215.5,No,No,1387.4623265672092,6,Normal,0,0,High Volume,Medium Strain
Nonprofit,Urban,Non-Teaching,Homeless,66977.0,40.0,290.3333333333333,No,No,1674.4245813938546,5,Normal,3,0,High Volume,High Strain
Nonprofit,Rural,Non-Teaching,Homeless,24025.0,14.0,260.3333333333333,Yes,No,1716.070202806998,2,Normal,1,0,Low Volume,High Strain
Nonprofit,Rural,Non-Teaching,Homeless,9708.5,5.0,47.0,Yes,Yes,1941.696116607767,3,Overburdened,1,0,Low Volume,High Strain
Nonprofit,Rural,Non-Teaching,Homeless,8570.0,14.0,71.0,Yes,Yes,612.1424198982716,3,Under-Burdened,1,0,Low Volume,Low Strain
Nonprofit,Urban,Non-Teaching,Homeless,55911.0,49.0,2105.3333333333335,No,Yes,1141.0405834611054,5,Normal,3,0,High Volume,Low Strain
Nonprofit,Rural,Non-Teaching,Homeless,10039.0,8.0,27.0,Yes,Yes,1254.8734314082108,1,Normal,1,0,Low Volume,Medium Strain
Nonprofit,Urban,Non-Teaching,Homeless,41025.0,30.0,1347.0,No,No,1367.4995441668186,3,Normal,2,0,Medium Volume,Medium Strain
Nonprofit,Urban,Non-Teaching,Homeless,46164.333333333336,44.0,487.0,No,No,1049.1891554873132,7,Under-Burdened,3,0,Medium Volume,Low Strain
Nonprofit,Urban,Non-Teaching,Homeless,63404.333333333336,52.0,338.3333333333333,No,No,1219.3138680806665,5,Normal,3,0,High Volume,Medium Strain
Nonprofit,Urban,Non-Teaching,Homeless,50722.333333333336,32.0,1338.6666666666667,No,No,1585.072421331535,5,Normal,2,0,High Volume,Medium Strain
Investor Owned,Urban,Non-Teaching,Homeless,16929.333333333332,12.0,54.333333333333336,No,No,1410.7766021306093,3,Normal,4,0,Low Volume,Medium Strain
Nonprofit,Urban,Non-Teaching,Homeless,63958.666666666664,36.0,437.3333333333333,No,No,1776.629136121536,4,Overburdened,3,0,High Volume,High Strain
Nonprofit,Rural,Non-Teaching,Homeless,16776.666666666668,12.0,99.66666666666667,Yes,Yes,1398.0543905102302,3,Normal,1,0,Low Volume,Medium Strain
Nonprofit,Rural,Non-Teaching,Homeless,55450.333333333336,59.0,1066.0,Yes,Yes,939.8359988978533,6,Under-Burdened,0,1,High Volume,Low Strain
Nonprofit,Urban,Teaching,Homeless,80788.66666666667,73.0,5331.625,Yes,No,1106.693912325035,7,Normal,0,0,High Volume,Low Strain
Nonprofit,Rural,Non-Teaching,Homeless,35672.666666666664,10.0,37.333333333333336,Yes,Yes,3567.263099403567,1,Overburdened,1,2,Medium Volume,High Strain
Nonprofit,Urban,Non-Teaching,Homeless,57338.0,48.0,1602.0,No,Yes,1194.5414178038711,6,Normal,3,0,High Volume,Medium Strain
Nonprofit,Urban,Non-Teaching,Homeless,47511.333333333336,21.0,271.3333333333333,No,Yes,2262.4433670904605,4,Overburdened,2,0,Medium Volume,High Strain
Investor Owned,Frontier,Non-Teaching,Homeless,5907.0,4.333333333333333,8.0,Yes,Yes,1363.1507004214607,1,Normal,1,0,Low Volume,Medium Strain
Investor Owned,Rural,Non-Teaching,Homeless,10314.0,8.0,184.33333333333334,Yes,Yes,1289.2483884395144,1,Normal,1,0,Low Volume,Medium Strain
Investor Owned,Rural,Non-Teaching,Homeless,28371.0,20.0,1365.5,Yes,Yes,1418.5492907253547,3,Normal,1,0,Medium Volume,Medium Strain
Government,Rural,Non-Teaching,Homeless,39829.0,16.0,122.0,Yes,Yes,2489.31094418066,3,Overburdened,1,0,Medium Volume,High Strain
Government,Rural,Non-Teaching,Homeless,7991.666666666667,7.666666666666667,18.666666666666668,No,No,1042.3899447087679,1,Under-Burdened,4,0,Low Volume,Low Strain
Nonprofit,Urban,Non-Teaching,Homeless,28485.0,10.0,100.5,Yes,Yes,2848.4971515028487,4,Overburdened,1,0,Medium Volume,High Strain
Government,Frontier,Non-Teaching,Homeless,6546.333333333333,8.0,13.0,Yes,Yes,818.290643803362,3,Under-Burdened,1,0,Low Volume,Low Strain
Nonprofit,Urban,Non-Teaching,Homeless,64106.0,42.666666666666664,2304.0,No,Yes,1502.484022855307,3,Normal,3,0,High Volume,Medium Strain
Nonprofit,Rural,Non-Teaching,Homeless,15535.666666666666,12.0,13.666666666666666,Yes,Yes,1294.6378100240472,2,Normal,1,0,Low Volume,Medium Strain
Nonprofit,Rural,Non-Teaching,Homeless,20035.333333333332,13.0,53.0,Yes,Yes,1541.1783016577167,1,Normal,1,0,Low Volume,Medium Strain
Nonprofit,Urban,Non-Teaching,Homeless,88985.33333333333,40.666666666666664,366.6666666666667,Yes,Yes,2188.163396353263,4,Overburdened,3,0,High Volume,High Strain
Nonprofit,Rural,Non-Teaching,Homeless,18720.666666666668,8.0,227.33333333333334,Yes,Yes,2340.080408232823,1,Overburdened,1,0,Low Volume,High Strain
Nonprofit,Rural,Non-Teaching,Homeless,18771.0,12.0,413.0,Yes,Yes,1564.2486964594198,1,Normal,1,0,Low Volume,Medium Strain
Nonprofit,Rural,Non-Teaching,Homeless,10002.666666666666,8.0,83.0,Yes,Yes,1250.3317704186202,1,Normal,1,0,Low Volume,Medium Strain
Investor Owned,Urban,Non-Teaching,Homeless,14433.0,8.0,304.5,No,No,1804.122744846569,3,Overburdened,4,0,Low Volume,High Strain
Government,Urban,Non-Teaching,Homeless,102466.66666666667,42.666666666666664,1077.0,No,Yes,2401.561937133921,6,Overburdened,3,3,High Volume,High Strain
Nonprofit,Urban,Non-Teaching,Homeless,36011.0,26.0,2289.5,No,No,1385.0379288315658,6,Normal,2,0,Medium Volume,Medium Strain
Investor Owned,Urban,Non-Teaching,Homeless,12317.0,17.0,1124.6666666666667,No,No,724.528985571185,6,Under-Burdened,4,0,Low Volume,Low Strain
Nonprofit,Urban,Non-Teaching,Homeless,57101.0,35.0,5331.625,No,No,1631.4566767266635,6,Normal,3,0,High Volume,High Strain
Investor Owned,Urban,Non-Teaching,Homeless,34882.0,50.5,1321.0,Yes,No,690.7325364886066,6,Under-Burdened,3,0,Medium Volume,Low Strain
Nonprofit,Urban,Teaching,Homeless,65446.0,41.0,17.5,Yes,No,1596.2435131113382,6,Normal,3,0,High Volume,High Strain
Investor Owned,Urban,Non-Teaching,Homeless,29986.333333333332,14.0,120.33333333333333,No,Yes,2141.879422467079,2,Overburdened,4,0,Medium Volume,High Strain
Investor Owned,Urban,Non-Teaching,Homeless,3751.5,4.0,81.5,Yes,Yes,937.8726553183618,3,Under-Burdened,1,0,Low Volume,Low Strain
Investor Owned,Urban,Non-Teaching,Homeless,20267.0,12.0,152.0,No,No,1688.915259237284,5,Normal,4,0,Low Volume,High Strain
Investor Owned,Urban,Non-Teaching,Homeless,33361.5,14.0,990.5,No,No,2382.9625835981547,4,Overburdened,4,0,Medium Volume,High Strain
Nonprofit,Urban,Non-Teaching,Homeless,46487.666666666664,30.666666666666668,721.0,No,No,1515.9016795972782,4,Normal,2,0,Medium Volume,Medium Strain
Investor Owned,Urban,Non-Teaching,Homeless,9859.5,8.0,640.0,Yes,Yes,1232.4359594550508,3,Normal,1,0,Low Volume,Medium Strain
Investor Owned,Urban,Non-Teaching,Homeless,6710.333333333333,9.0,408.3333333333333,No,No,745.591764157299,3,Under-Burdened,4,0,Low Volume,Low Strain
Investor Owned,Urban,Non-Teaching,Homeless,16033.333333333334,21.0,136.66666666666666,No,No,763.4916999245874,5,Under-Burdened,4,0,Low Volume,Low Strain
Nonprofit,Urban,Non-Teaching,Homeless,39767.5,37.0,330.0,No,No,1074.7970068116197,7,Under-Burdened,3,0,Medium Volume,Low Strain
Investor Owned,Urban,Non-Teaching,Homeless,18635.5,9.0,174.5,Yes,No,2070.608810434655,3,Overburdened,4,0,Low Volume,High Strain
Nonprofit,Urban,Non-Teaching,Homeless,79359.66666666667,32.0,293.0,No,No,2479.9888083368305,6,Overburdened,2,0,High Volume,High Strain
Nonprofit,Urban,Non-Teaching,Homeless,68964.66666666667,30.0,388.6666666666667,Yes,No,2298.8214559484036,7,Overburdened,2,0,High Volume,High Strain
Nonprofit,Urban,Teaching,Homeless,53635.333333333336,57.0,3528.6666666666665,Yes,No,940.9705951513575,6,Under-Burdened,0,0,High Volume,Low Strain
Nonprofit,Urban,Non-Teaching,Homeless,62426.5,49.5,1011.5,Yes,No,1261.1411593654223,5,Normal,3,0,High Volume,Medium Strain
Nonprofit,Urban,Non-Teaching,Homeless,61938.666666666664,41.0,674.6666666666666,No,No,1510.6988185287432,5,Normal,3,0,High Volume,Medium Strain
Nonprofit,Urban,Non-Teaching,Homeless,79005.0,53.0,1980.3333333333333,No,No,1490.6600961018685,5,Normal,3,0,High Volume,Medium Strain
Nonprofit,Urban,Non-Teaching,Homeless,40703.0,29.0,873.5,No,No,1403.5512401547448,6,Normal,2,0,Medium Volume,Medium Strain
Nonprofit,Urban,Non-Teaching,Homeless,32344.666666666668,18.0,1867.6666666666667,No,No,1796.9249276342996,3,Overburdened,2,0,Medium Volume,High Strain
Investor Owned,Urban,Non-Teaching,Homeless,36378.0,15.0,393.5,No,No,2425.198383201078,5,Overburdened,4,0,Medium Volume,High Strain
Investor Owned,Urban,Non-Teaching,Homeless,29577.0,10.666666666666666,529.0,Yes,No,2772.841150461422,4,Overburdened,4,0,Medium Volume,High Strain
Nonprofit,Urban,Teaching,Homeless,72059.5,64.0,1582.5,No,No,1125.9295115735138,6,Normal,0,0,High Volume,Low Strain
Nonprofit,Urban,Non-Teaching,Homeless,35037.666666666664,29.0,693.3333333333334,No,No,1208.19498567989,6,Normal,2,0,Medium Volume,Medium Strain
Investor Owned,Urban,Non-Teaching,Homeless,16074.666666666666,5.666666666666667,97.33333333333333,No,No,2836.700876410218,3,Overburdened,4,0,Low Volume,High Strain
Nonprofit,Urban,Teaching,Homeless,54946.0,55.5,3653.0,No,No,990.0178396364253,7,Under-Burdened,3,0,High Volume,Low Strain
Nonprofit,Urban,Non-Teaching,Homeless,47234.0,37.0,1788.0,No,No,1276.5942495691215,6,Normal,3,0,Medium Volume,Medium Strain
Investor Owned,Urban,Non-Teaching,Homeless,4946.5,4.0,208.0,No,No,1236.621908445229,2,Normal,4,0,Low Volume,Medium Strain
Investor Owned,Urban,Non-Teaching,Homeless,6297.5,7.0,1166.5,No,No,899.6415719406116,3,Under-Burdened,4,0,Low Volume,Low Strain
Nonprofit,Urban,Non-Teaching,Homeless,77714.0,71.0,1422.5,No,No,1094.5632261178555,6,Normal,0,0,High Volume,Low Strain
Nonprofit,Urban,Non-Teaching,Homeless,57211.0,61.0,1423.6666666666667,No,No,937.8850921499849,7,Under-Burdened,0,0,High Volume,Low Strain
Investor Owned,Urban,Non-Teaching,Homeless,12230.666666666666,8.0,82.33333333333333,No,No,1528.8314222940555,3,Normal,4,0,Low Volume,Medium Strain
Nonprofit,Urban,Non-Teaching,Homeless,32363.666666666668,15.333333333333334,593.3333333333334,No,No,2110.672536517911,5,Overburdened,2,0,Medium Volume,High Strain
Government,Urban,Non-Teaching,Homeless,31796.5,21.0,2650.0,No,No,1514.1183266103208,5,Normal,2,0,Medium Volume,Medium Strain
Investor Owned,Urban,Non-Teaching,Homeless,6826.0,7.0,177.66666666666666,Yes,No,975.1414640836227,5,Under-Burdened,4,0,Low Volume,Low Strain
Nonprofit,Urban,Non-Teaching,Homeless,18475.333333333332,12.0,1600.0,No,No,1539.609828102921,4,Normal,2,0,Low Volume,Medium Strain
Investor Owned,Urban,Non-Teaching,Homeless,46827.333333333336,41.333333333333336,875.0,Yes,Yes,1132.9190807453836,6,Normal,3,0,Medium Volume,Low Strain
Nonprofit,Urban,Non-Teaching,Homeless,23936.333333333332,27.0,1860.0,No,No,886.530535852888,5,Under-Burdened,2,0,Low Volume,Low Strain
Nonprofit,Urban,Non-Teaching,Homeless,50359.333333333336,40.0,878.0,No,No,1258.9830185875787,6,Normal,3,0,High Volume,Medium Strain
Investor Owned,Urban,Non-Teaching,Homeless,9195.333333333334,8.0,59.333333333333336,No,No,1149.4152298976294,3,Normal,4,0,Low Volume,Low Strain
Nonprofit,Urban,Non-Teaching,Homeless,43418.0,32.0,441.0,No,No,1356.8120759962262,6,Normal,2,0,Medium Volume,Medium Strain
Nonprofit,Urban,Non-Teaching,Homeless,21073.5,13.0,105.0,No,No,1621.037214586758,4,Normal,2,0,Low Volume,High Strain
Investor Owned,Urban,Non-Teaching,Homeless,46270.0,30.0,862.6666666666666,No,No,1542.3328192223937,5,Normal,4,0,Medium Volume,Medium Strain
Nonprofit,Urban,Teaching,Homeless,49428.0,28.0,517.3333333333334,No,No,1765.285083826756,6,Overburdened,2,0,High Volume,High Strain
Investor Owned,Urban,Non-Teaching,Homeless,23054.5,13.0,456.0,No,No,1773.4217127525287,4,Overburdened,4,0,Low Volume,High Strain
Nonprofit,Urban,Non-Teaching,Homeless,52035.666666666664,30.0,304.6666666666667,No,No,1734.5216440483407,6,Normal,2,0,High Volume,High Strain
Government,Urban,Teaching,Homeless,73969.0,72.66666666666667,4181.666666666667,Yes,No,1017.9218782676313,6,Under-Burdened,0,0,High Volume,Low Strain
Government,Urban,Teaching,Homeless,105955.5,80.5,5331.625,No,No,1316.2172277991021,7,Normal,0,0,High Volume,Medium Strain
Nonprofit,Urban,Teaching,Homeless,99493.0,29.0,5331.625,Yes,Yes,3430.791920416579,3,Overburdened,2,4,High Volume,High Strain
Government,Urban,Teaching,Homeless,50463.666666666664,50.666666666666664,2873.6666666666665,No,No,995.9932244750214,6,Under-Burdened,3,0,High Volume,Low Strain
Nonprofit,Urban,Non-Teaching,Homeless,40780.666666666664,37.333333333333336,333.6666666666667,No,No,1092.3389931234838,5,Normal,3,0,Medium Volume,Low Strain
Nonprofit,Urban,Non-Teaching,Homeless,67262.0,33.0,470.6666666666667,Yes,No,2038.2418065933919,5,Overburdened,2,0,High Volume,High Strain
Nonprofit,Urban,Non-Teaching,Homeless,92182.33333333333,80.0,983.0,No,No,1152.2790226317886,6,Normal,0,0,High Volume,Low Strain
Investor Owned,Urban,Non-Teaching,Homeless,64397.333333333336,35.0,1022.0,Yes,Yes,1839.9232838314426,4,Overburdened,3,0,High Volume,High Strain
Nonprofit,Rural,Non-Teaching,Homeless,77745.33333333333,38.0,19.333333333333332,Yes,Yes,2045.9292861589595,6,Overburdened,3,1,High Volume,High Strain
Nonprofit,Urban,Non-Teaching,Homeless,27449.0,19.0,180.33333333333334,No,No,1444.683450166605,3,Normal,2,0,Medium Volume,Medium Strain
Nonprofit,Urban,Non-Teaching,Homeless,29936.333333333332,31.0,250.66666666666666,No,No,965.6878605307977,6,Under-Burdened,2,0,Medium Volume,Low Strain
Nonprofit,Urban,Non-Teaching,Homeless,14621.0,9.0,251.33333333333334,No,No,1624.553750495833,1,Normal,2,0,Low Volume,High Strain
Government,Rural,Non-Teaching,Homeless,6284.0,3.6666666666666665,45.666666666666664,Yes,Yes,1713.8135077813424,1,Normal,1,0,Low Volume,High Strain
Nonprofit,Rural,Non-Teaching,Homeless,9094.0,6.0,183.66666666666666,Yes,Yes,1515.6641405597659,1,Normal,1,0,Low Volume,Medium Strain
Nonprofit,Rural,Non-Teaching,Homeless,28163.666666666668,19.0,557.3333333333334,Yes,Yes,1482.2974654574743,2,Normal,1,0,Medium Volume,Medium Strain
Nonprofit,Rural,Non-Teaching,Homeless,13366.0,9.0,72.66666666666667,Yes,Yes,1485.1094609894878,1,Normal,1,0,Low Volume,Medium Strain
Nonprofit,Rural,Non-Teaching,Homeless,25567.333333333332,10.0,401.6666666666667,Yes,Yes,2556.7307766025565,1,Overburdened,1,0,Medium Volume,High Strain
Nonprofit,Urban,Non-Teaching,Homeless,57461.0,26.0,1917.3333333333333,Yes,Yes,2210.0376115239956,4,Overburdened,2,0,High Volume,High Strain
Government,Frontier,Non-Teaching,Homeless,511.0,1.0,1.0,Yes,Yes,510.99489005109945,1,Under-Burdened,1,0,Low Volume,Low Strain
Nonprofit,Urban,Non-Teaching,Homeless,41278.666666666664,30.666666666666668,839.3333333333334,No,No,1346.0430393337915,5,Normal,2,0,Medium Volume,Medium Strain
Nonprofit,Rural,Non-Teaching,Homeless,14553.0,6.0,46.666666666666664,No,Yes,2425.495957506738,2,Overburdened,1,0,Low Volume,High Strain
Government,Urban,Non-Teaching,Homeless,50028.333333333336,16.0,746.6666666666666,Yes,Yes,3126.768879102784,5,Overburdened,1,0,High Volume,High Strain
Government,Urban,Non-Teaching,Homeless,51527.5,19.0,919.5,Yes,Yes,2711.972256856707,4,Overburdened,1,0,High Volume,High Strain
Investor Owned,Urban,Non-Teaching,Homeless,24487.0,18.0,547.6666666666666,No,No,1360.3881331177038,4,Normal,4,0,Low Volume,Medium Strain
Nonprofit,Rural,Non-Teaching,Homeless,6034.5,8.0,8.5,No,No,754.3115571105536,3,Under-Burdened,1,0,Low Volume,Low Strain
Government,Rural,Non-Teaching,Homeless,12749.5,15.0,24.0,Yes,Yes,849.9661000226,2,Under-Burdened,1,0,Low Volume,Low Strain
Nonprofit,Urban,Non-Teaching,Homeless,92289.0,35.666666666666664,102.66666666666667,No,No,2587.5413305958887,6,Overburdened,3,0,High Volume,High Strain
Nonprofit,Urban,Non-Teaching,Homeless,27767.5,26.0,452.5,No,No,1067.9803584690928,5,Under-Burdened,2,0,Medium Volume,Low Strain
Investor Owned,Urban,Teaching,Homeless,23505.0,30.0,714.0,No,Yes,783.4997388334205,5,Under-Burdened,4,0,Low Volume,Low Strain
Investor Owned,Urban,Non-Teaching,Homeless,5063.0,8.0,137.0,No,No,632.8742089072389,3,Under-Burdened,4,0,Low Volume,Low Strain
Investor Owned,Urban,Non-Teaching,Homeless,12153.0,11.0,993.0,No,Yes,1104.8171774389295,4,Normal,4,0,Low Volume,Low Strain
Nonprofit,Urban,Non-Teaching,Homeless,100965.66666666667,80.5,2559.0,No,No,1254.2317282527874,6,Normal,0,0,High Volume,Medium Strain
Investor Owned,Urban,Non-Teaching,Homeless,11960.0,12.0,576.0,No,No,996.6658361118033,3,Under-Burdened,4,0,Low Volume,Low Strain
Investor Owned,Urban,Non-Teaching,Homeless,11887.333333333334,11.0,168.66666666666666,No,No,1080.6656842433174,3,Normal,4,0,Low Volume,Low Strain
Investor Owned,Urban,Non-Teaching,Homeless,25199.5,23.0,341.5,No,No,1095.6299584217572,4,Normal,4,0,Low Volume,Low Strain
Investor Owned,Urban,Non-Teaching,Homeless,11411.0,10.0,516.0,Yes,No,1141.098858901141,4,Normal,4,0,Low Volume,Low Strain
Nonprofit,Urban,Non-Teaching,Homeless,34495.5,44.5,265.5,No,No,775.1796010832356,6,Under-Burdened,3,0,Medium Volume,Low Strain
Government,Urban,Teaching,Homeless,42020.0,50.666666666666664,1279.3333333333333,Yes,No,829.3419415772483,6,Under-Burdened,3,0,Medium Volume,Low Strain
Investor Owned,Urban,Non-Teaching,Homeless,19240.0,12.0,721.3333333333334,Yes,No,1603.3319972233357,4,Normal,4,0,Low Volume,High Strain
Nonprofit,Urban,Non-Teaching,Homeless,27262.5,31.0,447.0,No,No,879.4352001821935,5,Under-Burdened,2,0,Medium Volume,Low Strain
Nonprofit,Urban,Non-Teaching,Homeless,14340.0,20.0,382.0,No,No,716.9996415001792,4,Under-Burdened,2,0,Low Volume,Low Strain
Nonprofit,Urban,Non-Teaching,Homeless,53749.666666666664,36.0,1094.6666666666667,No,No,1493.045881561329,6,Normal,3,0,High Volume,Medium Strain
Investor Owned,Urban,Non-Teaching,Homeless,4135.333333333333,8.0,232.0,No,No,516.916020521641,4,Under-Burdened,4,0,Low Volume,Low Strain
Investor Owned,Urban,Non-Teaching,Homeless,24221.0,24.0,1185.6666666666667,Yes,No,1009.2079128300363,5,Under-Burdened,4,0,Low Volume,Low Strain
Investor Owned,Urban,Non-Teaching,Homeless,17550.0,17.5,799.5,No,No,1002.8565697962458,5,Under-Burdened,4,0,Low Volume,Low Strain
Nonprofit,Urban,Non-Teaching,Homeless,109291.5,72.0,780.5,No,No,1517.9372891753765,5,Normal,0,0,High Volume,Medium Strain
Nonprofit,Urban,Non-Teaching,Homeless,26386.333333333332,14.0,891.6666666666666,No,Yes,1884.7367489975602,2,Overburdened,2,0,Medium Volume,High Strain
Nonprofit,Urban,Non-Teaching,Homeless,69937.5,69.0,1195.5,No,No,1013.5868096251,6,Under-Burdened,0,0,High Volume,Low Strain
Nonprofit,Urban,Non-Teaching,Homeless,112998.5,62.0,545.6666666666666,No,No,1822.5561576522325,6,Overburdened,0,0,High Volume,High Strain
Government,Frontier,Non-Teaching,Homeless,3495.0,3.0,4.666666666666667,Yes,Yes,1164.996116679611,1,Normal,1,0,Low Volume,Medium Strain
Government,Frontier,Non-Teaching,Homeless,2546.6666666666665,2.0,7.0,Yes,Yes,1273.3269666984997,1,Normal,1,0,Low Volume,Medium Strain
Investor Owned,Urban,Non-Teaching,Homeless,44698.666666666664,30.0,815.0,No,Yes,1489.9550589038693,4,Normal,4,0,Medium Volume,Medium Strain
Investor Owned,Urban,Non-Teaching,Homeless,54417.5,28.0,1359.0,No,Yes,1943.4814487566255,6,Overburdened,4,0,High Volume,High Strain
Investor Owned,Urban,Non-Teaching,Homeless,39938.5,29.0,544.5,Yes,Yes,1377.189180279593,6,Normal,4,0,Medium Volume,Medium Strain
Investor Owned,Urban,Non-Teaching,Homeless,45627.5,12.0,572.0,No,Yes,3802.2884980929184,3,Overburdened,4,5,Medium Volume,High Strain
Government,Rural,Non-Teaching,Homeless,7767.0,7.0,215.0,Yes,Yes,1109.5698434716523,1,Normal,1,0,Low Volume,Low Strain
Investor Owned,Urban,Non-Teaching,Homeless,45660.666666666664,41.0,1181.3333333333333,No,Yes,1113.6745251200343,4,Normal,3,0,Medium Volume,Low Strain
Government,Urban,Non-Teaching,Homeless,37046.333333333336,28.0,835.6666666666666,No,Yes,1323.0828608037402,2,Normal,2,0,Medium Volume,Medium Strain
Investor Owned,Urban,Non-Teaching,Homeless,15067.333333333334,12.0,162.33333333333334,Yes,No,1255.6100647693906,2,Normal,4,0,Low Volume,Medium Strain
Nonprofit,Urban,Non-Teaching,Homeless,54291.666666666664,41.0,1039.3333333333333,No,Yes,1324.1866688975604,5,Normal,3,0,High Volume,Medium Strain
Nonprofit,Urban,Non-Teaching,Homeless,47474.5,26.0,121.5,No,Yes,1825.9416054070748,2,Overburdened,2,0,Medium Volume,High Strain
Investor Owned,Urban,Non-Teaching,Homeless,90694.33333333333,53.0,616.0,No,Yes,1711.213513607513,3,Normal,3,6,High Volume,High Strain
Investor Owned,Urban,Non-Teaching,Homeless,35054.666666666664,21.0,291.3333333333333,No,No,1669.2690463798192,3,Normal,4,0,Medium Volume,High Strain
Nonprofit,Urban,Non-Teaching,Homeless,47299.5,58.5,209.0,No,Yes,808.5383233267823,3,Under-Burdened,0,0,Medium Volume,Low Strain
Nonprofit,Urban,Non-Teaching,Homeless,95381.5,59.0,2769.0,No,No,1616.6353192143526,5,Normal,0,0,High Volume,High Strain
Government,Urban,Teaching,Homeless,63503.666666666664,70.0,2059.3333333333335,No,No,907.1951084959368,7,Under-Burdened,0,0,High Volume,Low Strain
Nonprofit,Urban,Non-Teaching,Homeless,84523.33333333333,51.333333333333336,5331.625,No,No,1646.5581208003657,7,Normal,3,0,High Volume,High Strain
Nonprofit,Urban,Non-Teaching,Homeless,106119.0,53.0,1615.5,No,No,2002.2449052368102,5,Overburdened,3,0,High Volume,High Strain
Government,Rural,Non-Teaching,Homeless,21385.333333333332,18.0,174.0,Yes,No,1188.0734140332884,2,Normal,1,0,Low Volume,Medium Strain
Government,Rural,Non-Teaching,Homeless,11297.666666666666,7.0,18.333333333333332,Yes,Yes,1613.9500753094162,1,Normal,1,0,Low Volume,High Strain
Investor Owned,Urban,Non-Teaching,Homeless,33224.0,15.0,467.3333333333333,No,No,2214.9318567120954,3,Overburdened,4,0,Medium Volume,High Strain
Investor Owned,Urban,Non-Teaching,Homeless,22289.0,12.0,412.0,No,Yes,1857.4151188207343,3,Overburdened,4,0,Low Volume,High Strain
Nonprofit,Urban,Non-Teaching,Homeless,112998.5,80.5,2273.0,Yes,No,1403.7079001605093,6,Normal,0,0,High Volume,Medium Strain
Nonprofit,Urban,Teaching,Homeless,40403.0,40.0,1464.0,No,No,1010.074747481313,6,Under-Burdened,3,0,Medium Volume,Low Strain
Government,Rural,Non-Teaching,Homeless,8291.666666666666,6.0,22.333333333333332,Yes,Yes,1381.9421412075424,1,Normal,1,0,Low Volume,Medium Strain
Nonprofit,Urban,Non-Teaching,Homeless,75626.66666666667,52.0,1152.3333333333333,No,Yes,1454.35869467461,6,Normal,3,0,High Volume,Medium Strain
Nonprofit,Urban,Non-Teaching,Homeless,53317.333333333336,18.0,2037.3333333333333,No,Yes,2962.0724284782805,6,Overburdened,2,0,High Volume,High Strain
Nonprofit,Urban,Non-Teaching,Homeless,62192.333333333336,43.0,498.3333333333333,No,Yes,1446.3329969768224,5,Normal,3,0,High Volume,Medium Strain
Investor Owned,Urban,Non-Teaching,Homeless,30790.0,16.0,749.5,Yes,Yes,1924.3737972663766,3,Overburdened,4,0,Medium Volume,High Strain
Investor Owned,Rural,Non-Teaching,Homeless,22806.333333333332,15.333333333333334,148.33333333333334,Yes,Yes,1487.3685951943944,4,Normal,1,0,Low Volume,Medium Strain
Investor Owned,Urban,Non-Teaching,Homeless,35471.0,20.333333333333332,448.3333333333333,Yes,Yes,1744.4745518977616,3,Normal,4,0,Medium Volume,High Strain
Government,Urban,Teaching,Homeless,57942.0,47.0,2512.0,Yes,No,1232.8082483386704,6,Normal,3,0,High Volume,Medium Strain
Investor Owned,Rural,Non-Teaching,Homeless,25407.666666666668,16.0,114.0,Yes,Yes,1587.9781741803079,1,Normal,1,0,Medium Volume,High Strain
Nonprofit,Urban,Non-Teaching,Homeless,23200.666666666668,15.0,960.6666666666666,No,Yes,1546.710079971058,2,Normal,2,0,Low Volume,Medium Strain
Nonprofit,Urban,Non-Teaching,Homeless,79146.5,63.0,1969.5,No,No,1256.2934513819919,7,Normal,0,0,High Volume,Medium Strain
Nonprofit,Urban,Non-Teaching,Homeless,86469.0,80.5,3976.0,No,Yes,1074.148934888331,7,Under-Burdened,0,0,High Volume,Low Strain
Nonprofit,Urban,Non-Teaching,Homeless,112241.5,80.5,961.5,No,No,1394.3041746205993,6,Normal,0,0,High Volume,Medium Strain
Nonprofit,Urban,Teaching,Homeless,96961.66666666667,77.33333333333333,5331.625,No,No,1253.8144930412295,6,Normal,0,0,High Volume,Medium Strain
Investor Owned,Urban,Non-Teaching,Homeless,17293.0,20.0,911.0,Yes,Yes,864.6495676752162,5,Under-Burdened,4,0,Low Volume,Low Strain
Nonprofit,Urban,Non-Teaching,Homeless,37200.666666666664,47.0,1494.3333333333333,No,No,791.5033776943167,6,Under-Burdened,3,0,Medium Volume,Low Strain
Government,Urban,Non-Teaching,Homeless,39953.666666666664,40.0,392.6666666666667,No,No,998.8414169563123,6,Under-Burdened,3,0,Medium Volume,Low Strain
Government,Urban,Teaching,Homeless,60332.5,80.5,5327.0,No,No,749.4719565873346,6,Under-Burdened,0,0,High Volume,Low Strain
Nonprofit,Urban,Non-Teaching,Homeless,63761.0,48.0,1120.3333333333333,No,No,1328.3538899262728,6,Normal,3,0,High Volume,Medium Strain
Government,Urban,Non-Teaching,Homeless,26922.5,8.0,286.5,No,No,3365.3082933646333,5,Overburdened,4,7,Medium Volume,High Strain
Nonprofit,Urban,Non-Teaching,Homeless,44178.666666666664,38.0,1142.3333333333333,No,No,1162.5961852817054,4,Normal,3,0,Medium Volume,Low Strain
Government,Urban,Non-Teaching,Homeless,77978.0,72.0,1606.0,No,Yes,1083.027627357274,5,Normal,0,0,High Volume,Low Strain
Nonprofit,Urban,Teaching,Homeless,31841.333333333332,28.666666666666668,381.3333333333333,No,No,1110.7437985777447,5,Normal,2,0,Medium Volume,Low Strain
Nonprofit,Urban,Non-Teaching,Homeless,10480.666666666666,12.0,1059.6666666666667,No,No,873.3881610654213,5,Under-Burdened,2,0,Low Volume,Low Strain
Government,Urban,Teaching,Homeless,43609.0,59.0,5331.625,No,No,739.135467943141,6,Under-Burdened,0,0,Medium Volume,Low Strain
Nonprofit,Urban,Non-Teaching,Homeless,20186.666666666668,19.0,5310.0,No,No,1062.4555811637292,5,Under-Burdened,2,0,Low Volume,Low Strain
Nonprofit,Urban,Teaching,Homeless,11045.666666666666,12.0,1789.0,No,No,920.4714551626762,5,Under-Burdened,2,0,Low Volume,Low Strain
Nonprofit,Urban,Non-Teaching,Homeless,26493.666666666668,35.0,2729.0,No,Yes,756.9616884871366,5,Under-Burdened,3,0,Medium Volume,Low Strain
Nonprofit,Urban,Non-Teaching,Homeless,17995.0,16.0,2183.6666666666665,No,No,1124.686797070752,3,Normal,2,0,Low Volume,Low Strain
Nonprofit,Urban,Non-Teaching,Homeless,49033.666666666664,28.0,571.6666666666666,No,Yes,1751.2017555231826,4,Overburdened,2,0,High Volume,High Strain
Government,Urban,Non-Teaching,Homeless,41087.333333333336,25.333333333333332,1084.6666666666667,Yes,Yes,1621.8677808416658,4,Normal,2,0,Medium Volume,High Strain
Nonprofit,Urban,Non-Teaching,Homeless,29388.666666666668,14.0,390.6666666666667,No,Yes,2099.1889767697785,2,Overburdened,2,0,Medium Volume,High Strain
Investor Owned,Urban,Non-Teaching,Homeless,25987.0,11.0,275.3333333333333,No,Yes,2362.4523977705476,2,Overburdened,4,0,Medium Volume,High Strain
Nonprofit,Urban,Non-Teaching,Homeless,103851.33333333333,46.666666666666664,304.3333333333333,No,Yes,2225.385237417449,2,Overburdened,3,8,High Volume,High Strain
Nonprofit,Rural,Non-Teaching,Homeless,25632.666666666668,18.0,416.0,No,Yes,1424.0362459057894,2,Normal,1,0,Medium Volume,Medium Strain
Nonprofit,Rural,Non-Teaching,Homeless,20801.333333333332,22.0,780.0,No,Yes,945.5147217357325,2,Under-Burdened,1,0,Low Volume,Low Strain
Investor Owned,Rural,Non-Teaching,Homeless,19784.666666666668,11.0,423.3333333333333,No,Yes,1798.6044255111285,4,Overburdened,1,0,Low Volume,High Strain
Investor Owned,Urban,Non-Teaching,Homeless,27192.666666666668,23.0,285.6666666666667,No,No,1182.2893410336198,3,Normal,4,0,Medium Volume,Medium Strain
Government,Urban,Non-Teaching,Homeless,33189.666666666664,15.0,923.3333333333334,No,No,2212.6429693491314,4,Overburdened,4,0,Medium Volume,High Strain
Nonprofit,Urban,Non-Teaching,Homeless,39927.666666666664,19.0,532.3333333333334,No,No,2101.4550343219116,3,Overburdened,2,0,Medium Volume,High Strain
Investor Owned,Urban,Non-Teaching,Homeless,13136.0,22.0,586.0,No,No,597.0906376860738,6,Under-Burdened,4,0,Low Volume,Low Strain
Investor Owned,Rural,Non-Teaching,Homeless,1620.0,7.0,4.0,No,No,231.42824081679885,3,Under-Burdened,4,9,Low Volume,Low Strain
Nonprofit,Urban,Non-Teaching,Homeless,41904.5,26.0,2355.0,No,No,1611.7109185727236,5,Normal,2,0,Medium Volume,High Strain
Nonprofit,Urban,Non-Teaching,Homeless,14532.0,17.0,149.5,No,No,854.8230265746903,5,Under-Burdened,2,0,Low Volume,Low Strain
Nonprofit,Urban,Non-Teaching,Homeless,32738.0,24.0,443.0,No,No,1364.0827649655146,4,Normal,2,0,Medium Volume,Medium Strain
Nonprofit,Urban,Non-Teaching,Homeless,22042.666666666668,22.0,782.3333333333334,No,Yes,1001.9389385126037,1,Under-Burdened,2,0,Low Volume,Low Strain
Government,Rural,Non-Teaching,Homeless,18819.5,10.0,404.0,No,Yes,1881.948118051882,2,Overburdened,1,0,Low Volume,High Strain
Nonprofit,Urban,Non-Teaching,Homeless,48621.0,41.0,905.0,Yes,Yes,1185.8777595420097,5,Normal,3,0,Medium Volume,Medium Strain
Nonprofit,Urban,Non-Teaching,Homeless,35892.0,40.5,2802.5,No,No,886.2220034019743,6,Under-Burdened,3,0,Medium Volume,Low Strain
Nonprofit,Rural,Non-Teaching,Homeless,9330.0,8.0,71.0,No,Yes,1166.2485421893223,1,Normal,1,0,Low Volume,Medium Strain
Nonprofit,Urban,Non-Teaching,Homeless,52909.5,40.0,1525.0,No,No,1322.7371693157077,6,Normal,3,0,High Volume,Medium Strain
Investor Owned,Urban,Non-Teaching,Homeless,47574.333333333336,35.0,738.0,No,No,1359.266278304873,6,Normal,3,0,Medium Volume,Medium Strain
Government,Urban,Non-Teaching,Homeless,49958.666666666664,25.0,1016.3333333333334,No,No,1998.3458673283196,6,Overburdened,2,0,High Volume,High Strain
Nonprofit,Urban,Teaching,Homeless,73416.5,80.5,1025.5,No,No,912.0060978874412,5,Under-Burdened,0,0,High Volume,Low Strain
Nonprofit,Urban,Non-Teaching,Homeless,65069.0,36.0,672.5,No,No,1807.4717201467442,5,Overburdened,3,0,High Volume,High Strain
Government,Rural,Non-Teaching,Homeless,33380.333333333336,8.0,145.66666666666666,No,No,4172.536450996104,2,Overburdened,4,10,Medium Volume,High Strain
Nonprofit,Urban,Non-Teaching,Homeless,67463.5,30.0,409.0,No,No,2248.7825837391388,6,Overburdened,2,0,High Volume,High Strain
Nonprofit,Urban,Non-Teaching,Homeless,28103.666666666668,13.333333333333334,602.0,Yes,No,2107.7734191699356,3,Overburdened,2,0,Medium Volume,High Strain
Government,Frontier,Non-Teaching,Homeless,3986.3333333333335,6.0,17.666666666666668,Yes,Yes,664.3877815759197,3,Under-Burdened,1,0,Low Volume,Low Strain
Investor Owned,Urban,Non-Teaching,Homeless,24901.0,28.0,2399.0,No,Yes,889.3211109567461,5,Under-Burdened,4,0,Low Volume,Low Strain
Nonprofit,Urban,Non-Teaching,Homeless,42502.0,26.0,2085.0,No,Yes,1634.691678964739,5,Normal,2,0,Medium Volume,High Strain
Nonprofit,Rural,Non-Teaching,Homeless,9721.666666666666,11.0,352.0,Yes,Yes,883.7870753450829,1,Under-Burdened,1,0,Low Volume,Low Strain
Nonprofit,Rural,Non-Teaching,Homeless,9916.0,7.0,222.0,Yes,Yes,1416.5694049008503,1,Normal,1,0,Low Volume,Medium Strain
Nonprofit,Urban,Non-Teaching,Homeless,57303.333333333336,51.0,795.6666666666666,No,No,1123.594550929173,5,Normal,3,0,High Volume,Low Strain
Nonprofit,Urban,Non-Teaching,Homeless,24714.666666666668,13.0,647.3333333333334,No,No,1901.1267427230187,3,Overburdened,2,0,Low Volume,High Strain
Nonprofit,Urban,Non-Teaching,Homeless,57780.0,45.0,1338.3333333333333,No,No,1283.99971466673,4,Normal,3,0,High Volume,Medium Strain
Nonprofit,Urban,Non-Teaching,Homeless,48864.0,27.0,154.5,No,No,1809.7771074899601,3,Overburdened,2,0,Medium Volume,High Strain
Investor Owned,Rural,Non-Teaching,Homeless,8867.0,9.0,72.0,No,No,985.2211275320806,1,Under-Burdened,4,0,Low Volume,Low Strain
Investor Owned,Urban,Non-Teaching,Homeless,17207.5,15.0,421.0,No,No,1147.1659018893988,2,Normal,4,0,Low Volume,Low Strain
Investor Owned,Urban,Non-Teaching,Homeless,35628.0,29.5,798.5,No,Yes,1207.728404159863,5,Normal,4,0,Medium Volume,Medium Strain
Government,Urban,Non-Teaching,Homeless,8424.666666666666,8.333333333333334,58.333333333333336,Yes,No,1010.9587868494557,2,Under-Burdened,4,0,Low Volume,Low Strain
Nonprofit,Urban,Teaching,Homeless,53276.0,30.0,679.5,No,Yes,1775.8660747113086,4,Overburdened,2,0,High Volume,High Strain
Nonprofit,Urban,Non-Teaching,Homeless,31739.5,34.0,1180.5,No,Yes,933.5144313192848,3,Under-Burdened,3,0,Medium Volume,Low Strain
Investor Owned,Urban,Non-Teaching,Homeless,77669.33333333333,33.0,2151.0,No,No,2353.6154483993587,6,Overburdened,2,0,High Volume,High Strain
Investor Owned,Urban,Non-Teaching,Homeless,51875.333333333336,32.0,541.6666666666666,No,No,1621.1036600717728,5,Normal,4,0,High Volume,High Strain
Nonprofit,Urban,Non-Teaching,Homeless,72098.66666666667,40.0,1873.0,No,No,1802.4662160501127,6,Overburdened,3,0,High Volume,High Strain
Government,Rural,Non-Teaching,Homeless,18690.333333333332,12.0,38.0,Yes,No,1557.5264798390444,1,Normal,1,0,Low Volume,Medium Strain
Nonprofit,Rural,Non-Teaching,Homeless,28291.666666666668,14.0,1010.6666666666666,Yes,Yes,2020.8318898819837,2,Overburdened,1,0,Medium Volume,High Strain
Government,Urban,Non-Teaching,Homeless,59761.5,80.5,1144.0,Yes,Yes,742.3787897666099,6,Under-Burdened,0,0,High Volume,Low Strain
Government,Rural,Non-Teaching,Homeless,33321.0,24.0,524.0,Yes,Yes,1388.3744215106578,4,Normal,1,0,Medium Volume,Medium Strain
Nonprofit,Rural,Non-Teaching,Homeless,28867.333333333332,15.0,193.66666666666666,Yes,Yes,1924.4876058971515,3,Overburdened,1,0,Medium Volume,High Strain
Nonprofit,Rural,Non-Teaching,Homeless,30663.666666666668,18.0,274.0,Yes,Yes,1703.536090628098,2,Normal,1,0,Medium Volume,High Strain
Government,Urban,Non-Teaching,Homeless,40721.5,38.5,1281.0,No,No,1057.70102397376,5,Under-Burdened,3,0,Medium Volume,Low Strain
Investor Owned,Urban,Non-Teaching,Homeless,40176.0,28.0,380.0,No,No,1434.8566304083463,6,Normal,4,0,Medium Volume,Medium Strain
Nonprofit,Rural,Non-Teaching,Homeless,7952.0,6.0,91.33333333333333,No,No,1325.331124448126,1,Normal,1,0,Low Volume,Medium Strain
Nonprofit,Urban,Non-Teaching,Homeless,22600.333333333332,14.0,145.66666666666666,No,No,1614.3083707321161,3,Normal,2,0,Low Volume,High Strain
Nonprofit,Urban,Non-Teaching,Homeless,45771.666666666664,31.0,1471.3333333333333,No,Yes,1476.5049000521826,5,Normal,2,0,Medium Volume,Medium Strain
Nonprofit,Urban,Non-Teaching,Homeless,26971.5,11.0,471.0,No,Yes,2451.952316406985,1,Overburdened,2,0,Medium Volume,High Strain
Nonprofit,Rural,Non-Teaching,Homeless,59699.0,44.0,2171.3333333333335,Yes,Yes,1356.7951461829211,5,Normal,3,1,High Volume,Medium Strain
Nonprofit,Urban,Non-Teaching,Homeless,36398.0,40.0,46.0,No,No,909.9497725125568,4,Under-Burdened,3,0,Medium Volume,Low Strain
Government,Urban,Non-Teaching,Homeless,69248.0,54.0,4280.0,No,No,1282.3701328944198,4,Normal,3,0,High Volume,Medium Strain
Nonprofit,Urban,Teaching,Homeless,112998.5,80.0,3453.0,No,No,1412.4810734398657,6,Normal,0,0,High Volume,Medium Strain
Nonprofit,Rural,Non-Teaching,Homeless,9934.0,5.0,128.0,Yes,Yes,1986.7960264079472,1,Overburdened,1,0,Low Volume,High Strain
Nonprofit,Rural,Non-Teaching,Homeless,15236.0,11.0,536.0,Yes,Yes,1385.0896499185,1,Normal,1,0,Low Volume,Medium Strain
Nonprofit,Rural,Non-Teaching,Homeless,26490.0,24.0,511.0,No,No,1103.7495401043584,3,Normal,2,0,Medium Volume,Low Strain
Investor Owned,Rural,Non-Teaching,Homeless,9268.0,9.0,39.0,Yes,Yes,1029.7766335815184,2,Under-Burdened,1,0,Low Volume,Low Strain
Nonprofit,Urban,Teaching,Homeless,63937.0,48.0,3102.0,No,Yes,1332.0205558290509,6,Normal,3,0,High Volume,Medium Strain
Investor Owned,Rural,Non-Teaching,Homeless,11554.0,12.0,385.0,Yes,Yes,962.8325309728909,2,Under-Burdened,1,0,Low Volume,Low Strain
Government,Rural,Non-Teaching,Homeless,30623.0,20.0,962.0,Yes,Yes,1531.149234425383,4,Normal,1,0,Medium Volume,Medium Strain
Nonprofit,Urban,Non-Teaching,Homeless,74433.0,36.0,1925.5,No,Yes,2067.582759004789,6,Overburdened,3,0,High Volume,High Strain
Government,Urban,Teaching,Homeless,45491.0,30.0,622.5,No,Yes,1516.3661612112796,5,Normal,2,0,Medium Volume,Medium Strain
Nonprofit,Urban,Non-Teaching,Homeless,53560.0,40.0,526.0,No,Yes,1338.9996652500836,5,Normal,3,0,High Volume,Medium Strain
Nonprofit,Frontier,Non-Teaching,Homeless,2364.0,2.0,14.0,Yes,Yes,1181.9940900295499,1,Normal,1,0,Low Volume,Medium Strain
Nonprofit,Urban,Teaching,Homeless,41196.0,26.0,2677.0,No,No,1584.4609290534888,6,Normal,2,0,Medium Volume,Medium Strain
Nonprofit,Urban,Non-Teaching,Homeless,72057.0,46.0,161.0,Yes,No,1566.456181205178,6,Normal,3,0,High Volume,Medium Strain
Government,Urban,Non-Teaching,Homeless,33564.0,14.0,1228.0,No,No,2397.4268589808153,4,Overburdened,4,0,Medium Volume,High Strain
Nonprofit,Urban,Non-Teaching,Homeless,31471.5,22.0,545.5,No,No,1430.5220770354194,3,Normal,2,0,Medium Volume,Medium Strain
Nonprofit,Urban,Non-Teaching,Homeless,33640.5,16.0,3277.5,No,No,2102.52993591879,6,Overburdened,2,0,Medium Volume,High Strain
Nonprofit,Urban,Non-Teaching,Homeless,52043.0,50.0,1002.0,No,No,1040.8597918280416,7,Under-Burdened,3,0,High Volume,Low Strain
Investor Owned,Urban,Non-Teaching,Homeless,29638.0,21.0,573.0,No,No,1411.3326612701612,4,Normal,4,0,Medium Volume,Medium Strain
Nonprofit,Urban,Non-Teaching,Homeless,25109.5,16.0,1009.5,No,No,1569.3427691607694,6,Normal,2,0,Low Volume,Medium Strain
Investor Owned,Urban,Non-Teaching,Homeless,50599.5,24.0,644.5,No,No,2108.3116215368245,6,Overburdened,4,0,High Volume,High Strain
Nonprofit,Urban,Non-Teaching,Homeless,109217.0,29.0,5331.625,Yes,Yes,3766.1021496199482,3,Overburdened,2,4,High Volume,High Strain
Government,Rural,Non-Teaching,Homeless,10799.0,13.0,0.0,No,Yes,830.6916686987164,1,Under-Burdened,1,0,Low Volume,Low Strain
Nonprofit,Rural,Non-Teaching,Homeless,6472.0,8.0,11.0,No,No,808.998988751264,4,Under-Burdened,1,0,Low Volume,Low Strain
Nonprofit,Rural,Non-Teaching,Homeless,23312.0,18.0,729.0,Yes,Yes,1295.110391605338,3,Normal,1,0,Low Volume,Medium Strain
Government,Urban,Non-Teaching,Homeless,27460.0,23.0,430.0,No,No,1193.912524385859,4,Normal,2,0,Medium Volume,Medium Strain
Nonprofit,Urban,Non-Teaching,Homeless,11497.0,69.0,4.0,No,No,166.62316425751243,2,Under-Burdened,0,11,Low Volume,Low Strain
Nonprofit,Urban,Teaching,Homeless,112998.5,72.0,712.0,No,No,1569.4233931356398,5,Normal,0,0,High Volume,Medium Strain
Investor Owned,Urban,Teaching,Homeless,87345.0,64.0,2440.0,Yes,Yes,1364.7654117554043,7,Normal,0,0,High Volume,Medium Strain
Nonprofit,Urban,Non-Teaching,Homeless,51767.0,26.0,198.0,No,Yes,1991.0376957547323,3,Overburdened,2,0,High Volume,High Strain
Nonprofit,Urban,Teaching,Homeless,99973.0,59.0,3331.0,No,No,1694.4573399224846,5,Normal,0,0,High Volume,High Strain
Nonprofit,Urban,Non-Teaching,Homeless,30920.5,20.0,1910.5,No,No,1546.0242269878865,6,Normal,2,0,Medium Volume,Medium Strain
Nonprofit,Urban,Non-Teaching,Homeless,56462.0,31.0,2416.0,No,No,1821.3542511760481,6,Overburdened,2,0,High Volume,High Strain
Nonprofit,Urban,Non-Teaching,Homeless,45169.5,29.0,1219.5,No,No,1557.56842842468,6,Normal,2,0,Medium Volume,Medium Strain
Nonprofit,Urban,Teaching,Homeless,107243.0,53.0,1771.0,No,No,2023.4524484051983,5,Overburdened,3,0,High Volume,High Strain
Nonprofit,Urban,Non-Teaching,Homeless,42886.0,25.0,904.0,No,No,1715.4393138242744,3,Normal,2,0,Medium Volume,High Strain
Nonprofit,Urban,Teaching,Homeless,112998.5,80.5,2005.0,Yes,No,1403.7079001605093,6,Normal,0,0,High Volume,Medium Strain
Nonprofit,Urban,Teaching,Homeless,62646.0,24.0,4205.0,No,Yes,2610.2489123962864,6,Overburdened,2,0,High Volume,High Strain
Nonprofit,Frontier,Non-Teaching,Homeless,4339.5,4.0,3.0,Yes,Yes,1084.8722878192805,1,Normal,1,0,Low Volume,Low Strain
Nonprofit,Urban,Non-Teaching,Homeless,14965.0,39.0,51.0,No,No,383.7178503287563,4,Under-Burdened,3,0,Low Volume,Low Strain
Nonprofit,Urban,Teaching,Homeless,112998.5,80.5,972.0,No,No,1403.7079001605093,6,Normal,0,0,High Volume,Medium Strain
Nonprofit,Urban,Non-Teaching,Homeless,5637.5,7.0,216.0,No,Yes,805.3559923485824,2,Under-Burdened,1,0,Low Volume,Low Strain
Investor Owned,Urban,Teaching,Homeless,82844.0,62.0,3030.0,Yes,Yes,1336.1933328720431,6,Normal,0,0,High Volume,Medium Strain
Investor Owned,Urban,Non-Teaching,Homeless,13380.0,22.0,400.0,No,No,608.1815417356629,5,Under-Burdened,4,0,Low Volume,Low Strain
Nonprofit,Urban,Non-Teaching,Homeless,17158.0,17.0,161.0,No,No,1009.293523944986,4,Under-Burdened,2,0,Low Volume,Low Strain
Nonprofit,Urban,Teaching,Homeless,43220.0,40.0,3750.0,No,No,1080.4997298750675,6,Under-Burdened,3,0,Medium Volume,Low Strain
Nonprofit,Urban,Non-Teaching,Homeless,63151.0,40.0,1538.0,No,No,1578.7746053063486,5,Normal,3,0,High Volume,Medium Strain
Nonprofit,Urban,Teaching,Homeless,73413.0,36.0,635.0,No,No,2039.249433541824,5,Overburdened,3,0,High Volume,High Strain
Nonprofit,Urban,Teaching,Homeless,74166.0,30.0,290.0,No,No,2472.199175933608,6,Overburdened,2,0,High Volume,High Strain
Nonprofit,Urban,Non-Teaching,Homeless,39333.0,24.0,2191.0,No,Yes,1638.8743171357012,5,Normal,2,0,Medium Volume,High Strain
Nonprofit,Urban,Non-Teaching,Homeless,53345.0,27.0,154.0,No,No,1975.740008985182,4,Overburdened,2,0,High Volume,High Strain
Nonprofit,Urban,Non-Teaching,Homeless,59695.0,30.0,647.0,No,Yes,1989.8326700557766,4,Overburdened,2,0,High Volume,High Strain
Government,Urban,Teaching,Homeless,71708.0,73.0,1712.0,Yes,Yes,982.3012353012006,6,Under-Burdened,0,0,High Volume,Low Strain
Government,Urban,Non-Teaching,Homeless,45896.0,35.0,2387.0,No,No,1311.313911053168,4,Normal,3,0,Medium Volume,Medium Strain
Nonprofit,Urban,Non-Teaching,Homeless,34054.5,18.0,211.5,No,No,1891.9156156024358,3,Overburdened,2,0,Medium Volume,High Strain
Nonprofit,Urban,Non-Teaching,Homeless,23820.0,19.5,725.0,No,Yes,1221.5378351088025,3,Normal,2,0,Low Volume,Medium Strain
Nonprofit,Urban,Non-Teaching,Homeless,32229.0,23.0,668.0,No,Yes,1401.260260321626,2,Normal,2,0,Medium Volume,Medium Strain
Investor Owned,Rural,Non-Teaching,Homeless,6307.0,9.0,6.0,Yes,Yes,700.7769991366677,3,Under-Burdened,1,0,Low Volume,Low Strain
Government,Frontier,Non-Teaching,Homeless,2837.0,2.0,117.0,Yes,Yes,1418.4929075354623,1,Normal,1,0,Low Volume,Medium Strain
Investor Owned,Urban,Non-Teaching,Homeless,23943.0,20.0,1267.0,Yes,No,1197.1494014252994,6,Normal,4,0,Low Volume,Medium Strain
Government,Urban,Teaching,Homeless,32425.0,41.0,2875.0,No,No,790.8534656454962,6,Under-Burdened,3,0,Medium Volume,Low Strain
Nonprofit,Rural,Non-Teaching,Homeless,28244.0,16.0,527.0,Yes,Yes,1765.2488967194397,3,Overburdened,1,0,Medium Volume,High Strain
Government,Frontier,Non-Teaching,Homeless,4834.0,4.0,14.0,Yes,Yes,1208.4969787575533,2,Normal,1,0,Low Volume,Medium Strain
Nonprofit,Urban,Non-Teaching,Homeless,58831.0,56.0,1248.0,No,No,1050.5533838297529,6,Under-Burdened,3,0,High Volume,Low Strain
Investor Owned,Urban,Non-Teaching,Homeless,73328.0,64.0,2335.0,Yes,Yes,1145.7498209765904,6,Normal,0,0,High Volume,Low Strain
Government,Urban,Teaching,Homeless,68827.0,44.0,1313.0,No,Yes,1564.249644488717,6,Normal,3,0,High Volume,Medium Strain
Nonprofit,Urban,Non-Teaching,Homeless,51901.0,24.0,2891.0,No,Yes,2162.540765608014,6,Overburdened,2,0,High Volume,High Strain
Government,Urban,Teaching,Homeless,33076.0,52.0,799.0,No,No,636.0768007544614,7,Under-Burdened,3,0,Medium Volume,Low Strain
Nonprofit,Urban,Non-Teaching,Homeless,28108.0,21.0,1126.0,Yes,Yes,1338.4755531068795,5,Normal,1,0,Medium Volume,Medium Strain
Investor Owned,Urban,Non-Teaching,Homeless,67670.0,62.0,2526.0,Yes,Yes,1091.4514368626715,6,Normal,0,0,High Volume,Low Strain
Government,Urban,Non-Teaching,Hypertension,13261.0,12.0,3309.3333333333335,No,No,1105.082412431323,3,Normal,4,0,Low Volume,Low Strain
Nonprofit,Urban,Non-Teaching,Hypertension,29420.666666666668,22.0,3301.6666666666665,No,No,1337.302422438293,6,Normal,2,0,Medium Volume,Medium Strain
Nonprofit,Urban,Teaching,Hypertension,30782.5,40.0,126.0,No,No,769.562307609423,4,Under-Burdened,3,0,Medium Volume,Low Strain
Government,Urban,Non-Teaching,Hypertension,65082.0,59.0,5331.625,No,No,1103.0845587992274,5,Normal,0,0,High Volume,Low Strain
Nonprofit,Urban,Non-Teaching,Hypertension,29479.0,30.0,5331.625,No,No,982.633005788998,6,Under-Burdened,2,0,Medium Volume,Low Strain
Government,Urban,Non-Teaching,Hypertension,42180.666666666664,39.0,5331.625,No,No,1081.5552782336893,6,Normal,3,0,Medium Volume,Low Strain
Nonprofit,Urban,Non-Teaching,Hypertension,28620.0,17.0,5331.625,No,No,1683.5284214538697,4,Normal,2,0,Medium Volume,High Strain
Nonprofit,Urban,Non-Teaching,Hypertension,37801.333333333336,18.0,5331.625,No,No,2100.0729073669036,3,Overburdened,2,0,Medium Volume,High Strain
Nonprofit,Urban,Non-Teaching,Hypertension,31745.0,22.0,2647.0,No,No,1442.9538895664139,3,Normal,2,0,Medium Volume,Medium Strain
Nonprofit,Urban,Non-Teaching,Hypertension,110997.0,80.0,5331.625,No,No,1387.4623265672092,6,Normal,0,0,High Volume,Medium Strain
Nonprofit,Urban,Non-Teaching,Hypertension,66977.0,40.0,5331.625,No,No,1674.4245813938546,5,Normal,3,0,High Volume,High Strain
Nonprofit,Rural,Non-Teaching,Hypertension,24025.0,14.0,1702.6666666666667,Yes,No,1716.070202806998,2,Normal,1,0,Low Volume,High Strain
Nonprofit,Rural,Non-Teaching,Hypertension,9708.5,5.0,930.5,Yes,Yes,1941.696116607767,3,Overburdened,1,0,Low Volume,High Strain
Nonprofit,Rural,Non-Teaching,Hypertension,8570.0,14.0,1393.0,Yes,Yes,612.1424198982716,3,Under-Burdened,1,0,Low Volume,Low Strain
Nonprofit,Urban,Non-Teaching,Hypertension,55911.0,49.0,5331.625,No,Yes,1141.0405834611054,5,Normal,3,0,High Volume,Low Strain
Nonprofit,Rural,Non-Teaching,Hypertension,10039.0,8.0,2878.3333333333335,Yes,Yes,1254.8734314082108,1,Normal,1,0,Low Volume,Medium Strain
Nonprofit,Urban,Non-Teaching,Hypertension,41025.0,30.0,2835.6666666666665,No,No,1367.4995441668186,3,Normal,2,0,Medium Volume,Medium Strain
Nonprofit,Urban,Non-Teaching,Hypertension,46164.333333333336,44.0,5331.625,No,No,1049.1891554873132,7,Under-Burdened,3,0,Medium Volume,Low Strain
Nonprofit,Urban,Non-Teaching,Hypertension,63404.333333333336,52.0,5331.625,No,No,1219.3138680806665,5,Normal,3,0,High Volume,Medium Strain
Nonprofit,Urban,Non-Teaching,Hypertension,50722.333333333336,32.0,5331.625,No,No,1585.072421331535,5,Normal,2,0,High Volume,Medium Strain
Investor Owned,Urban,Non-Teaching,Hypertension,16929.333333333332,12.0,2720.3333333333335,No,No,1410.7766021306093,3,Normal,4,0,Low Volume,Medium Strain
Nonprofit,Urban,Non-Teaching,Hypertension,63958.666666666664,36.0,5331.625,No,No,1776.629136121536,4,Overburdened,3,0,High Volume,High Strain
Nonprofit,Rural,Non-Teaching,Hypertension,16776.666666666668,12.0,3136.6666666666665,Yes,Yes,1398.0543905102302,3,Normal,1,0,Low Volume,Medium Strain
Nonprofit,Rural,Non-Teaching,Hypertension,55450.333333333336,59.0,5331.625,Yes,Yes,939.8359988978533,6,Under-Burdened,0,1,High Volume,Low Strain
Investor Owned,Rural,Non-Teaching,Hypertension,7588.5,9.0,128.5,Yes,Yes,843.1657298158558,3,Under-Burdened,1,0,Low Volume,Low Strain
Nonprofit,Urban,Teaching,Hypertension,80788.66666666667,73.0,5331.625,Yes,No,1106.693912325035,7,Normal,0,0,High Volume,Low Strain
Nonprofit,Rural,Non-Teaching,Hypertension,35672.666666666664,10.0,3448.0,Yes,Yes,3567.263099403567,1,Overburdened,1,2,Medium Volume,High Strain
Nonprofit,Urban,Non-Teaching,Hypertension,57338.0,48.0,5331.625,No,Yes,1194.5414178038711,6,Normal,3,0,High Volume,Medium Strain
Nonprofit,Urban,Non-Teaching,Hypertension,47511.333333333336,21.0,5331.625,No,Yes,2262.4433670904605,4,Overburdened,2,0,Medium Volume,High Strain
Investor Owned,Frontier,Non-Teaching,Hypertension,5907.0,4.333333333333333,507.3333333333333,Yes,Yes,1363.1507004214607,1,Normal,1,0,Low Volume,Medium Strain
Investor Owned,Rural,Non-Teaching,Hypertension,10314.0,8.0,2548.3333333333335,Yes,Yes,1289.2483884395144,1,Normal,1,0,Low Volume,Medium Strain
Investor Owned,Rural,Non-Teaching,Hypertension,28371.0,20.0,5240.0,Yes,Yes,1418.5492907253547,3,Normal,1,0,Medium Volume,Medium Strain
Government,Rural,Non-Teaching,Hypertension,39829.0,16.0,2297.0,Yes,Yes,2489.31094418066,3,Overburdened,1,0,Medium Volume,High Strain
Government,Rural,Non-Teaching,Hypertension,7991.666666666667,7.666666666666667,899.0,No,No,1042.3899447087679,1,Under-Burdened,4,0,Low Volume,Low Strain
Government,Frontier,Non-Teaching,Hypertension,1610.0,2.0,139.0,Yes,No,804.9959750201249,1,Under-Burdened,1,0,Low Volume,Low Strain
Nonprofit,Urban,Non-Teaching,Hypertension,28485.0,10.0,3932.0,Yes,Yes,2848.4971515028487,4,Overburdened,1,0,Medium Volume,High Strain
Government,Frontier,Non-Teaching,Hypertension,6546.333333333333,8.0,342.0,Yes,Yes,818.290643803362,3,Under-Burdened,1,0,Low Volume,Low Strain
Nonprofit,Urban,Non-Teaching,Hypertension,64106.0,42.666666666666664,5331.625,No,Yes,1502.484022855307,3,Normal,3,0,High Volume,Medium Strain
Nonprofit,Rural,Non-Teaching,Hypertension,15535.666666666666,12.0,847.6666666666666,Yes,Yes,1294.6378100240472,2,Normal,1,0,Low Volume,Medium Strain
Nonprofit,Rural,Non-Teaching,Hypertension,20035.333333333332,13.0,3714.6666666666665,Yes,Yes,1541.1783016577167,1,Normal,1,0,Low Volume,Medium Strain
Nonprofit,Urban,Non-Teaching,Hypertension,88985.33333333333,40.666666666666664,5331.625,Yes,Yes,2188.163396353263,4,Overburdened,3,0,High Volume,High Strain
Nonprofit,Rural,Non-Teaching,Hypertension,18720.666666666668,8.0,3941.6666666666665,Yes,Yes,2340.080408232823,1,Overburdened,1,0,Low Volume,High Strain
Nonprofit,Rural,Non-Teaching,Hypertension,18771.0,12.0,1053.6666666666667,Yes,Yes,1564.2486964594198,1,Normal,1,0,Low Volume,Medium Strain
Nonprofit,Rural,Non-Teaching,Hypertension,10002.666666666666,8.0,988.0,Yes,Yes,1250.3317704186202,1,Normal,1,0,Low Volume,Medium Strain
Investor Owned,Urban,Non-Teaching,Hypertension,14433.0,8.0,3422.0,No,No,1804.122744846569,3,Overburdened,4,0,Low Volume,High Strain
Government,Urban,Non-Teaching,Hypertension,102466.66666666667,42.666666666666664,5331.625,No,Yes,2401.561937133921,6,Overburdened,3,3,High Volume,High Strain
Nonprofit,Urban,Non-Teaching,Hypertension,36011.0,26.0,5331.625,No,No,1385.0379288315658,6,Normal,2,0,Medium Volume,Medium Strain
Investor Owned,Urban,Non-Teaching,Hypertension,12317.0,17.0,2592.6666666666665,No,No,724.528985571185,6,Under-Burdened,4,0,Low Volume,Low Strain
Nonprofit,Urban,Non-Teaching,Hypertension,57101.0,35.0,5331.625,No,No,1631.4566767266635,6,Normal,3,0,High Volume,High Strain
Investor Owned,Urban,Non-Teaching,Hypertension,34882.0,50.5,5331.625,Yes,No,690.7325364886066,6,Under-Burdened,3,0,Medium Volume,Low Strain
Nonprofit,Urban,Teaching,Hypertension,65446.0,41.0,64.5,Yes,No,1596.2435131113382,6,Normal,3,0,High Volume,High Strain
Investor Owned,Urban,Non-Teaching,Hypertension,29986.333333333332,14.0,4105.0,No,Yes,2141.879422467079,2,Overburdened,4,0,Medium Volume,High Strain
Investor Owned,Urban,Non-Teaching,Hypertension,3751.5,4.0,571.5,Yes,Yes,937.8726553183618,3,Under-Burdened,1,0,Low Volume,Low Strain
Investor Owned,Urban,Non-Teaching,Hypertension,20267.0,12.0,2876.6666666666665,No,No,1688.915259237284,5,Normal,4,0,Low Volume,High Strain
Investor Owned,Urban,Non-Teaching,Hypertension,33361.5,14.0,5331.625,No,No,2382.9625835981547,4,Overburdened,4,0,Medium Volume,High Strain
Nonprofit,Urban,Non-Teaching,Hypertension,46487.666666666664,30.666666666666668,5331.625,No,No,1515.9016795972782,4,Normal,2,0,Medium Volume,Medium Strain
Investor Owned,Urban,Non-Teaching,Hypertension,9859.5,8.0,1524.0,Yes,Yes,1232.4359594550508,3,Normal,1,0,Low Volume,Medium Strain
Investor Owned,Urban,Non-Teaching,Hypertension,6710.333333333333,9.0,692.3333333333334,No,No,745.591764157299,3,Under-Burdened,4,0,Low Volume,Low Strain
Investor Owned,Urban,Non-Teaching,Hypertension,16033.333333333334,21.0,4089.0,No,No,763.4916999245874,5,Under-Burdened,4,0,Low Volume,Low Strain
Nonprofit,Urban,Non-Teaching,Hypertension,39767.5,37.0,5331.625,No,No,1074.7970068116197,7,Under-Burdened,3,0,Medium Volume,Low Strain
Investor Owned,Urban,Non-Teaching,Hypertension,18635.5,9.0,3032.5,Yes,No,2070.608810434655,3,Overburdened,4,0,Low Volume,High Strain
Nonprofit,Urban,Non-Teaching,Hypertension,79359.66666666667,32.0,5331.625,No,No,2479.9888083368305,6,Overburdened,2,0,High Volume,High Strain
Nonprofit,Urban,Non-Teaching,Hypertension,68964.66666666667,30.0,5331.625,Yes,No,2298.8214559484036,7,Overburdened,2,0,High Volume,High Strain
Nonprofit,Urban,Teaching,Hypertension,53635.333333333336,57.0,5331.625,Yes,No,940.9705951513575,6,Under-Burdened,0,0,High Volume,Low Strain
Nonprofit,Urban,Non-Teaching,Hypertension,62426.5,49.5,5331.625,Yes,No,1261.1411593654223,5,Normal,3,0,High Volume,Medium Strain
Nonprofit,Urban,Non-Teaching,Hypertension,61938.666666666664,41.0,5331.625,No,No,1510.6988185287432,5,Normal,3,0,High Volume,Medium Strain
Nonprofit,Urban,Non-Teaching,Hypertension,79005.0,53.0,5331.625,No,No,1490.6600961018685,5,Normal,3,0,High Volume,Medium Strain
Nonprofit,Urban,Non-Teaching,Hypertension,40703.0,29.0,5331.625,No,No,1403.5512401547448,6,Normal,2,0,Medium Volume,Medium Strain
Nonprofit,Urban,Non-Teaching,Hypertension,32344.666666666668,18.0,5071.333333333333,No,No,1796.9249276342996,3,Overburdened,2,0,Medium Volume,High Strain
Investor Owned,Urban,Non-Teaching,Hypertension,36378.0,15.0,5331.625,No,No,2425.198383201078,5,Overburdened,4,0,Medium Volume,High Strain
Investor Owned,Urban,Non-Teaching,Hypertension,29577.0,10.666666666666666,5331.625,Yes,No,2772.841150461422,4,Overburdened,4,0,Medium Volume,High Strain
Nonprofit,Urban,Teaching,Hypertension,72059.5,64.0,5331.625,No,No,1125.9295115735138,6,Normal,0,0,High Volume,Low Strain
Nonprofit,Urban,Non-Teaching,Hypertension,35037.666666666664,29.0,5331.625,No,No,1208.19498567989,6,Normal,2,0,Medium Volume,Medium Strain
Investor Owned,Urban,Non-Teaching,Hypertension,16074.666666666666,5.666666666666667,3436.0,No,No,2836.700876410218,3,Overburdened,4,0,Low Volume,High Strain
Nonprofit,Urban,Teaching,Hypertension,54946.0,55.5,4840.5,No,No,990.0178396364253,7,Under-Burdened,3,0,High Volume,Low Strain
Nonprofit,Urban,Non-Teaching,Hypertension,47234.0,37.0,5331.625,No,No,1276.5942495691215,6,Normal,3,0,Medium Volume,Medium Strain
Investor Owned,Urban,Non-Teaching,Hypertension,4946.5,4.0,857.5,No,No,1236.621908445229,2,Normal,4,0,Low Volume,Medium Strain
Investor Owned,Urban,Non-Teaching,Hypertension,6297.5,7.0,1615.0,No,No,899.6415719406116,3,Under-Burdened,4,0,Low Volume,Low Strain
Nonprofit,Urban,Non-Teaching,Hypertension,77714.0,71.0,5331.625,No,No,1094.5632261178555,6,Normal,0,0,High Volume,Low Strain
Nonprofit,Urban,Non-Teaching,Hypertension,57211.0,61.0,5331.625,No,No,937.8850921499849,7,Under-Burdened,0,0,High Volume,Low Strain
Investor Owned,Urban,Non-Teaching,Hypertension,12230.666666666666,8.0,2619.3333333333335,No,No,1528.8314222940555,3,Normal,4,0,Low Volume,Medium Strain
Nonprofit,Urban,Non-Teaching,Hypertension,32363.666666666668,15.333333333333334,5331.625,No,No,2110.672536517911,5,Overburdened,2,0,Medium Volume,High Strain
Government,Urban,Non-Teaching,Hypertension,31796.5,21.0,5331.625,No,No,1514.1183266103208,5,Normal,2,0,Medium Volume,Medium Strain
Investor Owned,Urban,Non-Teaching,Hypertension,6826.0,7.0,259.0,Yes,No,975.1414640836227,5,Under-Burdened,4,0,Low Volume,Low Strain
Nonprofit,Urban,Non-Teaching,Hypertension,18475.333333333332,12.0,3869.0,No,No,1539.609828102921,4,Normal,2,0,Low Volume,Medium Strain
Investor Owned,Urban,Non-Teaching,Hypertension,46827.333333333336,41.333333333333336,5331.625,Yes,Yes,1132.9190807453836,6,Normal,3,0,Medium Volume,Low Strain
Nonprofit,Urban,Non-Teaching,Hypertension,23936.333333333332,27.0,5331.625,No,No,886.530535852888,5,Under-Burdened,2,0,Low Volume,Low Strain
Nonprofit,Urban,Non-Teaching,Hypertension,50359.333333333336,40.0,5331.625,No,No,1258.9830185875787,6,Normal,3,0,High Volume,Medium Strain
Investor Owned,Urban,Non-Teaching,Hypertension,9195.333333333334,8.0,1639.0,No,No,1149.4152298976294,3,Normal,4,0,Low Volume,Low Strain
Nonprofit,Urban,Non-Teaching,Hypertension,43418.0,32.0,5331.625,No,No,1356.8120759962262,6,Normal,2,0,Medium Volume,Medium Strain
Nonprofit,Urban,Non-Teaching,Hypertension,21073.5,13.0,4609.0,No,No,1621.037214586758,4,Normal,2,0,Low Volume,High Strain
Investor Owned,Urban,Non-Teaching,Hypertension,46270.0,30.0,5331.625,No,No,1542.3328192223937,5,Normal,4,0,Medium Volume,Medium Strain
Nonprofit,Urban,Teaching,Hypertension,49428.0,28.0,5331.625,No,No,1765.285083826756,6,Overburdened,2,0,High Volume,High Strain
Investor Owned,Urban,Non-Teaching,Hypertension,23054.5,13.0,3576.0,No,No,1773.4217127525287,4,Overburdened,4,0,Low Volume,High Strain
Nonprofit,Urban,Non-Teaching,Hypertension,52035.666666666664,30.0,5331.625,No,No,1734.5216440483407,6,Normal,2,0,High Volume,High Strain
Government,Urban,Teaching,Hypertension,73969.0,72.66666666666667,5331.625,Yes,No,1017.9218782676313,6,Under-Burdened,0,0,High Volume,Low Strain
Government,Urban,Teaching,Hypertension,105955.5,80.5,5331.625,No,No,1316.2172277991021,7,Normal,0,0,High Volume,Medium Strain
Nonprofit,Urban,Teaching,Hypertension,99493.0,29.0,5331.625,Yes,Yes,3430.791920416579,3,Overburdened,2,4,High Volume,High Strain
Government,Urban,Teaching,Hypertension,50463.666666666664,50.666666666666664,5331.625,No,No,995.9932244750214,6,Under-Burdened,3,0,High Volume,Low Strain
Nonprofit,Urban,Non-Teaching,Hypertension,40780.666666666664,37.333333333333336,5331.625,No,No,1092.3389931234838,5,Normal,3,0,Medium Volume,Low Strain
Nonprofit,Urban,Non-Teaching,Hypertension,67262.0,33.0,5331.625,Yes,No,2038.2418065933919,5,Overburdened,2,0,High Volume,High Strain
Nonprofit,Urban,Non-Teaching,Hypertension,92182.33333333333,80.0,5331.625,No,No,1152.2790226317886,6,Normal,0,0,High Volume,Low Strain
Investor Owned,Urban,Non-Teaching,Hypertension,64397.333333333336,35.0,5331.625,Yes,Yes,1839.9232838314426,4,Overburdened,3,0,High Volume,High Strain
Nonprofit,Rural,Non-Teaching,Hypertension,77745.33333333333,38.0,209.33333333333334,Yes,Yes,2045.9292861589595,6,Overburdened,3,1,High Volume,High Strain
Nonprofit,Urban,Non-Teaching,Hypertension,27449.0,19.0,5331.625,No,No,1444.683450166605,3,Normal,2,0,Medium Volume,Medium Strain
Nonprofit,Urban,Non-Teaching,Hypertension,29936.333333333332,31.0,3697.6666666666665,No,No,965.6878605307977,6,Under-Burdened,2,0,Medium Volume,Low Strain
Nonprofit,Urban,Non-Teaching,Hypertension,14621.0,9.0,1160.0,No,No,1624.553750495833,1,Normal,2,0,Low Volume,High Strain
Government,Rural,Non-Teaching,Hypertension,6284.0,3.6666666666666665,474.0,Yes,Yes,1713.8135077813424,1,Normal,1,0,Low Volume,High Strain
Nonprofit,Rural,Non-Teaching,Hypertension,9094.0,6.0,1650.0,Yes,Yes,1515.6641405597659,1,Normal,1,0,Low Volume,Medium Strain
Nonprofit,Rural,Non-Teaching,Hypertension,28163.666666666668,19.0,4249.0,Yes,Yes,1482.2974654574743,2,Normal,1,0,Medium Volume,Medium Strain
Nonprofit,Rural,Non-Teaching,Hypertension,13366.0,9.0,1929.6666666666667,Yes,Yes,1485.1094609894878,1,Normal,1,0,Low Volume,Medium Strain
Nonprofit,Rural,Non-Teaching,Hypertension,25567.333333333332,10.0,1437.6666666666667,Yes,Yes,2556.7307766025565,1,Overburdened,1,0,Medium Volume,High Strain
Nonprofit,Urban,Non-Teaching,Hypertension,57461.0,26.0,5331.625,Yes,Yes,2210.0376115239956,4,Overburdened,2,0,High Volume,High Strain
Government,Frontier,Non-Teaching,Hypertension,511.0,1.0,34.0,Yes,Yes,510.99489005109945,1,Under-Burdened,1,0,Low Volume,Low Strain
Nonprofit,Urban,Non-Teaching,Hypertension,41278.666666666664,30.666666666666668,5331.625,No,No,1346.0430393337915,5,Normal,2,0,Medium Volume,Medium Strain
Nonprofit,Rural,Non-Teaching,Hypertension,14553.0,6.0,1615.0,No,Yes,2425.495957506738,2,Overburdened,1,0,Low Volume,High Strain
Government,Urban,Non-Teaching,Hypertension,50028.333333333336,16.0,5331.625,Yes,Yes,3126.768879102784,5,Overburdened,1,0,High Volume,High Strain
Government,Urban,Non-Teaching,Hypertension,51527.5,19.0,5331.625,Yes,Yes,2711.972256856707,4,Overburdened,1,0,High Volume,High Strain
Investor Owned,Urban,Non-Teaching,Hypertension,24487.0,18.0,4744.333333333333,No,No,1360.3881331177038,4,Normal,4,0,Low Volume,Medium Strain
Nonprofit,Rural,Non-Teaching,Hypertension,6034.5,8.0,1253.0,No,No,754.3115571105536,3,Under-Burdened,1,0,Low Volume,Low Strain
Government,Rural,Non-Teaching,Hypertension,12749.5,15.0,1138.5,Yes,Yes,849.9661000226,2,Under-Burdened,1,0,Low Volume,Low Strain
Nonprofit,Urban,Non-Teaching,Hypertension,92289.0,35.666666666666664,237.33333333333334,No,No,2587.5413305958887,6,Overburdened,3,0,High Volume,High Strain
Nonprofit,Urban,Non-Teaching,Hypertension,27767.5,26.0,5331.625,No,No,1067.9803584690928,5,Under-Burdened,2,0,Medium Volume,Low Strain
Investor Owned,Urban,Teaching,Hypertension,23505.0,30.0,5331.625,No,Yes,783.4997388334205,5,Under-Burdened,4,0,Low Volume,Low Strain
Investor Owned,Urban,Non-Teaching,Hypertension,5063.0,8.0,299.0,No,No,632.8742089072389,3,Under-Burdened,4,0,Low Volume,Low Strain
Investor Owned,Urban,Non-Teaching,Hypertension,12153.0,11.0,585.0,No,Yes,1104.8171774389295,4,Normal,4,0,Low Volume,Low Strain
Nonprofit,Urban,Non-Teaching,Hypertension,100965.66666666667,80.5,5331.625,No,No,1254.2317282527874,6,Normal,0,0,High Volume,Medium Strain
Investor Owned,Urban,Non-Teaching,Hypertension,11960.0,12.0,2469.3333333333335,No,No,996.6658361118033,3,Under-Burdened,4,0,Low Volume,Low Strain
Investor Owned,Urban,Non-Teaching,Hypertension,11887.333333333334,11.0,2890.6666666666665,No,No,1080.6656842433174,3,Normal,4,0,Low Volume,Low Strain
Investor Owned,Urban,Non-Teaching,Hypertension,25199.5,23.0,5331.625,No,No,1095.6299584217572,4,Normal,4,0,Low Volume,Low Strain
Investor Owned,Urban,Non-Teaching,Hypertension,11411.0,10.0,774.0,Yes,No,1141.098858901141,4,Normal,4,0,Low Volume,Low Strain
Nonprofit,Urban,Non-Teaching,Hypertension,34495.5,44.5,5331.625,No,No,775.1796010832356,6,Under-Burdened,3,0,Medium Volume,Low Strain
Government,Urban,Teaching,Hypertension,42020.0,50.666666666666664,5331.625,Yes,No,829.3419415772483,6,Under-Burdened,3,0,Medium Volume,Low Strain
Investor Owned,Urban,Non-Teaching,Hypertension,19240.0,12.0,4310.333333333333,Yes,No,1603.3319972233357,4,Normal,4,0,Low Volume,High Strain
Nonprofit,Urban,Non-Teaching,Hypertension,27262.5,31.0,3788.0,No,No,879.4352001821935,5,Under-Burdened,2,0,Medium Volume,Low Strain
Nonprofit,Urban,Non-Teaching,Hypertension,14340.0,20.0,3057.0,No,No,716.9996415001792,4,Under-Burdened,2,0,Low Volume,Low Strain
Nonprofit,Urban,Non-Teaching,Hypertension,53749.666666666664,36.0,5331.625,No,No,1493.045881561329,6,Normal,3,0,High Volume,Medium Strain
Investor Owned,Urban,Non-Teaching,Hypertension,4135.333333333333,8.0,597.0,No,No,516.916020521641,4,Under-Burdened,4,0,Low Volume,Low Strain
Investor Owned,Urban,Non-Teaching,Hypertension,24221.0,24.0,5331.625,Yes,No,1009.2079128300363,5,Under-Burdened,4,0,Low Volume,Low Strain
Investor Owned,Urban,Non-Teaching,Hypertension,17550.0,17.5,1529.5,No,No,1002.8565697962458,5,Under-Burdened,4,0,Low Volume,Low Strain
Nonprofit,Urban,Non-Teaching,Hypertension,109291.5,72.0,5331.625,No,No,1517.9372891753765,5,Normal,0,0,High Volume,Medium Strain
Nonprofit,Urban,Non-Teaching,Hypertension,26386.333333333332,14.0,1772.3333333333333,No,Yes,1884.7367489975602,2,Overburdened,2,0,Medium Volume,High Strain
Nonprofit,Urban,Non-Teaching,Hypertension,69937.5,69.0,5248.0,No,No,1013.5868096251,6,Under-Burdened,0,0,High Volume,Low Strain
Nonprofit,Urban,Non-Teaching,Hypertension,112998.5,62.0,5331.625,No,No,1822.5561576522325,6,Overburdened,0,0,High Volume,High Strain
Government,Frontier,Non-Teaching,Hypertension,3495.0,3.0,414.3333333333333,Yes,Yes,1164.996116679611,1,Normal,1,0,Low Volume,Medium Strain
Government,Frontier,Non-Teaching,Hypertension,2546.6666666666665,2.0,268.0,Yes,Yes,1273.3269666984997,1,Normal,1,0,Low Volume,Medium Strain
Investor Owned,Urban,Non-Teaching,Hypertension,44698.666666666664,30.0,5331.625,No,Yes,1489.9550589038693,4,Normal,4,0,Medium Volume,Medium Strain
Investor Owned,Urban,Non-Teaching,Hypertension,54417.5,28.0,5331.625,No,Yes,1943.4814487566255,6,Overburdened,4,0,High Volume,High Strain
Investor Owned,Urban,Non-Teaching,Hypertension,39938.5,29.0,4778.0,Yes,Yes,1377.189180279593,6,Normal,4,0,Medium Volume,Medium Strain
Investor Owned,Urban,Non-Teaching,Hypertension,45627.5,12.0,5331.625,No,Yes,3802.2884980929184,3,Overburdened,4,5,Medium Volume,High Strain
Government,Rural,Non-Teaching,Hypertension,7767.0,7.0,1998.0,Yes,Yes,1109.5698434716523,1,Normal,1,0,Low Volume,Low Strain
Investor Owned,Urban,Non-Teaching,Hypertension,45660.666666666664,41.0,5182.0,No,Yes,1113.6745251200343,4,Normal,3,0,Medium Volume,Low Strain
Government,Urban,Non-Teaching,Hypertension,37046.333333333336,28.0,4917.0,No,Yes,1323.0828608037402,2,Normal,2,0,Medium Volume,Medium Strain
Investor Owned,Urban,Non-Teaching,Hypertension,15067.333333333334,12.0,1735.0,Yes,No,1255.6100647693906,2,Normal,4,0,Low Volume,Medium Strain
Nonprofit,Urban,Non-Teaching,Hypertension,54291.666666666664,41.0,5331.625,No,Yes,1324.1866688975604,5,Normal,3,0,High Volume,Medium Strain
Nonprofit,Urban,Non-Teaching,Hypertension,47474.5,26.0,5331.625,No,Yes,1825.9416054070748,2,Overburdened,2,0,Medium Volume,High Strain
Investor Owned,Urban,Non-Teaching,Hypertension,90694.33333333333,53.0,5331.625,No,Yes,1711.213513607513,3,Normal,3,6,High Volume,High Strain
Investor Owned,Urban,Non-Teaching,Hypertension,35054.666666666664,21.0,5331.625,No,No,1669.2690463798192,3,Normal,4,0,Medium Volume,High Strain
Nonprofit,Urban,Non-Teaching,Hypertension,47299.5,58.5,5331.625,No,Yes,808.5383233267823,3,Under-Burdened,0,0,Medium Volume,Low Strain
Nonprofit,Urban,Non-Teaching,Hypertension,95381.5,59.0,5331.625,No,No,1616.6353192143526,5,Normal,0,0,High Volume,High Strain
Government,Urban,Teaching,Hypertension,63503.666666666664,70.0,5331.625,No,No,907.1951084959368,7,Under-Burdened,0,0,High Volume,Low Strain
Nonprofit,Urban,Non-Teaching,Hypertension,84523.33333333333,51.333333333333336,5092.666666666667,No,No,1646.5581208003657,7,Normal,3,0,High Volume,High Strain
Nonprofit,Urban,Non-Teaching,Hypertension,106119.0,53.0,5331.625,No,No,2002.2449052368102,5,Overburdened,3,0,High Volume,High Strain
Government,Rural,Non-Teaching,Hypertension,21385.333333333332,18.0,4266.666666666667,Yes,No,1188.0734140332884,2,Normal,1,0,Low Volume,Medium Strain
Government,Rural,Non-Teaching,Hypertension,11297.666666666666,7.0,575.6666666666666,Yes,Yes,1613.9500753094162,1,Normal,1,0,Low Volume,High Strain
Investor Owned,Urban,Non-Teaching,Hypertension,33224.0,15.0,5331.625,No,No,2214.9318567120954,3,Overburdened,4,0,Medium Volume,High Strain
Investor Owned,Urban,Non-Teaching,Hypertension,22289.0,12.0,3769.6666666666665,No,Yes,1857.4151188207343,3,Overburdened,4,0,Low Volume,High Strain
Nonprofit,Urban,Non-Teaching,Hypertension,112998.5,80.5,5331.625,Yes,No,1403.7079001605093,6,Normal,0,0,High Volume,Medium Strain
Nonprofit,Urban,Teaching,Hypertension,40403.0,40.0,5331.625,No,No,1010.074747481313,6,Under-Burdened,3,0,Medium Volume,Low Strain
Government,Rural,Non-Teaching,Hypertension,8291.666666666666,6.0,396.0,Yes,Yes,1381.9421412075424,1,Normal,1,0,Low Volume,Medium Strain
Nonprofit,Urban,Non-Teaching,Hypertension,75626.66666666667,52.0,5331.625,No,Yes,1454.35869467461,6,Normal,3,0,High Volume,Medium Strain
Nonprofit,Urban,Non-Teaching,Hypertension,53317.333333333336,18.0,5331.625,No,Yes,2962.0724284782805,6,Overburdened,2,0,High Volume,High Strain
Nonprofit,Urban,Non-Teaching,Hypertension,62192.333333333336,43.0,5331.625,No,Yes,1446.3329969768224,5,Normal,3,0,High Volume,Medium Strain
Investor Owned,Urban,Non-Teaching,Hypertension,30790.0,16.0,2193.0,Yes,Yes,1924.3737972663766,3,Overburdened,4,0,Medium Volume,High Strain
Investor Owned,Rural,Non-Teaching,Hypertension,22806.333333333332,15.333333333333334,4025.3333333333335,Yes,Yes,1487.3685951943944,4,Normal,1,0,Low Volume,Medium Strain
Investor Owned,Urban,Non-Teaching,Hypertension,35471.0,20.333333333333332,5331.625,Yes,Yes,1744.4745518977616,3,Normal,4,0,Medium Volume,High Strain
Government,Urban,Teaching,Hypertension,57942.0,47.0,5331.625,Yes,No,1232.8082483386704,6,Normal,3,0,High Volume,Medium Strain
Investor Owned,Rural,Non-Teaching,Hypertension,25407.666666666668,16.0,2728.6666666666665,Yes,Yes,1587.9781741803079,1,Normal,1,0,Medium Volume,High Strain
Nonprofit,Urban,Non-Teaching,Hypertension,23200.666666666668,15.0,5331.625,No,Yes,1546.710079971058,2,Normal,2,0,Low Volume,Medium Strain
Nonprofit,Urban,Non-Teaching,Hypertension,79146.5,63.0,5331.625,No,No,1256.2934513819919,7,Normal,0,0,High Volume,Medium Strain
Nonprofit,Urban,Non-Teaching,Hypertension,86469.0,80.5,5331.625,No,Yes,1074.148934888331,7,Under-Burdened,0,0,High Volume,Low Strain
Nonprofit,Urban,Non-Teaching,Hypertension,112241.5,80.5,5331.625,No,No,1394.3041746205993,6,Normal,0,0,High Volume,Medium Strain
Nonprofit,Urban,Teaching,Hypertension,96961.66666666667,77.33333333333333,5331.625,No,No,1253.8144930412295,6,Normal,0,0,High Volume,Medium Strain
Investor Owned,Urban,Non-Teaching,Hypertension,17293.0,20.0,4104.0,Yes,Yes,864.6495676752162,5,Under-Burdened,4,0,Low Volume,Low Strain
Nonprofit,Urban,Non-Teaching,Hypertension,37200.666666666664,47.0,5331.625,No,No,791.5033776943167,6,Under-Burdened,3,0,Medium Volume,Low Strain
Government,Urban,Non-Teaching,Hypertension,39953.666666666664,40.0,5331.625,No,No,998.8414169563123,6,Under-Burdened,3,0,Medium Volume,Low Strain
Government,Urban,Teaching,Hypertension,60332.5,80.5,5331.625,No,No,749.4719565873346,6,Under-Burdened,0,0,High Volume,Low Strain
Nonprofit,Urban,Non-Teaching,Hypertension,63761.0,48.0,5331.625,No,No,1328.3538899262728,6,Normal,3,0,High Volume,Medium Strain
Government,Urban,Non-Teaching,Hypertension,26922.5,8.0,5331.625,No,No,3365.3082933646333,5,Overburdened,4,7,Medium Volume,High Strain
Nonprofit,Urban,Non-Teaching,Hypertension,44178.666666666664,38.0,5331.625,No,No,1162.5961852817054,4,Normal,3,0,Medium Volume,Low Strain
Government,Urban,Non-Teaching,Hypertension,77978.0,72.0,5331.625,No,Yes,1083.027627357274,5,Normal,0,0,High Volume,Low Strain
Nonprofit,Urban,Teaching,Hypertension,31841.333333333332,28.666666666666668,5331.625,No,No,1110.7437985777447,5,Normal,2,0,Medium Volume,Low Strain
Nonprofit,Urban,Non-Teaching,Hypertension,10480.666666666666,12.0,757.3333333333334,No,No,873.3881610654213,5,Under-Burdened,2,0,Low Volume,Low Strain
Government,Urban,Teaching,Hypertension,43609.0,59.0,5331.625,No,No,739.135467943141,6,Under-Burdened,0,0,Medium Volume,Low Strain
Nonprofit,Urban,Non-Teaching,Hypertension,20186.666666666668,19.0,3254.0,No,No,1062.4555811637292,5,Under-Burdened,2,0,Low Volume,Low Strain
Nonprofit,Urban,Teaching,Hypertension,11045.666666666666,12.0,3027.3333333333335,No,No,920.4714551626762,5,Under-Burdened,2,0,Low Volume,Low Strain
Nonprofit,Urban,Non-Teaching,Hypertension,26493.666666666668,35.0,1986.0,No,Yes,756.9616884871366,5,Under-Burdened,3,0,Medium Volume,Low Strain
Nonprofit,Urban,Non-Teaching,Hypertension,17995.0,16.0,1214.0,No,No,1124.686797070752,3,Normal,2,0,Low Volume,Low Strain
Nonprofit,Urban,Non-Teaching,Hypertension,49033.666666666664,28.0,5331.625,No,Yes,1751.2017555231826,4,Overburdened,2,0,High Volume,High Strain
Government,Urban,Non-Teaching,Hypertension,41087.333333333336,25.333333333333332,5331.625,Yes,Yes,1621.8677808416658,4,Normal,2,0,Medium Volume,High Strain
Nonprofit,Urban,Non-Teaching,Hypertension,29388.666666666668,14.0,1572.0,No,Yes,2099.1889767697785,2,Overburdened,2,0,Medium Volume,High Strain
Investor Owned,Urban,Non-Teaching,Hypertension,25987.0,11.0,3727.0,No,Yes,2362.4523977705476,2,Overburdened,4,0,Medium Volume,High Strain
Nonprofit,Urban,Non-Teaching,Hypertension,103851.33333333333,46.666666666666664,5331.625,No,Yes,2225.385237417449,2,Overburdened,3,8,High Volume,High Strain
Nonprofit,Rural,Non-Teaching,Hypertension,25632.666666666668,18.0,5331.625,No,Yes,1424.0362459057894,2,Normal,1,0,Medium Volume,Medium Strain
Nonprofit,Rural,Non-Teaching,Hypertension,20801.333333333332,22.0,5331.625,No,Yes,945.5147217357325,2,Under-Burdened,1,0,Low Volume,Low Strain
Investor Owned,Rural,Non-Teaching,Hypertension,19784.666666666668,11.0,2461.3333333333335,No,Yes,1798.6044255111285,4,Overburdened,1,0,Low Volume,High Strain
Investor Owned,Urban,Non-Teaching,Hypertension,27192.666666666668,23.0,4354.666666666667,No,No,1182.2893410336198,3,Normal,4,0,Medium Volume,Medium Strain
Government,Urban,Non-Teaching,Hypertension,33189.666666666664,15.0,4687.666666666667,No,No,2212.6429693491314,4,Overburdened,4,0,Medium Volume,High Strain
Nonprofit,Urban,Non-Teaching,Hypertension,39927.666666666664,19.0,5331.625,No,No,2101.4550343219116,3,Overburdened,2,0,Medium Volume,High Strain
Investor Owned,Urban,Non-Teaching,Hypertension,13136.0,22.0,1117.0,No,No,597.0906376860738,6,Under-Burdened,4,0,Low Volume,Low Strain
Investor Owned,Rural,Non-Teaching,Hypertension,1620.0,7.0,59.0,No,No,231.42824081679885,3,Under-Burdened,4,9,Low Volume,Low Strain
Nonprofit,Urban,Non-Teaching,Hypertension,41904.5,26.0,3187.0,No,No,1611.7109185727236,5,Normal,2,0,Medium Volume,High Strain
Nonprofit,Urban,Non-Teaching,Hypertension,14532.0,17.0,3883.5,No,No,854.8230265746903,5,Under-Burdened,2,0,Low Volume,Low Strain
Nonprofit,Urban,Non-Teaching,Hypertension,32738.0,24.0,5319.666666666667,No,No,1364.0827649655146,4,Normal,2,0,Medium Volume,Medium Strain
Nonprofit,Urban,Non-Teaching,Hypertension,22042.666666666668,22.0,4821.666666666667,No,Yes,1001.9389385126037,1,Under-Burdened,2,0,Low Volume,Low Strain
Government,Rural,Non-Teaching,Hypertension,18819.5,10.0,3753.0,No,Yes,1881.948118051882,2,Overburdened,1,0,Low Volume,High Strain
Nonprofit,Urban,Non-Teaching,Hypertension,48621.0,41.0,5331.625,Yes,Yes,1185.8777595420097,5,Normal,3,0,Medium Volume,Medium Strain
Nonprofit,Urban,Non-Teaching,Hypertension,35892.0,40.5,5331.625,No,No,886.2220034019743,6,Under-Burdened,3,0,Medium Volume,Low Strain
Nonprofit,Rural,Non-Teaching,Hypertension,9330.0,8.0,2459.6666666666665,No,Yes,1166.2485421893223,1,Normal,1,0,Low Volume,Medium Strain
Nonprofit,Urban,Non-Teaching,Hypertension,52909.5,40.0,5331.625,No,No,1322.7371693157077,6,Normal,3,0,High Volume,Medium Strain
Investor Owned,Urban,Non-Teaching,Hypertension,47574.333333333336,35.0,5331.625,No,No,1359.266278304873,6,Normal,3,0,Medium Volume,Medium Strain
Government,Urban,Non-Teaching,Hypertension,49958.666666666664,25.0,5331.625,No,No,1998.3458673283196,6,Overburdened,2,0,High Volume,High Strain
Nonprofit,Urban,Teaching,Hypertension,73416.5,80.5,5331.625,No,No,912.0060978874412,5,Under-Burdened,0,0,High Volume,Low Strain
Nonprofit,Urban,Non-Teaching,Hypertension,65069.0,36.0,5331.625,No,No,1807.4717201467442,5,Overburdened,3,0,High Volume,High Strain
Government,Rural,Non-Teaching,Hypertension,33380.333333333336,8.0,5331.625,No,No,4172.536450996104,2,Overburdened,4,10,Medium Volume,High Strain
Nonprofit,Urban,Non-Teaching,Hypertension,67463.5,30.0,5331.625,No,No,2248.7825837391388,6,Overburdened,2,0,High Volume,High Strain
Nonprofit,Urban,Non-Teaching,Hypertension,28103.666666666668,13.333333333333334,4568.0,Yes,No,2107.7734191699356,3,Overburdened,2,0,Medium Volume,High Strain
Government,Frontier,Non-Teaching,Hypertension,3986.3333333333335,6.0,1043.0,Yes,Yes,664.3877815759197,3,Under-Burdened,1,0,Low Volume,Low Strain
Investor Owned,Urban,Non-Teaching,Hypertension,24901.0,28.0,5242.0,No,Yes,889.3211109567461,5,Under-Burdened,4,0,Low Volume,Low Strain
Nonprofit,Urban,Non-Teaching,Hypertension,42502.0,26.0,5331.625,No,Yes,1634.691678964739,5,Normal,2,0,Medium Volume,High Strain
Nonprofit,Rural,Non-Teaching,Hypertension,9721.666666666666,11.0,2319.0,Yes,Yes,883.7870753450829,1,Under-Burdened,1,0,Low Volume,Low Strain
Nonprofit,Rural,Non-Teaching,Hypertension,9916.0,7.0,2220.0,Yes,Yes,1416.5694049008503,1,Normal,1,0,Low Volume,Medium Strain
Nonprofit,Urban,Non-Teaching,Hypertension,57303.333333333336,51.0,5331.625,No,No,1123.594550929173,5,Normal,3,0,High Volume,Low Strain
Nonprofit,Urban,Non-Teaching,Hypertension,24714.666666666668,13.0,1702.3333333333333,No,No,1901.1267427230187,3,Overburdened,2,0,Low Volume,High Strain
Nonprofit,Urban,Non-Teaching,Hypertension,57780.0,45.0,5331.625,No,No,1283.99971466673,4,Normal,3,0,High Volume,Medium Strain
Nonprofit,Urban,Non-Teaching,Hypertension,48864.0,27.0,5331.625,No,No,1809.7771074899601,3,Overburdened,2,0,Medium Volume,High Strain
Investor Owned,Rural,Non-Teaching,Hypertension,8867.0,9.0,1912.0,No,No,985.2211275320806,1,Under-Burdened,4,0,Low Volume,Low Strain
Investor Owned,Urban,Non-Teaching,Hypertension,17207.5,15.0,3708.5,No,No,1147.1659018893988,2,Normal,4,0,Low Volume,Low Strain
Investor Owned,Urban,Non-Teaching,Hypertension,35628.0,29.5,5331.625,No,Yes,1207.728404159863,5,Normal,4,0,Medium Volume,Medium Strain
Government,Urban,Non-Teaching,Hypertension,8424.666666666666,8.333333333333334,567.3333333333334,Yes,No,1010.9587868494557,2,Under-Burdened,4,0,Low Volume,Low Strain
Nonprofit,Urban,Teaching,Hypertension,53276.0,30.0,5331.625,No,Yes,1775.8660747113086,4,Overburdened,2,0,High Volume,High Strain
Nonprofit,Urban,Non-Teaching,Hypertension,31739.5,34.0,1797.5,No,Yes,933.5144313192848,3,Under-Burdened,3,0,Medium Volume,Low Strain
Investor Owned,Urban,Non-Teaching,Hypertension,77669.33333333333,33.0,5331.625,No,No,2353.6154483993587,6,Overburdened,2,0,High Volume,High Strain
Investor Owned,Urban,Non-Teaching,Hypertension,51875.333333333336,32.0,5331.625,No,No,1621.1036600717728,5,Normal,4,0,High Volume,High Strain
Nonprofit,Urban,Non-Teaching,Hypertension,72098.66666666667,40.0,5182.333333333333,No,No,1802.4662160501127,6,Overburdened,3,0,High Volume,High Strain
Government,Rural,Non-Teaching,Hypertension,18690.333333333332,12.0,1929.3333333333333,Yes,No,1557.5264798390444,1,Normal,1,0,Low Volume,Medium Strain
Nonprofit,Rural,Non-Teaching,Hypertension,28291.666666666668,14.0,5331.625,Yes,Yes,2020.8318898819837,2,Overburdened,1,0,Medium Volume,High Strain
Government,Urban,Non-Teaching,Hypertension,59761.5,80.5,5331.625,Yes,Yes,742.3787897666099,6,Under-Burdened,0,0,High Volume,Low Strain
Government,Rural,Non-Teaching,Hypertension,33321.0,24.0,4273.5,Yes,Yes,1388.3744215106578,4,Normal,1,0,Medium Volume,Medium Strain
Nonprofit,Rural,Non-Teaching,Hypertension,28867.333333333332,15.0,3200.3333333333335,Yes,Yes,1924.4876058971515,3,Overburdened,1,0,Medium Volume,High Strain
Nonprofit,Rural,Non-Teaching,Hypertension,30663.666666666668,18.0,5206.0,Yes,Yes,1703.536090628098,2,Normal,1,0,Medium Volume,High Strain
Government,Urban,Non-Teaching,Hypertension,40721.5,38.5,5331.625,No,No,1057.70102397376,5,Under-Burdened,3,0,Medium Volume,Low Strain
Investor Owned,Urban,Non-Teaching,Hypertension,40176.0,28.0,5331.625,No,No,1434.8566304083463,6,Normal,4,0,Medium Volume,Medium Strain
Nonprofit,Rural,Non-Teaching,Hypertension,7952.0,6.0,1852.0,No,No,1325.331124448126,1,Normal,1,0,Low Volume,Medium Strain
Nonprofit,Urban,Non-Teaching,Hypertension,22600.333333333332,14.0,5331.625,No,No,1614.3083707321161,3,Normal,2,0,Low Volume,High Strain
Nonprofit,Urban,Non-Teaching,Hypertension,45771.666666666664,31.0,5331.625,No,Yes,1476.5049000521826,5,Normal,2,0,Medium Volume,Medium Strain
Nonprofit,Urban,Non-Teaching,Hypertension,26971.5,11.0,1974.5,No,Yes,2451.952316406985,1,Overburdened,2,0,Medium Volume,High Strain
Nonprofit,Rural,Non-Teaching,Hypertension,59699.0,44.0,5331.625,Yes,Yes,1356.7951461829211,5,Normal,3,1,High Volume,Medium Strain
Nonprofit,Urban,Non-Teaching,Hypertension,36398.0,40.0,88.0,No,No,909.9497725125568,4,Under-Burdened,3,0,Medium Volume,Low Strain
Government,Urban,Non-Teaching,Hypertension,69248.0,54.0,5331.625,No,No,1282.3701328944198,4,Normal,3,0,High Volume,Medium Strain
Nonprofit,Urban,Teaching,Hypertension,112998.5,80.0,5331.625,No,No,1412.4810734398657,6,Normal,0,0,High Volume,Medium Strain
Nonprofit,Rural,Non-Teaching,Hypertension,9934.0,5.0,1725.0,Yes,Yes,1986.7960264079472,1,Overburdened,1,0,Low Volume,High Strain
Nonprofit,Rural,Non-Teaching,Hypertension,15236.0,11.0,925.5,Yes,Yes,1385.0896499185,1,Normal,1,0,Low Volume,Medium Strain
Nonprofit,Rural,Non-Teaching,Hypertension,26490.0,24.0,2149.0,No,No,1103.7495401043584,3,Normal,2,0,Medium Volume,Low Strain
Investor Owned,Rural,Non-Teaching,Hypertension,9268.0,9.0,262.0,Yes,Yes,1029.7766335815184,2,Under-Burdened,1,0,Low Volume,Low Strain
Nonprofit,Urban,Teaching,Hypertension,63937.0,48.0,5331.625,No,Yes,1332.0205558290509,6,Normal,3,0,High Volume,Medium Strain
Investor Owned,Rural,Non-Teaching,Hypertension,11554.0,12.0,1256.0,Yes,Yes,962.8325309728909,2,Under-Burdened,1,0,Low Volume,Low Strain
Government,Rural,Non-Teaching,Hypertension,30623.0,20.0,5331.625,Yes,Yes,1531.149234425383,4,Normal,1,0,Medium Volume,Medium Strain
Nonprofit,Urban,Non-Teaching,Hypertension,74433.0,36.0,5331.625,No,Yes,2067.582759004789,6,Overburdened,3,0,High Volume,High Strain
Government,Urban,Teaching,Hypertension,45491.0,30.0,5331.625,No,Yes,1516.3661612112796,5,Normal,2,0,Medium Volume,Medium Strain
Nonprofit,Urban,Non-Teaching,Hypertension,53560.0,40.0,5331.625,No,Yes,1338.9996652500836,5,Normal,3,0,High Volume,Medium Strain
Nonprofit,Frontier,Non-Teaching,Hypertension,2364.0,2.0,398.0,Yes,Yes,1181.9940900295499,1,Normal,1,0,Low Volume,Medium Strain
Nonprofit,Urban,Teaching,Hypertension,41196.0,26.0,5331.625,No,No,1584.4609290534888,6,Normal,2,0,Medium Volume,Medium Strain
Nonprofit,Urban,Non-Teaching,Hypertension,72057.0,46.0,69.0,Yes,No,1566.456181205178,6,Normal,3,0,High Volume,Medium Strain
Government,Urban,Non-Teaching,Hypertension,33564.0,14.0,5331.625,No,No,2397.4268589808153,4,Overburdened,4,0,Medium Volume,High Strain
Nonprofit,Urban,Non-Teaching,Hypertension,31471.5,22.0,5331.625,No,No,1430.5220770354194,3,Normal,2,0,Medium Volume,Medium Strain
Nonprofit,Urban,Non-Teaching,Hypertension,33640.5,16.0,5331.625,No,No,2102.52993591879,6,Overburdened,2,0,Medium Volume,High Strain
Nonprofit,Urban,Non-Teaching,Hypertension,52043.0,50.0,5331.625,No,No,1040.8597918280416,7,Under-Burdened,3,0,High Volume,Low Strain
Investor Owned,Urban,Non-Teaching,Hypertension,29638.0,21.0,5331.625,No,No,1411.3326612701612,4,Normal,4,0,Medium Volume,Medium Strain
Nonprofit,Urban,Non-Teaching,Hypertension,25109.5,16.0,5331.625,No,No,1569.3427691607694,6,Normal,2,0,Low Volume,Medium Strain
Investor Owned,Urban,Non-Teaching,Hypertension,50599.5,24.0,5331.625,No,No,2108.3116215368245,6,Overburdened,4,0,High Volume,High Strain
Nonprofit,Urban,Non-Teaching,Hypertension,109217.0,29.0,5331.625,Yes,Yes,3766.1021496199482,3,Overburdened,2,4,High Volume,High Strain
Government,Rural,Non-Teaching,Hypertension,10799.0,13.0,297.0,No,Yes,830.6916686987164,1,Under-Burdened,1,0,Low Volume,Low Strain
Nonprofit,Rural,Non-Teaching,Hypertension,6472.0,8.0,1166.0,No,No,808.998988751264,4,Under-Burdened,1,0,Low Volume,Low Strain
Nonprofit,Rural,Non-Teaching,Hypertension,23312.0,18.0,5301.5,Yes,Yes,1295.110391605338,3,Normal,1,0,Low Volume,Medium Strain
Government,Urban,Non-Teaching,Hypertension,27460.0,23.0,5331.625,No,No,1193.912524385859,4,Normal,2,0,Medium Volume,Medium Strain
Nonprofit,Urban,Non-Teaching,Hypertension,11497.0,69.0,9.0,No,No,166.62316425751243,2,Under-Burdened,0,11,Low Volume,Low Strain
Nonprofit,Urban,Teaching,Hypertension,112998.5,72.0,5331.625,No,No,1569.4233931356398,5,Normal,0,0,High Volume,Medium Strain
Investor Owned,Urban,Teaching,Hypertension,87345.0,64.0,5331.625,Yes,Yes,1364.7654117554043,7,Normal,0,0,High Volume,Medium Strain
Nonprofit,Urban,Non-Teaching,Hypertension,51767.0,26.0,5331.625,No,Yes,1991.0376957547323,3,Overburdened,2,0,High Volume,High Strain
Nonprofit,Urban,Teaching,Hypertension,99973.0,59.0,5331.625,No,No,1694.4573399224846,5,Normal,0,0,High Volume,High Strain
Nonprofit,Urban,Non-Teaching,Hypertension,30920.5,20.0,5331.625,No,No,1546.0242269878865,6,Normal,2,0,Medium Volume,Medium Strain
Nonprofit,Urban,Non-Teaching,Hypertension,56462.0,31.0,5331.625,No,No,1821.3542511760481,6,Overburdened,2,0,High Volume,High Strain
Nonprofit,Urban,Non-Teaching,Hypertension,45169.5,29.0,5331.625,No,No,1557.56842842468,6,Normal,2,0,Medium Volume,Medium Strain
Nonprofit,Urban,Teaching,Hypertension,107243.0,53.0,5331.625,No,No,2023.4524484051983,5,Overburdened,3,0,High Volume,High Strain
Nonprofit,Urban,Non-Teaching,Hypertension,42886.0,25.0,5331.625,No,No,1715.4393138242744,3,Normal,2,0,Medium Volume,High Strain
Nonprofit,Urban,Teaching,Hypertension,112998.5,80.5,5331.625,Yes,No,1403.7079001605093,6,Normal,0,0,High Volume,Medium Strain
Nonprofit,Urban,Teaching,Hypertension,62646.0,24.0,5331.625,No,Yes,2610.2489123962864,6,Overburdened,2,0,High Volume,High Strain
Nonprofit,Frontier,Non-Teaching,Hypertension,4339.5,4.0,342.0,Yes,Yes,1084.8722878192805,1,Normal,1,0,Low Volume,Low Strain
Nonprofit,Urban,Non-Teaching,Hypertension,14965.0,39.0,2555.0,No,No,383.7178503287563,4,Under-Burdened,3,0,Low Volume,Low Strain
Nonprofit,Urban,Teaching,Hypertension,112998.5,80.5,5331.625,No,No,1403.7079001605093,6,Normal,0,0,High Volume,Medium Strain
Nonprofit,Urban,Non-Teaching,Hypertension,5637.5,7.0,859.0,No,Yes,805.3559923485824,2,Under-Burdened,1,0,Low Volume,Low Strain
Investor Owned,Urban,Teaching,Hypertension,82844.0,62.0,5331.625,Yes,Yes,1336.1933328720431,6,Normal,0,0,High Volume,Medium Strain
Investor Owned,Urban,Non-Teaching,Hypertension,13380.0,22.0,1645.0,No,No,608.1815417356629,5,Under-Burdened,4,0,Low Volume,Low Strain
Nonprofit,Urban,Non-Teaching,Hypertension,17158.0,17.0,4847.0,No,No,1009.293523944986,4,Under-Burdened,2,0,Low Volume,Low Strain
Nonprofit,Urban,Teaching,Hypertension,43220.0,40.0,5331.625,No,No,1080.4997298750675,6,Under-Burdened,3,0,Medium Volume,Low Strain
Nonprofit,Urban,Non-Teaching,Hypertension,63151.0,40.0,5331.625,No,No,1578.7746053063486,5,Normal,3,0,High Volume,Medium Strain
Nonprofit,Urban,Teaching,Hypertension,73413.0,36.0,5331.625,No,No,2039.249433541824,5,Overburdened,3,0,High Volume,High Strain
Nonprofit,Urban,Teaching,Hypertension,74166.0,30.0,5331.625,No,No,2472.199175933608,6,Overburdened,2,0,High Volume,High Strain
Nonprofit,Urban,Non-Teaching,Hypertension,39333.0,24.0,5331.625,No,Yes,1638.8743171357012,5,Normal,2,0,Medium Volume,High Strain
Nonprofit,Urban,Non-Teaching,Hypertension,53345.0,27.0,5331.625,No,No,1975.740008985182,4,Overburdened,2,0,High Volume,High Strain
Nonprofit,Urban,Non-Teaching,Hypertension,59695.0,30.0,5331.625,No,Yes,1989.8326700557766,4,Overburdened,2,0,High Volume,High Strain
Government,Urban,Teaching,Hypertension,71708.0,73.0,5331.625,Yes,Yes,982.3012353012006,6,Under-Burdened,0,0,High Volume,Low Strain
Government,Urban,Non-Teaching,Hypertension,45896.0,35.0,5331.625,No,No,1311.313911053168,4,Normal,3,0,Medium Volume,Medium Strain
Nonprofit,Urban,Non-Teaching,Hypertension,34054.5,18.0,5331.625,No,No,1891.9156156024358,3,Overburdened,2,0,Medium Volume,High Strain
Nonprofit,Urban,Non-Teaching,Hypertension,23820.0,19.5,5331.625,No,Yes,1221.5378351088025,3,Normal,2,0,Low Volume,Medium Strain
Nonprofit,Urban,Non-Teaching,Hypertension,32229.0,23.0,2266.0,No,Yes,1401.260260321626,2,Normal,2,0,Medium Volume,Medium Strain
Government,Frontier,Non-Teaching,Hypertension,2837.0,2.0,157.0,Yes,Yes,1418.4929075354623,1,Normal,1,0,Low Volume,Medium Strain
Investor Owned,Urban,Non-Teaching,Hypertension,23943.0,20.0,3668.0,Yes,No,1197.1494014252994,6,Normal,4,0,Low Volume,Medium Strain
Government,Urban,Teaching,Hypertension,32425.0,41.0,5331.625,No,No,790.8534656454962,6,Under-Burdened,3,0,Medium Volume,Low Strain
Nonprofit,Rural,Non-Teaching,Hypertension,28244.0,16.0,5331.625,Yes,Yes,1765.2488967194397,3,Overburdened,1,0,Medium Volume,High Strain
Government,Frontier,Non-Teaching,Hypertension,4834.0,4.0,849.0,Yes,Yes,1208.4969787575533,2,Normal,1,0,Low Volume,Medium Strain
Nonprofit,Urban,Non-Teaching,Hypertension,58831.0,56.0,5331.625,No,No,1050.5533838297529,6,Under-Burdened,3,0,High Volume,Low Strain
Investor Owned,Urban,Non-Teaching,Hypertension,73328.0,64.0,5331.625,Yes,Yes,1145.7498209765904,6,Normal,0,0,High Volume,Low Strain
Government,Urban,Teaching,Hypertension,68827.0,44.0,5331.625,No,Yes,1564.249644488717,6,Normal,3,0,High Volume,Medium Strain
Nonprofit,Urban,Non-Teaching,Hypertension,51901.0,24.0,5331.625,No,Yes,2162.540765608014,6,Overburdened,2,0,High Volume,High Strain
Government,Urban,Teaching,Hypertension,33076.0,52.0,751.0,No,No,636.0768007544614,7,Under-Burdened,3,0,Medium Volume,Low Strain
Nonprofit,Urban,Non-Teaching,Hypertension,28108.0,21.0,5331.625,Yes,Yes,1338.4755531068795,5,Normal,1,0,Medium Volume,Medium Strain
Investor Owned,Urban,Non-Teaching,Hypertension,67670.0,62.0,5331.625,Yes,Yes,1091.4514368626715,6,Normal,0,0,High Volume,Low Strain
Government,Urban,Non-Teaching,Mental Health,13261.0,12.0,891.3333333333334,No,No,1105.082412431323,3,Normal,4,0,Low Volume,Low Strain
Nonprofit,Urban,Non-Teaching,Mental Health,29420.666666666668,22.0,2893.0,No,No,1337.302422438293,6,Normal,2,0,Medium Volume,Medium Strain
Nonprofit,Urban,Teaching,Mental Health,30782.5,40.0,1332.0,No,No,769.562307609423,4,Under-Burdened,3,0,Medium Volume,Low Strain
Government,Urban,Non-Teaching,Mental Health,65082.0,59.0,5331.625,No,No,1103.0845587992274,5,Normal,0,0,High Volume,Low Strain
Nonprofit,Urban,Non-Teaching,Mental Health,29479.0,30.0,2409.0,No,No,982.633005788998,6,Under-Burdened,2,0,Medium Volume,Low Strain
Government,Urban,Non-Teaching,Mental Health,42180.666666666664,39.0,3833.3333333333335,No,No,1081.5552782336893,6,Normal,3,0,Medium Volume,Low Strain
Nonprofit,Urban,Non-Teaching,Mental Health,28620.0,17.0,1218.0,No,No,1683.5284214538697,4,Normal,2,0,Medium Volume,High Strain
Nonprofit,Urban,Non-Teaching,Mental Health,37801.333333333336,18.0,5331.625,No,No,2100.0729073669036,3,Overburdened,2,0,Medium Volume,High Strain
Nonprofit,Urban,Non-Teaching,Mental Health,31745.0,22.0,1483.0,No,No,1442.9538895664139,3,Normal,2,0,Medium Volume,Medium Strain
Nonprofit,Urban,Non-Teaching,Mental Health,110997.0,80.0,5331.625,No,No,1387.4623265672092,6,Normal,0,0,High Volume,Medium Strain
Nonprofit,Urban,Non-Teaching,Mental Health,66977.0,40.0,5331.625,No,No,1674.4245813938546,5,Normal,3,0,High Volume,High Strain
Nonprofit,Rural,Non-Teaching,Mental Health,24025.0,14.0,1142.3333333333333,Yes,No,1716.070202806998,2,Normal,1,0,Low Volume,High Strain
Nonprofit,Rural,Non-Teaching,Mental Health,9708.5,5.0,626.0,Yes,Yes,1941.696116607767,3,Overburdened,1,0,Low Volume,High Strain
Nonprofit,Rural,Non-Teaching,Mental Health,8570.0,14.0,1555.0,Yes,Yes,612.1424198982716,3,Under-Burdened,1,0,Low Volume,Low Strain
Nonprofit,Urban,Non-Teaching,Mental Health,55911.0,49.0,4689.666666666667,No,Yes,1141.0405834611054,5,Normal,3,0,High Volume,Low Strain
Nonprofit,Rural,Non-Teaching,Mental Health,10039.0,8.0,1060.3333333333333,Yes,Yes,1254.8734314082108,1,Normal,1,0,Low Volume,Medium Strain
Nonprofit,Urban,Non-Teaching,Mental Health,41025.0,30.0,1618.0,No,No,1367.4995441668186,3,Normal,2,0,Medium Volume,Medium Strain
Nonprofit,Urban,Non-Teaching,Mental Health,46164.333333333336,44.0,4543.333333333333,No,No,1049.1891554873132,7,Under-Burdened,3,0,Medium Volume,Low Strain
Nonprofit,Urban,Non-Teaching,Mental Health,63404.333333333336,52.0,5331.625,No,No,1219.3138680806665,5,Normal,3,0,High Volume,Medium Strain
Nonprofit,Urban,Non-Teaching,Mental Health,50722.333333333336,32.0,5331.625,No,No,1585.072421331535,5,Normal,2,0,High Volume,Medium Strain
Investor Owned,Urban,Non-Teaching,Mental Health,16929.333333333332,12.0,591.6666666666666,No,No,1410.7766021306093,3,Normal,4,0,Low Volume,Medium Strain
Nonprofit,Urban,Non-Teaching,Mental Health,63958.666666666664,36.0,5331.625,No,No,1776.629136121536,4,Overburdened,3,0,High Volume,High Strain
Nonprofit,Rural,Non-Teaching,Mental Health,16776.666666666668,12.0,2370.6666666666665,Yes,Yes,1398.0543905102302,3,Normal,1,0,Low Volume,Medium Strain
Nonprofit,Rural,Non-Teaching,Mental Health,55450.333333333336,59.0,3329.6666666666665,Yes,Yes,939.8359988978533,6,Under-Burdened,0,1,High Volume,Low Strain
Investor Owned,Rural,Non-Teaching,Mental Health,7588.5,9.0,175.0,Yes,Yes,843.1657298158558,3,Under-Burdened,1,0,Low Volume,Low Strain
Nonprofit,Urban,Teaching,Mental Health,80788.66666666667,73.0,5331.625,Yes,No,1106.693912325035,7,Normal,0,0,High Volume,Low Strain
Nonprofit,Rural,Non-Teaching,Mental Health,35672.666666666664,10.0,1335.6666666666667,Yes,Yes,3567.263099403567,1,Overburdened,1,2,Medium Volume,High Strain
Nonprofit,Urban,Non-Teaching,Mental Health,57338.0,48.0,4920.5,No,Yes,1194.5414178038711,6,Normal,3,0,High Volume,Medium Strain
Nonprofit,Urban,Non-Teaching,Mental Health,47511.333333333336,21.0,5331.625,No,Yes,2262.4433670904605,4,Overburdened,2,0,Medium Volume,High Strain
Investor Owned,Frontier,Non-Teaching,Mental Health,5907.0,4.333333333333333,273.6666666666667,Yes,Yes,1363.1507004214607,1,Normal,1,0,Low Volume,Medium Strain
Investor Owned,Rural,Non-Teaching,Mental Health,10314.0,8.0,1483.6666666666667,Yes,Yes,1289.2483884395144,1,Normal,1,0,Low Volume,Medium Strain
Investor Owned,Rural,Non-Teaching,Mental Health,28371.0,20.0,2632.5,Yes,Yes,1418.5492907253547,3,Normal,1,0,Medium Volume,Medium Strain
Government,Rural,Non-Teaching,Mental Health,39829.0,16.0,813.0,Yes,Yes,2489.31094418066,3,Overburdened,1,0,Medium Volume,High Strain
Government,Rural,Non-Teaching,Mental Health,7991.666666666667,7.666666666666667,522.6666666666666,No,No,1042.3899447087679,1,Under-Burdened,4,0,Low Volume,Low Strain
Government,Frontier,Non-Teaching,Mental Health,1610.0,2.0,69.0,Yes,No,804.9959750201249,1,Under-Burdened,1,0,Low Volume,Low Strain
Nonprofit,Urban,Non-Teaching,Mental Health,28485.0,10.0,1321.5,Yes,Yes,2848.4971515028487,4,Overburdened,1,0,Medium Volume,High Strain
Government,Frontier,Non-Teaching,Mental Health,6546.333333333333,8.0,223.0,Yes,Yes,818.290643803362,3,Under-Burdened,1,0,Low Volume,Low Strain
Nonprofit,Urban,Non-Teaching,Mental Health,64106.0,42.666666666666664,2848.0,No,Yes,1502.484022855307,3,Normal,3,0,High Volume,Medium Strain
Nonprofit,Rural,Non-Teaching,Mental Health,15535.666666666666,12.0,473.3333333333333,Yes,Yes,1294.6378100240472,2,Normal,1,0,Low Volume,Medium Strain
Nonprofit,Rural,Non-Teaching,Mental Health,20035.333333333332,13.0,1562.6666666666667,Yes,Yes,1541.1783016577167,1,Normal,1,0,Low Volume,Medium Strain
Nonprofit,Urban,Non-Teaching,Mental Health,88985.33333333333,40.666666666666664,3964.0,Yes,Yes,2188.163396353263,4,Overburdened,3,0,High Volume,High Strain
Nonprofit,Rural,Non-Teaching,Mental Health,18720.666666666668,8.0,1642.0,Yes,Yes,2340.080408232823,1,Overburdened,1,0,Low Volume,High Strain
Nonprofit,Rural,Non-Teaching,Mental Health,18771.0,12.0,721.6666666666666,Yes,Yes,1564.2486964594198,1,Normal,1,0,Low Volume,Medium Strain
Nonprofit,Rural,Non-Teaching,Mental Health,10002.666666666666,8.0,679.0,Yes,Yes,1250.3317704186202,1,Normal,1,0,Low Volume,Medium Strain
Investor Owned,Urban,Non-Teaching,Mental Health,14433.0,8.0,975.5,No,No,1804.122744846569,3,Overburdened,4,0,Low Volume,High Strain
Government,Urban,Non-Teaching,Mental Health,102466.66666666667,42.666666666666664,5331.625,No,Yes,2401.561937133921,6,Overburdened,3,3,High Volume,High Strain
Nonprofit,Urban,Non-Teaching,Mental Health,36011.0,26.0,1954.0,No,No,1385.0379288315658,6,Normal,2,0,Medium Volume,Medium Strain
Investor Owned,Urban,Non-Teaching,Mental Health,12317.0,17.0,1999.6666666666667,No,No,724.528985571185,6,Under-Burdened,4,0,Low Volume,Low Strain
Nonprofit,Urban,Non-Teaching,Mental Health,57101.0,35.0,3338.3333333333335,No,No,1631.4566767266635,6,Normal,3,0,High Volume,High Strain
Investor Owned,Urban,Non-Teaching,Mental Health,34882.0,50.5,3622.5,Yes,No,690.7325364886066,6,Under-Burdened,3,0,Medium Volume,Low Strain
Nonprofit,Urban,Teaching,Mental Health,65446.0,41.0,846.0,Yes,No,1596.2435131113382,6,Normal,3,0,High Volume,High Strain
Investor Owned,Urban,Non-Teaching,Mental Health,29986.333333333332,14.0,1439.6666666666667,No,Yes,2141.879422467079,2,Overburdened,4,0,Medium Volume,High Strain
Investor Owned,Urban,Non-Teaching,Mental Health,3751.5,4.0,966.5,Yes,Yes,937.8726553183618,3,Under-Burdened,1,0,Low Volume,Low Strain
Investor Owned,Urban,Non-Teaching,Mental Health,20267.0,12.0,1268.0,No,No,1688.915259237284,5,Normal,4,0,Low Volume,High Strain
Investor Owned,Urban,Non-Teaching,Mental Health,33361.5,14.0,1883.5,No,No,2382.9625835981547,4,Overburdened,4,0,Medium Volume,High Strain
Nonprofit,Urban,Non-Teaching,Mental Health,46487.666666666664,30.666666666666668,2670.6666666666665,No,No,1515.9016795972782,4,Normal,2,0,Medium Volume,Medium Strain
Investor Owned,Urban,Non-Teaching,Mental Health,9859.5,8.0,894.5,Yes,Yes,1232.4359594550508,3,Normal,1,0,Low Volume,Medium Strain
Investor Owned,Urban,Non-Teaching,Mental Health,6710.333333333333,9.0,898.3333333333334,No,No,745.591764157299,3,Under-Burdened,4,0,Low Volume,Low Strain
Investor Owned,Urban,Non-Teaching,Mental Health,16033.333333333334,21.0,825.6666666666666,No,No,763.4916999245874,5,Under-Burdened,4,0,Low Volume,Low Strain
Nonprofit,Urban,Non-Teaching,Mental Health,39767.5,37.0,2879.5,No,No,1074.7970068116197,7,Under-Burdened,3,0,Medium Volume,Low Strain
Investor Owned,Urban,Non-Teaching,Mental Health,18635.5,9.0,1735.0,Yes,No,2070.608810434655,3,Overburdened,4,0,Low Volume,High Strain
Nonprofit,Urban,Non-Teaching,Mental Health,79359.66666666667,32.0,2612.6666666666665,No,No,2479.9888083368305,6,Overburdened,2,0,High Volume,High Strain
Nonprofit,Urban,Non-Teaching,Mental Health,68964.66666666667,30.0,4531.666666666667,Yes,No,2298.8214559484036,7,Overburdened,2,0,High Volume,High Strain
Nonprofit,Urban,Teaching,Mental Health,53635.333333333336,57.0,4441.666666666667,Yes,No,940.9705951513575,6,Under-Burdened,0,0,High Volume,Low Strain
Nonprofit,Urban,Non-Teaching,Mental Health,62426.5,49.5,3119.0,Yes,No,1261.1411593654223,5,Normal,3,0,High Volume,Medium Strain
Nonprofit,Urban,Non-Teaching,Mental Health,61938.666666666664,41.0,4541.666666666667,No,No,1510.6988185287432,5,Normal,3,0,High Volume,Medium Strain
Nonprofit,Urban,Non-Teaching,Mental Health,79005.0,53.0,5145.666666666667,No,No,1490.6600961018685,5,Normal,3,0,High Volume,Medium Strain
Nonprofit,Urban,Non-Teaching,Mental Health,40703.0,29.0,2381.0,No,No,1403.5512401547448,6,Normal,2,0,Medium Volume,Medium Strain
Nonprofit,Urban,Non-Teaching,Mental Health,32344.666666666668,18.0,2877.3333333333335,No,No,1796.9249276342996,3,Overburdened,2,0,Medium Volume,High Strain
Investor Owned,Urban,Non-Teaching,Mental Health,36378.0,15.0,2160.5,No,No,2425.198383201078,5,Overburdened,4,0,Medium Volume,High Strain
Investor Owned,Urban,Non-Teaching,Mental Health,29577.0,10.666666666666666,3016.3333333333335,Yes,No,2772.841150461422,4,Overburdened,4,0,Medium Volume,High Strain
Nonprofit,Urban,Teaching,Mental Health,72059.5,64.0,3275.0,No,No,1125.9295115735138,6,Normal,0,0,High Volume,Low Strain
Nonprofit,Urban,Non-Teaching,Mental Health,35037.666666666664,29.0,2206.6666666666665,No,No,1208.19498567989,6,Normal,2,0,Medium Volume,Medium Strain
Investor Owned,Urban,Non-Teaching,Mental Health,16074.666666666666,5.666666666666667,955.6666666666666,No,No,2836.700876410218,3,Overburdened,4,0,Low Volume,High Strain
Nonprofit,Urban,Teaching,Mental Health,54946.0,55.5,3651.0,No,No,990.0178396364253,7,Under-Burdened,3,0,High Volume,Low Strain
Nonprofit,Urban,Non-Teaching,Mental Health,47234.0,37.0,2750.0,No,No,1276.5942495691215,6,Normal,3,0,Medium Volume,Medium Strain
Investor Owned,Urban,Non-Teaching,Mental Health,4946.5,4.0,777.5,No,No,1236.621908445229,2,Normal,4,0,Low Volume,Medium Strain
Investor Owned,Urban,Non-Teaching,Mental Health,6297.5,7.0,2740.0,No,No,899.6415719406116,3,Under-Burdened,4,0,Low Volume,Low Strain
Nonprofit,Urban,Non-Teaching,Mental Health,77714.0,71.0,3754.0,No,No,1094.5632261178555,6,Normal,0,0,High Volume,Low Strain
Nonprofit,Urban,Non-Teaching,Mental Health,57211.0,61.0,3349.0,No,No,937.8850921499849,7,Under-Burdened,0,0,High Volume,Low Strain
Investor Owned,Urban,Non-Teaching,Mental Health,12230.666666666666,8.0,636.6666666666666,No,No,1528.8314222940555,3,Normal,4,0,Low Volume,Medium Strain
Nonprofit,Urban,Non-Teaching,Mental Health,32363.666666666668,15.333333333333334,2290.0,No,No,2110.672536517911,5,Overburdened,2,0,Medium Volume,High Strain
Government,Urban,Non-Teaching,Mental Health,31796.5,21.0,2071.5,No,No,1514.1183266103208,5,Normal,2,0,Medium Volume,Medium Strain
Investor Owned,Urban,Non-Teaching,Mental Health,6826.0,7.0,950.0,Yes,No,975.1414640836227,5,Under-Burdened,4,0,Low Volume,Low Strain
Nonprofit,Urban,Non-Teaching,Mental Health,18475.333333333332,12.0,3302.3333333333335,No,No,1539.609828102921,4,Normal,2,0,Low Volume,Medium Strain
Investor Owned,Urban,Non-Teaching,Mental Health,46827.333333333336,41.333333333333336,2886.6666666666665,Yes,Yes,1132.9190807453836,6,Normal,3,0,Medium Volume,Low Strain
Nonprofit,Urban,Non-Teaching,Mental Health,23936.333333333332,27.0,1742.0,No,No,886.530535852888,5,Under-Burdened,2,0,Low Volume,Low Strain
Nonprofit,Urban,Non-Teaching,Mental Health,50359.333333333336,40.0,2771.6666666666665,No,No,1258.9830185875787,6,Normal,3,0,High Volume,Medium Strain
Investor Owned,Urban,Non-Teaching,Mental Health,9195.333333333334,8.0,909.6666666666666,No,No,1149.4152298976294,3,Normal,4,0,Low Volume,Low Strain
Nonprofit,Urban,Non-Teaching,Mental Health,43418.0,32.0,1158.0,No,No,1356.8120759962262,6,Normal,2,0,Medium Volume,Medium Strain
Nonprofit,Urban,Non-Teaching,Mental Health,21073.5,13.0,2127.0,No,No,1621.037214586758,4,Normal,2,0,Low Volume,High Strain
Investor Owned,Urban,Non-Teaching,Mental Health,46270.0,30.0,1988.0,No,No,1542.3328192223937,5,Normal,4,0,Medium Volume,Medium Strain
Nonprofit,Urban,Teaching,Mental Health,49428.0,28.0,2855.0,No,No,1765.285083826756,6,Overburdened,2,0,High Volume,High Strain
Investor Owned,Urban,Non-Teaching,Mental Health,23054.5,13.0,1452.0,No,No,1773.4217127525287,4,Overburdened,4,0,Low Volume,High Strain
Nonprofit,Urban,Non-Teaching,Mental Health,52035.666666666664,30.0,2311.3333333333335,No,No,1734.5216440483407,6,Normal,2,0,High Volume,High Strain
Government,Urban,Teaching,Mental Health,73969.0,72.66666666666667,5331.625,Yes,No,1017.9218782676313,6,Under-Burdened,0,0,High Volume,Low Strain
Government,Urban,Teaching,Mental Health,105955.5,80.5,5331.625,No,No,1316.2172277991021,7,Normal,0,0,High Volume,Medium Strain
Nonprofit,Urban,Teaching,Mental Health,99493.0,29.0,5331.625,Yes,Yes,3430.791920416579,3,Overburdened,2,4,High Volume,High Strain
Government,Urban,Teaching,Mental Health,50463.666666666664,50.666666666666664,5331.625,No,No,995.9932244750214,6,Under-Burdened,3,0,High Volume,Low Strain
Nonprofit,Urban,Non-Teaching,Mental Health,40780.666666666664,37.333333333333336,3145.6666666666665,No,No,1092.3389931234838,5,Normal,3,0,Medium Volume,Low Strain
Nonprofit,Urban,Non-Teaching,Mental Health,67262.0,33.0,4364.0,Yes,No,2038.2418065933919,5,Overburdened,2,0,High Volume,High Strain
Nonprofit,Urban,Non-Teaching,Mental Health,92182.33333333333,80.0,5331.625,No,No,1152.2790226317886,6,Normal,0,0,High Volume,Low Strain
Investor Owned,Urban,Non-Teaching,Mental Health,64397.333333333336,35.0,3827.3333333333335,Yes,Yes,1839.9232838314426,4,Overburdened,3,0,High Volume,High Strain
Nonprofit,Rural,Non-Teaching,Mental Health,77745.33333333333,38.0,1016.3333333333334,Yes,Yes,2045.9292861589595,6,Overburdened,3,1,High Volume,High Strain
Nonprofit,Urban,Non-Teaching,Mental Health,27449.0,19.0,4761.666666666667,No,No,1444.683450166605,3,Normal,2,0,Medium Volume,Medium Strain
Nonprofit,Urban,Non-Teaching,Mental Health,29936.333333333332,31.0,2158.3333333333335,No,No,965.6878605307977,6,Under-Burdened,2,0,Medium Volume,Low Strain
Nonprofit,Urban,Non-Teaching,Mental Health,14621.0,9.0,601.6666666666666,No,No,1624.553750495833,1,Normal,2,0,Low Volume,High Strain
Government,Rural,Non-Teaching,Mental Health,6284.0,3.6666666666666665,298.6666666666667,Yes,Yes,1713.8135077813424,1,Normal,1,0,Low Volume,High Strain
Nonprofit,Rural,Non-Teaching,Mental Health,9094.0,6.0,758.0,Yes,Yes,1515.6641405597659,1,Normal,1,0,Low Volume,Medium Strain
Nonprofit,Rural,Non-Teaching,Mental Health,28163.666666666668,19.0,2547.3333333333335,Yes,Yes,1482.2974654574743,2,Normal,1,0,Medium Volume,Medium Strain
Nonprofit,Rural,Non-Teaching,Mental Health,13366.0,9.0,825.0,Yes,Yes,1485.1094609894878,1,Normal,1,0,Low Volume,Medium Strain
Nonprofit,Rural,Non-Teaching,Mental Health,25567.333333333332,10.0,890.0,Yes,Yes,2556.7307766025565,1,Overburdened,1,0,Medium Volume,High Strain
Nonprofit,Urban,Non-Teaching,Mental Health,57461.0,26.0,4522.333333333333,Yes,Yes,2210.0376115239956,4,Overburdened,2,0,High Volume,High Strain
Government,Frontier,Non-Teaching,Mental Health,511.0,1.0,35.0,Yes,Yes,510.99489005109945,1,Under-Burdened,1,0,Low Volume,Low Strain
Nonprofit,Urban,Non-Teaching,Mental Health,41278.666666666664,30.666666666666668,5331.625,No,No,1346.0430393337915,5,Normal,2,0,Medium Volume,Medium Strain
Nonprofit,Rural,Non-Teaching,Mental Health,14553.0,6.0,970.6666666666666,No,Yes,2425.495957506738,2,Overburdened,1,0,Low Volume,High Strain
Government,Urban,Non-Teaching,Mental Health,50028.333333333336,16.0,4763.333333333333,Yes,Yes,3126.768879102784,5,Overburdened,1,0,High Volume,High Strain
Government,Urban,Non-Teaching,Mental Health,51527.5,19.0,4452.0,Yes,Yes,2711.972256856707,4,Overburdened,1,0,High Volume,High Strain
Investor Owned,Urban,Non-Teaching,Mental Health,24487.0,18.0,2301.0,No,No,1360.3881331177038,4,Normal,4,0,Low Volume,Medium Strain
Nonprofit,Rural,Non-Teaching,Mental Health,6034.5,8.0,453.0,No,No,754.3115571105536,3,Under-Burdened,1,0,Low Volume,Low Strain
Government,Rural,Non-Teaching,Mental Health,12749.5,15.0,572.0,Yes,Yes,849.9661000226,2,Under-Burdened,1,0,Low Volume,Low Strain
Nonprofit,Urban,Non-Teaching,Mental Health,92289.0,35.666666666666664,2652.3333333333335,No,No,2587.5413305958887,6,Overburdened,3,0,High Volume,High Strain
Nonprofit,Urban,Non-Teaching,Mental Health,27767.5,26.0,2013.5,No,No,1067.9803584690928,5,Under-Burdened,2,0,Medium Volume,Low Strain
Investor Owned,Urban,Teaching,Mental Health,23505.0,30.0,2703.0,No,Yes,783.4997388334205,5,Under-Burdened,4,0,Low Volume,Low Strain
Investor Owned,Urban,Non-Teaching,Mental Health,5063.0,8.0,360.0,No,No,632.8742089072389,3,Under-Burdened,4,0,Low Volume,Low Strain
Investor Owned,Urban,Non-Teaching,Mental Health,12153.0,11.0,1316.0,No,Yes,1104.8171774389295,4,Normal,4,0,Low Volume,Low Strain
Nonprofit,Urban,Non-Teaching,Mental Health,100965.66666666667,80.5,5331.625,No,No,1254.2317282527874,6,Normal,0,0,High Volume,Medium Strain
Investor Owned,Urban,Non-Teaching,Mental Health,11960.0,12.0,2695.6666666666665,No,No,996.6658361118033,3,Under-Burdened,4,0,Low Volume,Low Strain
Investor Owned,Urban,Non-Teaching,Mental Health,11887.333333333334,11.0,1475.6666666666667,No,No,1080.6656842433174,3,Normal,4,0,Low Volume,Low Strain
Investor Owned,Urban,Non-Teaching,Mental Health,25199.5,23.0,1343.0,No,No,1095.6299584217572,4,Normal,4,0,Low Volume,Low Strain
Investor Owned,Urban,Non-Teaching,Mental Health,11411.0,10.0,708.0,Yes,No,1141.098858901141,4,Normal,4,0,Low Volume,Low Strain
Nonprofit,Urban,Non-Teaching,Mental Health,34495.5,44.5,3312.0,No,No,775.1796010832356,6,Under-Burdened,3,0,Medium Volume,Low Strain
Government,Urban,Teaching,Mental Health,42020.0,50.666666666666664,4491.666666666667,Yes,No,829.3419415772483,6,Under-Burdened,3,0,Medium Volume,Low Strain
Investor Owned,Urban,Non-Teaching,Mental Health,19240.0,12.0,2661.3333333333335,Yes,No,1603.3319972233357,4,Normal,4,0,Low Volume,High Strain
Nonprofit,Urban,Non-Teaching,Mental Health,27262.5,31.0,1639.0,No,No,879.4352001821935,5,Under-Burdened,2,0,Medium Volume,Low Strain
Nonprofit,Urban,Non-Teaching,Mental Health,14340.0,20.0,2457.3333333333335,No,No,716.9996415001792,4,Under-Burdened,2,0,Low Volume,Low Strain
Nonprofit,Urban,Non-Teaching,Mental Health,53749.666666666664,36.0,3819.3333333333335,No,No,1493.045881561329,6,Normal,3,0,High Volume,Medium Strain
Investor Owned,Urban,Non-Teaching,Mental Health,4135.333333333333,8.0,547.6666666666666,No,No,516.916020521641,4,Under-Burdened,4,0,Low Volume,Low Strain
Investor Owned,Urban,Non-Teaching,Mental Health,24221.0,24.0,4121.333333333333,Yes,No,1009.2079128300363,5,Under-Burdened,4,0,Low Volume,Low Strain
Investor Owned,Urban,Non-Teaching,Mental Health,17550.0,17.5,1269.0,No,No,1002.8565697962458,5,Under-Burdened,4,0,Low Volume,Low Strain
Nonprofit,Urban,Non-Teaching,Mental Health,109291.5,72.0,5331.625,No,No,1517.9372891753765,5,Normal,0,0,High Volume,Medium Strain
Nonprofit,Urban,Non-Teaching,Mental Health,26386.333333333332,14.0,1382.0,No,Yes,1884.7367489975602,2,Overburdened,2,0,Medium Volume,High Strain
Nonprofit,Urban,Non-Teaching,Mental Health,69937.5,69.0,4235.0,No,No,1013.5868096251,6,Under-Burdened,0,0,High Volume,Low Strain
Nonprofit,Urban,Non-Teaching,Mental Health,112998.5,62.0,5331.625,No,No,1822.5561576522325,6,Overburdened,0,0,High Volume,High Strain
Government,Frontier,Non-Teaching,Mental Health,3495.0,3.0,157.66666666666666,Yes,Yes,1164.996116679611,1,Normal,1,0,Low Volume,Medium Strain
Government,Frontier,Non-Teaching,Mental Health,2546.6666666666665,2.0,122.33333333333333,Yes,Yes,1273.3269666984997,1,Normal,1,0,Low Volume,Medium Strain
Investor Owned,Urban,Non-Teaching,Mental Health,44698.666666666664,30.0,3155.6666666666665,No,Yes,1489.9550589038693,4,Normal,4,0,Medium Volume,Medium Strain
Investor Owned,Urban,Non-Teaching,Mental Health,54417.5,28.0,2534.0,No,Yes,1943.4814487566255,6,Overburdened,4,0,High Volume,High Strain
Investor Owned,Urban,Non-Teaching,Mental Health,39938.5,29.0,2984.5,Yes,Yes,1377.189180279593,6,Normal,4,0,Medium Volume,Medium Strain
Investor Owned,Urban,Non-Teaching,Mental Health,45627.5,12.0,2815.5,No,Yes,3802.2884980929184,3,Overburdened,4,5,Medium Volume,High Strain
Government,Rural,Non-Teaching,Mental Health,7767.0,7.0,1033.0,Yes,Yes,1109.5698434716523,1,Normal,1,0,Low Volume,Low Strain
Investor Owned,Urban,Non-Teaching,Mental Health,45660.666666666664,41.0,2931.6666666666665,No,Yes,1113.6745251200343,4,Normal,3,0,Medium Volume,Low Strain
Government,Urban,Non-Teaching,Mental Health,37046.333333333336,28.0,1496.6666666666667,No,Yes,1323.0828608037402,2,Normal,2,0,Medium Volume,Medium Strain
Investor Owned,Urban,Non-Teaching,Mental Health,15067.333333333334,12.0,1324.3333333333333,Yes,No,1255.6100647693906,2,Normal,4,0,Low Volume,Medium Strain
Nonprofit,Urban,Non-Teaching,Mental Health,54291.666666666664,41.0,3066.3333333333335,No,Yes,1324.1866688975604,5,Normal,3,0,High Volume,Medium Strain
Nonprofit,Urban,Non-Teaching,Mental Health,47474.5,26.0,2264.0,No,Yes,1825.9416054070748,2,Overburdened,2,0,Medium Volume,High Strain
Investor Owned,Urban,Non-Teaching,Mental Health,90694.33333333333,53.0,5331.625,No,Yes,1711.213513607513,3,Normal,3,6,High Volume,High Strain
Investor Owned,Urban,Non-Teaching,Mental Health,35054.666666666664,21.0,2683.3333333333335,No,No,1669.2690463798192,3,Normal,4,0,Medium Volume,High Strain
Nonprofit,Urban,Non-Teaching,Mental Health,47299.5,58.5,2261.0,No,Yes,808.5383233267823,3,Under-Burdened,0,0,Medium Volume,Low Strain
Nonprofit,Urban,Non-Teaching,Mental Health,95381.5,59.0,5331.625,No,No,1616.6353192143526,5,Normal,0,0,High Volume,High Strain
Government,Urban,Teaching,Mental Health,63503.666666666664,70.0,5331.625,No,No,907.1951084959368,7,Under-Burdened,0,0,High Volume,Low Strain
Nonprofit,Urban,Non-Teaching,Mental Health,84523.33333333333,51.333333333333336,5064.333333333333,No,No,1646.5581208003657,7,Normal,3,0,High Volume,High Strain
Nonprofit,Urban,Non-Teaching,Mental Health,106119.0,53.0,5331.625,No,No,2002.2449052368102,5,Overburdened,3,0,High Volume,High Strain
Government,Rural,Non-Teaching,Mental Health,21385.333333333332,18.0,2337.6666666666665,Yes,No,1188.0734140332884,2,Normal,1,0,Low Volume,Medium Strain
Government,Rural,Non-Teaching,Mental Health,11297.666666666666,7.0,365.6666666666667,Yes,Yes,1613.9500753094162,1,Normal,1,0,Low Volume,High Strain
Investor Owned,Urban,Non-Teaching,Mental Health,33224.0,15.0,2447.6666666666665,No,No,2214.9318567120954,3,Overburdened,4,0,Medium Volume,High Strain
Investor Owned,Urban,Non-Teaching,Mental Health,22289.0,12.0,1164.3333333333333,No,Yes,1857.4151188207343,3,Overburdened,4,0,Low Volume,High Strain
Nonprofit,Urban,Non-Teaching,Mental Health,112998.5,80.5,5331.625,Yes,No,1403.7079001605093,6,Normal,0,0,High Volume,Medium Strain
Nonprofit,Urban,Teaching,Mental Health,40403.0,40.0,4217.0,No,No,1010.074747481313,6,Under-Burdened,3,0,Medium Volume,Low Strain
Government,Rural,Non-Teaching,Mental Health,8291.666666666666,6.0,365.6666666666667,Yes,Yes,1381.9421412075424,1,Normal,1,0,Low Volume,Medium Strain
Nonprofit,Urban,Non-Teaching,Mental Health,75626.66666666667,52.0,3929.0,No,Yes,1454.35869467461,6,Normal,3,0,High Volume,Medium Strain
Nonprofit,Urban,Non-Teaching,Mental Health,53317.333333333336,18.0,2494.0,No,Yes,2962.0724284782805,6,Overburdened,2,0,High Volume,High Strain
Nonprofit,Urban,Non-Teaching,Mental Health,62192.333333333336,43.0,3715.3333333333335,No,Yes,1446.3329969768224,5,Normal,3,0,High Volume,Medium Strain
Investor Owned,Urban,Non-Teaching,Mental Health,30790.0,16.0,2178.5,Yes,Yes,1924.3737972663766,3,Overburdened,4,0,Medium Volume,High Strain
Investor Owned,Rural,Non-Teaching,Mental Health,22806.333333333332,15.333333333333334,1030.3333333333333,Yes,Yes,1487.3685951943944,4,Normal,1,0,Low Volume,Medium Strain
Investor Owned,Urban,Non-Teaching,Mental Health,35471.0,20.333333333333332,2270.6666666666665,Yes,Yes,1744.4745518977616,3,Normal,4,0,Medium Volume,High Strain
Government,Urban,Teaching,Mental Health,57942.0,47.0,5048.0,Yes,No,1232.8082483386704,6,Normal,3,0,High Volume,Medium Strain
Investor Owned,Rural,Non-Teaching,Mental Health,25407.666666666668,16.0,1426.6666666666667,Yes,Yes,1587.9781741803079,1,Normal,1,0,Medium Volume,High Strain
Nonprofit,Urban,Non-Teaching,Mental Health,23200.666666666668,15.0,1061.0,No,Yes,1546.710079971058,2,Normal,2,0,Low Volume,Medium Strain
Nonprofit,Urban,Non-Teaching,Mental Health,79146.5,63.0,5331.625,No,No,1256.2934513819919,7,Normal,0,0,High Volume,Medium Strain
Nonprofit,Urban,Non-Teaching,Mental Health,86469.0,80.5,5331.625,No,Yes,1074.148934888331,7,Under-Burdened,0,0,High Volume,Low Strain
Nonprofit,Urban,Non-Teaching,Mental Health,112241.5,80.5,5331.625,No,No,1394.3041746205993,6,Normal,0,0,High Volume,Medium Strain
Nonprofit,Urban,Teaching,Mental Health,96961.66666666667,77.33333333333333,5331.625,No,No,1253.8144930412295,6,Normal,0,0,High Volume,Medium Strain
Investor Owned,Urban,Non-Teaching,Mental Health,17293.0,20.0,4244.666666666667,Yes,Yes,864.6495676752162,5,Under-Burdened,4,0,Low Volume,Low Strain
Nonprofit,Urban,Non-Teaching,Mental Health,37200.666666666664,47.0,4327.333333333333,No,No,791.5033776943167,6,Under-Burdened,3,0,Medium Volume,Low Strain
Government,Urban,Non-Teaching,Mental Health,39953.666666666664,40.0,1994.3333333333333,No,No,998.8414169563123,6,Under-Burdened,3,0,Medium Volume,Low Strain
Government,Urban,Teaching,Mental Health,60332.5,80.5,5331.625,No,No,749.4719565873346,6,Under-Burdened,0,0,High Volume,Low Strain
Nonprofit,Urban,Non-Teaching,Mental Health,63761.0,48.0,3240.6666666666665,No,No,1328.3538899262728,6,Normal,3,0,High Volume,Medium Strain
Government,Urban,Non-Teaching,Mental Health,26922.5,8.0,4279.0,No,No,3365.3082933646333,5,Overburdened,4,7,Medium Volume,High Strain
Nonprofit,Urban,Non-Teaching,Mental Health,44178.666666666664,38.0,5102.333333333333,No,No,1162.5961852817054,4,Normal,3,0,Medium Volume,Low Strain
Government,Urban,Non-Teaching,Mental Health,77978.0,72.0,5331.625,No,Yes,1083.027627357274,5,Normal,0,0,High Volume,Low Strain
Nonprofit,Urban,Teaching,Mental Health,31841.333333333332,28.666666666666668,4246.666666666667,No,No,1110.7437985777447,5,Normal,2,0,Medium Volume,Low Strain
Nonprofit,Urban,Non-Teaching,Mental Health,10480.666666666666,12.0,778.0,No,No,873.3881610654213,5,Under-Burdened,2,0,Low Volume,Low Strain
Government,Urban,Teaching,Mental Health,43609.0,59.0,5331.625,No,No,739.135467943141,6,Under-Burdened,0,0,Medium Volume,Low Strain
Nonprofit,Urban,Non-Teaching,Mental Health,20186.666666666668,19.0,1949.6666666666667,No,No,1062.4555811637292,5,Under-Burdened,2,0,Low Volume,Low Strain
Nonprofit,Urban,Teaching,Mental Health,11045.666666666666,12.0,1117.0,No,No,920.4714551626762,5,Under-Burdened,2,0,Low Volume,Low Strain
Nonprofit,Urban,Non-Teaching,Mental Health,26493.666666666668,35.0,1682.3333333333333,No,Yes,756.9616884871366,5,Under-Burdened,3,0,Medium Volume,Low Strain
Nonprofit,Urban,Non-Teaching,Mental Health,17995.0,16.0,1356.6666666666667,No,No,1124.686797070752,3,Normal,2,0,Low Volume,Low Strain
Nonprofit,Urban,Non-Teaching,Mental Health,49033.666666666664,28.0,3180.0,No,Yes,1751.2017555231826,4,Overburdened,2,0,High Volume,High Strain
Government,Urban,Non-Teaching,Mental Health,41087.333333333336,25.333333333333332,2745.6666666666665,Yes,Yes,1621.8677808416658,4,Normal,2,0,Medium Volume,High Strain
Nonprofit,Urban,Non-Teaching,Mental Health,29388.666666666668,14.0,1228.3333333333333,No,Yes,2099.1889767697785,2,Overburdened,2,0,Medium Volume,High Strain
Investor Owned,Urban,Non-Teaching,Mental Health,25987.0,11.0,1037.3333333333333,No,Yes,2362.4523977705476,2,Overburdened,4,0,Medium Volume,High Strain
Nonprofit,Urban,Non-Teaching,Mental Health,103851.33333333333,46.666666666666664,5331.625,No,Yes,2225.385237417449,2,Overburdened,3,8,High Volume,High Strain
Nonprofit,Rural,Non-Teaching,Mental Health,25632.666666666668,18.0,1391.0,No,Yes,1424.0362459057894,2,Normal,1,0,Medium Volume,Medium Strain
Nonprofit,Rural,Non-Teaching,Mental Health,20801.333333333332,22.0,1507.6666666666667,No,Yes,945.5147217357325,2,Under-Burdened,1,0,Low Volume,Low Strain
Investor Owned,Rural,Non-Teaching,Mental Health,19784.666666666668,11.0,1074.6666666666667,No,Yes,1798.6044255111285,4,Overburdened,1,0,Low Volume,High Strain
Investor Owned,Urban,Non-Teaching,Mental Health,27192.666666666668,23.0,1552.6666666666667,No,No,1182.2893410336198,3,Normal,4,0,Medium Volume,Medium Strain
Government,Urban,Non-Teaching,Mental Health,33189.666666666664,15.0,1823.3333333333333,No,No,2212.6429693491314,4,Overburdened,4,0,Medium Volume,High Strain
Nonprofit,Urban,Non-Teaching,Mental Health,39927.666666666664,19.0,4094.0,No,No,2101.4550343219116,3,Overburdened,2,0,Medium Volume,High Strain
Investor Owned,Urban,Non-Teaching,Mental Health,13136.0,22.0,522.0,No,No,597.0906376860738,6,Under-Burdened,4,0,Low Volume,Low Strain
Investor Owned,Rural,Non-Teaching,Mental Health,1620.0,7.0,42.0,No,No,231.42824081679885,3,Under-Burdened,4,9,Low Volume,Low Strain
Nonprofit,Urban,Non-Teaching,Mental Health,41904.5,26.0,3016.0,No,No,1611.7109185727236,5,Normal,2,0,Medium Volume,High Strain
Nonprofit,Urban,Non-Teaching,Mental Health,14532.0,17.0,518.0,No,No,854.8230265746903,5,Under-Burdened,2,0,Low Volume,Low Strain
Nonprofit,Urban,Non-Teaching,Mental Health,32738.0,24.0,3108.0,No,No,1364.0827649655146,4,Normal,2,0,Medium Volume,Medium Strain
Nonprofit,Urban,Non-Teaching,Mental Health,22042.666666666668,22.0,1892.6666666666667,No,Yes,1001.9389385126037,1,Under-Burdened,2,0,Low Volume,Low Strain
Government,Rural,Non-Teaching,Mental Health,18819.5,10.0,2270.0,No,Yes,1881.948118051882,2,Overburdened,1,0,Low Volume,High Strain
Nonprofit,Urban,Non-Teaching,Mental Health,48621.0,41.0,2604.5,Yes,Yes,1185.8777595420097,5,Normal,3,0,Medium Volume,Medium Strain
Nonprofit,Urban,Non-Teaching,Mental Health,35892.0,40.5,4842.0,No,No,886.2220034019743,6,Under-Burdened,3,0,Medium Volume,Low Strain
Nonprofit,Rural,Non-Teaching,Mental Health,9330.0,8.0,645.6666666666666,No,Yes,1166.2485421893223,1,Normal,1,0,Low Volume,Medium Strain
Nonprofit,Urban,Non-Teaching,Mental Health,52909.5,40.0,4036.0,No,No,1322.7371693157077,6,Normal,3,0,High Volume,Medium Strain
Investor Owned,Urban,Non-Teaching,Mental Health,47574.333333333336,35.0,2041.0,No,No,1359.266278304873,6,Normal,3,0,Medium Volume,Medium Strain
Government,Urban,Non-Teaching,Mental Health,49958.666666666664,25.0,5331.625,No,No,1998.3458673283196,6,Overburdened,2,0,High Volume,High Strain
Nonprofit,Urban,Teaching,Mental Health,73416.5,80.5,1935.5,No,No,912.0060978874412,5,Under-Burdened,0,0,High Volume,Low Strain
Nonprofit,Urban,Non-Teaching,Mental Health,65069.0,36.0,5331.625,No,No,1807.4717201467442,5,Overburdened,3,0,High Volume,High Strain
Government,Rural,Non-Teaching,Mental Health,33380.333333333336,8.0,3336.0,No,No,4172.536450996104,2,Overburdened,4,10,Medium Volume,High Strain
Nonprofit,Urban,Non-Teaching,Mental Health,67463.5,30.0,5331.625,No,No,2248.7825837391388,6,Overburdened,2,0,High Volume,High Strain
Nonprofit,Urban,Non-Teaching,Mental Health,28103.666666666668,13.333333333333334,2634.3333333333335,Yes,No,2107.7734191699356,3,Overburdened,2,0,Medium Volume,High Strain
Government,Frontier,Non-Teaching,Mental Health,3986.3333333333335,6.0,391.0,Yes,Yes,664.3877815759197,3,Under-Burdened,1,0,Low Volume,Low Strain
Investor Owned,Urban,Non-Teaching,Mental Health,24901.0,28.0,4492.666666666667,No,Yes,889.3211109567461,5,Under-Burdened,4,0,Low Volume,Low Strain
Nonprofit,Urban,Non-Teaching,Mental Health,42502.0,26.0,2523.6666666666665,No,Yes,1634.691678964739,5,Normal,2,0,Medium Volume,High Strain
Nonprofit,Rural,Non-Teaching,Mental Health,9721.666666666666,11.0,513.6666666666666,Yes,Yes,883.7870753450829,1,Under-Burdened,1,0,Low Volume,Low Strain
Nonprofit,Rural,Non-Teaching,Mental Health,9916.0,7.0,1706.0,Yes,Yes,1416.5694049008503,1,Normal,1,0,Low Volume,Medium Strain
Nonprofit,Urban,Non-Teaching,Mental Health,57303.333333333336,51.0,5331.625,No,No,1123.594550929173,5,Normal,3,0,High Volume,Low Strain
Nonprofit,Urban,Non-Teaching,Mental Health,24714.666666666668,13.0,1062.0,No,No,1901.1267427230187,3,Overburdened,2,0,Low Volume,High Strain
Nonprofit,Urban,Non-Teaching,Mental Health,57780.0,45.0,5186.333333333333,No,No,1283.99971466673,4,Normal,3,0,High Volume,Medium Strain
Nonprofit,Urban,Non-Teaching,Mental Health,48864.0,27.0,5331.625,No,No,1809.7771074899601,3,Overburdened,2,0,Medium Volume,High Strain
Investor Owned,Rural,Non-Teaching,Mental Health,8867.0,9.0,1083.0,No,No,985.2211275320806,1,Under-Burdened,4,0,Low Volume,Low Strain
Investor Owned,Urban,Non-Teaching,Mental Health,17207.5,15.0,1676.5,No,No,1147.1659018893988,2,Normal,4,0,Low Volume,Low Strain
Investor Owned,Urban,Non-Teaching,Mental Health,35628.0,29.5,3399.5,No,Yes,1207.728404159863,5,Normal,4,0,Medium Volume,Medium Strain
Government,Urban,Non-Teaching,Mental Health,8424.666666666666,8.333333333333334,383.6666666666667,Yes,No,1010.9587868494557,2,Under-Burdened,4,0,Low Volume,Low Strain
Nonprofit,Urban,Teaching,Mental Health,53276.0,30.0,5331.625,No,Yes,1775.8660747113086,4,Overburdened,2,0,High Volume,High Strain
Nonprofit,Urban,Non-Teaching,Mental Health,31739.5,34.0,1939.0,No,Yes,933.5144313192848,3,Under-Burdened,3,0,Medium Volume,Low Strain
Investor Owned,Urban,Non-Teaching,Mental Health,77669.33333333333,33.0,5010.666666666667,No,No,2353.6154483993587,6,Overburdened,2,0,High Volume,High Strain
Investor Owned,Urban,Non-Teaching,Mental Health,51875.333333333336,32.0,2290.6666666666665,No,No,1621.1036600717728,5,Normal,4,0,High Volume,High Strain
Nonprofit,Urban,Non-Teaching,Mental Health,72098.66666666667,40.0,2879.3333333333335,No,No,1802.4662160501127,6,Overburdened,3,0,High Volume,High Strain
Government,Rural,Non-Teaching,Mental Health,18690.333333333332,12.0,787.6666666666666,Yes,No,1557.5264798390444,1,Normal,1,0,Low Volume,Medium Strain
Nonprofit,Rural,Non-Teaching,Mental Health,28291.666666666668,14.0,1403.0,Yes,Yes,2020.8318898819837,2,Overburdened,1,0,Medium Volume,High Strain
Government,Urban,Non-Teaching,Mental Health,59761.5,80.5,5331.625,Yes,Yes,742.3787897666099,6,Under-Burdened,0,0,High Volume,Low Strain
Government,Rural,Non-Teaching,Mental Health,33321.0,24.0,2161.5,Yes,Yes,1388.3744215106578,4,Normal,1,0,Medium Volume,Medium Strain
Nonprofit,Rural,Non-Teaching,Mental Health,28867.333333333332,15.0,918.0,Yes,Yes,1924.4876058971515,3,Overburdened,1,0,Medium Volume,High Strain
Nonprofit,Rural,Non-Teaching,Mental Health,30663.666666666668,18.0,1683.3333333333333,Yes,Yes,1703.536090628098,2,Normal,1,0,Medium Volume,High Strain
Government,Urban,Non-Teaching,Mental Health,40721.5,38.5,3501.5,No,No,1057.70102397376,5,Under-Burdened,3,0,Medium Volume,Low Strain
Investor Owned,Urban,Non-Teaching,Mental Health,40176.0,28.0,2399.6666666666665,No,No,1434.8566304083463,6,Normal,4,0,Medium Volume,Medium Strain
Nonprofit,Rural,Non-Teaching,Mental Health,7952.0,6.0,1113.3333333333333,No,No,1325.331124448126,1,Normal,1,0,Low Volume,Medium Strain
Nonprofit,Urban,Non-Teaching,Mental Health,22600.333333333332,14.0,1868.0,No,No,1614.3083707321161,3,Normal,2,0,Low Volume,High Strain
Nonprofit,Urban,Non-Teaching,Mental Health,45771.666666666664,31.0,4216.333333333333,No,Yes,1476.5049000521826,5,Normal,2,0,Medium Volume,Medium Strain
Nonprofit,Urban,Non-Teaching,Mental Health,26971.5,11.0,1818.0,No,Yes,2451.952316406985,1,Overburdened,2,0,Medium Volume,High Strain
Nonprofit,Rural,Non-Teaching,Mental Health,59699.0,44.0,4902.333333333333,Yes,Yes,1356.7951461829211,5,Normal,3,1,High Volume,Medium Strain
Nonprofit,Urban,Non-Teaching,Mental Health,36398.0,40.0,967.0,No,No,909.9497725125568,4,Under-Burdened,3,0,Medium Volume,Low Strain
Government,Urban,Non-Teaching,Mental Health,69248.0,54.0,4548.0,No,No,1282.3701328944198,4,Normal,3,0,High Volume,Medium Strain
Nonprofit,Urban,Teaching,Mental Health,112998.5,80.0,5331.625,No,No,1412.4810734398657,6,Normal,0,0,High Volume,Medium Strain
Nonprofit,Rural,Non-Teaching,Mental Health,9934.0,5.0,761.0,Yes,Yes,1986.7960264079472,1,Overburdened,1,0,Low Volume,High Strain
Nonprofit,Rural,Non-Teaching,Mental Health,15236.0,11.0,932.5,Yes,Yes,1385.0896499185,1,Normal,1,0,Low Volume,Medium Strain
Nonprofit,Rural,Non-Teaching,Mental Health,26490.0,24.0,1588.5,No,No,1103.7495401043584,3,Normal,2,0,Medium Volume,Low Strain
Investor Owned,Rural,Non-Teaching,Mental Health,9268.0,9.0,229.0,Yes,Yes,1029.7766335815184,2,Under-Burdened,1,0,Low Volume,Low Strain
Nonprofit,Urban,Teaching,Mental Health,63937.0,48.0,4655.0,No,Yes,1332.0205558290509,6,Normal,3,0,High Volume,Medium Strain
Investor Owned,Rural,Non-Teaching,Mental Health,11554.0,12.0,2050.0,Yes,Yes,962.8325309728909,2,Under-Burdened,1,0,Low Volume,Low Strain
Government,Rural,Non-Teaching,Mental Health,30623.0,20.0,2954.0,Yes,Yes,1531.149234425383,4,Normal,1,0,Medium Volume,Medium Strain
Nonprofit,Urban,Non-Teaching,Mental Health,74433.0,36.0,2755.0,No,Yes,2067.582759004789,6,Overburdened,3,0,High Volume,High Strain
Government,Urban,Teaching,Mental Health,45491.0,30.0,5331.625,No,Yes,1516.3661612112796,5,Normal,2,0,Medium Volume,Medium Strain
Nonprofit,Urban,Non-Teaching,Mental Health,53560.0,40.0,4790.0,No,Yes,1338.9996652500836,5,Normal,3,0,High Volume,Medium Strain
Nonprofit,Frontier,Non-Teaching,Mental Health,2364.0,2.0,50.0,Yes,Yes,1181.9940900295499,1,Normal,1,0,Low Volume,Medium Strain
Nonprofit,Urban,Teaching,Mental Health,41196.0,26.0,1619.0,No,No,1584.4609290534888,6,Normal,2,0,Medium Volume,Medium Strain
Nonprofit,Urban,Non-Teaching,Mental Health,72057.0,46.0,720.0,Yes,No,1566.456181205178,6,Normal,3,0,High Volume,Medium Strain
Government,Urban,Non-Teaching,Mental Health,33564.0,14.0,1224.0,No,No,2397.4268589808153,4,Overburdened,4,0,Medium Volume,High Strain
Nonprofit,Urban,Non-Teaching,Mental Health,31471.5,22.0,2264.5,No,No,1430.5220770354194,3,Normal,2,0,Medium Volume,Medium Strain
Nonprofit,Urban,Non-Teaching,Mental Health,33640.5,16.0,3421.5,No,No,2102.52993591879,6,Overburdened,2,0,Medium Volume,High Strain
Nonprofit,Urban,Non-Teaching,Mental Health,52043.0,50.0,2912.0,No,No,1040.8597918280416,7,Under-Burdened,3,0,High Volume,Low Strain
Investor Owned,Urban,Non-Teaching,Mental Health,29638.0,21.0,2315.0,No,No,1411.3326612701612,4,Normal,4,0,Medium Volume,Medium Strain
Nonprofit,Urban,Non-Teaching,Mental Health,25109.5,16.0,1264.0,No,No,1569.3427691607694,6,Normal,2,0,Low Volume,Medium Strain
Investor Owned,Urban,Non-Teaching,Mental Health,50599.5,24.0,2699.0,No,No,2108.3116215368245,6,Overburdened,4,0,High Volume,High Strain
Nonprofit,Urban,Non-Teaching,Mental Health,109217.0,29.0,5331.625,Yes,Yes,3766.1021496199482,3,Overburdened,2,4,High Volume,High Strain
Government,Rural,Non-Teaching,Mental Health,10799.0,13.0,277.0,No,Yes,830.6916686987164,1,Under-Burdened,1,0,Low Volume,Low Strain
Nonprofit,Rural,Non-Teaching,Mental Health,6472.0,8.0,303.0,No,No,808.998988751264,4,Under-Burdened,1,0,Low Volume,Low Strain
Nonprofit,Rural,Non-Teaching,Mental Health,23312.0,18.0,1669.5,Yes,Yes,1295.110391605338,3,Normal,1,0,Low Volume,Medium Strain
Government,Urban,Non-Teaching,Mental Health,27460.0,23.0,1198.0,No,No,1193.912524385859,4,Normal,2,0,Medium Volume,Medium Strain
Nonprofit,Urban,Non-Teaching,Mental Health,11497.0,69.0,246.0,No,No,166.62316425751243,2,Under-Burdened,0,11,Low Volume,Low Strain
Nonprofit,Urban,Teaching,Mental Health,112998.5,72.0,5331.625,No,No,1569.4233931356398,5,Normal,0,0,High Volume,Medium Strain
Investor Owned,Urban,Teaching,Mental Health,87345.0,64.0,2262.0,Yes,Yes,1364.7654117554043,7,Normal,0,0,High Volume,Medium Strain
Nonprofit,Urban,Non-Teaching,Mental Health,51767.0,26.0,2270.0,No,Yes,1991.0376957547323,3,Overburdened,2,0,High Volume,High Strain
Nonprofit,Urban,Teaching,Mental Health,99973.0,59.0,5331.625,No,No,1694.4573399224846,5,Normal,0,0,High Volume,High Strain
Nonprofit,Urban,Non-Teaching,Mental Health,30920.5,20.0,2233.0,No,No,1546.0242269878865,6,Normal,2,0,Medium Volume,Medium Strain
Nonprofit,Urban,Non-Teaching,Mental Health,56462.0,31.0,2644.0,No,No,1821.3542511760481,6,Overburdened,2,0,High Volume,High Strain
Nonprofit,Urban,Non-Teaching,Mental Health,45169.5,29.0,2950.5,No,No,1557.56842842468,6,Normal,2,0,Medium Volume,Medium Strain
Nonprofit,Urban,Teaching,Mental Health,107243.0,53.0,5331.625,No,No,2023.4524484051983,5,Overburdened,3,0,High Volume,High Strain
Nonprofit,Urban,Non-Teaching,Mental Health,42886.0,25.0,2214.0,No,No,1715.4393138242744,3,Normal,2,0,Medium Volume,High Strain
Nonprofit,Urban,Teaching,Mental Health,112998.5,80.5,5331.625,Yes,No,1403.7079001605093,6,Normal,0,0,High Volume,Medium Strain
Nonprofit,Urban,Teaching,Mental Health,62646.0,24.0,2125.0,No,Yes,2610.2489123962864,6,Overburdened,2,0,High Volume,High Strain
Nonprofit,Frontier,Non-Teaching,Mental Health,4339.5,4.0,200.5,Yes,Yes,1084.8722878192805,1,Normal,1,0,Low Volume,Low Strain
Nonprofit,Urban,Non-Teaching,Mental Health,14965.0,39.0,859.0,No,No,383.7178503287563,4,Under-Burdened,3,0,Low Volume,Low Strain
Nonprofit,Urban,Teaching,Mental Health,112998.5,80.5,5331.625,No,No,1403.7079001605093,6,Normal,0,0,High Volume,Medium Strain
Nonprofit,Urban,Non-Teaching,Mental Health,5637.5,7.0,211.5,No,Yes,805.3559923485824,2,Under-Burdened,1,0,Low Volume,Low Strain
Investor Owned,Urban,Teaching,Mental Health,82844.0,62.0,4559.0,Yes,Yes,1336.1933328720431,6,Normal,0,0,High Volume,Medium Strain
Investor Owned,Urban,Non-Teaching,Mental Health,13380.0,22.0,688.0,No,No,608.1815417356629,5,Under-Burdened,4,0,Low Volume,Low Strain
Nonprofit,Urban,Non-Teaching,Mental Health,17158.0,17.0,532.0,No,No,1009.293523944986,4,Under-Burdened,2,0,Low Volume,Low Strain
Nonprofit,Urban,Teaching,Mental Health,43220.0,40.0,5331.625,No,No,1080.4997298750675,6,Under-Burdened,3,0,Medium Volume,Low Strain
Nonprofit,Urban,Non-Teaching,Mental Health,63151.0,40.0,3857.0,No,No,1578.7746053063486,5,Normal,3,0,High Volume,Medium Strain
Nonprofit,Urban,Teaching,Mental Health,73413.0,36.0,5331.625,No,No,2039.249433541824,5,Overburdened,3,0,High Volume,High Strain
Nonprofit,Urban,Teaching,Mental Health,74166.0,30.0,5331.625,No,No,2472.199175933608,6,Overburdened,2,0,High Volume,High Strain
Nonprofit,Urban,Non-Teaching,Mental Health,39333.0,24.0,2048.0,No,Yes,1638.8743171357012,5,Normal,2,0,Medium Volume,High Strain
Nonprofit,Urban,Non-Teaching,Mental Health,53345.0,27.0,5153.0,No,No,1975.740008985182,4,Overburdened,2,0,High Volume,High Strain
Nonprofit,Urban,Non-Teaching,Mental Health,59695.0,30.0,5331.625,No,Yes,1989.8326700557766,4,Overburdened,2,0,High Volume,High Strain
Government,Urban,Teaching,Mental Health,71708.0,73.0,5331.625,Yes,Yes,982.3012353012006,6,Under-Burdened,0,0,High Volume,Low Strain
Government,Urban,Non-Teaching,Mental Health,45896.0,35.0,4751.0,No,No,1311.313911053168,4,Normal,3,0,Medium Volume,Medium Strain
Nonprofit,Urban,Non-Teaching,Mental Health,34054.5,18.0,3992.0,No,No,1891.9156156024358,3,Overburdened,2,0,Medium Volume,High Strain
Nonprofit,Urban,Non-Teaching,Mental Health,23820.0,19.5,1676.5,No,Yes,1221.5378351088025,3,Normal,2,0,Low Volume,Medium Strain
Nonprofit,Urban,Non-Teaching,Mental Health,32229.0,23.0,1753.0,No,Yes,1401.260260321626,2,Normal,2,0,Medium Volume,Medium Strain
Government,Frontier,Non-Teaching,Mental Health,2837.0,2.0,122.0,Yes,Yes,1418.4929075354623,1,Normal,1,0,Low Volume,Medium Strain
Investor Owned,Urban,Non-Teaching,Mental Health,23943.0,20.0,1410.0,Yes,No,1197.1494014252994,6,Normal,4,0,Low Volume,Medium Strain
Government,Urban,Teaching,Mental Health,32425.0,41.0,5331.625,No,No,790.8534656454962,6,Under-Burdened,3,0,Medium Volume,Low Strain
Nonprofit,Rural,Non-Teaching,Mental Health,28244.0,16.0,2194.0,Yes,Yes,1765.2488967194397,3,Overburdened,1,0,Medium Volume,High Strain
Government,Frontier,Non-Teaching,Mental Health,4834.0,4.0,287.0,Yes,Yes,1208.4969787575533,2,Normal,1,0,Low Volume,Medium Strain
Nonprofit,Urban,Non-Teaching,Mental Health,58831.0,56.0,5331.625,No,No,1050.5533838297529,6,Under-Burdened,3,0,High Volume,Low Strain
Investor Owned,Urban,Non-Teaching,Mental Health,73328.0,64.0,2971.0,Yes,Yes,1145.7498209765904,6,Normal,0,0,High Volume,Low Strain
Government,Urban,Teaching,Mental Health,68827.0,44.0,5331.625,No,Yes,1564.249644488717,6,Normal,3,0,High Volume,Medium Strain
Nonprofit,Urban,Non-Teaching,Mental Health,51901.0,24.0,3738.0,No,Yes,2162.540765608014,6,Overburdened,2,0,High Volume,High Strain
Government,Urban,Teaching,Mental Health,33076.0,52.0,2246.0,No,No,636.0768007544614,7,Under-Burdened,3,0,Medium Volume,Low Strain
Nonprofit,Urban,Non-Teaching,Mental Health,28108.0,21.0,3883.0,Yes,Yes,1338.4755531068795,5,Normal,1,0,Medium Volume,Medium Strain
Investor Owned,Urban,Non-Teaching,Mental Health,67670.0,62.0,5331.625,Yes,Yes,1091.4514368626715,6,Normal,0,0,High Volume,Low Strain
Government,Urban,Non-Teaching,Obesity,13261.0,12.0,331.3333333333333,No,No,1105.082412431323,3,Normal,4,0,Low Volume,Low Strain
Nonprofit,Urban,Non-Teaching,Obesity,29420.666666666668,22.0,231.66666666666666,No,No,1337.302422438293,6,Normal,2,0,Medium Volume,Medium Strain
Nonprofit,Urban,Teaching,Obesity,30782.5,40.0,429.0,No,No,769.562307609423,4,Under-Burdened,3,0,Medium Volume,Low Strain
Government,Urban,Non-Teaching,Obesity,65082.0,59.0,571.0,No,No,1103.0845587992274,5,Normal,0,0,High Volume,Low Strain
Nonprofit,Urban,Non-Teaching,Obesity,29479.0,30.0,301.6666666666667,No,No,982.633005788998,6,Under-Burdened,2,0,Medium Volume,Low Strain
Government,Urban,Non-Teaching,Obesity,42180.666666666664,39.0,527.0,No,No,1081.5552782336893,6,Normal,3,0,Medium Volume,Low Strain
Nonprofit,Urban,Non-Teaching,Obesity,28620.0,17.0,6.0,No,No,1683.5284214538697,4,Normal,2,0,Medium Volume,High Strain
Nonprofit,Urban,Non-Teaching,Obesity,37801.333333333336,18.0,2397.6666666666665,No,No,2100.0729073669036,3,Overburdened,2,0,Medium Volume,High Strain
Nonprofit,Urban,Non-Teaching,Obesity,31745.0,22.0,270.6666666666667,No,No,1442.9538895664139,3,Normal,2,0,Medium Volume,Medium Strain
Nonprofit,Urban,Non-Teaching,Obesity,110997.0,80.0,5112.5,No,No,1387.4623265672092,6,Normal,0,0,High Volume,Medium Strain
Nonprofit,Urban,Non-Teaching,Obesity,66977.0,40.0,4172.333333333333,No,No,1674.4245813938546,5,Normal,3,0,High Volume,High Strain
Nonprofit,Rural,Non-Teaching,Obesity,24025.0,14.0,262.3333333333333,Yes,No,1716.070202806998,2,Normal,1,0,Low Volume,High Strain
Nonprofit,Rural,Non-Teaching,Obesity,9708.5,5.0,130.0,Yes,Yes,1941.696116607767,3,Overburdened,1,0,Low Volume,High Strain
Nonprofit,Rural,Non-Teaching,Obesity,8570.0,14.0,79.5,Yes,Yes,612.1424198982716,3,Under-Burdened,1,0,Low Volume,Low Strain
Nonprofit,Urban,Non-Teaching,Obesity,55911.0,49.0,694.6666666666666,No,Yes,1141.0405834611054,5,Normal,3,0,High Volume,Low Strain
Nonprofit,Rural,Non-Teaching,Obesity,10039.0,8.0,155.66666666666666,Yes,Yes,1254.8734314082108,1,Normal,1,0,Low Volume,Medium Strain
Nonprofit,Urban,Non-Teaching,Obesity,41025.0,30.0,341.6666666666667,No,No,1367.4995441668186,3,Normal,2,0,Medium Volume,Medium Strain
Nonprofit,Urban,Non-Teaching,Obesity,46164.333333333336,44.0,699.6666666666666,No,No,1049.1891554873132,7,Under-Burdened,3,0,Medium Volume,Low Strain
Nonprofit,Urban,Non-Teaching,Obesity,63404.333333333336,52.0,2958.3333333333335,No,No,1219.3138680806665,5,Normal,3,0,High Volume,Medium Strain
Nonprofit,Urban,Non-Teaching,Obesity,50722.333333333336,32.0,959.6666666666666,No,No,1585.072421331535,5,Normal,2,0,High Volume,Medium Strain
Investor Owned,Urban,Non-Teaching,Obesity,16929.333333333332,12.0,89.66666666666667,No,No,1410.7766021306093,3,Normal,4,0,Low Volume,Medium Strain
Nonprofit,Urban,Non-Teaching,Obesity,63958.666666666664,36.0,3793.6666666666665,No,No,1776.629136121536,4,Overburdened,3,0,High Volume,High Strain
Nonprofit,Rural,Non-Teaching,Obesity,16776.666666666668,12.0,127.66666666666667,Yes,Yes,1398.0543905102302,3,Normal,1,0,Low Volume,Medium Strain
Nonprofit,Rural,Non-Teaching,Obesity,55450.333333333336,59.0,686.0,Yes,Yes,939.8359988978533,6,Under-Burdened,0,1,High Volume,Low Strain
Investor Owned,Rural,Non-Teaching,Obesity,7588.5,9.0,9.5,Yes,Yes,843.1657298158558,3,Under-Burdened,1,0,Low Volume,Low Strain
Nonprofit,Urban,Teaching,Obesity,80788.66666666667,73.0,1947.3333333333333,Yes,No,1106.693912325035,7,Normal,0,0,High Volume,Low Strain
Nonprofit,Rural,Non-Teaching,Obesity,35672.666666666664,10.0,475.3333333333333,Yes,Yes,3567.263099403567,1,Overburdened,1,2,Medium Volume,High Strain
Nonprofit,Urban,Non-Teaching,Obesity,57338.0,48.0,684.0,No,Yes,1194.5414178038711,6,Normal,3,0,High Volume,Medium Strain
Nonprofit,Urban,Non-Teaching,Obesity,47511.333333333336,21.0,3357.6666666666665,No,Yes,2262.4433670904605,4,Overburdened,2,0,Medium Volume,High Strain
Investor Owned,Frontier,Non-Teaching,Obesity,5907.0,4.333333333333333,22.0,Yes,Yes,1363.1507004214607,1,Normal,1,0,Low Volume,Medium Strain
Investor Owned,Rural,Non-Teaching,Obesity,10314.0,8.0,127.0,Yes,Yes,1289.2483884395144,1,Normal,1,0,Low Volume,Medium Strain
Investor Owned,Rural,Non-Teaching,Obesity,28371.0,20.0,287.0,Yes,Yes,1418.5492907253547,3,Normal,1,0,Medium Volume,Medium Strain
Government,Rural,Non-Teaching,Obesity,39829.0,16.0,78.5,Yes,Yes,2489.31094418066,3,Overburdened,1,0,Medium Volume,High Strain
Government,Rural,Non-Teaching,Obesity,7991.666666666667,7.666666666666667,66.33333333333333,No,No,1042.3899447087679,1,Under-Burdened,4,0,Low Volume,Low Strain
Government,Frontier,Non-Teaching,Obesity,1610.0,2.0,3.5,Yes,No,804.9959750201249,1,Under-Burdened,1,0,Low Volume,Low Strain
Nonprofit,Urban,Non-Teaching,Obesity,28485.0,10.0,222.0,Yes,Yes,2848.4971515028487,4,Overburdened,1,0,Medium Volume,High Strain
Government,Frontier,Non-Teaching,Obesity,6546.333333333333,8.0,21.666666666666668,Yes,Yes,818.290643803362,3,Under-Burdened,1,0,Low Volume,Low Strain
Nonprofit,Urban,Non-Teaching,Obesity,64106.0,42.666666666666664,1591.6666666666667,No,Yes,1502.484022855307,3,Normal,3,0,High Volume,Medium Strain
Nonprofit,Rural,Non-Teaching,Obesity,15535.666666666666,12.0,23.333333333333332,Yes,Yes,1294.6378100240472,2,Normal,1,0,Low Volume,Medium Strain
Nonprofit,Rural,Non-Teaching,Obesity,20035.333333333332,13.0,1185.3333333333333,Yes,Yes,1541.1783016577167,1,Normal,1,0,Low Volume,Medium Strain
Nonprofit,Urban,Non-Teaching,Obesity,88985.33333333333,40.666666666666664,1156.3333333333333,Yes,Yes,2188.163396353263,4,Overburdened,3,0,High Volume,High Strain
Nonprofit,Rural,Non-Teaching,Obesity,18720.666666666668,8.0,2351.0,Yes,Yes,2340.080408232823,1,Overburdened,1,0,Low Volume,High Strain
Nonprofit,Rural,Non-Teaching,Obesity,18771.0,12.0,57.666666666666664,Yes,Yes,1564.2486964594198,1,Normal,1,0,Low Volume,Medium Strain
Nonprofit,Rural,Non-Teaching,Obesity,10002.666666666666,8.0,41.333333333333336,Yes,Yes,1250.3317704186202,1,Normal,1,0,Low Volume,Medium Strain
Investor Owned,Urban,Non-Teaching,Obesity,14433.0,8.0,546.5,No,No,1804.122744846569,3,Overburdened,4,0,Low Volume,High Strain
Government,Urban,Non-Teaching,Obesity,102466.66666666667,42.666666666666664,1077.3333333333333,No,Yes,2401.561937133921,6,Overburdened,3,3,High Volume,High Strain
Nonprofit,Urban,Non-Teaching,Obesity,36011.0,26.0,329.0,No,No,1385.0379288315658,6,Normal,2,0,Medium Volume,Medium Strain
Investor Owned,Urban,Non-Teaching,Obesity,12317.0,17.0,172.0,No,No,724.528985571185,6,Under-Burdened,4,0,Low Volume,Low Strain
Nonprofit,Urban,Non-Teaching,Obesity,57101.0,35.0,575.0,No,No,1631.4566767266635,6,Normal,3,0,High Volume,High Strain
Investor Owned,Urban,Non-Teaching,Obesity,34882.0,50.5,123.0,Yes,No,690.7325364886066,6,Under-Burdened,3,0,Medium Volume,Low Strain
Nonprofit,Urban,Teaching,Obesity,65446.0,41.0,63.0,Yes,No,1596.2435131113382,6,Normal,3,0,High Volume,High Strain
Investor Owned,Urban,Non-Teaching,Obesity,29986.333333333332,14.0,195.33333333333334,No,Yes,2141.879422467079,2,Overburdened,4,0,Medium Volume,High Strain
Investor Owned,Urban,Non-Teaching,Obesity,3751.5,4.0,55.5,Yes,Yes,937.8726553183618,3,Under-Burdened,1,0,Low Volume,Low Strain
Investor Owned,Urban,Non-Teaching,Obesity,20267.0,12.0,111.0,No,No,1688.915259237284,5,Normal,4,0,Low Volume,High Strain
Investor Owned,Urban,Non-Teaching,Obesity,33361.5,14.0,276.5,No,No,2382.9625835981547,4,Overburdened,4,0,Medium Volume,High Strain
Nonprofit,Urban,Non-Teaching,Obesity,46487.666666666664,30.666666666666668,166.33333333333334,No,No,1515.9016795972782,4,Normal,2,0,Medium Volume,Medium Strain
Investor Owned,Urban,Non-Teaching,Obesity,9859.5,8.0,131.0,Yes,Yes,1232.4359594550508,3,Normal,1,0,Low Volume,Medium Strain
Investor Owned,Urban,Non-Teaching,Obesity,6710.333333333333,9.0,148.0,No,No,745.591764157299,3,Under-Burdened,4,0,Low Volume,Low Strain
Investor Owned,Urban,Non-Teaching,Obesity,16033.333333333334,21.0,88.66666666666667,No,No,763.4916999245874,5,Under-Burdened,4,0,Low Volume,Low Strain
Nonprofit,Urban,Non-Teaching,Obesity,39767.5,37.0,1890.5,No,No,1074.7970068116197,7,Under-Burdened,3,0,Medium Volume,Low Strain
Investor Owned,Urban,Non-Teaching,Obesity,18635.5,9.0,217.5,Yes,No,2070.608810434655,3,Overburdened,4,0,Low Volume,High Strain
Nonprofit,Urban,Non-Teaching,Obesity,79359.66666666667,32.0,314.6666666666667,No,No,2479.9888083368305,6,Overburdened,2,0,High Volume,High Strain
Nonprofit,Urban,Non-Teaching,Obesity,68964.66666666667,30.0,1680.6666666666667,Yes,No,2298.8214559484036,7,Overburdened,2,0,High Volume,High Strain
Nonprofit,Urban,Teaching,Obesity,53635.333333333336,57.0,2321.6666666666665,Yes,No,940.9705951513575,6,Under-Burdened,0,0,High Volume,Low Strain
Nonprofit,Urban,Non-Teaching,Obesity,62426.5,49.5,3264.5,Yes,No,1261.1411593654223,5,Normal,3,0,High Volume,Medium Strain
Nonprofit,Urban,Non-Teaching,Obesity,61938.666666666664,41.0,3442.0,No,No,1510.6988185287432,5,Normal,3,0,High Volume,Medium Strain
Nonprofit,Urban,Non-Teaching,Obesity,79005.0,53.0,2814.3333333333335,No,No,1490.6600961018685,5,Normal,3,0,High Volume,Medium Strain
Nonprofit,Urban,Non-Teaching,Obesity,40703.0,29.0,244.5,No,No,1403.5512401547448,6,Normal,2,0,Medium Volume,Medium Strain
Nonprofit,Urban,Non-Teaching,Obesity,32344.666666666668,18.0,550.0,No,No,1796.9249276342996,3,Overburdened,2,0,Medium Volume,High Strain
Investor Owned,Urban,Non-Teaching,Obesity,36378.0,15.0,190.0,No,No,2425.198383201078,5,Overburdened,4,0,Medium Volume,High Strain
Investor Owned,Urban,Non-Teaching,Obesity,29577.0,10.666666666666666,1311.0,Yes,No,2772.841150461422,4,Overburdened,4,0,Medium Volume,High Strain
Nonprofit,Urban,Teaching,Obesity,72059.5,64.0,1001.0,No,No,1125.9295115735138,6,Normal,0,0,High Volume,Low Strain
Nonprofit,Urban,Non-Teaching,Obesity,35037.666666666664,29.0,447.3333333333333,No,No,1208.19498567989,6,Normal,2,0,Medium Volume,Medium Strain
Investor Owned,Urban,Non-Teaching,Obesity,16074.666666666666,5.666666666666667,161.33333333333334,No,No,2836.700876410218,3,Overburdened,4,0,Low Volume,High Strain
Nonprofit,Urban,Teaching,Obesity,54946.0,55.5,351.5,No,No,990.0178396364253,7,Under-Burdened,3,0,High Volume,Low Strain
Nonprofit,Urban,Non-Teaching,Obesity,47234.0,37.0,493.0,No,No,1276.5942495691215,6,Normal,3,0,Medium Volume,Medium Strain
Investor Owned,Urban,Non-Teaching,Obesity,4946.5,4.0,36.0,No,No,1236.621908445229,2,Normal,4,0,Low Volume,Medium Strain
Investor Owned,Urban,Non-Teaching,Obesity,6297.5,7.0,129.0,No,No,899.6415719406116,3,Under-Burdened,4,0,Low Volume,Low Strain
Nonprofit,Urban,Non-Teaching,Obesity,77714.0,71.0,350.0,No,No,1094.5632261178555,6,Normal,0,0,High Volume,Low Strain
Nonprofit,Urban,Non-Teaching,Obesity,57211.0,61.0,205.0,No,No,937.8850921499849,7,Under-Burdened,0,0,High Volume,Low Strain
Investor Owned,Urban,Non-Teaching,Obesity,12230.666666666666,8.0,32.666666666666664,No,No,1528.8314222940555,3,Normal,4,0,Low Volume,Medium Strain
Nonprofit,Urban,Non-Teaching,Obesity,32363.666666666668,15.333333333333334,140.0,No,No,2110.672536517911,5,Overburdened,2,0,Medium Volume,High Strain
Government,Urban,Non-Teaching,Obesity,31796.5,21.0,390.5,No,No,1514.1183266103208,5,Normal,2,0,Medium Volume,Medium Strain
Investor Owned,Urban,Non-Teaching,Obesity,6826.0,7.0,42.0,Yes,No,975.1414640836227,5,Under-Burdened,4,0,Low Volume,Low Strain
Nonprofit,Urban,Non-Teaching,Obesity,18475.333333333332,12.0,111.33333333333333,No,No,1539.609828102921,4,Normal,2,0,Low Volume,Medium Strain
Investor Owned,Urban,Non-Teaching,Obesity,46827.333333333336,41.333333333333336,33.666666666666664,Yes,Yes,1132.9190807453836,6,Normal,3,0,Medium Volume,Low Strain
Nonprofit,Urban,Non-Teaching,Obesity,23936.333333333332,27.0,77.66666666666667,No,No,886.530535852888,5,Under-Burdened,2,0,Low Volume,Low Strain
Nonprofit,Urban,Non-Teaching,Obesity,50359.333333333336,40.0,204.33333333333334,No,No,1258.9830185875787,6,Normal,3,0,High Volume,Medium Strain
Investor Owned,Urban,Non-Teaching,Obesity,9195.333333333334,8.0,190.66666666666666,No,No,1149.4152298976294,3,Normal,4,0,Low Volume,Low Strain
Nonprofit,Urban,Non-Teaching,Obesity,43418.0,32.0,101.33333333333333,No,No,1356.8120759962262,6,Normal,2,0,Medium Volume,Medium Strain
Nonprofit,Urban,Non-Teaching,Obesity,21073.5,13.0,252.0,No,No,1621.037214586758,4,Normal,2,0,Low Volume,High Strain
Investor Owned,Urban,Non-Teaching,Obesity,46270.0,30.0,538.6666666666666,No,No,1542.3328192223937,5,Normal,4,0,Medium Volume,Medium Strain
Nonprofit,Urban,Teaching,Obesity,49428.0,28.0,3163.0,No,No,1765.285083826756,6,Overburdened,2,0,High Volume,High Strain
Investor Owned,Urban,Non-Teaching,Obesity,23054.5,13.0,197.5,No,No,1773.4217127525287,4,Overburdened,4,0,Low Volume,High Strain
Nonprofit,Urban,Non-Teaching,Obesity,52035.666666666664,30.0,341.3333333333333,No,No,1734.5216440483407,6,Normal,2,0,High Volume,High Strain
Government,Urban,Teaching,Obesity,73969.0,72.66666666666667,3099.6666666666665,Yes,No,1017.9218782676313,6,Under-Burdened,0,0,High Volume,Low Strain
Government,Urban,Teaching,Obesity,105955.5,80.5,2085.5,No,No,1316.2172277991021,7,Normal,0,0,High Volume,Medium Strain
Nonprofit,Urban,Teaching,Obesity,99493.0,29.0,2081.0,Yes,Yes,3430.791920416579,3,Overburdened,2,4,High Volume,High Strain
Government,Urban,Teaching,Obesity,50463.666666666664,50.666666666666664,2617.3333333333335,No,No,995.9932244750214,6,Under-Burdened,3,0,High Volume,Low Strain
Nonprofit,Urban,Non-Teaching,Obesity,40780.666666666664,37.333333333333336,1545.3333333333333,No,No,1092.3389931234838,5,Normal,3,0,Medium Volume,Low Strain
Nonprofit,Urban,Non-Teaching,Obesity,67262.0,33.0,4334.666666666667,Yes,No,2038.2418065933919,5,Overburdened,2,0,High Volume,High Strain
Nonprofit,Urban,Non-Teaching,Obesity,92182.33333333333,80.0,5331.625,No,No,1152.2790226317886,6,Normal,0,0,High Volume,Low Strain
Investor Owned,Urban,Non-Teaching,Obesity,64397.333333333336,35.0,817.3333333333334,Yes,Yes,1839.9232838314426,4,Overburdened,3,0,High Volume,High Strain
Nonprofit,Rural,Non-Teaching,Obesity,77745.33333333333,38.0,684.3333333333334,Yes,Yes,2045.9292861589595,6,Overburdened,3,1,High Volume,High Strain
Nonprofit,Urban,Non-Teaching,Obesity,27449.0,19.0,1220.0,No,No,1444.683450166605,3,Normal,2,0,Medium Volume,Medium Strain
Nonprofit,Urban,Non-Teaching,Obesity,29936.333333333332,31.0,219.0,No,No,965.6878605307977,6,Under-Burdened,2,0,Medium Volume,Low Strain
Nonprofit,Urban,Non-Teaching,Obesity,14621.0,9.0,31.333333333333332,No,No,1624.553750495833,1,Normal,2,0,Low Volume,High Strain
Government,Rural,Non-Teaching,Obesity,6284.0,3.6666666666666665,25.0,Yes,Yes,1713.8135077813424,1,Normal,1,0,Low Volume,High Strain
Nonprofit,Rural,Non-Teaching,Obesity,9094.0,6.0,236.33333333333334,Yes,Yes,1515.6641405597659,1,Normal,1,0,Low Volume,Medium Strain
Nonprofit,Rural,Non-Teaching,Obesity,28163.666666666668,19.0,3131.0,Yes,Yes,1482.2974654574743,2,Normal,1,0,Medium Volume,Medium Strain
Nonprofit,Rural,Non-Teaching,Obesity,13366.0,9.0,1369.0,Yes,Yes,1485.1094609894878,1,Normal,1,0,Low Volume,Medium Strain
Nonprofit,Rural,Non-Teaching,Obesity,25567.333333333332,10.0,278.0,Yes,Yes,2556.7307766025565,1,Overburdened,1,0,Medium Volume,High Strain
Nonprofit,Urban,Non-Teaching,Obesity,57461.0,26.0,870.3333333333334,Yes,Yes,2210.0376115239956,4,Overburdened,2,0,High Volume,High Strain
Government,Frontier,Non-Teaching,Obesity,511.0,1.0,9.0,Yes,Yes,510.99489005109945,1,Under-Burdened,1,0,Low Volume,Low Strain
Nonprofit,Urban,Non-Teaching,Obesity,41278.666666666664,30.666666666666668,559.3333333333334,No,No,1346.0430393337915,5,Normal,2,0,Medium Volume,Medium Strain
Nonprofit,Rural,Non-Teaching,Obesity,14553.0,6.0,482.0,No,Yes,2425.495957506738,2,Overburdened,1,0,Low Volume,High Strain
Government,Urban,Non-Teaching,Obesity,50028.333333333336,16.0,1254.6666666666667,Yes,Yes,3126.768879102784,5,Overburdened,1,0,High Volume,High Strain
Government,Urban,Non-Teaching,Obesity,51527.5,19.0,248.0,Yes,Yes,2711.972256856707,4,Overburdened,1,0,High Volume,High Strain
Investor Owned,Urban,Non-Teaching,Obesity,24487.0,18.0,589.0,No,No,1360.3881331177038,4,Normal,4,0,Low Volume,Medium Strain
Nonprofit,Rural,Non-Teaching,Obesity,6034.5,8.0,468.0,No,No,754.3115571105536,3,Under-Burdened,1,0,Low Volume,Low Strain
Government,Rural,Non-Teaching,Obesity,12749.5,15.0,128.5,Yes,Yes,849.9661000226,2,Under-Burdened,1,0,Low Volume,Low Strain
Nonprofit,Urban,Non-Teaching,Obesity,92289.0,35.666666666666664,892.0,No,No,2587.5413305958887,6,Overburdened,3,0,High Volume,High Strain
Nonprofit,Urban,Non-Teaching,Obesity,27767.5,26.0,361.5,No,No,1067.9803584690928,5,Under-Burdened,2,0,Medium Volume,Low Strain
Investor Owned,Urban,Teaching,Obesity,23505.0,30.0,188.0,No,Yes,783.4997388334205,5,Under-Burdened,4,0,Low Volume,Low Strain
Investor Owned,Urban,Non-Teaching,Obesity,5063.0,8.0,26.0,No,No,632.8742089072389,3,Under-Burdened,4,0,Low Volume,Low Strain
Investor Owned,Urban,Non-Teaching,Obesity,12153.0,11.0,15.0,No,Yes,1104.8171774389295,4,Normal,4,0,Low Volume,Low Strain
Nonprofit,Urban,Non-Teaching,Obesity,100965.66666666667,80.5,1645.6666666666667,No,No,1254.2317282527874,6,Normal,0,0,High Volume,Medium Strain
Investor Owned,Urban,Non-Teaching,Obesity,11960.0,12.0,165.66666666666666,No,No,996.6658361118033,3,Under-Burdened,4,0,Low Volume,Low Strain
Investor Owned,Urban,Non-Teaching,Obesity,11887.333333333334,11.0,58.333333333333336,No,No,1080.6656842433174,3,Normal,4,0,Low Volume,Low Strain
Investor Owned,Urban,Non-Teaching,Obesity,25199.5,23.0,205.0,No,No,1095.6299584217572,4,Normal,4,0,Low Volume,Low Strain
Investor Owned,Urban,Non-Teaching,Obesity,11411.0,10.0,22.0,Yes,No,1141.098858901141,4,Normal,4,0,Low Volume,Low Strain
Nonprofit,Urban,Non-Teaching,Obesity,34495.5,44.5,202.0,No,No,775.1796010832356,6,Under-Burdened,3,0,Medium Volume,Low Strain
Government,Urban,Teaching,Obesity,42020.0,50.666666666666664,967.0,Yes,No,829.3419415772483,6,Under-Burdened,3,0,Medium Volume,Low Strain
Investor Owned,Urban,Non-Teaching,Obesity,19240.0,12.0,118.0,Yes,No,1603.3319972233357,4,Normal,4,0,Low Volume,High Strain
Nonprofit,Urban,Non-Teaching,Obesity,27262.5,31.0,204.5,No,No,879.4352001821935,5,Under-Burdened,2,0,Medium Volume,Low Strain
Nonprofit,Urban,Non-Teaching,Obesity,14340.0,20.0,45.666666666666664,No,No,716.9996415001792,4,Under-Burdened,2,0,Low Volume,Low Strain
Nonprofit,Urban,Non-Teaching,Obesity,53749.666666666664,36.0,316.6666666666667,No,No,1493.045881561329,6,Normal,3,0,High Volume,Medium Strain
Investor Owned,Urban,Non-Teaching,Obesity,4135.333333333333,8.0,20.333333333333332,No,No,516.916020521641,4,Under-Burdened,4,0,Low Volume,Low Strain
Investor Owned,Urban,Non-Teaching,Obesity,24221.0,24.0,159.33333333333334,Yes,No,1009.2079128300363,5,Under-Burdened,4,0,Low Volume,Low Strain
Investor Owned,Urban,Non-Teaching,Obesity,17550.0,17.5,15.5,No,No,1002.8565697962458,5,Under-Burdened,4,0,Low Volume,Low Strain
Nonprofit,Urban,Non-Teaching,Obesity,109291.5,72.0,3473.0,No,No,1517.9372891753765,5,Normal,0,0,High Volume,Medium Strain
Nonprofit,Urban,Non-Teaching,Obesity,26386.333333333332,14.0,241.0,No,Yes,1884.7367489975602,2,Overburdened,2,0,Medium Volume,High Strain
Nonprofit,Urban,Non-Teaching,Obesity,69937.5,69.0,363.5,No,No,1013.5868096251,6,Under-Burdened,0,0,High Volume,Low Strain
Nonprofit,Urban,Non-Teaching,Obesity,112998.5,62.0,5331.625,No,No,1822.5561576522325,6,Overburdened,0,0,High Volume,High Strain
Government,Frontier,Non-Teaching,Obesity,3495.0,3.0,19.666666666666668,Yes,Yes,1164.996116679611,1,Normal,1,0,Low Volume,Medium Strain
Government,Frontier,Non-Teaching,Obesity,2546.6666666666665,2.0,15.666666666666666,Yes,Yes,1273.3269666984997,1,Normal,1,0,Low Volume,Medium Strain
Investor Owned,Urban,Non-Teaching,Obesity,44698.666666666664,30.0,352.0,No,Yes,1489.9550589038693,4,Normal,4,0,Medium Volume,Medium Strain
Investor Owned,Urban,Non-Teaching,Obesity,54417.5,28.0,201.5,No,Yes,1943.4814487566255,6,Overburdened,4,0,High Volume,High Strain
Investor Owned,Urban,Non-Teaching,Obesity,39938.5,29.0,880.0,Yes,Yes,1377.189180279593,6,Normal,4,0,Medium Volume,Medium Strain
Investor Owned,Urban,Non-Teaching,Obesity,45627.5,12.0,398.5,No,Yes,3802.2884980929184,3,Overburdened,4,5,Medium Volume,High Strain
Government,Rural,Non-Teaching,Obesity,7767.0,7.0,117.0,Yes,Yes,1109.5698434716523,1,Normal,1,0,Low Volume,Low Strain
Investor Owned,Urban,Non-Teaching,Obesity,45660.666666666664,41.0,193.66666666666666,No,Yes,1113.6745251200343,4,Normal,3,0,Medium Volume,Low Strain
Government,Urban,Non-Teaching,Obesity,37046.333333333336,28.0,134.0,No,Yes,1323.0828608037402,2,Normal,2,0,Medium Volume,Medium Strain
Investor Owned,Urban,Non-Teaching,Obesity,15067.333333333334,12.0,201.33333333333334,Yes,No,1255.6100647693906,2,Normal,4,0,Low Volume,Medium Strain
Nonprofit,Urban,Non-Teaching,Obesity,54291.666666666664,41.0,2368.0,No,Yes,1324.1866688975604,5,Normal,3,0,High Volume,Medium Strain
Nonprofit,Urban,Non-Teaching,Obesity,47474.5,26.0,2369.5,No,Yes,1825.9416054070748,2,Overburdened,2,0,Medium Volume,High Strain
Investor Owned,Urban,Non-Teaching,Obesity,90694.33333333333,53.0,927.0,No,Yes,1711.213513607513,3,Normal,3,6,High Volume,High Strain
Investor Owned,Urban,Non-Teaching,Obesity,35054.666666666664,21.0,433.6666666666667,No,No,1669.2690463798192,3,Normal,4,0,Medium Volume,High Strain
Nonprofit,Urban,Non-Teaching,Obesity,47299.5,58.5,827.5,No,Yes,808.5383233267823,3,Under-Burdened,0,0,Medium Volume,Low Strain
Nonprofit,Urban,Non-Teaching,Obesity,95381.5,59.0,3678.5,No,No,1616.6353192143526,5,Normal,0,0,High Volume,High Strain
Government,Urban,Teaching,Obesity,63503.666666666664,70.0,979.0,No,No,907.1951084959368,7,Under-Burdened,0,0,High Volume,Low Strain
Nonprofit,Urban,Non-Teaching,Obesity,84523.33333333333,51.333333333333336,2374.3333333333335,No,No,1646.5581208003657,7,Normal,3,0,High Volume,High Strain
Nonprofit,Urban,Non-Teaching,Obesity,106119.0,53.0,5331.625,No,No,2002.2449052368102,5,Overburdened,3,0,High Volume,High Strain
Government,Rural,Non-Teaching,Obesity,21385.333333333332,18.0,7.0,Yes,No,1188.0734140332884,2,Normal,1,0,Low Volume,Medium Strain
Government,Rural,Non-Teaching,Obesity,11297.666666666666,7.0,11.666666666666666,Yes,Yes,1613.9500753094162,1,Normal,1,0,Low Volume,High Strain
Investor Owned,Urban,Non-Teaching,Obesity,33224.0,15.0,485.0,No,No,2214.9318567120954,3,Overburdened,4,0,Medium Volume,High Strain
Investor Owned,Urban,Non-Teaching,Obesity,22289.0,12.0,69.0,No,Yes,1857.4151188207343,3,Overburdened,4,0,Low Volume,High Strain
Nonprofit,Urban,Non-Teaching,Obesity,112998.5,80.5,3736.5,Yes,No,1403.7079001605093,6,Normal,0,0,High Volume,Medium Strain
Nonprofit,Urban,Teaching,Obesity,40403.0,40.0,1252.0,No,No,1010.074747481313,6,Under-Burdened,3,0,Medium Volume,Low Strain
Government,Rural,Non-Teaching,Obesity,8291.666666666666,6.0,16.666666666666668,Yes,Yes,1381.9421412075424,1,Normal,1,0,Low Volume,Medium Strain
Nonprofit,Urban,Non-Teaching,Obesity,75626.66666666667,52.0,555.6666666666666,No,Yes,1454.35869467461,6,Normal,3,0,High Volume,Medium Strain
Nonprofit,Urban,Non-Teaching,Obesity,53317.333333333336,18.0,580.3333333333334,No,Yes,2962.0724284782805,6,Overburdened,2,0,High Volume,High Strain
Nonprofit,Urban,Non-Teaching,Obesity,62192.333333333336,43.0,605.0,No,Yes,1446.3329969768224,5,Normal,3,0,High Volume,Medium Strain
Investor Owned,Urban,Non-Teaching,Obesity,30790.0,16.0,755.0,Yes,Yes,1924.3737972663766,3,Overburdened,4,0,Medium Volume,High Strain
Investor Owned,Rural,Non-Teaching,Obesity,22806.333333333332,15.333333333333334,46.0,Yes,Yes,1487.3685951943944,4,Normal,1,0,Low Volume,Medium Strain
Investor Owned,Urban,Non-Teaching,Obesity,35471.0,20.333333333333332,344.3333333333333,Yes,Yes,1744.4745518977616,3,Normal,4,0,Medium Volume,High Strain
Government,Urban,Teaching,Obesity,57942.0,47.0,1449.0,Yes,No,1232.8082483386704,6,Normal,3,0,High Volume,Medium Strain
Investor Owned,Rural,Non-Teaching,Obesity,25407.666666666668,16.0,335.0,Yes,Yes,1587.9781741803079,1,Normal,1,0,Medium Volume,High Strain
Nonprofit,Urban,Non-Teaching,Obesity,23200.666666666668,15.0,911.6666666666666,No,Yes,1546.710079971058,2,Normal,2,0,Low Volume,Medium Strain
Nonprofit,Urban,Non-Teaching,Obesity,79146.5,63.0,3597.5,No,No,1256.2934513819919,7,Normal,0,0,High Volume,Medium Strain
Nonprofit,Urban,Non-Teaching,Obesity,86469.0,80.5,4040.3333333333335,No,Yes,1074.148934888331,7,Under-Burdened,0,0,High Volume,Low Strain
Nonprofit,Urban,Non-Teaching,Obesity,112241.5,80.5,5331.625,No,No,1394.3041746205993,6,Normal,0,0,High Volume,Medium Strain
Nonprofit,Urban,Teaching,Obesity,96961.66666666667,77.33333333333333,1385.6666666666667,No,No,1253.8144930412295,6,Normal,0,0,High Volume,Medium Strain
Investor Owned,Urban,Non-Teaching,Obesity,17293.0,20.0,37.666666666666664,Yes,Yes,864.6495676752162,5,Under-Burdened,4,0,Low Volume,Low Strain
Nonprofit,Urban,Non-Teaching,Obesity,37200.666666666664,47.0,823.6666666666666,No,No,791.5033776943167,6,Under-Burdened,3,0,Medium Volume,Low Strain
Government,Urban,Non-Teaching,Obesity,39953.666666666664,40.0,147.33333333333334,No,No,998.8414169563123,6,Under-Burdened,3,0,Medium Volume,Low Strain
Government,Urban,Teaching,Obesity,60332.5,80.5,1618.5,No,No,749.4719565873346,6,Under-Burdened,0,0,High Volume,Low Strain
Nonprofit,Urban,Non-Teaching,Obesity,63761.0,48.0,2292.0,No,No,1328.3538899262728,6,Normal,3,0,High Volume,Medium Strain
Government,Urban,Non-Teaching,Obesity,26922.5,8.0,490.0,No,No,3365.3082933646333,5,Overburdened,4,7,Medium Volume,High Strain
Nonprofit,Urban,Non-Teaching,Obesity,44178.666666666664,38.0,1306.3333333333333,No,No,1162.5961852817054,4,Normal,3,0,Medium Volume,Low Strain
Government,Urban,Non-Teaching,Obesity,77978.0,72.0,2102.0,No,Yes,1083.027627357274,5,Normal,0,0,High Volume,Low Strain
Nonprofit,Urban,Teaching,Obesity,31841.333333333332,28.666666666666668,878.6666666666666,No,No,1110.7437985777447,5,Normal,2,0,Medium Volume,Low Strain
Nonprofit,Urban,Non-Teaching,Obesity,10480.666666666666,12.0,44.333333333333336,No,No,873.3881610654213,5,Under-Burdened,2,0,Low Volume,Low Strain
Government,Urban,Teaching,Obesity,43609.0,59.0,301.3333333333333,No,No,739.135467943141,6,Under-Burdened,0,0,Medium Volume,Low Strain
Nonprofit,Urban,Non-Teaching,Obesity,20186.666666666668,19.0,115.66666666666667,No,No,1062.4555811637292,5,Under-Burdened,2,0,Low Volume,Low Strain
Nonprofit,Urban,Teaching,Obesity,11045.666666666666,12.0,71.66666666666667,No,No,920.4714551626762,5,Under-Burdened,2,0,Low Volume,Low Strain
Nonprofit,Urban,Non-Teaching,Obesity,26493.666666666668,35.0,93.66666666666667,No,Yes,756.9616884871366,5,Under-Burdened,3,0,Medium Volume,Low Strain
Nonprofit,Urban,Non-Teaching,Obesity,17995.0,16.0,94.0,No,No,1124.686797070752,3,Normal,2,0,Low Volume,Low Strain
Nonprofit,Urban,Non-Teaching,Obesity,49033.666666666664,28.0,4361.666666666667,No,Yes,1751.2017555231826,4,Overburdened,2,0,High Volume,High Strain
Government,Urban,Non-Teaching,Obesity,41087.333333333336,25.333333333333332,312.3333333333333,Yes,Yes,1621.8677808416658,4,Normal,2,0,Medium Volume,High Strain
Nonprofit,Urban,Non-Teaching,Obesity,29388.666666666668,14.0,159.0,No,Yes,2099.1889767697785,2,Overburdened,2,0,Medium Volume,High Strain
Investor Owned,Urban,Non-Teaching,Obesity,25987.0,11.0,162.33333333333334,No,Yes,2362.4523977705476,2,Overburdened,4,0,Medium Volume,High Strain
Nonprofit,Urban,Non-Teaching,Obesity,103851.33333333333,46.666666666666664,5331.625,No,Yes,2225.385237417449,2,Overburdened,3,8,High Volume,High Strain
Nonprofit,Rural,Non-Teaching,Obesity,25632.666666666668,18.0,592.6666666666666,No,Yes,1424.0362459057894,2,Normal,1,0,Medium Volume,Medium Strain
Nonprofit,Rural,Non-Teaching,Obesity,20801.333333333332,22.0,517.3333333333334,No,Yes,945.5147217357325,2,Under-Burdened,1,0,Low Volume,Low Strain
Investor Owned,Rural,Non-Teaching,Obesity,19784.666666666668,11.0,83.66666666666667,No,Yes,1798.6044255111285,4,Overburdened,1,0,Low Volume,High Strain
Investor Owned,Urban,Non-Teaching,Obesity,27192.666666666668,23.0,166.66666666666666,No,No,1182.2893410336198,3,Normal,4,0,Medium Volume,Medium Strain
Government,Urban,Non-Teaching,Obesity,33189.666666666664,15.0,99.0,No,No,2212.6429693491314,4,Overburdened,4,0,Medium Volume,High Strain
Nonprofit,Urban,Non-Teaching,Obesity,39927.666666666664,19.0,1252.6666666666667,No,No,2101.4550343219116,3,Overburdened,2,0,Medium Volume,High Strain
Investor Owned,Urban,Non-Teaching,Obesity,13136.0,22.0,9.0,No,No,597.0906376860738,6,Under-Burdened,4,0,Low Volume,Low Strain
Investor Owned,Rural,Non-Teaching,Obesity,1620.0,7.0,1.0,No,No,231.42824081679885,3,Under-Burdened,4,9,Low Volume,Low Strain
Nonprofit,Urban,Non-Teaching,Obesity,41904.5,26.0,194.5,No,No,1611.7109185727236,5,Normal,2,0,Medium Volume,High Strain
Nonprofit,Urban,Non-Teaching,Obesity,14532.0,17.0,154.0,No,No,854.8230265746903,5,Under-Burdened,2,0,Low Volume,Low Strain
Nonprofit,Urban,Non-Teaching,Obesity,32738.0,24.0,1162.6666666666667,No,No,1364.0827649655146,4,Normal,2,0,Medium Volume,Medium Strain
Nonprofit,Urban,Non-Teaching,Obesity,22042.666666666668,22.0,779.0,No,Yes,1001.9389385126037,1,Under-Burdened,2,0,Low Volume,Low Strain
Government,Rural,Non-Teaching,Obesity,18819.5,10.0,807.5,No,Yes,1881.948118051882,2,Overburdened,1,0,Low Volume,High Strain
Nonprofit,Urban,Non-Teaching,Obesity,48621.0,41.0,944.0,Yes,Yes,1185.8777595420097,5,Normal,3,0,Medium Volume,Medium Strain
Nonprofit,Urban,Non-Teaching,Obesity,35892.0,40.5,1011.5,No,No,886.2220034019743,6,Under-Burdened,3,0,Medium Volume,Low Strain
Nonprofit,Rural,Non-Teaching,Obesity,9330.0,8.0,205.66666666666666,No,Yes,1166.2485421893223,1,Normal,1,0,Low Volume,Medium Strain
Nonprofit,Urban,Non-Teaching,Obesity,52909.5,40.0,428.0,No,No,1322.7371693157077,6,Normal,3,0,High Volume,Medium Strain
Investor Owned,Urban,Non-Teaching,Obesity,47574.333333333336,35.0,557.3333333333334,No,No,1359.266278304873,6,Normal,3,0,Medium Volume,Medium Strain
Government,Urban,Non-Teaching,Obesity,49958.666666666664,25.0,1335.3333333333333,No,No,1998.3458673283196,6,Overburdened,2,0,High Volume,High Strain
Nonprofit,Urban,Teaching,Obesity,73416.5,80.5,18.0,No,No,912.0060978874412,5,Under-Burdened,0,0,High Volume,Low Strain
Nonprofit,Urban,Non-Teaching,Obesity,65069.0,36.0,2646.5,No,No,1807.4717201467442,5,Overburdened,3,0,High Volume,High Strain
Government,Rural,Non-Teaching,Obesity,33380.333333333336,8.0,69.0,No,No,4172.536450996104,2,Overburdened,4,10,Medium Volume,High Strain
Nonprofit,Urban,Non-Teaching,Obesity,67463.5,30.0,3321.5,No,No,2248.7825837391388,6,Overburdened,2,0,High Volume,High Strain
Nonprofit,Urban,Non-Teaching,Obesity,28103.666666666668,13.333333333333334,283.3333333333333,Yes,No,2107.7734191699356,3,Overburdened,2,0,Medium Volume,High Strain
Government,Frontier,Non-Teaching,Obesity,3986.3333333333335,6.0,181.66666666666666,Yes,Yes,664.3877815759197,3,Under-Burdened,1,0,Low Volume,Low Strain
Investor Owned,Urban,Non-Teaching,Obesity,24901.0,28.0,23.666666666666668,No,Yes,889.3211109567461,5,Under-Burdened,4,0,Low Volume,Low Strain
Nonprofit,Urban,Non-Teaching,Obesity,42502.0,26.0,660.0,No,Yes,1634.691678964739,5,Normal,2,0,Medium Volume,High Strain
Nonprofit,Rural,Non-Teaching,Obesity,9721.666666666666,11.0,169.66666666666666,Yes,Yes,883.7870753450829,1,Under-Burdened,1,0,Low Volume,Low Strain
Nonprofit,Rural,Non-Teaching,Obesity,9916.0,7.0,565.0,Yes,Yes,1416.5694049008503,1,Normal,1,0,Low Volume,Medium Strain
Nonprofit,Urban,Non-Teaching,Obesity,57303.333333333336,51.0,3133.3333333333335,No,No,1123.594550929173,5,Normal,3,0,High Volume,Low Strain
Nonprofit,Urban,Non-Teaching,Obesity,24714.666666666668,13.0,184.33333333333334,No,No,1901.1267427230187,3,Overburdened,2,0,Low Volume,High Strain
Nonprofit,Urban,Non-Teaching,Obesity,57780.0,45.0,617.0,No,No,1283.99971466673,4,Normal,3,0,High Volume,Medium Strain
Nonprofit,Urban,Non-Teaching,Obesity,48864.0,27.0,2877.0,No,No,1809.7771074899601,3,Overburdened,2,0,Medium Volume,High Strain
Investor Owned,Rural,Non-Teaching,Obesity,8867.0,9.0,570.0,No,No,985.2211275320806,1,Under-Burdened,4,0,Low Volume,Low Strain
Investor Owned,Urban,Non-Teaching,Obesity,17207.5,15.0,532.5,No,No,1147.1659018893988,2,Normal,4,0,Low Volume,Low Strain
Investor Owned,Urban,Non-Teaching,Obesity,35628.0,29.5,244.5,No,Yes,1207.728404159863,5,Normal,4,0,Medium Volume,Medium Strain
Government,Urban,Non-Teaching,Obesity,8424.666666666666,8.333333333333334,6.666666666666667,Yes,No,1010.9587868494557,2,Under-Burdened,4,0,Low Volume,Low Strain
Nonprofit,Urban,Teaching,Obesity,53276.0,30.0,2100.0,No,Yes,1775.8660747113086,4,Overburdened,2,0,High Volume,High Strain
Nonprofit,Urban,Non-Teaching,Obesity,31739.5,34.0,211.5,No,Yes,933.5144313192848,3,Under-Burdened,3,0,Medium Volume,Low Strain
Investor Owned,Urban,Non-Teaching,Obesity,77669.33333333333,33.0,291.3333333333333,No,No,2353.6154483993587,6,Overburdened,2,0,High Volume,High Strain
Investor Owned,Urban,Non-Teaching,Obesity,51875.333333333336,32.0,74.66666666666667,No,No,1621.1036600717728,5,Normal,4,0,High Volume,High Strain
Nonprofit,Urban,Non-Teaching,Obesity,72098.66666666667,40.0,429.3333333333333,No,No,1802.4662160501127,6,Overburdened,3,0,High Volume,High Strain
Government,Rural,Non-Teaching,Obesity,18690.333333333332,12.0,13.0,Yes,No,1557.5264798390444,1,Normal,1,0,Low Volume,Medium Strain
Nonprofit,Rural,Non-Teaching,Obesity,28291.666666666668,14.0,824.3333333333334,Yes,Yes,2020.8318898819837,2,Overburdened,1,0,Medium Volume,High Strain
Government,Urban,Non-Teaching,Obesity,59761.5,80.5,3231.5,Yes,Yes,742.3787897666099,6,Under-Burdened,0,0,High Volume,Low Strain
Government,Rural,Non-Teaching,Obesity,33321.0,24.0,540.5,Yes,Yes,1388.3744215106578,4,Normal,1,0,Medium Volume,Medium Strain
Nonprofit,Rural,Non-Teaching,Obesity,28867.333333333332,15.0,47.333333333333336,Yes,Yes,1924.4876058971515,3,Overburdened,1,0,Medium Volume,High Strain
Nonprofit,Rural,Non-Teaching,Obesity,30663.666666666668,18.0,540.0,Yes,Yes,1703.536090628098,2,Normal,1,0,Medium Volume,High Strain
Government,Urban,Non-Teaching,Obesity,40721.5,38.5,2052.0,No,No,1057.70102397376,5,Under-Burdened,3,0,Medium Volume,Low Strain
Investor Owned,Urban,Non-Teaching,Obesity,40176.0,28.0,612.3333333333334,No,No,1434.8566304083463,6,Normal,4,0,Medium Volume,Medium Strain
Nonprofit,Rural,Non-Teaching,Obesity,7952.0,6.0,75.33333333333333,No,No,1325.331124448126,1,Normal,1,0,Low Volume,Medium Strain
Nonprofit,Urban,Non-Teaching,Obesity,22600.333333333332,14.0,825.3333333333334,No,No,1614.3083707321161,3,Normal,2,0,Low Volume,High Strain
Nonprofit,Urban,Non-Teaching,Obesity,45771.666666666664,31.0,1558.3333333333333,No,Yes,1476.5049000521826,5,Normal,2,0,Medium Volume,Medium Strain
Nonprofit,Urban,Non-Teaching,Obesity,26971.5,11.0,172.5,No,Yes,2451.952316406985,1,Overburdened,2,0,Medium Volume,High Strain
Nonprofit,Rural,Non-Teaching,Obesity,59699.0,44.0,2426.6666666666665,Yes,Yes,1356.7951461829211,5,Normal,3,1,High Volume,Medium Strain
Nonprofit,Urban,Non-Teaching,Obesity,36398.0,40.0,77.0,No,No,909.9497725125568,4,Under-Burdened,3,0,Medium Volume,Low Strain
Government,Urban,Non-Teaching,Obesity,69248.0,54.0,569.0,No,No,1282.3701328944198,4,Normal,3,0,High Volume,Medium Strain
Nonprofit,Urban,Teaching,Obesity,112998.5,80.0,3075.0,No,No,1412.4810734398657,6,Normal,0,0,High Volume,Medium Strain
Nonprofit,Rural,Non-Teaching,Obesity,9934.0,5.0,406.0,Yes,Yes,1986.7960264079472,1,Overburdened,1,0,Low Volume,High Strain
Nonprofit,Rural,Non-Teaching,Obesity,15236.0,11.0,127.5,Yes,Yes,1385.0896499185,1,Normal,1,0,Low Volume,Medium Strain
Nonprofit,Rural,Non-Teaching,Obesity,26490.0,24.0,52.0,No,No,1103.7495401043584,3,Normal,2,0,Medium Volume,Low Strain
Investor Owned,Rural,Non-Teaching,Obesity,9268.0,9.0,19.0,Yes,Yes,1029.7766335815184,2,Under-Burdened,1,0,Low Volume,Low Strain
Nonprofit,Urban,Teaching,Obesity,63937.0,48.0,655.0,No,Yes,1332.0205558290509,6,Normal,3,0,High Volume,Medium Strain
Investor Owned,Rural,Non-Teaching,Obesity,11554.0,12.0,212.0,Yes,Yes,962.8325309728909,2,Under-Burdened,1,0,Low Volume,Low Strain
Government,Rural,Non-Teaching,Obesity,30623.0,20.0,707.0,Yes,Yes,1531.149234425383,4,Normal,1,0,Medium Volume,Medium Strain
Nonprofit,Urban,Non-Teaching,Obesity,74433.0,36.0,1176.0,No,Yes,2067.582759004789,6,Overburdened,3,0,High Volume,High Strain
Government,Urban,Teaching,Obesity,45491.0,30.0,1599.0,No,Yes,1516.3661612112796,5,Normal,2,0,Medium Volume,Medium Strain
Nonprofit,Urban,Non-Teaching,Obesity,53560.0,40.0,2944.0,No,Yes,1338.9996652500836,5,Normal,3,0,High Volume,Medium Strain
Nonprofit,Frontier,Non-Teaching,Obesity,2364.0,2.0,6.0,Yes,Yes,1181.9940900295499,1,Normal,1,0,Low Volume,Medium Strain
Nonprofit,Urban,Teaching,Obesity,41196.0,26.0,323.0,No,No,1584.4609290534888,6,Normal,2,0,Medium Volume,Medium Strain
Nonprofit,Urban,Non-Teaching,Obesity,72057.0,46.0,95.0,Yes,No,1566.456181205178,6,Normal,3,0,High Volume,Medium Strain
Government,Urban,Non-Teaching,Obesity,33564.0,14.0,182.0,No,No,2397.4268589808153,4,Overburdened,4,0,Medium Volume,High Strain
Nonprofit,Urban,Non-Teaching,Obesity,31471.5,22.0,39.0,No,No,1430.5220770354194,3,Normal,2,0,Medium Volume,Medium Strain
Nonprofit,Urban,Non-Teaching,Obesity,33640.5,16.0,411.0,No,No,2102.52993591879,6,Overburdened,2,0,Medium Volume,High Strain
Nonprofit,Urban,Non-Teaching,Obesity,52043.0,50.0,392.0,No,No,1040.8597918280416,7,Under-Burdened,3,0,High Volume,Low Strain
Investor Owned,Urban,Non-Teaching,Obesity,29638.0,21.0,58.5,No,No,1411.3326612701612,4,Normal,4,0,Medium Volume,Medium Strain
Nonprofit,Urban,Non-Teaching,Obesity,25109.5,16.0,218.5,No,No,1569.3427691607694,6,Normal,2,0,Low Volume,Medium Strain
Investor Owned,Urban,Non-Teaching,Obesity,50599.5,24.0,67.5,No,No,2108.3116215368245,6,Overburdened,4,0,High Volume,High Strain
Nonprofit,Urban,Non-Teaching,Obesity,109217.0,29.0,2464.0,Yes,Yes,3766.1021496199482,3,Overburdened,2,4,High Volume,High Strain
Government,Rural,Non-Teaching,Obesity,10799.0,13.0,40.0,No,Yes,830.6916686987164,1,Under-Burdened,1,0,Low Volume,Low Strain
Nonprofit,Rural,Non-Teaching,Obesity,6472.0,8.0,338.0,No,No,808.998988751264,4,Under-Burdened,1,0,Low Volume,Low Strain
Nonprofit,Rural,Non-Teaching,Obesity,23312.0,18.0,274.0,Yes,Yes,1295.110391605338,3,Normal,1,0,Low Volume,Medium Strain
Government,Urban,Non-Teaching,Obesity,27460.0,23.0,175.0,No,No,1193.912524385859,4,Normal,2,0,Medium Volume,Medium Strain
Nonprofit,Urban,Non-Teaching,Obesity,11497.0,69.0,7.0,No,No,166.62316425751243,2,Under-Burdened,0,11,Low Volume,Low Strain
Nonprofit,Urban,Teaching,Obesity,112998.5,72.0,2691.0,No,No,1569.4233931356398,5,Normal,0,0,High Volume,Medium Strain
Investor Owned,Urban,Teaching,Obesity,87345.0,64.0,963.0,Yes,Yes,1364.7654117554043,7,Normal,0,0,High Volume,Medium Strain
Nonprofit,Urban,Non-Teaching,Obesity,51767.0,26.0,2555.0,No,Yes,1991.0376957547323,3,Overburdened,2,0,High Volume,High Strain
Nonprofit,Urban,Teaching,Obesity,99973.0,59.0,3510.0,No,No,1694.4573399224846,5,Normal,0,0,High Volume,High Strain
Nonprofit,Urban,Non-Teaching,Obesity,30920.5,20.0,656.5,No,No,1546.0242269878865,6,Normal,2,0,Medium Volume,Medium Strain
Nonprofit,Urban,Non-Teaching,Obesity,56462.0,31.0,752.0,No,No,1821.3542511760481,6,Overburdened,2,0,High Volume,High Strain
Nonprofit,Urban,Non-Teaching,Obesity,45169.5,29.0,752.0,No,No,1557.56842842468,6,Normal,2,0,Medium Volume,Medium Strain
Nonprofit,Urban,Teaching,Obesity,107243.0,53.0,4304.0,No,No,2023.4524484051983,5,Overburdened,3,0,High Volume,High Strain
Nonprofit,Urban,Non-Teaching,Obesity,42886.0,25.0,610.0,No,No,1715.4393138242744,3,Normal,2,0,Medium Volume,High Strain
Nonprofit,Urban,Teaching,Obesity,112998.5,80.5,3607.0,Yes,No,1403.7079001605093,6,Normal,0,0,High Volume,Medium Strain
Nonprofit,Urban,Teaching,Obesity,62646.0,24.0,561.0,No,Yes,2610.2489123962864,6,Overburdened,2,0,High Volume,High Strain
Nonprofit,Frontier,Non-Teaching,Obesity,4339.5,4.0,119.0,Yes,Yes,1084.8722878192805,1,Normal,1,0,Low Volume,Low Strain
Nonprofit,Urban,Non-Teaching,Obesity,14965.0,39.0,642.0,No,No,383.7178503287563,4,Under-Burdened,3,0,Low Volume,Low Strain
Nonprofit,Urban,Teaching,Obesity,112998.5,80.5,5331.625,No,No,1403.7079001605093,6,Normal,0,0,High Volume,Medium Strain
Nonprofit,Urban,Non-Teaching,Obesity,5637.5,7.0,18.5,No,Yes,805.3559923485824,2,Under-Burdened,1,0,Low Volume,Low Strain
Investor Owned,Urban,Teaching,Obesity,82844.0,62.0,2189.0,Yes,Yes,1336.1933328720431,6,Normal,0,0,High Volume,Medium Strain
Investor Owned,Urban,Non-Teaching,Obesity,13380.0,22.0,29.0,No,No,608.1815417356629,5,Under-Burdened,4,0,Low Volume,Low Strain
Nonprofit,Urban,Non-Teaching,Obesity,17158.0,17.0,161.0,No,No,1009.293523944986,4,Under-Burdened,2,0,Low Volume,Low Strain
Nonprofit,Urban,Teaching,Obesity,43220.0,40.0,1406.0,No,No,1080.4997298750675,6,Under-Burdened,3,0,Medium Volume,Low Strain
Nonprofit,Urban,Non-Teaching,Obesity,63151.0,40.0,398.0,No,No,1578.7746053063486,5,Normal,3,0,High Volume,Medium Strain
Nonprofit,Urban,Teaching,Obesity,73413.0,36.0,3067.0,No,No,2039.249433541824,5,Overburdened,3,0,High Volume,High Strain
Nonprofit,Urban,Teaching,Obesity,74166.0,30.0,2553.0,No,No,2472.199175933608,6,Overburdened,2,0,High Volume,High Strain
Nonprofit,Urban,Non-Teaching,Obesity,39333.0,24.0,213.0,No,Yes,1638.8743171357012,5,Normal,2,0,Medium Volume,High Strain
Nonprofit,Urban,Non-Teaching,Obesity,53345.0,27.0,2380.0,No,No,1975.740008985182,4,Overburdened,2,0,High Volume,High Strain
Nonprofit,Urban,Non-Teaching,Obesity,59695.0,30.0,1901.0,No,Yes,1989.8326700557766,4,Overburdened,2,0,High Volume,High Strain
Government,Urban,Teaching,Obesity,71708.0,73.0,5016.0,Yes,Yes,982.3012353012006,6,Under-Burdened,0,0,High Volume,Low Strain
Government,Urban,Non-Teaching,Obesity,45896.0,35.0,2904.0,No,No,1311.313911053168,4,Normal,3,0,Medium Volume,Medium Strain
Nonprofit,Urban,Non-Teaching,Obesity,34054.5,18.0,1776.5,No,No,1891.9156156024358,3,Overburdened,2,0,Medium Volume,High Strain
Nonprofit,Urban,Non-Teaching,Obesity,23820.0,19.5,1046.0,No,Yes,1221.5378351088025,3,Normal,2,0,Low Volume,Medium Strain
Nonprofit,Urban,Non-Teaching,Obesity,32229.0,23.0,673.0,No,Yes,1401.260260321626,2,Normal,2,0,Medium Volume,Medium Strain
Government,Frontier,Non-Teaching,Obesity,2837.0,2.0,12.0,Yes,Yes,1418.4929075354623,1,Normal,1,0,Low Volume,Medium Strain
Investor Owned,Urban,Non-Teaching,Obesity,23943.0,20.0,94.0,Yes,No,1197.1494014252994,6,Normal,4,0,Low Volume,Medium Strain
Government,Urban,Teaching,Obesity,32425.0,41.0,657.0,No,No,790.8534656454962,6,Under-Burdened,3,0,Medium Volume,Low Strain
Nonprofit,Rural,Non-Teaching,Obesity,28244.0,16.0,787.0,Yes,Yes,1765.2488967194397,3,Overburdened,1,0,Medium Volume,High Strain
Government,Frontier,Non-Teaching,Obesity,4834.0,4.0,129.0,Yes,Yes,1208.4969787575533,2,Normal,1,0,Low Volume,Medium Strain
Nonprofit,Urban,Non-Teaching,Obesity,58831.0,56.0,850.0,No,No,1050.5533838297529,6,Under-Burdened,3,0,High Volume,Low Strain
Investor Owned,Urban,Non-Teaching,Obesity,73328.0,64.0,1356.0,Yes,Yes,1145.7498209765904,6,Normal,0,0,High Volume,Low Strain
Government,Urban,Teaching,Obesity,68827.0,44.0,1348.0,No,Yes,1564.249644488717,6,Normal,3,0,High Volume,Medium Strain
Nonprofit,Urban,Non-Teaching,Obesity,51901.0,24.0,878.0,No,Yes,2162.540765608014,6,Overburdened,2,0,High Volume,High Strain
Government,Urban,Teaching,Obesity,33076.0,52.0,7.0,No,No,636.0768007544614,7,Under-Burdened,3,0,Medium Volume,Low Strain
Nonprofit,Urban,Non-Teaching,Obesity,28108.0,21.0,295.0,Yes,Yes,1338.4755531068795,5,Normal,1,0,Medium Volume,Medium Strain
Investor Owned,Urban,Non-Teaching,Obesity,67670.0,62.0,1516.0,Yes,Yes,1091.4514368626715,6,Normal,0,0,High Volume,Low Strain
Government,Urban,Non-Teaching,Pneumonia,13261.0,12.0,111.66666666666667,No,No,1105.082412431323,3,Normal,4,0,Low Volume,Low Strain
Nonprofit,Urban,Non-Teaching,Pneumonia,29420.666666666668,22.0,219.33333333333334,No,No,1337.302422438293,6,Normal,2,0,Medium Volume,Medium Strain
Nonprofit,Urban,Teaching,Pneumonia,30782.5,40.0,104.5,No,No,769.562307609423,4,Under-Burdened,3,0,Medium Volume,Low Strain
Government,Urban,Non-Teaching,Pneumonia,65082.0,59.0,389.0,No,No,1103.0845587992274,5,Normal,0,0,High Volume,Low Strain
Nonprofit,Urban,Non-Teaching,Pneumonia,29479.0,30.0,347.3333333333333,No,No,982.633005788998,6,Under-Burdened,2,0,Medium Volume,Low Strain
Government,Urban,Non-Teaching,Pneumonia,42180.666666666664,39.0,329.6666666666667,No,No,1081.5552782336893,6,Normal,3,0,Medium Volume,Low Strain
Nonprofit,Urban,Non-Teaching,Pneumonia,28620.0,17.0,300.0,No,No,1683.5284214538697,4,Normal,2,0,Medium Volume,High Strain
Nonprofit,Urban,Non-Teaching,Pneumonia,37801.333333333336,18.0,639.3333333333334,No,No,2100.0729073669036,3,Overburdened,2,0,Medium Volume,High Strain
Nonprofit,Urban,Non-Teaching,Pneumonia,31745.0,22.0,353.3333333333333,No,No,1442.9538895664139,3,Normal,2,0,Medium Volume,Medium Strain
Nonprofit,Urban,Non-Teaching,Pneumonia,110997.0,80.0,1261.5,No,No,1387.4623265672092,6,Normal,0,0,High Volume,Medium Strain
Nonprofit,Urban,Non-Teaching,Pneumonia,66977.0,40.0,1136.6666666666667,No,No,1674.4245813938546,5,Normal,3,0,High Volume,High Strain
Nonprofit,Rural,Non-Teaching,Pneumonia,24025.0,14.0,425.3333333333333,Yes,No,1716.070202806998,2,Normal,1,0,Low Volume,High Strain
Nonprofit,Rural,Non-Teaching,Pneumonia,9708.5,5.0,293.0,Yes,Yes,1941.696116607767,3,Overburdened,1,0,Low Volume,High Strain
Nonprofit,Rural,Non-Teaching,Pneumonia,8570.0,14.0,82.0,Yes,Yes,612.1424198982716,3,Under-Burdened,1,0,Low Volume,Low Strain
Nonprofit,Urban,Non-Teaching,Pneumonia,55911.0,49.0,588.0,No,Yes,1141.0405834611054,5,Normal,3,0,High Volume,Low Strain
Nonprofit,Rural,Non-Teaching,Pneumonia,10039.0,8.0,160.66666666666666,Yes,Yes,1254.8734314082108,1,Normal,1,0,Low Volume,Medium Strain
Nonprofit,Urban,Non-Teaching,Pneumonia,41025.0,30.0,345.6666666666667,No,No,1367.4995441668186,3,Normal,2,0,Medium Volume,Medium Strain
Nonprofit,Urban,Non-Teaching,Pneumonia,46164.333333333336,44.0,393.3333333333333,No,No,1049.1891554873132,7,Under-Burdened,3,0,Medium Volume,Low Strain
Nonprofit,Urban,Non-Teaching,Pneumonia,63404.333333333336,52.0,1328.6666666666667,No,No,1219.3138680806665,5,Normal,3,0,High Volume,Medium Strain
Nonprofit,Urban,Non-Teaching,Pneumonia,50722.333333333336,32.0,404.6666666666667,No,No,1585.072421331535,5,Normal,2,0,High Volume,Medium Strain
Investor Owned,Urban,Non-Teaching,Pneumonia,16929.333333333332,12.0,135.66666666666666,No,No,1410.7766021306093,3,Normal,4,0,Low Volume,Medium Strain
Nonprofit,Urban,Non-Teaching,Pneumonia,63958.666666666664,36.0,1135.0,No,No,1776.629136121536,4,Overburdened,3,0,High Volume,High Strain
Nonprofit,Rural,Non-Teaching,Pneumonia,16776.666666666668,12.0,142.33333333333334,Yes,Yes,1398.0543905102302,3,Normal,1,0,Low Volume,Medium Strain
Nonprofit,Rural,Non-Teaching,Pneumonia,55450.333333333336,59.0,763.3333333333334,Yes,Yes,939.8359988978533,6,Under-Burdened,0,1,High Volume,Low Strain
Investor Owned,Rural,Non-Teaching,Pneumonia,7588.5,9.0,73.5,Yes,Yes,843.1657298158558,3,Under-Burdened,1,0,Low Volume,Low Strain
Nonprofit,Urban,Teaching,Pneumonia,80788.66666666667,73.0,538.6666666666666,Yes,No,1106.693912325035,7,Normal,0,0,High Volume,Low Strain
Nonprofit,Rural,Non-Teaching,Pneumonia,35672.666666666664,10.0,293.3333333333333,Yes,Yes,3567.263099403567,1,Overburdened,1,2,Medium Volume,High Strain
Nonprofit,Urban,Non-Teaching,Pneumonia,57338.0,48.0,659.0,No,Yes,1194.5414178038711,6,Normal,3,0,High Volume,Medium Strain
Nonprofit,Urban,Non-Teaching,Pneumonia,47511.333333333336,21.0,845.3333333333334,No,Yes,2262.4433670904605,4,Overburdened,2,0,Medium Volume,High Strain
Investor Owned,Frontier,Non-Teaching,Pneumonia,5907.0,4.333333333333333,110.66666666666667,Yes,Yes,1363.1507004214607,1,Normal,1,0,Low Volume,Medium Strain
Investor Owned,Rural,Non-Teaching,Pneumonia,10314.0,8.0,178.66666666666666,Yes,Yes,1289.2483884395144,1,Normal,1,0,Low Volume,Medium Strain
Investor Owned,Rural,Non-Teaching,Pneumonia,28371.0,20.0,464.5,Yes,Yes,1418.5492907253547,3,Normal,1,0,Medium Volume,Medium Strain
Government,Rural,Non-Teaching,Pneumonia,39829.0,16.0,516.0,Yes,Yes,2489.31094418066,3,Overburdened,1,0,Medium Volume,High Strain
Government,Rural,Non-Teaching,Pneumonia,7991.666666666667,7.666666666666667,119.0,No,No,1042.3899447087679,1,Under-Burdened,4,0,Low Volume,Low Strain
Government,Frontier,Non-Teaching,Pneumonia,1610.0,2.0,32.0,Yes,No,804.9959750201249,1,Under-Burdened,1,0,Low Volume,Low Strain
Nonprofit,Urban,Non-Teaching,Pneumonia,28485.0,10.0,367.5,Yes,Yes,2848.4971515028487,4,Overburdened,1,0,Medium Volume,High Strain
Government,Frontier,Non-Teaching,Pneumonia,6546.333333333333,8.0,353.6666666666667,Yes,Yes,818.290643803362,3,Under-Burdened,1,0,Low Volume,Low Strain
Nonprofit,Urban,Non-Teaching,Pneumonia,64106.0,42.666666666666664,1020.6666666666666,No,Yes,1502.484022855307,3,Normal,3,0,High Volume,Medium Strain
Nonprofit,Rural,Non-Teaching,Pneumonia,15535.666666666666,12.0,178.0,Yes,Yes,1294.6378100240472,2,Normal,1,0,Low Volume,Medium Strain
Nonprofit,Rural,Non-Teaching,Pneumonia,20035.333333333332,13.0,471.3333333333333,Yes,Yes,1541.1783016577167,1,Normal,1,0,Low Volume,Medium Strain
Nonprofit,Urban,Non-Teaching,Pneumonia,88985.33333333333,40.666666666666664,1047.3333333333333,Yes,Yes,2188.163396353263,4,Overburdened,3,0,High Volume,High Strain
Nonprofit,Rural,Non-Teaching,Pneumonia,18720.666666666668,8.0,413.6666666666667,Yes,Yes,2340.080408232823,1,Overburdened,1,0,Low Volume,High Strain
Nonprofit,Rural,Non-Teaching,Pneumonia,18771.0,12.0,274.6666666666667,Yes,Yes,1564.2486964594198,1,Normal,1,0,Low Volume,Medium Strain
Nonprofit,Rural,Non-Teaching,Pneumonia,10002.666666666666,8.0,188.0,Yes,Yes,1250.3317704186202,1,Normal,1,0,Low Volume,Medium Strain
Investor Owned,Urban,Non-Teaching,Pneumonia,14433.0,8.0,233.5,No,No,1804.122744846569,3,Overburdened,4,0,Low Volume,High Strain
Government,Urban,Non-Teaching,Pneumonia,102466.66666666667,42.666666666666664,1430.3333333333333,No,Yes,2401.561937133921,6,Overburdened,3,3,High Volume,High Strain
Nonprofit,Urban,Non-Teaching,Pneumonia,36011.0,26.0,360.5,No,No,1385.0379288315658,6,Normal,2,0,Medium Volume,Medium Strain
Investor Owned,Urban,Non-Teaching,Pneumonia,12317.0,17.0,103.33333333333333,No,No,724.528985571185,6,Under-Burdened,4,0,Low Volume,Low Strain
Nonprofit,Urban,Non-Teaching,Pneumonia,57101.0,35.0,392.0,No,No,1631.4566767266635,6,Normal,3,0,High Volume,High Strain
Investor Owned,Urban,Non-Teaching,Pneumonia,34882.0,50.5,298.0,Yes,No,690.7325364886066,6,Under-Burdened,3,0,Medium Volume,Low Strain
Nonprofit,Urban,Teaching,Pneumonia,65446.0,41.0,716.5,Yes,No,1596.2435131113382,6,Normal,3,0,High Volume,High Strain
Investor Owned,Urban,Non-Teaching,Pneumonia,29986.333333333332,14.0,229.66666666666666,No,Yes,2141.879422467079,2,Overburdened,4,0,Medium Volume,High Strain
Investor Owned,Urban,Non-Teaching,Pneumonia,3751.5,4.0,17.0,Yes,Yes,937.8726553183618,3,Under-Burdened,1,0,Low Volume,Low Strain
Investor Owned,Urban,Non-Teaching,Pneumonia,20267.0,12.0,294.3333333333333,No,No,1688.915259237284,5,Normal,4,0,Low Volume,High Strain
Investor Owned,Urban,Non-Teaching,Pneumonia,33361.5,14.0,478.5,No,No,2382.9625835981547,4,Overburdened,4,0,Medium Volume,High Strain
Nonprofit,Urban,Non-Teaching,Pneumonia,46487.666666666664,30.666666666666668,457.3333333333333,No,No,1515.9016795972782,4,Normal,2,0,Medium Volume,Medium Strain
Investor Owned,Urban,Non-Teaching,Pneumonia,9859.5,8.0,74.5,Yes,Yes,1232.4359594550508,3,Normal,1,0,Low Volume,Medium Strain
Investor Owned,Urban,Non-Teaching,Pneumonia,6710.333333333333,9.0,75.66666666666667,No,No,745.591764157299,3,Under-Burdened,4,0,Low Volume,Low Strain
Investor Owned,Urban,Non-Teaching,Pneumonia,16033.333333333334,21.0,160.0,No,No,763.4916999245874,5,Under-Burdened,4,0,Low Volume,Low Strain
Nonprofit,Urban,Non-Teaching,Pneumonia,39767.5,37.0,481.5,No,No,1074.7970068116197,7,Under-Burdened,3,0,Medium Volume,Low Strain
Investor Owned,Urban,Non-Teaching,Pneumonia,18635.5,9.0,187.5,Yes,No,2070.608810434655,3,Overburdened,4,0,Low Volume,High Strain
Nonprofit,Urban,Non-Teaching,Pneumonia,79359.66666666667,32.0,713.6666666666666,No,No,2479.9888083368305,6,Overburdened,2,0,High Volume,High Strain
Nonprofit,Urban,Non-Teaching,Pneumonia,68964.66666666667,30.0,538.0,Yes,No,2298.8214559484036,7,Overburdened,2,0,High Volume,High Strain
Nonprofit,Urban,Teaching,Pneumonia,53635.333333333336,57.0,582.6666666666666,Yes,No,940.9705951513575,6,Under-Burdened,0,0,High Volume,Low Strain
Nonprofit,Urban,Non-Teaching,Pneumonia,62426.5,49.5,940.0,Yes,No,1261.1411593654223,5,Normal,3,0,High Volume,Medium Strain
Nonprofit,Urban,Non-Teaching,Pneumonia,61938.666666666664,41.0,1780.6666666666667,No,No,1510.6988185287432,5,Normal,3,0,High Volume,Medium Strain
Nonprofit,Urban,Non-Teaching,Pneumonia,79005.0,53.0,1128.6666666666667,No,No,1490.6600961018685,5,Normal,3,0,High Volume,Medium Strain
Nonprofit,Urban,Non-Teaching,Pneumonia,40703.0,29.0,348.0,No,No,1403.5512401547448,6,Normal,2,0,Medium Volume,Medium Strain
Nonprofit,Urban,Non-Teaching,Pneumonia,32344.666666666668,18.0,286.3333333333333,No,No,1796.9249276342996,3,Overburdened,2,0,Medium Volume,High Strain
Investor Owned,Urban,Non-Teaching,Pneumonia,36378.0,15.0,268.0,No,No,2425.198383201078,5,Overburdened,4,0,Medium Volume,High Strain
Investor Owned,Urban,Non-Teaching,Pneumonia,29577.0,10.666666666666666,176.33333333333334,Yes,No,2772.841150461422,4,Overburdened,4,0,Medium Volume,High Strain
Nonprofit,Urban,Teaching,Pneumonia,72059.5,64.0,520.0,No,No,1125.9295115735138,6,Normal,0,0,High Volume,Low Strain
Nonprofit,Urban,Non-Teaching,Pneumonia,35037.666666666664,29.0,382.0,No,No,1208.19498567989,6,Normal,2,0,Medium Volume,Medium Strain
Investor Owned,Urban,Non-Teaching,Pneumonia,16074.666666666666,5.666666666666667,169.33333333333334,No,No,2836.700876410218,3,Overburdened,4,0,Low Volume,High Strain
Nonprofit,Urban,Teaching,Pneumonia,54946.0,55.5,639.0,No,No,990.0178396364253,7,Under-Burdened,3,0,High Volume,Low Strain
Nonprofit,Urban,Non-Teaching,Pneumonia,47234.0,37.0,613.0,No,No,1276.5942495691215,6,Normal,3,0,Medium Volume,Medium Strain
Investor Owned,Urban,Non-Teaching,Pneumonia,4946.5,4.0,41.0,No,No,1236.621908445229,2,Normal,4,0,Low Volume,Medium Strain
Investor Owned,Urban,Non-Teaching,Pneumonia,6297.5,7.0,65.0,No,No,899.6415719406116,3,Under-Burdened,4,0,Low Volume,Low Strain
Nonprofit,Urban,Non-Teaching,Pneumonia,77714.0,71.0,586.0,No,No,1094.5632261178555,6,Normal,0,0,High Volume,Low Strain
Nonprofit,Urban,Non-Teaching,Pneumonia,57211.0,61.0,672.3333333333334,No,No,937.8850921499849,7,Under-Burdened,0,0,High Volume,Low Strain
Investor Owned,Urban,Non-Teaching,Pneumonia,12230.666666666666,8.0,129.66666666666666,No,No,1528.8314222940555,3,Normal,4,0,Low Volume,Medium Strain
Nonprofit,Urban,Non-Teaching,Pneumonia,32363.666666666668,15.333333333333334,232.66666666666666,No,No,2110.672536517911,5,Overburdened,2,0,Medium Volume,High Strain
Government,Urban,Non-Teaching,Pneumonia,31796.5,21.0,268.0,No,No,1514.1183266103208,5,Normal,2,0,Medium Volume,Medium Strain
Investor Owned,Urban,Non-Teaching,Pneumonia,6826.0,7.0,35.333333333333336,Yes,No,975.1414640836227,5,Under-Burdened,4,0,Low Volume,Low Strain
Nonprofit,Urban,Non-Teaching,Pneumonia,18475.333333333332,12.0,143.0,No,No,1539.609828102921,4,Normal,2,0,Low Volume,Medium Strain
Investor Owned,Urban,Non-Teaching,Pneumonia,46827.333333333336,41.333333333333336,476.0,Yes,Yes,1132.9190807453836,6,Normal,3,0,Medium Volume,Low Strain
Nonprofit,Urban,Non-Teaching,Pneumonia,23936.333333333332,27.0,204.33333333333334,No,No,886.530535852888,5,Under-Burdened,2,0,Low Volume,Low Strain
Nonprofit,Urban,Non-Teaching,Pneumonia,50359.333333333336,40.0,471.6666666666667,No,No,1258.9830185875787,6,Normal,3,0,High Volume,Medium Strain
Investor Owned,Urban,Non-Teaching,Pneumonia,9195.333333333334,8.0,94.0,No,No,1149.4152298976294,3,Normal,4,0,Low Volume,Low Strain
Nonprofit,Urban,Non-Teaching,Pneumonia,43418.0,32.0,326.3333333333333,No,No,1356.8120759962262,6,Normal,2,0,Medium Volume,Medium Strain
Nonprofit,Urban,Non-Teaching,Pneumonia,21073.5,13.0,292.0,No,No,1621.037214586758,4,Normal,2,0,Low Volume,High Strain
Investor Owned,Urban,Non-Teaching,Pneumonia,46270.0,30.0,405.6666666666667,No,No,1542.3328192223937,5,Normal,4,0,Medium Volume,Medium Strain
Nonprofit,Urban,Teaching,Pneumonia,49428.0,28.0,362.3333333333333,No,No,1765.285083826756,6,Overburdened,2,0,High Volume,High Strain
Investor Owned,Urban,Non-Teaching,Pneumonia,23054.5,13.0,203.0,No,No,1773.4217127525287,4,Overburdened,4,0,Low Volume,High Strain
Nonprofit,Urban,Non-Teaching,Pneumonia,52035.666666666664,30.0,798.3333333333334,No,No,1734.5216440483407,6,Normal,2,0,High Volume,High Strain
Government,Urban,Teaching,Pneumonia,73969.0,72.66666666666667,328.6666666666667,Yes,No,1017.9218782676313,6,Under-Burdened,0,0,High Volume,Low Strain
Government,Urban,Teaching,Pneumonia,105955.5,80.5,361.5,No,No,1316.2172277991021,7,Normal,0,0,High Volume,Medium Strain
Nonprofit,Urban,Teaching,Pneumonia,99493.0,29.0,754.0,Yes,Yes,3430.791920416579,3,Overburdened,2,4,High Volume,High Strain
Government,Urban,Teaching,Pneumonia,50463.666666666664,50.666666666666664,249.66666666666666,No,No,995.9932244750214,6,Under-Burdened,3,0,High Volume,Low Strain
Nonprofit,Urban,Non-Teaching,Pneumonia,40780.666666666664,37.333333333333336,626.6666666666666,No,No,1092.3389931234838,5,Normal,3,0,Medium Volume,Low Strain
Nonprofit,Urban,Non-Teaching,Pneumonia,67262.0,33.0,1756.0,Yes,No,2038.2418065933919,5,Overburdened,2,0,High Volume,High Strain
Nonprofit,Urban,Non-Teaching,Pneumonia,92182.33333333333,80.0,1806.3333333333333,No,No,1152.2790226317886,6,Normal,0,0,High Volume,Low Strain
Investor Owned,Urban,Non-Teaching,Pneumonia,64397.333333333336,35.0,1301.6666666666667,Yes,Yes,1839.9232838314426,4,Overburdened,3,0,High Volume,High Strain
Nonprofit,Rural,Non-Teaching,Pneumonia,77745.33333333333,38.0,520.6666666666666,Yes,Yes,2045.9292861589595,6,Overburdened,3,1,High Volume,High Strain
Nonprofit,Urban,Non-Teaching,Pneumonia,27449.0,19.0,508.3333333333333,No,No,1444.683450166605,3,Normal,2,0,Medium Volume,Medium Strain
Nonprofit,Urban,Non-Teaching,Pneumonia,29936.333333333332,31.0,170.66666666666666,No,No,965.6878605307977,6,Under-Burdened,2,0,Medium Volume,Low Strain
Nonprofit,Urban,Non-Teaching,Pneumonia,14621.0,9.0,120.66666666666667,No,No,1624.553750495833,1,Normal,2,0,Low Volume,High Strain
Government,Rural,Non-Teaching,Pneumonia,6284.0,3.6666666666666665,109.0,Yes,Yes,1713.8135077813424,1,Normal,1,0,Low Volume,High Strain
Nonprofit,Rural,Non-Teaching,Pneumonia,9094.0,6.0,132.33333333333334,Yes,Yes,1515.6641405597659,1,Normal,1,0,Low Volume,Medium Strain
Nonprofit,Rural,Non-Teaching,Pneumonia,28163.666666666668,19.0,399.3333333333333,Yes,Yes,1482.2974654574743,2,Normal,1,0,Medium Volume,Medium Strain
Nonprofit,Rural,Non-Teaching,Pneumonia,13366.0,9.0,211.33333333333334,Yes,Yes,1485.1094609894878,1,Normal,1,0,Low Volume,Medium Strain
Nonprofit,Rural,Non-Teaching,Pneumonia,25567.333333333332,10.0,341.0,Yes,Yes,2556.7307766025565,1,Overburdened,1,0,Medium Volume,High Strain
Nonprofit,Urban,Non-Teaching,Pneumonia,57461.0,26.0,818.6666666666666,Yes,Yes,2210.0376115239956,4,Overburdened,2,0,High Volume,High Strain
Government,Frontier,Non-Teaching,Pneumonia,511.0,1.0,9.0,Yes,Yes,510.99489005109945,1,Under-Burdened,1,0,Low Volume,Low Strain
Nonprofit,Urban,Non-Teaching,Pneumonia,41278.666666666664,30.666666666666668,574.3333333333334,No,No,1346.0430393337915,5,Normal,2,0,Medium Volume,Medium Strain
Nonprofit,Rural,Non-Teaching,Pneumonia,14553.0,6.0,105.0,No,Yes,2425.495957506738,2,Overburdened,1,0,Low Volume,High Strain
Government,Urban,Non-Teaching,Pneumonia,50028.333333333336,16.0,444.0,Yes,Yes,3126.768879102784,5,Overburdened,1,0,High Volume,High Strain
Government,Urban,Non-Teaching,Pneumonia,51527.5,19.0,310.5,Yes,Yes,2711.972256856707,4,Overburdened,1,0,High Volume,High Strain
Investor Owned,Urban,Non-Teaching,Pneumonia,24487.0,18.0,280.3333333333333,No,No,1360.3881331177038,4,Normal,4,0,Low Volume,Medium Strain
Nonprofit,Rural,Non-Teaching,Pneumonia,6034.5,8.0,65.0,No,No,754.3115571105536,3,Under-Burdened,1,0,Low Volume,Low Strain
Government,Rural,Non-Teaching,Pneumonia,12749.5,15.0,102.0,Yes,Yes,849.9661000226,2,Under-Burdened,1,0,Low Volume,Low Strain
Nonprofit,Urban,Non-Teaching,Pneumonia,92289.0,35.666666666666664,885.6666666666666,No,No,2587.5413305958887,6,Overburdened,3,0,High Volume,High Strain
Nonprofit,Urban,Non-Teaching,Pneumonia,27767.5,26.0,376.5,No,No,1067.9803584690928,5,Under-Burdened,2,0,Medium Volume,Low Strain
Investor Owned,Urban,Teaching,Pneumonia,23505.0,30.0,356.0,No,Yes,783.4997388334205,5,Under-Burdened,4,0,Low Volume,Low Strain
Investor Owned,Urban,Non-Teaching,Pneumonia,5063.0,8.0,21.0,No,No,632.8742089072389,3,Under-Burdened,4,0,Low Volume,Low Strain
Investor Owned,Urban,Non-Teaching,Pneumonia,12153.0,11.0,81.0,No,Yes,1104.8171774389295,4,Normal,4,0,Low Volume,Low Strain
Nonprofit,Urban,Non-Teaching,Pneumonia,100965.66666666667,80.5,1414.6666666666667,No,No,1254.2317282527874,6,Normal,0,0,High Volume,Medium Strain
Investor Owned,Urban,Non-Teaching,Pneumonia,11960.0,12.0,66.66666666666667,No,No,996.6658361118033,3,Under-Burdened,4,0,Low Volume,Low Strain
Investor Owned,Urban,Non-Teaching,Pneumonia,11887.333333333334,11.0,92.0,No,No,1080.6656842433174,3,Normal,4,0,Low Volume,Low Strain
Investor Owned,Urban,Non-Teaching,Pneumonia,25199.5,23.0,425.5,No,No,1095.6299584217572,4,Normal,4,0,Low Volume,Low Strain
Investor Owned,Urban,Non-Teaching,Pneumonia,11411.0,10.0,59.0,Yes,No,1141.098858901141,4,Normal,4,0,Low Volume,Low Strain
Nonprofit,Urban,Non-Teaching,Pneumonia,34495.5,44.5,569.5,No,No,775.1796010832356,6,Under-Burdened,3,0,Medium Volume,Low Strain
Government,Urban,Teaching,Pneumonia,42020.0,50.666666666666664,325.0,Yes,No,829.3419415772483,6,Under-Burdened,3,0,Medium Volume,Low Strain
Investor Owned,Urban,Non-Teaching,Pneumonia,19240.0,12.0,163.0,Yes,No,1603.3319972233357,4,Normal,4,0,Low Volume,High Strain
Nonprofit,Urban,Non-Teaching,Pneumonia,27262.5,31.0,249.5,No,No,879.4352001821935,5,Under-Burdened,2,0,Medium Volume,Low Strain
Nonprofit,Urban,Non-Teaching,Pneumonia,14340.0,20.0,156.33333333333334,No,No,716.9996415001792,4,Under-Burdened,2,0,Low Volume,Low Strain
Nonprofit,Urban,Non-Teaching,Pneumonia,53749.666666666664,36.0,1006.6666666666666,No,No,1493.045881561329,6,Normal,3,0,High Volume,Medium Strain
Investor Owned,Urban,Non-Teaching,Pneumonia,4135.333333333333,8.0,42.666666666666664,No,No,516.916020521641,4,Under-Burdened,4,0,Low Volume,Low Strain
Investor Owned,Urban,Non-Teaching,Pneumonia,24221.0,24.0,239.66666666666666,Yes,No,1009.2079128300363,5,Under-Burdened,4,0,Low Volume,Low Strain
Investor Owned,Urban,Non-Teaching,Pneumonia,17550.0,17.5,107.5,No,No,1002.8565697962458,5,Under-Burdened,4,0,Low Volume,Low Strain
Nonprofit,Urban,Non-Teaching,Pneumonia,109291.5,72.0,1713.5,No,No,1517.9372891753765,5,Normal,0,0,High Volume,Medium Strain
Nonprofit,Urban,Non-Teaching,Pneumonia,26386.333333333332,14.0,396.0,No,Yes,1884.7367489975602,2,Overburdened,2,0,Medium Volume,High Strain
Nonprofit,Urban,Non-Teaching,Pneumonia,69937.5,69.0,893.0,No,No,1013.5868096251,6,Under-Burdened,0,0,High Volume,Low Strain
Nonprofit,Urban,Non-Teaching,Pneumonia,112998.5,62.0,2101.3333333333335,No,No,1822.5561576522325,6,Overburdened,0,0,High Volume,High Strain
Government,Frontier,Non-Teaching,Pneumonia,3495.0,3.0,70.0,Yes,Yes,1164.996116679611,1,Normal,1,0,Low Volume,Medium Strain
Government,Frontier,Non-Teaching,Pneumonia,2546.6666666666665,2.0,51.333333333333336,Yes,Yes,1273.3269666984997,1,Normal,1,0,Low Volume,Medium Strain
Investor Owned,Urban,Non-Teaching,Pneumonia,44698.666666666664,30.0,608.3333333333334,No,Yes,1489.9550589038693,4,Normal,4,0,Medium Volume,Medium Strain
Investor Owned,Urban,Non-Teaching,Pneumonia,54417.5,28.0,428.5,No,Yes,1943.4814487566255,6,Overburdened,4,0,High Volume,High Strain
Investor Owned,Urban,Non-Teaching,Pneumonia,39938.5,29.0,342.5,Yes,Yes,1377.189180279593,6,Normal,4,0,Medium Volume,Medium Strain
Investor Owned,Urban,Non-Teaching,Pneumonia,45627.5,12.0,442.0,No,Yes,3802.2884980929184,3,Overburdened,4,5,Medium Volume,High Strain
Government,Rural,Non-Teaching,Pneumonia,7767.0,7.0,212.0,Yes,Yes,1109.5698434716523,1,Normal,1,0,Low Volume,Low Strain
Investor Owned,Urban,Non-Teaching,Pneumonia,45660.666666666664,41.0,537.6666666666666,No,Yes,1113.6745251200343,4,Normal,3,0,Medium Volume,Low Strain
Government,Urban,Non-Teaching,Pneumonia,37046.333333333336,28.0,568.0,No,Yes,1323.0828608037402,2,Normal,2,0,Medium Volume,Medium Strain
Investor Owned,Urban,Non-Teaching,Pneumonia,15067.333333333334,12.0,170.66666666666666,Yes,No,1255.6100647693906,2,Normal,4,0,Low Volume,Medium Strain
Nonprofit,Urban,Non-Teaching,Pneumonia,54291.666666666664,41.0,1003.0,No,Yes,1324.1866688975604,5,Normal,3,0,High Volume,Medium Strain
Nonprofit,Urban,Non-Teaching,Pneumonia,47474.5,26.0,1023.5,No,Yes,1825.9416054070748,2,Overburdened,2,0,Medium Volume,High Strain
Investor Owned,Urban,Non-Teaching,Pneumonia,90694.33333333333,53.0,1466.0,No,Yes,1711.213513607513,3,Normal,3,6,High Volume,High Strain
Investor Owned,Urban,Non-Teaching,Pneumonia,35054.666666666664,21.0,416.6666666666667,No,No,1669.2690463798192,3,Normal,4,0,Medium Volume,High Strain
Nonprofit,Urban,Non-Teaching,Pneumonia,47299.5,58.5,811.0,No,Yes,808.5383233267823,3,Under-Burdened,0,0,Medium Volume,Low Strain
Nonprofit,Urban,Non-Teaching,Pneumonia,95381.5,59.0,1155.0,No,No,1616.6353192143526,5,Normal,0,0,High Volume,High Strain
Government,Urban,Teaching,Pneumonia,63503.666666666664,70.0,580.3333333333334,No,No,907.1951084959368,7,Under-Burdened,0,0,High Volume,Low Strain
Nonprofit,Urban,Non-Teaching,Pneumonia,84523.33333333333,51.333333333333336,1182.0,No,No,1646.5581208003657,7,Normal,3,0,High Volume,High Strain
Nonprofit,Urban,Non-Teaching,Pneumonia,106119.0,53.0,1500.0,No,No,2002.2449052368102,5,Overburdened,3,0,High Volume,High Strain
Government,Rural,Non-Teaching,Pneumonia,21385.333333333332,18.0,95.33333333333333,Yes,No,1188.0734140332884,2,Normal,1,0,Low Volume,Medium Strain
Government,Rural,Non-Teaching,Pneumonia,11297.666666666666,7.0,211.33333333333334,Yes,Yes,1613.9500753094162,1,Normal,1,0,Low Volume,High Strain
Investor Owned,Urban,Non-Teaching,Pneumonia,33224.0,15.0,327.3333333333333,No,No,2214.9318567120954,3,Overburdened,4,0,Medium Volume,High Strain
Investor Owned,Urban,Non-Teaching,Pneumonia,22289.0,12.0,212.0,No,Yes,1857.4151188207343,3,Overburdened,4,0,Low Volume,High Strain
Nonprofit,Urban,Non-Teaching,Pneumonia,112998.5,80.5,3502.0,Yes,No,1403.7079001605093,6,Normal,0,0,High Volume,Medium Strain
Nonprofit,Urban,Teaching,Pneumonia,40403.0,40.0,391.0,No,No,1010.074747481313,6,Under-Burdened,3,0,Medium Volume,Low Strain
Government,Rural,Non-Teaching,Pneumonia,8291.666666666666,6.0,131.33333333333334,Yes,Yes,1381.9421412075424,1,Normal,1,0,Low Volume,Medium Strain
Nonprofit,Urban,Non-Teaching,Pneumonia,75626.66666666667,52.0,1530.3333333333333,No,Yes,1454.35869467461,6,Normal,3,0,High Volume,Medium Strain
Nonprofit,Urban,Non-Teaching,Pneumonia,53317.333333333336,18.0,620.6666666666666,No,Yes,2962.0724284782805,6,Overburdened,2,0,High Volume,High Strain
Nonprofit,Urban,Non-Teaching,Pneumonia,62192.333333333336,43.0,1401.3333333333333,No,Yes,1446.3329969768224,5,Normal,3,0,High Volume,Medium Strain
Investor Owned,Urban,Non-Teaching,Pneumonia,30790.0,16.0,307.5,Yes,Yes,1924.3737972663766,3,Overburdened,4,0,Medium Volume,High Strain
Investor Owned,Rural,Non-Teaching,Pneumonia,22806.333333333332,15.333333333333334,280.6666666666667,Yes,Yes,1487.3685951943944,4,Normal,1,0,Low Volume,Medium Strain
Investor Owned,Urban,Non-Teaching,Pneumonia,35471.0,20.333333333333332,487.6666666666667,Yes,Yes,1744.4745518977616,3,Normal,4,0,Medium Volume,High Strain
Government,Urban,Teaching,Pneumonia,57942.0,47.0,530.0,Yes,No,1232.8082483386704,6,Normal,3,0,High Volume,Medium Strain
Investor Owned,Rural,Non-Teaching,Pneumonia,25407.666666666668,16.0,330.3333333333333,Yes,Yes,1587.9781741803079,1,Normal,1,0,Medium Volume,High Strain
Nonprofit,Urban,Non-Teaching,Pneumonia,23200.666666666668,15.0,398.6666666666667,No,Yes,1546.710079971058,2,Normal,2,0,Low Volume,Medium Strain
Nonprofit,Urban,Non-Teaching,Pneumonia,79146.5,63.0,1065.5,No,No,1256.2934513819919,7,Normal,0,0,High Volume,Medium Strain
Nonprofit,Urban,Non-Teaching,Pneumonia,86469.0,80.5,941.3333333333334,No,Yes,1074.148934888331,7,Under-Burdened,0,0,High Volume,Low Strain
Nonprofit,Urban,Non-Teaching,Pneumonia,112241.5,80.5,2441.5,No,No,1394.3041746205993,6,Normal,0,0,High Volume,Medium Strain
Nonprofit,Urban,Teaching,Pneumonia,96961.66666666667,77.33333333333333,1097.3333333333333,No,No,1253.8144930412295,6,Normal,0,0,High Volume,Medium Strain
Investor Owned,Urban,Non-Teaching,Pneumonia,17293.0,20.0,153.33333333333334,Yes,Yes,864.6495676752162,5,Under-Burdened,4,0,Low Volume,Low Strain
Nonprofit,Urban,Non-Teaching,Pneumonia,37200.666666666664,47.0,371.6666666666667,No,No,791.5033776943167,6,Under-Burdened,3,0,Medium Volume,Low Strain
Government,Urban,Non-Teaching,Pneumonia,39953.666666666664,40.0,528.6666666666666,No,No,998.8414169563123,6,Under-Burdened,3,0,Medium Volume,Low Strain
Government,Urban,Teaching,Pneumonia,60332.5,80.5,643.0,No,No,749.4719565873346,6,Under-Burdened,0,0,High Volume,Low Strain
Nonprofit,Urban,Non-Teaching,Pneumonia,63761.0,48.0,926.6666666666666,No,No,1328.3538899262728,6,Normal,3,0,High Volume,Medium Strain
Government,Urban,Non-Teaching,Pneumonia,26922.5,8.0,487.0,No,No,3365.3082933646333,5,Overburdened,4,7,Medium Volume,High Strain
Nonprofit,Urban,Non-Teaching,Pneumonia,44178.666666666664,38.0,671.3333333333334,No,No,1162.5961852817054,4,Normal,3,0,Medium Volume,Low Strain
Government,Urban,Non-Teaching,Pneumonia,77978.0,72.0,1343.0,No,Yes,1083.027627357274,5,Normal,0,0,High Volume,Low Strain
Nonprofit,Urban,Teaching,Pneumonia,31841.333333333332,28.666666666666668,302.6666666666667,No,No,1110.7437985777447,5,Normal,2,0,Medium Volume,Low Strain
Nonprofit,Urban,Non-Teaching,Pneumonia,10480.666666666666,12.0,97.66666666666667,No,No,873.3881610654213,5,Under-Burdened,2,0,Low Volume,Low Strain
Government,Urban,Teaching,Pneumonia,43609.0,59.0,233.66666666666666,No,No,739.135467943141,6,Under-Burdened,0,0,Medium Volume,Low Strain
Nonprofit,Urban,Non-Teaching,Pneumonia,20186.666666666668,19.0,153.33333333333334,No,No,1062.4555811637292,5,Under-Burdened,2,0,Low Volume,Low Strain
Nonprofit,Urban,Teaching,Pneumonia,11045.666666666666,12.0,95.66666666666667,No,No,920.4714551626762,5,Under-Burdened,2,0,Low Volume,Low Strain
Nonprofit,Urban,Non-Teaching,Pneumonia,26493.666666666668,35.0,287.3333333333333,No,Yes,756.9616884871366,5,Under-Burdened,3,0,Medium Volume,Low Strain
Nonprofit,Urban,Non-Teaching,Pneumonia,17995.0,16.0,151.66666666666666,No,No,1124.686797070752,3,Normal,2,0,Low Volume,Low Strain
Nonprofit,Urban,Non-Teaching,Pneumonia,49033.666666666664,28.0,774.3333333333334,No,Yes,1751.2017555231826,4,Overburdened,2,0,High Volume,High Strain
Government,Urban,Non-Teaching,Pneumonia,41087.333333333336,25.333333333333332,326.3333333333333,Yes,Yes,1621.8677808416658,4,Normal,2,0,Medium Volume,High Strain
Nonprofit,Urban,Non-Teaching,Pneumonia,29388.666666666668,14.0,351.0,No,Yes,2099.1889767697785,2,Overburdened,2,0,Medium Volume,High Strain
Investor Owned,Urban,Non-Teaching,Pneumonia,25987.0,11.0,273.3333333333333,No,Yes,2362.4523977705476,2,Overburdened,4,0,Medium Volume,High Strain
Nonprofit,Urban,Non-Teaching,Pneumonia,103851.33333333333,46.666666666666664,1870.6666666666667,No,Yes,2225.385237417449,2,Overburdened,3,8,High Volume,High Strain
Nonprofit,Rural,Non-Teaching,Pneumonia,25632.666666666668,18.0,373.3333333333333,No,Yes,1424.0362459057894,2,Normal,1,0,Medium Volume,Medium Strain
Nonprofit,Rural,Non-Teaching,Pneumonia,20801.333333333332,22.0,294.0,No,Yes,945.5147217357325,2,Under-Burdened,1,0,Low Volume,Low Strain
Investor Owned,Rural,Non-Teaching,Pneumonia,19784.666666666668,11.0,200.0,No,Yes,1798.6044255111285,4,Overburdened,1,0,Low Volume,High Strain
Investor Owned,Urban,Non-Teaching,Pneumonia,27192.666666666668,23.0,307.6666666666667,No,No,1182.2893410336198,3,Normal,4,0,Medium Volume,Medium Strain
Government,Urban,Non-Teaching,Pneumonia,33189.666666666664,15.0,145.0,No,No,2212.6429693491314,4,Overburdened,4,0,Medium Volume,High Strain
Nonprofit,Urban,Non-Teaching,Pneumonia,39927.666666666664,19.0,632.3333333333334,No,No,2101.4550343219116,3,Overburdened,2,0,Medium Volume,High Strain
Investor Owned,Urban,Non-Teaching,Pneumonia,13136.0,22.0,89.0,No,No,597.0906376860738,6,Under-Burdened,4,0,Low Volume,Low Strain
Investor Owned,Rural,Non-Teaching,Pneumonia,1620.0,7.0,5.0,No,No,231.42824081679885,3,Under-Burdened,4,9,Low Volume,Low Strain
Nonprofit,Urban,Non-Teaching,Pneumonia,41904.5,26.0,419.0,No,No,1611.7109185727236,5,Normal,2,0,Medium Volume,High Strain
Nonprofit,Urban,Non-Teaching,Pneumonia,14532.0,17.0,111.0,No,No,854.8230265746903,5,Under-Burdened,2,0,Low Volume,Low Strain
Nonprofit,Urban,Non-Teaching,Pneumonia,32738.0,24.0,470.3333333333333,No,No,1364.0827649655146,4,Normal,2,0,Medium Volume,Medium Strain
Nonprofit,Urban,Non-Teaching,Pneumonia,22042.666666666668,22.0,243.33333333333334,No,Yes,1001.9389385126037,1,Under-Burdened,2,0,Low Volume,Low Strain
Government,Rural,Non-Teaching,Pneumonia,18819.5,10.0,156.5,No,Yes,1881.948118051882,2,Overburdened,1,0,Low Volume,High Strain
Nonprofit,Urban,Non-Teaching,Pneumonia,48621.0,41.0,503.0,Yes,Yes,1185.8777595420097,5,Normal,3,0,Medium Volume,Medium Strain
Nonprofit,Urban,Non-Teaching,Pneumonia,35892.0,40.5,387.5,No,No,886.2220034019743,6,Under-Burdened,3,0,Medium Volume,Low Strain
Nonprofit,Rural,Non-Teaching,Pneumonia,9330.0,8.0,180.66666666666666,No,Yes,1166.2485421893223,1,Normal,1,0,Low Volume,Medium Strain
Nonprofit,Urban,Non-Teaching,Pneumonia,52909.5,40.0,408.0,No,No,1322.7371693157077,6,Normal,3,0,High Volume,Medium Strain
Investor Owned,Urban,Non-Teaching,Pneumonia,47574.333333333336,35.0,480.6666666666667,No,No,1359.266278304873,6,Normal,3,0,Medium Volume,Medium Strain
Government,Urban,Non-Teaching,Pneumonia,49958.666666666664,25.0,475.0,No,No,1998.3458673283196,6,Overburdened,2,0,High Volume,High Strain
Nonprofit,Urban,Teaching,Pneumonia,73416.5,80.5,576.5,No,No,912.0060978874412,5,Under-Burdened,0,0,High Volume,Low Strain
Nonprofit,Urban,Non-Teaching,Pneumonia,65069.0,36.0,850.0,No,No,1807.4717201467442,5,Overburdened,3,0,High Volume,High Strain
Government,Rural,Non-Teaching,Pneumonia,33380.333333333336,8.0,326.3333333333333,No,No,4172.536450996104,2,Overburdened,4,10,Medium Volume,High Strain
Nonprofit,Urban,Non-Teaching,Pneumonia,67463.5,30.0,966.0,No,No,2248.7825837391388,6,Overburdened,2,0,High Volume,High Strain
Nonprofit,Urban,Non-Teaching,Pneumonia,28103.666666666668,13.333333333333334,228.33333333333334,Yes,No,2107.7734191699356,3,Overburdened,2,0,Medium Volume,High Strain
Government,Frontier,Non-Teaching,Pneumonia,3986.3333333333335,6.0,92.33333333333333,Yes,Yes,664.3877815759197,3,Under-Burdened,1,0,Low Volume,Low Strain
Investor Owned,Urban,Non-Teaching,Pneumonia,24901.0,28.0,214.33333333333334,No,Yes,889.3211109567461,5,Under-Burdened,4,0,Low Volume,Low Strain
Nonprofit,Urban,Non-Teaching,Pneumonia,42502.0,26.0,618.3333333333334,No,Yes,1634.691678964739,5,Normal,2,0,Medium Volume,High Strain
Nonprofit,Rural,Non-Teaching,Pneumonia,9721.666666666666,11.0,109.0,Yes,Yes,883.7870753450829,1,Under-Burdened,1,0,Low Volume,Low Strain
Nonprofit,Rural,Non-Teaching,Pneumonia,9916.0,7.0,201.0,Yes,Yes,1416.5694049008503,1,Normal,1,0,Low Volume,Medium Strain
Nonprofit,Urban,Non-Teaching,Pneumonia,57303.333333333336,51.0,922.0,No,No,1123.594550929173,5,Normal,3,0,High Volume,Low Strain
Nonprofit,Urban,Non-Teaching,Pneumonia,24714.666666666668,13.0,218.0,No,No,1901.1267427230187,3,Overburdened,2,0,Low Volume,High Strain
Nonprofit,Urban,Non-Teaching,Pneumonia,57780.0,45.0,745.3333333333334,No,No,1283.99971466673,4,Normal,3,0,High Volume,Medium Strain
Nonprofit,Urban,Non-Teaching,Pneumonia,48864.0,27.0,897.0,No,No,1809.7771074899601,3,Overburdened,2,0,Medium Volume,High Strain
Investor Owned,Rural,Non-Teaching,Pneumonia,8867.0,9.0,75.0,No,No,985.2211275320806,1,Under-Burdened,4,0,Low Volume,Low Strain
Investor Owned,Urban,Non-Teaching,Pneumonia,17207.5,15.0,175.0,No,No,1147.1659018893988,2,Normal,4,0,Low Volume,Low Strain
Investor Owned,Urban,Non-Teaching,Pneumonia,35628.0,29.5,342.0,No,Yes,1207.728404159863,5,Normal,4,0,Medium Volume,Medium Strain
Government,Urban,Non-Teaching,Pneumonia,8424.666666666666,8.333333333333334,104.0,Yes,No,1010.9587868494557,2,Under-Burdened,4,0,Low Volume,Low Strain
Nonprofit,Urban,Teaching,Pneumonia,53276.0,30.0,674.0,No,Yes,1775.8660747113086,4,Overburdened,2,0,High Volume,High Strain
Nonprofit,Urban,Non-Teaching,Pneumonia,31739.5,34.0,417.5,No,Yes,933.5144313192848,3,Under-Burdened,3,0,Medium Volume,Low Strain
Investor Owned,Urban,Non-Teaching,Pneumonia,77669.33333333333,33.0,675.3333333333334,No,No,2353.6154483993587,6,Overburdened,2,0,High Volume,High Strain
Investor Owned,Urban,Non-Teaching,Pneumonia,51875.333333333336,32.0,692.6666666666666,No,No,1621.1036600717728,5,Normal,4,0,High Volume,High Strain
Nonprofit,Urban,Non-Teaching,Pneumonia,72098.66666666667,40.0,1084.3333333333333,No,No,1802.4662160501127,6,Overburdened,3,0,High Volume,High Strain
Government,Rural,Non-Teaching,Pneumonia,18690.333333333332,12.0,192.66666666666666,Yes,No,1557.5264798390444,1,Normal,1,0,Low Volume,Medium Strain
Nonprofit,Rural,Non-Teaching,Pneumonia,28291.666666666668,14.0,322.6666666666667,Yes,Yes,2020.8318898819837,2,Overburdened,1,0,Medium Volume,High Strain
Government,Urban,Non-Teaching,Pneumonia,59761.5,80.5,839.5,Yes,Yes,742.3787897666099,6,Under-Burdened,0,0,High Volume,Low Strain
Government,Rural,Non-Teaching,Pneumonia,33321.0,24.0,1086.5,Yes,Yes,1388.3744215106578,4,Normal,1,0,Medium Volume,Medium Strain
Nonprofit,Rural,Non-Teaching,Pneumonia,28867.333333333332,15.0,431.0,Yes,Yes,1924.4876058971515,3,Overburdened,1,0,Medium Volume,High Strain
Nonprofit,Rural,Non-Teaching,Pneumonia,30663.666666666668,18.0,498.6666666666667,Yes,Yes,1703.536090628098,2,Normal,1,0,Medium Volume,High Strain
Government,Urban,Non-Teaching,Pneumonia,40721.5,38.5,280.5,No,No,1057.70102397376,5,Under-Burdened,3,0,Medium Volume,Low Strain
Investor Owned,Urban,Non-Teaching,Pneumonia,40176.0,28.0,399.3333333333333,No,No,1434.8566304083463,6,Normal,4,0,Medium Volume,Medium Strain
Nonprofit,Rural,Non-Teaching,Pneumonia,7952.0,6.0,129.0,No,No,1325.331124448126,1,Normal,1,0,Low Volume,Medium Strain
Nonprofit,Urban,Non-Teaching,Pneumonia,22600.333333333332,14.0,366.6666666666667,No,No,1614.3083707321161,3,Normal,2,0,Low Volume,High Strain
Nonprofit,Urban,Non-Teaching,Pneumonia,45771.666666666664,31.0,628.0,No,Yes,1476.5049000521826,5,Normal,2,0,Medium Volume,Medium Strain
Nonprofit,Urban,Non-Teaching,Pneumonia,26971.5,11.0,390.0,No,Yes,2451.952316406985,1,Overburdened,2,0,Medium Volume,High Strain
Nonprofit,Rural,Non-Teaching,Pneumonia,59699.0,44.0,483.6666666666667,Yes,Yes,1356.7951461829211,5,Normal,3,1,High Volume,Medium Strain
Nonprofit,Urban,Non-Teaching,Pneumonia,36398.0,40.0,181.0,No,No,909.9497725125568,4,Under-Burdened,3,0,Medium Volume,Low Strain
Government,Urban,Non-Teaching,Pneumonia,69248.0,54.0,382.0,No,No,1282.3701328944198,4,Normal,3,0,High Volume,Medium Strain
Nonprofit,Urban,Teaching,Pneumonia,112998.5,80.0,1501.0,No,No,1412.4810734398657,6,Normal,0,0,High Volume,Medium Strain
Nonprofit,Rural,Non-Teaching,Pneumonia,9934.0,5.0,171.0,Yes,Yes,1986.7960264079472,1,Overburdened,1,0,Low Volume,High Strain
Nonprofit,Rural,Non-Teaching,Pneumonia,15236.0,11.0,262.5,Yes,Yes,1385.0896499185,1,Normal,1,0,Low Volume,Medium Strain
Nonprofit,Rural,Non-Teaching,Pneumonia,26490.0,24.0,292.0,No,No,1103.7495401043584,3,Normal,2,0,Medium Volume,Low Strain
Investor Owned,Rural,Non-Teaching,Pneumonia,9268.0,9.0,146.0,Yes,Yes,1029.7766335815184,2,Under-Burdened,1,0,Low Volume,Low Strain
Nonprofit,Urban,Teaching,Pneumonia,63937.0,48.0,508.0,No,Yes,1332.0205558290509,6,Normal,3,0,High Volume,Medium Strain
Investor Owned,Rural,Non-Teaching,Pneumonia,11554.0,12.0,215.0,Yes,Yes,962.8325309728909,2,Under-Burdened,1,0,Low Volume,Low Strain
Government,Rural,Non-Teaching,Pneumonia,30623.0,20.0,373.0,Yes,Yes,1531.149234425383,4,Normal,1,0,Medium Volume,Medium Strain
Nonprofit,Urban,Non-Teaching,Pneumonia,74433.0,36.0,941.5,No,Yes,2067.582759004789,6,Overburdened,3,0,High Volume,High Strain
Government,Urban,Teaching,Pneumonia,45491.0,30.0,304.5,No,Yes,1516.3661612112796,5,Normal,2,0,Medium Volume,Medium Strain
Nonprofit,Urban,Non-Teaching,Pneumonia,53560.0,40.0,881.0,No,Yes,1338.9996652500836,5,Normal,3,0,High Volume,Medium Strain
Nonprofit,Frontier,Non-Teaching,Pneumonia,2364.0,2.0,18.0,Yes,Yes,1181.9940900295499,1,Normal,1,0,Low Volume,Medium Strain
Nonprofit,Urban,Teaching,Pneumonia,41196.0,26.0,403.0,No,No,1584.4609290534888,6,Normal,2,0,Medium Volume,Medium Strain
Nonprofit,Urban,Non-Teaching,Pneumonia,72057.0,46.0,1585.0,Yes,No,1566.456181205178,6,Normal,3,0,High Volume,Medium Strain
Government,Urban,Non-Teaching,Pneumonia,33564.0,14.0,396.0,No,No,2397.4268589808153,4,Overburdened,4,0,Medium Volume,High Strain
Nonprofit,Urban,Non-Teaching,Pneumonia,31471.5,22.0,430.0,No,No,1430.5220770354194,3,Normal,2,0,Medium Volume,Medium Strain
Nonprofit,Urban,Non-Teaching,Pneumonia,33640.5,16.0,245.5,No,No,2102.52993591879,6,Overburdened,2,0,Medium Volume,High Strain
Nonprofit,Urban,Non-Teaching,Pneumonia,52043.0,50.0,468.0,No,No,1040.8597918280416,7,Under-Burdened,3,0,High Volume,Low Strain
Investor Owned,Urban,Non-Teaching,Pneumonia,29638.0,21.0,421.0,No,No,1411.3326612701612,4,Normal,4,0,Medium Volume,Medium Strain
Nonprofit,Urban,Non-Teaching,Pneumonia,25109.5,16.0,317.5,No,No,1569.3427691607694,6,Normal,2,0,Low Volume,Medium Strain
Investor Owned,Urban,Non-Teaching,Pneumonia,50599.5,24.0,614.0,No,No,2108.3116215368245,6,Overburdened,4,0,High Volume,High Strain
Nonprofit,Urban,Non-Teaching,Pneumonia,109217.0,29.0,942.0,Yes,Yes,3766.1021496199482,3,Overburdened,2,4,High Volume,High Strain
Government,Rural,Non-Teaching,Pneumonia,10799.0,13.0,80.0,No,Yes,830.6916686987164,1,Under-Burdened,1,0,Low Volume,Low Strain
Nonprofit,Rural,Non-Teaching,Pneumonia,6472.0,8.0,51.0,No,No,808.998988751264,4,Under-Burdened,1,0,Low Volume,Low Strain
Nonprofit,Rural,Non-Teaching,Pneumonia,23312.0,18.0,164.0,Yes,Yes,1295.110391605338,3,Normal,1,0,Low Volume,Medium Strain
Government,Urban,Non-Teaching,Pneumonia,27460.0,23.0,377.0,No,No,1193.912524385859,4,Normal,2,0,Medium Volume,Medium Strain
Nonprofit,Urban,Non-Teaching,Pneumonia,11497.0,69.0,201.0,No,No,166.62316425751243,2,Under-Burdened,0,11,Low Volume,Low Strain
Nonprofit,Urban,Teaching,Pneumonia,112998.5,72.0,1538.0,No,No,1569.4233931356398,5,Normal,0,0,High Volume,Medium Strain
Investor Owned,Urban,Teaching,Pneumonia,87345.0,64.0,697.0,Yes,Yes,1364.7654117554043,7,Normal,0,0,High Volume,Medium Strain
Nonprofit,Urban,Non-Teaching,Pneumonia,51767.0,26.0,815.0,No,Yes,1991.0376957547323,3,Overburdened,2,0,High Volume,High Strain
Nonprofit,Urban,Teaching,Pneumonia,99973.0,59.0,1051.0,No,No,1694.4573399224846,5,Normal,0,0,High Volume,High Strain
Nonprofit,Urban,Non-Teaching,Pneumonia,30920.5,20.0,296.0,No,No,1546.0242269878865,6,Normal,2,0,Medium Volume,Medium Strain
Nonprofit,Urban,Non-Teaching,Pneumonia,56462.0,31.0,469.0,No,No,1821.3542511760481,6,Overburdened,2,0,High Volume,High Strain
Nonprofit,Urban,Non-Teaching,Pneumonia,45169.5,29.0,385.5,No,No,1557.56842842468,6,Normal,2,0,Medium Volume,Medium Strain
Nonprofit,Urban,Teaching,Pneumonia,107243.0,53.0,1309.0,No,No,2023.4524484051983,5,Overburdened,3,0,High Volume,High Strain
Nonprofit,Urban,Non-Teaching,Pneumonia,42886.0,25.0,551.0,No,No,1715.4393138242744,3,Normal,2,0,Medium Volume,High Strain
Nonprofit,Urban,Teaching,Pneumonia,112998.5,80.5,2976.0,Yes,No,1403.7079001605093,6,Normal,0,0,High Volume,Medium Strain
Nonprofit,Urban,Teaching,Pneumonia,62646.0,24.0,594.0,No,Yes,2610.2489123962864,6,Overburdened,2,0,High Volume,High Strain
Nonprofit,Frontier,Non-Teaching,Pneumonia,4339.5,4.0,159.5,Yes,Yes,1084.8722878192805,1,Normal,1,0,Low Volume,Low Strain
Nonprofit,Urban,Non-Teaching,Pneumonia,14965.0,39.0,330.0,No,No,383.7178503287563,4,Under-Burdened,3,0,Low Volume,Low Strain
Nonprofit,Urban,Teaching,Pneumonia,112998.5,80.5,2587.0,No,No,1403.7079001605093,6,Normal,0,0,High Volume,Medium Strain
Nonprofit,Urban,Non-Teaching,Pneumonia,5637.5,7.0,88.5,No,Yes,805.3559923485824,2,Under-Burdened,1,0,Low Volume,Low Strain
Investor Owned,Urban,Teaching,Pneumonia,82844.0,62.0,932.0,Yes,Yes,1336.1933328720431,6,Normal,0,0,High Volume,Medium Strain
Investor Owned,Urban,Non-Teaching,Pneumonia,13380.0,22.0,123.0,No,No,608.1815417356629,5,Under-Burdened,4,0,Low Volume,Low Strain
Nonprofit,Urban,Non-Teaching,Pneumonia,17158.0,17.0,152.0,No,No,1009.293523944986,4,Under-Burdened,2,0,Low Volume,Low Strain
Nonprofit,Urban,Teaching,Pneumonia,43220.0,40.0,511.0,No,No,1080.4997298750675,6,Under-Burdened,3,0,Medium Volume,Low Strain
Nonprofit,Urban,Non-Teaching,Pneumonia,63151.0,40.0,560.0,No,No,1578.7746053063486,5,Normal,3,0,High Volume,Medium Strain
Nonprofit,Urban,Teaching,Pneumonia,73413.0,36.0,913.0,No,No,2039.249433541824,5,Overburdened,3,0,High Volume,High Strain
Nonprofit,Urban,Teaching,Pneumonia,74166.0,30.0,933.0,No,No,2472.199175933608,6,Overburdened,2,0,High Volume,High Strain
Nonprofit,Urban,Non-Teaching,Pneumonia,39333.0,24.0,348.0,No,Yes,1638.8743171357012,5,Normal,2,0,Medium Volume,High Strain
Nonprofit,Urban,Non-Teaching,Pneumonia,53345.0,27.0,953.0,No,No,1975.740008985182,4,Overburdened,2,0,High Volume,High Strain
Nonprofit,Urban,Non-Teaching,Pneumonia,59695.0,30.0,784.0,No,Yes,1989.8326700557766,4,Overburdened,2,0,High Volume,High Strain
Government,Urban,Teaching,Pneumonia,71708.0,73.0,762.0,Yes,Yes,982.3012353012006,6,Under-Burdened,0,0,High Volume,Low Strain
Government,Urban,Non-Teaching,Pneumonia,45896.0,35.0,313.0,No,No,1311.313911053168,4,Normal,3,0,Medium Volume,Medium Strain
Nonprofit,Urban,Non-Teaching,Pneumonia,34054.5,18.0,545.5,No,No,1891.9156156024358,3,Overburdened,2,0,Medium Volume,High Strain
Nonprofit,Urban,Non-Teaching,Pneumonia,23820.0,19.5,286.5,No,Yes,1221.5378351088025,3,Normal,2,0,Low Volume,Medium Strain
Nonprofit,Urban,Non-Teaching,Pneumonia,32229.0,23.0,385.0,No,Yes,1401.260260321626,2,Normal,2,0,Medium Volume,Medium Strain
Government,Frontier,Non-Teaching,Pneumonia,2837.0,2.0,38.0,Yes,Yes,1418.4929075354623,1,Normal,1,0,Low Volume,Medium Strain
Investor Owned,Urban,Non-Teaching,Pneumonia,23943.0,20.0,277.0,Yes,No,1197.1494014252994,6,Normal,4,0,Low Volume,Medium Strain
Government,Urban,Teaching,Pneumonia,32425.0,41.0,328.0,No,No,790.8534656454962,6,Under-Burdened,3,0,Medium Volume,Low Strain
Nonprofit,Rural,Non-Teaching,Pneumonia,28244.0,16.0,812.0,Yes,Yes,1765.2488967194397,3,Overburdened,1,0,Medium Volume,High Strain
Government,Frontier,Non-Teaching,Pneumonia,4834.0,4.0,82.0,Yes,Yes,1208.4969787575533,2,Normal,1,0,Low Volume,Medium Strain
Nonprofit,Urban,Non-Teaching,Pneumonia,58831.0,56.0,1243.0,No,No,1050.5533838297529,6,Under-Burdened,3,0,High Volume,Low Strain
Investor Owned,Urban,Non-Teaching,Pneumonia,73328.0,64.0,795.0,Yes,Yes,1145.7498209765904,6,Normal,0,0,High Volume,Low Strain
Government,Urban,Teaching,Pneumonia,68827.0,44.0,613.0,No,Yes,1564.249644488717,6,Normal,3,0,High Volume,Medium Strain
Nonprofit,Urban,Non-Teaching,Pneumonia,51901.0,24.0,523.0,No,Yes,2162.540765608014,6,Overburdened,2,0,High Volume,High Strain
Government,Urban,Teaching,Pneumonia,33076.0,52.0,239.0,No,No,636.0768007544614,7,Under-Burdened,3,0,Medium Volume,Low Strain
Nonprofit,Urban,Non-Teaching,Pneumonia,28108.0,21.0,445.0,Yes,Yes,1338.4755531068795,5,Normal,1,0,Medium Volume,Medium Strain
Investor Owned,Urban,Non-Teaching,Pneumonia,67670.0,62.0,931.0,Yes,Yes,1091.4514368626715,6,Normal,0,0,High Volume,Low Strain
Government,Urban,Non-Teaching,Respiratory,13261.0,12.0,39.666666666666664,No,No,1105.082412431323,3,Normal,4,0,Low Volume,Low Strain
Nonprofit,Urban,Non-Teaching,Respiratory,29420.666666666668,22.0,59.666666666666664,No,No,1337.302422438293,6,Normal,2,0,Medium Volume,Medium Strain
Nonprofit,Urban,Teaching,Respiratory,30782.5,40.0,25.5,No,No,769.562307609423,4,Under-Burdened,3,0,Medium Volume,Low Strain
Government,Urban,Non-Teaching,Respiratory,65082.0,59.0,52.5,No,No,1103.0845587992274,5,Normal,0,0,High Volume,Low Strain
Nonprofit,Urban,Non-Teaching,Respiratory,29479.0,30.0,181.33333333333334,No,No,982.633005788998,6,Under-Burdened,2,0,Medium Volume,Low Strain
Government,Urban,Non-Teaching,Respiratory,42180.666666666664,39.0,35.333333333333336,No,No,1081.5552782336893,6,Normal,3,0,Medium Volume,Low Strain
Nonprofit,Urban,Non-Teaching,Respiratory,28620.0,17.0,33.0,No,No,1683.5284214538697,4,Normal,2,0,Medium Volume,High Strain
Nonprofit,Urban,Non-Teaching,Respiratory,37801.333333333336,18.0,393.0,No,No,2100.0729073669036,3,Overburdened,2,0,Medium Volume,High Strain
Nonprofit,Urban,Non-Teaching,Respiratory,31745.0,22.0,92.0,No,No,1442.9538895664139,3,Normal,2,0,Medium Volume,Medium Strain
Nonprofit,Urban,Non-Teaching,Respiratory,110997.0,80.0,599.0,No,No,1387.4623265672092,6,Normal,0,0,High Volume,Medium Strain
Nonprofit,Urban,Non-Teaching,Respiratory,66977.0,40.0,732.0,No,No,1674.4245813938546,5,Normal,3,0,High Volume,High Strain
Nonprofit,Rural,Non-Teaching,Respiratory,24025.0,14.0,63.0,Yes,No,1716.070202806998,2,Normal,1,0,Low Volume,High Strain
Nonprofit,Rural,Non-Teaching,Respiratory,9708.5,5.0,46.5,Yes,Yes,1941.696116607767,3,Overburdened,1,0,Low Volume,High Strain
Nonprofit,Rural,Non-Teaching,Respiratory,8570.0,14.0,20.0,Yes,Yes,612.1424198982716,3,Under-Burdened,1,0,Low Volume,Low Strain
Nonprofit,Urban,Non-Teaching,Respiratory,55911.0,49.0,149.0,No,Yes,1141.0405834611054,5,Normal,3,0,High Volume,Low Strain
Nonprofit,Rural,Non-Teaching,Respiratory,10039.0,8.0,28.0,Yes,Yes,1254.8734314082108,1,Normal,1,0,Low Volume,Medium Strain
Nonprofit,Urban,Non-Teaching,Respiratory,41025.0,30.0,120.33333333333333,No,No,1367.4995441668186,3,Normal,2,0,Medium Volume,Medium Strain
Nonprofit,Urban,Non-Teaching,Respiratory,46164.333333333336,44.0,218.66666666666666,No,No,1049.1891554873132,7,Under-Burdened,3,0,Medium Volume,Low Strain
Nonprofit,Urban,Non-Teaching,Respiratory,63404.333333333336,52.0,636.0,No,No,1219.3138680806665,5,Normal,3,0,High Volume,Medium Strain
Nonprofit,Urban,Non-Teaching,Respiratory,50722.333333333336,32.0,219.66666666666666,No,No,1585.072421331535,5,Normal,2,0,High Volume,Medium Strain
Investor Owned,Urban,Non-Teaching,Respiratory,16929.333333333332,12.0,12.666666666666666,No,No,1410.7766021306093,3,Normal,4,0,Low Volume,Medium Strain
Nonprofit,Urban,Non-Teaching,Respiratory,63958.666666666664,36.0,547.0,No,No,1776.629136121536,4,Overburdened,3,0,High Volume,High Strain
Nonprofit,Rural,Non-Teaching,Respiratory,16776.666666666668,12.0,24.333333333333332,Yes,Yes,1398.0543905102302,3,Normal,1,0,Low Volume,Medium Strain
Nonprofit,Rural,Non-Teaching,Respiratory,55450.333333333336,59.0,56.0,Yes,Yes,939.8359988978533,6,Under-Burdened,0,1,High Volume,Low Strain
Investor Owned,Rural,Non-Teaching,Respiratory,7588.5,9.0,6.5,Yes,Yes,843.1657298158558,3,Under-Burdened,1,0,Low Volume,Low Strain
Nonprofit,Urban,Teaching,Respiratory,80788.66666666667,73.0,41.0,Yes,No,1106.693912325035,7,Normal,0,0,High Volume,Low Strain
Nonprofit,Rural,Non-Teaching,Respiratory,35672.666666666664,10.0,42.333333333333336,Yes,Yes,3567.263099403567,1,Overburdened,1,2,Medium Volume,High Strain
Nonprofit,Urban,Non-Teaching,Respiratory,57338.0,48.0,76.0,No,Yes,1194.5414178038711,6,Normal,3,0,High Volume,Medium Strain
Nonprofit,Urban,Non-Teaching,Respiratory,47511.333333333336,21.0,576.0,No,Yes,2262.4433670904605,4,Overburdened,2,0,Medium Volume,High Strain
Investor Owned,Frontier,Non-Teaching,Respiratory,5907.0,4.333333333333333,22.0,Yes,Yes,1363.1507004214607,1,Normal,1,0,Low Volume,Medium Strain
Investor Owned,Rural,Non-Teaching,Respiratory,10314.0,8.0,40.0,Yes,Yes,1289.2483884395144,1,Normal,1,0,Low Volume,Medium Strain
Investor Owned,Rural,Non-Teaching,Respiratory,28371.0,20.0,39.5,Yes,Yes,1418.5492907253547,3,Normal,1,0,Medium Volume,Medium Strain
Government,Rural,Non-Teaching,Respiratory,39829.0,16.0,57.0,Yes,Yes,2489.31094418066,3,Overburdened,1,0,Medium Volume,High Strain
Government,Rural,Non-Teaching,Respiratory,7991.666666666667,7.666666666666667,21.333333333333332,No,No,1042.3899447087679,1,Under-Burdened,4,0,Low Volume,Low Strain
Government,Frontier,Non-Teaching,Respiratory,1610.0,2.0,3.5,Yes,No,804.9959750201249,1,Under-Burdened,1,0,Low Volume,Low Strain
Nonprofit,Urban,Non-Teaching,Respiratory,28485.0,10.0,27.5,Yes,Yes,2848.4971515028487,4,Overburdened,1,0,Medium Volume,High Strain
Government,Frontier,Non-Teaching,Respiratory,6546.333333333333,8.0,32.0,Yes,Yes,818.290643803362,3,Under-Burdened,1,0,Low Volume,Low Strain
Nonprofit,Urban,Non-Teaching,Respiratory,64106.0,42.666666666666664,148.33333333333334,No,Yes,1502.484022855307,3,Normal,3,0,High Volume,Medium Strain
Nonprofit,Rural,Non-Teaching,Respiratory,15535.666666666666,12.0,35.0,Yes,Yes,1294.6378100240472,2,Normal,1,0,Low Volume,Medium Strain
Nonprofit,Rural,Non-Teaching,Respiratory,20035.333333333332,13.0,52.333333333333336,Yes,Yes,1541.1783016577167,1,Normal,1,0,Low Volume,Medium Strain
Nonprofit,Urban,Non-Teaching,Respiratory,88985.33333333333,40.666666666666664,111.66666666666667,Yes,Yes,2188.163396353263,4,Overburdened,3,0,High Volume,High Strain
Nonprofit,Rural,Non-Teaching,Respiratory,18720.666666666668,8.0,78.0,Yes,Yes,2340.080408232823,1,Overburdened,1,0,Low Volume,High Strain
Nonprofit,Rural,Non-Teaching,Respiratory,18771.0,12.0,21.666666666666668,Yes,Yes,1564.2486964594198,1,Normal,1,0,Low Volume,Medium Strain
Nonprofit,Rural,Non-Teaching,Respiratory,10002.666666666666,8.0,27.666666666666668,Yes,Yes,1250.3317704186202,1,Normal,1,0,Low Volume,Medium Strain
Investor Owned,Urban,Non-Teaching,Respiratory,14433.0,8.0,19.0,No,No,1804.122744846569,3,Overburdened,4,0,Low Volume,High Strain
Government,Urban,Non-Teaching,Respiratory,102466.66666666667,42.666666666666664,139.66666666666666,No,Yes,2401.561937133921,6,Overburdened,3,3,High Volume,High Strain
Nonprofit,Urban,Non-Teaching,Respiratory,36011.0,26.0,64.0,No,No,1385.0379288315658,6,Normal,2,0,Medium Volume,Medium Strain
Investor Owned,Urban,Non-Teaching,Respiratory,12317.0,17.0,22.666666666666668,No,No,724.528985571185,6,Under-Burdened,4,0,Low Volume,Low Strain
Nonprofit,Urban,Non-Teaching,Respiratory,57101.0,35.0,93.0,No,No,1631.4566767266635,6,Normal,3,0,High Volume,High Strain
Investor Owned,Urban,Non-Teaching,Respiratory,34882.0,50.5,71.0,Yes,No,690.7325364886066,6,Under-Burdened,3,0,Medium Volume,Low Strain
Nonprofit,Urban,Teaching,Respiratory,65446.0,41.0,39.0,Yes,No,1596.2435131113382,6,Normal,3,0,High Volume,High Strain
Investor Owned,Urban,Non-Teaching,Respiratory,29986.333333333332,14.0,18.333333333333332,No,Yes,2141.879422467079,2,Overburdened,4,0,Medium Volume,High Strain
Investor Owned,Urban,Non-Teaching,Respiratory,3751.5,4.0,1.5,Yes,Yes,937.8726553183618,3,Under-Burdened,1,0,Low Volume,Low Strain
Investor Owned,Urban,Non-Teaching,Respiratory,20267.0,12.0,30.666666666666668,No,No,1688.915259237284,5,Normal,4,0,Low Volume,High Strain
Investor Owned,Urban,Non-Teaching,Respiratory,33361.5,14.0,111.5,No,No,2382.9625835981547,4,Overburdened,4,0,Medium Volume,High Strain
Nonprofit,Urban,Non-Teaching,Respiratory,46487.666666666664,30.666666666666668,54.666666666666664,No,No,1515.9016795972782,4,Normal,2,0,Medium Volume,Medium Strain
Investor Owned,Urban,Non-Teaching,Respiratory,9859.5,8.0,5.5,Yes,Yes,1232.4359594550508,3,Normal,1,0,Low Volume,Medium Strain
Investor Owned,Urban,Non-Teaching,Respiratory,6710.333333333333,9.0,20.333333333333332,No,No,745.591764157299,3,Under-Burdened,4,0,Low Volume,Low Strain
Investor Owned,Urban,Non-Teaching,Respiratory,16033.333333333334,21.0,17.0,No,No,763.4916999245874,5,Under-Burdened,4,0,Low Volume,Low Strain
Nonprofit,Urban,Non-Teaching,Respiratory,39767.5,37.0,58.0,No,No,1074.7970068116197,7,Under-Burdened,3,0,Medium Volume,Low Strain
Investor Owned,Urban,Non-Teaching,Respiratory,18635.5,9.0,19.5,Yes,No,2070.608810434655,3,Overburdened,4,0,Low Volume,High Strain
Nonprofit,Urban,Non-Teaching,Respiratory,79359.66666666667,32.0,86.0,No,No,2479.9888083368305,6,Overburdened,2,0,High Volume,High Strain
Nonprofit,Urban,Non-Teaching,Respiratory,68964.66666666667,30.0,93.33333333333333,Yes,No,2298.8214559484036,7,Overburdened,2,0,High Volume,High Strain
Nonprofit,Urban,Teaching,Respiratory,53635.333333333336,57.0,285.3333333333333,Yes,No,940.9705951513575,6,Under-Burdened,0,0,High Volume,Low Strain
Nonprofit,Urban,Non-Teaching,Respiratory,62426.5,49.5,444.0,Yes,No,1261.1411593654223,5,Normal,3,0,High Volume,Medium Strain
Nonprofit,Urban,Non-Teaching,Respiratory,61938.666666666664,41.0,1116.0,No,No,1510.6988185287432,5,Normal,3,0,High Volume,Medium Strain
Nonprofit,Urban,Non-Teaching,Respiratory,79005.0,53.0,470.6666666666667,No,No,1490.6600961018685,5,Normal,3,0,High Volume,Medium Strain
Nonprofit,Urban,Non-Teaching,Respiratory,40703.0,29.0,34.5,No,No,1403.5512401547448,6,Normal,2,0,Medium Volume,Medium Strain
Nonprofit,Urban,Non-Teaching,Respiratory,32344.666666666668,18.0,46.666666666666664,No,No,1796.9249276342996,3,Overburdened,2,0,Medium Volume,High Strain
Investor Owned,Urban,Non-Teaching,Respiratory,36378.0,15.0,26.5,No,No,2425.198383201078,5,Overburdened,4,0,Medium Volume,High Strain
Investor Owned,Urban,Non-Teaching,Respiratory,29577.0,10.666666666666666,73.0,Yes,No,2772.841150461422,4,Overburdened,4,0,Medium Volume,High Strain
Nonprofit,Urban,Teaching,Respiratory,72059.5,64.0,136.5,No,No,1125.9295115735138,6,Normal,0,0,High Volume,Low Strain
Nonprofit,Urban,Non-Teaching,Respiratory,35037.666666666664,29.0,85.33333333333333,No,No,1208.19498567989,6,Normal,2,0,Medium Volume,Medium Strain
Investor Owned,Urban,Non-Teaching,Respiratory,16074.666666666666,5.666666666666667,5.0,No,No,2836.700876410218,3,Overburdened,4,0,Low Volume,High Strain
Nonprofit,Urban,Teaching,Respiratory,54946.0,55.5,73.5,No,No,990.0178396364253,7,Under-Burdened,3,0,High Volume,Low Strain
Nonprofit,Urban,Non-Teaching,Respiratory,47234.0,37.0,168.0,No,No,1276.5942495691215,6,Normal,3,0,Medium Volume,Medium Strain
Investor Owned,Urban,Non-Teaching,Respiratory,4946.5,4.0,2.5,No,No,1236.621908445229,2,Normal,4,0,Low Volume,Medium Strain
Investor Owned,Urban,Non-Teaching,Respiratory,6297.5,7.0,29.5,No,No,899.6415719406116,3,Under-Burdened,4,0,Low Volume,Low Strain
Nonprofit,Urban,Non-Teaching,Respiratory,77714.0,71.0,159.5,No,No,1094.5632261178555,6,Normal,0,0,High Volume,Low Strain
Nonprofit,Urban,Non-Teaching,Respiratory,57211.0,61.0,82.66666666666667,No,No,937.8850921499849,7,Under-Burdened,0,0,High Volume,Low Strain
Investor Owned,Urban,Non-Teaching,Respiratory,12230.666666666666,8.0,20.333333333333332,No,No,1528.8314222940555,3,Normal,4,0,Low Volume,Medium Strain
Nonprofit,Urban,Non-Teaching,Respiratory,32363.666666666668,15.333333333333334,63.666666666666664,No,No,2110.672536517911,5,Overburdened,2,0,Medium Volume,High Strain
Government,Urban,Non-Teaching,Respiratory,31796.5,21.0,48.5,No,No,1514.1183266103208,5,Normal,2,0,Medium Volume,Medium Strain
Investor Owned,Urban,Non-Teaching,Respiratory,6826.0,7.0,4.333333333333333,Yes,No,975.1414640836227,5,Under-Burdened,4,0,Low Volume,Low Strain
Nonprofit,Urban,Non-Teaching,Respiratory,18475.333333333332,12.0,35.0,No,No,1539.609828102921,4,Normal,2,0,Low Volume,Medium Strain
Investor Owned,Urban,Non-Teaching,Respiratory,46827.333333333336,41.333333333333336,70.66666666666667,Yes,Yes,1132.9190807453836,6,Normal,3,0,Medium Volume,Low Strain
Nonprofit,Urban,Non-Teaching,Respiratory,23936.333333333332,27.0,35.333333333333336,No,No,886.530535852888,5,Under-Burdened,2,0,Low Volume,Low Strain
Nonprofit,Urban,Non-Teaching,Respiratory,50359.333333333336,40.0,89.0,No,No,1258.9830185875787,6,Normal,3,0,High Volume,Medium Strain
Investor Owned,Urban,Non-Teaching,Respiratory,9195.333333333334,8.0,14.666666666666666,No,No,1149.4152298976294,3,Normal,4,0,Low Volume,Low Strain
Nonprofit,Urban,Non-Teaching,Respiratory,43418.0,32.0,47.0,No,No,1356.8120759962262,6,Normal,2,0,Medium Volume,Medium Strain
Nonprofit,Urban,Non-Teaching,Respiratory,21073.5,13.0,44.0,No,No,1621.037214586758,4,Normal,2,0,Low Volume,High Strain
Investor Owned,Urban,Non-Teaching,Respiratory,46270.0,30.0,56.666666666666664,No,No,1542.3328192223937,5,Normal,4,0,Medium Volume,Medium Strain
Nonprofit,Urban,Teaching,Respiratory,49428.0,28.0,55.666666666666664,No,No,1765.285083826756,6,Overburdened,2,0,High Volume,High Strain
Investor Owned,Urban,Non-Teaching,Respiratory,23054.5,13.0,34.0,No,No,1773.4217127525287,4,Overburdened,4,0,Low Volume,High Strain
Nonprofit,Urban,Non-Teaching,Respiratory,52035.666666666664,30.0,251.66666666666666,No,No,1734.5216440483407,6,Normal,2,0,High Volume,High Strain
Government,Urban,Teaching,Respiratory,73969.0,72.66666666666667,39.333333333333336,Yes,No,1017.9218782676313,6,Under-Burdened,0,0,High Volume,Low Strain
Government,Urban,Teaching,Respiratory,105955.5,80.5,36.5,No,No,1316.2172277991021,7,Normal,0,0,High Volume,Medium Strain
Nonprofit,Urban,Teaching,Respiratory,99493.0,29.0,263.0,Yes,Yes,3430.791920416579,3,Overburdened,2,4,High Volume,High Strain
Government,Urban,Teaching,Respiratory,50463.666666666664,50.666666666666664,29.666666666666668,No,No,995.9932244750214,6,Under-Burdened,3,0,High Volume,Low Strain
Nonprofit,Urban,Non-Teaching,Respiratory,40780.666666666664,37.333333333333336,423.6666666666667,No,No,1092.3389931234838,5,Normal,3,0,Medium Volume,Low Strain
Nonprofit,Urban,Non-Teaching,Respiratory,67262.0,33.0,493.0,Yes,No,2038.2418065933919,5,Overburdened,2,0,High Volume,High Strain
Nonprofit,Urban,Non-Teaching,Respiratory,92182.33333333333,80.0,745.6666666666666,No,No,1152.2790226317886,6,Normal,0,0,High Volume,Low Strain
Investor Owned,Urban,Non-Teaching,Respiratory,64397.333333333336,35.0,43.0,Yes,Yes,1839.9232838314426,4,Overburdened,3,0,High Volume,High Strain
Nonprofit,Rural,Non-Teaching,Respiratory,77745.33333333333,38.0,31.0,Yes,Yes,2045.9292861589595,6,Overburdened,3,1,High Volume,High Strain
Nonprofit,Urban,Non-Teaching,Respiratory,27449.0,19.0,167.0,No,No,1444.683450166605,3,Normal,2,0,Medium Volume,Medium Strain
Nonprofit,Urban,Non-Teaching,Respiratory,29936.333333333332,31.0,31.0,No,No,965.6878605307977,6,Under-Burdened,2,0,Medium Volume,Low Strain
Nonprofit,Urban,Non-Teaching,Respiratory,14621.0,9.0,18.0,No,No,1624.553750495833,1,Normal,2,0,Low Volume,High Strain
Government,Rural,Non-Teaching,Respiratory,6284.0,3.6666666666666665,6.333333333333333,Yes,Yes,1713.8135077813424,1,Normal,1,0,Low Volume,High Strain
Nonprofit,Rural,Non-Teaching,Respiratory,9094.0,6.0,30.333333333333332,Yes,Yes,1515.6641405597659,1,Normal,1,0,Low Volume,Medium Strain
Nonprofit,Rural,Non-Teaching,Respiratory,28163.666666666668,19.0,76.33333333333333,Yes,Yes,1482.2974654574743,2,Normal,1,0,Medium Volume,Medium Strain
Nonprofit,Rural,Non-Teaching,Respiratory,13366.0,9.0,48.333333333333336,Yes,Yes,1485.1094609894878,1,Normal,1,0,Low Volume,Medium Strain
Nonprofit,Rural,Non-Teaching,Respiratory,25567.333333333332,10.0,39.333333333333336,Yes,Yes,2556.7307766025565,1,Overburdened,1,0,Medium Volume,High Strain
Nonprofit,Urban,Non-Teaching,Respiratory,57461.0,26.0,75.33333333333333,Yes,Yes,2210.0376115239956,4,Overburdened,2,0,High Volume,High Strain
Nonprofit,Urban,Non-Teaching,Respiratory,41278.666666666664,30.666666666666668,49.0,No,No,1346.0430393337915,5,Normal,2,0,Medium Volume,Medium Strain
Nonprofit,Rural,Non-Teaching,Respiratory,14553.0,6.0,17.666666666666668,No,Yes,2425.495957506738,2,Overburdened,1,0,Low Volume,High Strain
Government,Urban,Non-Teaching,Respiratory,50028.333333333336,16.0,72.0,Yes,Yes,3126.768879102784,5,Overburdened,1,0,High Volume,High Strain
Government,Urban,Non-Teaching,Respiratory,51527.5,19.0,58.5,Yes,Yes,2711.972256856707,4,Overburdened,1,0,High Volume,High Strain
Investor Owned,Urban,Non-Teaching,Respiratory,24487.0,18.0,87.0,No,No,1360.3881331177038,4,Normal,4,0,Low Volume,Medium Strain
Nonprofit,Rural,Non-Teaching,Respiratory,6034.5,8.0,17.5,No,No,754.3115571105536,3,Under-Burdened,1,0,Low Volume,Low Strain
Government,Rural,Non-Teaching,Respiratory,12749.5,15.0,28.5,Yes,Yes,849.9661000226,2,Under-Burdened,1,0,Low Volume,Low Strain
Nonprofit,Urban,Non-Teaching,Respiratory,92289.0,35.666666666666664,107.33333333333333,No,No,2587.5413305958887,6,Overburdened,3,0,High Volume,High Strain
Nonprofit,Urban,Non-Teaching,Respiratory,27767.5,26.0,79.5,No,No,1067.9803584690928,5,Under-Burdened,2,0,Medium Volume,Low Strain
Investor Owned,Urban,Teaching,Respiratory,23505.0,30.0,26.0,No,Yes,783.4997388334205,5,Under-Burdened,4,0,Low Volume,Low Strain
Investor Owned,Urban,Non-Teaching,Respiratory,5063.0,8.0,8.0,No,No,632.8742089072389,3,Under-Burdened,4,0,Low Volume,Low Strain
Investor Owned,Urban,Non-Teaching,Respiratory,12153.0,11.0,19.0,No,Yes,1104.8171774389295,4,Normal,4,0,Low Volume,Low Strain
Nonprofit,Urban,Non-Teaching,Respiratory,100965.66666666667,80.5,181.0,No,No,1254.2317282527874,6,Normal,0,0,High Volume,Medium Strain
Investor Owned,Urban,Non-Teaching,Respiratory,11960.0,12.0,22.0,No,No,996.6658361118033,3,Under-Burdened,4,0,Low Volume,Low Strain
Investor Owned,Urban,Non-Teaching,Respiratory,11887.333333333334,11.0,21.333333333333332,No,No,1080.6656842433174,3,Normal,4,0,Low Volume,Low Strain
Investor Owned,Urban,Non-Teaching,Respiratory,25199.5,23.0,106.0,No,No,1095.6299584217572,4,Normal,4,0,Low Volume,Low Strain
Investor Owned,Urban,Non-Teaching,Respiratory,11411.0,10.0,13.0,Yes,No,1141.098858901141,4,Normal,4,0,Low Volume,Low Strain
Nonprofit,Urban,Non-Teaching,Respiratory,34495.5,44.5,58.0,No,No,775.1796010832356,6,Under-Burdened,3,0,Medium Volume,Low Strain
Government,Urban,Teaching,Respiratory,42020.0,50.666666666666664,42.333333333333336,Yes,No,829.3419415772483,6,Under-Burdened,3,0,Medium Volume,Low Strain
Investor Owned,Urban,Non-Teaching,Respiratory,19240.0,12.0,39.0,Yes,No,1603.3319972233357,4,Normal,4,0,Low Volume,High Strain
Nonprofit,Urban,Non-Teaching,Respiratory,27262.5,31.0,73.0,No,No,879.4352001821935,5,Under-Burdened,2,0,Medium Volume,Low Strain
Nonprofit,Urban,Non-Teaching,Respiratory,14340.0,20.0,10.0,No,No,716.9996415001792,4,Under-Burdened,2,0,Low Volume,Low Strain
Nonprofit,Urban,Non-Teaching,Respiratory,53749.666666666664,36.0,83.0,No,No,1493.045881561329,6,Normal,3,0,High Volume,Medium Strain
Investor Owned,Urban,Non-Teaching,Respiratory,24221.0,24.0,102.66666666666667,Yes,No,1009.2079128300363,5,Under-Burdened,4,0,Low Volume,Low Strain
Investor Owned,Urban,Non-Teaching,Respiratory,17550.0,17.5,16.5,No,No,1002.8565697962458,5,Under-Burdened,4,0,Low Volume,Low Strain
Nonprofit,Urban,Non-Teaching,Respiratory,109291.5,72.0,481.0,No,No,1517.9372891753765,5,Normal,0,0,High Volume,Medium Strain
Nonprofit,Urban,Non-Teaching,Respiratory,26386.333333333332,14.0,61.333333333333336,No,Yes,1884.7367489975602,2,Overburdened,2,0,Medium Volume,High Strain
Nonprofit,Urban,Non-Teaching,Respiratory,69937.5,69.0,118.0,No,No,1013.5868096251,6,Under-Burdened,0,0,High Volume,Low Strain
Nonprofit,Urban,Non-Teaching,Respiratory,112998.5,62.0,1084.0,No,No,1822.5561576522325,6,Overburdened,0,0,High Volume,High Strain
Government,Frontier,Non-Teaching,Respiratory,3495.0,3.0,5.666666666666667,Yes,Yes,1164.996116679611,1,Normal,1,0,Low Volume,Medium Strain
Government,Frontier,Non-Teaching,Respiratory,2546.6666666666665,2.0,4.0,Yes,Yes,1273.3269666984997,1,Normal,1,0,Low Volume,Medium Strain
Investor Owned,Urban,Non-Teaching,Respiratory,44698.666666666664,30.0,68.66666666666667,No,Yes,1489.9550589038693,4,Normal,4,0,Medium Volume,Medium Strain
Investor Owned,Urban,Non-Teaching,Respiratory,54417.5,28.0,124.0,No,Yes,1943.4814487566255,6,Overburdened,4,0,High Volume,High Strain
Investor Owned,Urban,Non-Teaching,Respiratory,39938.5,29.0,84.0,Yes,Yes,1377.189180279593,6,Normal,4,0,Medium Volume,Medium Strain
Investor Owned,Urban,Non-Teaching,Respiratory,45627.5,12.0,153.0,No,Yes,3802.2884980929184,3,Overburdened,4,5,Medium Volume,High Strain
Government,Rural,Non-Teaching,Respiratory,7767.0,7.0,20.0,Yes,Yes,1109.5698434716523,1,Normal,1,0,Low Volume,Low Strain
Investor Owned,Urban,Non-Teaching,Respiratory,45660.666666666664,41.0,86.66666666666667,No,Yes,1113.6745251200343,4,Normal,3,0,Medium Volume,Low Strain
Government,Urban,Non-Teaching,Respiratory,37046.333333333336,28.0,203.33333333333334,No,Yes,1323.0828608037402,2,Normal,2,0,Medium Volume,Medium Strain
Investor Owned,Urban,Non-Teaching,Respiratory,15067.333333333334,12.0,25.333333333333332,Yes,No,1255.6100647693906,2,Normal,4,0,Low Volume,Medium Strain
Nonprofit,Urban,Non-Teaching,Respiratory,54291.666666666664,41.0,621.0,No,Yes,1324.1866688975604,5,Normal,3,0,High Volume,Medium Strain
Nonprofit,Urban,Non-Teaching,Respiratory,47474.5,26.0,521.0,No,Yes,1825.9416054070748,2,Overburdened,2,0,Medium Volume,High Strain
Investor Owned,Urban,Non-Teaching,Respiratory,90694.33333333333,53.0,161.33333333333334,No,Yes,1711.213513607513,3,Normal,3,6,High Volume,High Strain
Investor Owned,Urban,Non-Teaching,Respiratory,35054.666666666664,21.0,40.666666666666664,No,No,1669.2690463798192,3,Normal,4,0,Medium Volume,High Strain
Nonprofit,Urban,Non-Teaching,Respiratory,47299.5,58.5,145.0,No,Yes,808.5383233267823,3,Under-Burdened,0,0,Medium Volume,Low Strain
Nonprofit,Urban,Non-Teaching,Respiratory,95381.5,59.0,587.5,No,No,1616.6353192143526,5,Normal,0,0,High Volume,High Strain
Government,Urban,Teaching,Respiratory,63503.666666666664,70.0,177.66666666666666,No,No,907.1951084959368,7,Under-Burdened,0,0,High Volume,Low Strain
Nonprofit,Urban,Non-Teaching,Respiratory,84523.33333333333,51.333333333333336,112.66666666666667,No,No,1646.5581208003657,7,Normal,3,0,High Volume,High Strain
Nonprofit,Urban,Non-Teaching,Respiratory,106119.0,53.0,910.0,No,No,2002.2449052368102,5,Overburdened,3,0,High Volume,High Strain
Government,Rural,Non-Teaching,Respiratory,21385.333333333332,18.0,29.0,Yes,No,1188.0734140332884,2,Normal,1,0,Low Volume,Medium Strain
Government,Rural,Non-Teaching,Respiratory,11297.666666666666,7.0,61.0,Yes,Yes,1613.9500753094162,1,Normal,1,0,Low Volume,High Strain
Investor Owned,Urban,Non-Teaching,Respiratory,33224.0,15.0,34.666666666666664,No,No,2214.9318567120954,3,Overburdened,4,0,Medium Volume,High Strain
Investor Owned,Urban,Non-Teaching,Respiratory,22289.0,12.0,45.333333333333336,No,Yes,1857.4151188207343,3,Overburdened,4,0,Low Volume,High Strain
Nonprofit,Urban,Non-Teaching,Respiratory,112998.5,80.5,984.5,Yes,No,1403.7079001605093,6,Normal,0,0,High Volume,Medium Strain
Nonprofit,Urban,Teaching,Respiratory,40403.0,40.0,180.0,No,No,1010.074747481313,6,Under-Burdened,3,0,Medium Volume,Low Strain
Government,Rural,Non-Teaching,Respiratory,8291.666666666666,6.0,36.0,Yes,Yes,1381.9421412075424,1,Normal,1,0,Low Volume,Medium Strain
Nonprofit,Urban,Non-Teaching,Respiratory,75626.66666666667,52.0,254.66666666666666,No,Yes,1454.35869467461,6,Normal,3,0,High Volume,Medium Strain
Nonprofit,Urban,Non-Teaching,Respiratory,53317.333333333336,18.0,67.33333333333333,No,Yes,2962.0724284782805,6,Overburdened,2,0,High Volume,High Strain
Nonprofit,Urban,Non-Teaching,Respiratory,62192.333333333336,43.0,216.66666666666666,No,Yes,1446.3329969768224,5,Normal,3,0,High Volume,Medium Strain
Investor Owned,Urban,Non-Teaching,Respiratory,30790.0,16.0,31.5,Yes,Yes,1924.3737972663766,3,Overburdened,4,0,Medium Volume,High Strain
Investor Owned,Rural,Non-Teaching,Respiratory,22806.333333333332,15.333333333333334,110.66666666666667,Yes,Yes,1487.3685951943944,4,Normal,1,0,Low Volume,Medium Strain
Investor Owned,Urban,Non-Teaching,Respiratory,35471.0,20.333333333333332,62.333333333333336,Yes,Yes,1744.4745518977616,3,Normal,4,0,Medium Volume,High Strain
Government,Urban,Teaching,Respiratory,57942.0,47.0,53.0,Yes,No,1232.8082483386704,6,Normal,3,0,High Volume,Medium Strain
Investor Owned,Rural,Non-Teaching,Respiratory,25407.666666666668,16.0,24.333333333333332,Yes,Yes,1587.9781741803079,1,Normal,1,0,Medium Volume,High Strain
Nonprofit,Urban,Non-Teaching,Respiratory,23200.666666666668,15.0,51.333333333333336,No,Yes,1546.710079971058,2,Normal,2,0,Low Volume,Medium Strain
Nonprofit,Urban,Non-Teaching,Respiratory,79146.5,63.0,265.5,No,No,1256.2934513819919,7,Normal,0,0,High Volume,Medium Strain
Nonprofit,Urban,Non-Teaching,Respiratory,86469.0,80.5,282.6666666666667,No,Yes,1074.148934888331,7,Under-Burdened,0,0,High Volume,Low Strain
Nonprofit,Urban,Non-Teaching,Respiratory,112241.5,80.5,919.0,No,No,1394.3041746205993,6,Normal,0,0,High Volume,Medium Strain
Nonprofit,Urban,Teaching,Respiratory,96961.66666666667,77.33333333333333,134.33333333333334,No,No,1253.8144930412295,6,Normal,0,0,High Volume,Medium Strain
Investor Owned,Urban,Non-Teaching,Respiratory,17293.0,20.0,18.666666666666668,Yes,Yes,864.6495676752162,5,Under-Burdened,4,0,Low Volume,Low Strain
Nonprofit,Urban,Non-Teaching,Respiratory,37200.666666666664,47.0,85.33333333333333,No,No,791.5033776943167,6,Under-Burdened,3,0,Medium Volume,Low Strain
Government,Urban,Non-Teaching,Respiratory,39953.666666666664,40.0,30.666666666666668,No,No,998.8414169563123,6,Under-Burdened,3,0,Medium Volume,Low Strain
Government,Urban,Teaching,Respiratory,60332.5,80.5,131.5,No,No,749.4719565873346,6,Under-Burdened,0,0,High Volume,Low Strain
Nonprofit,Urban,Non-Teaching,Respiratory,63761.0,48.0,151.0,No,No,1328.3538899262728,6,Normal,3,0,High Volume,Medium Strain
Government,Urban,Non-Teaching,Respiratory,26922.5,8.0,167.5,No,No,3365.3082933646333,5,Overburdened,4,7,Medium Volume,High Strain
Nonprofit,Urban,Non-Teaching,Respiratory,44178.666666666664,38.0,167.33333333333334,No,No,1162.5961852817054,4,Normal,3,0,Medium Volume,Low Strain
Government,Urban,Non-Teaching,Respiratory,77978.0,72.0,360.0,No,Yes,1083.027627357274,5,Normal,0,0,High Volume,Low Strain
Nonprofit,Urban,Teaching,Respiratory,31841.333333333332,28.666666666666668,91.33333333333333,No,No,1110.7437985777447,5,Normal,2,0,Medium Volume,Low Strain
Nonprofit,Urban,Non-Teaching,Respiratory,10480.666666666666,12.0,15.333333333333334,No,No,873.3881610654213,5,Under-Burdened,2,0,Low Volume,Low Strain
Government,Urban,Teaching,Respiratory,43609.0,59.0,13.0,No,No,739.135467943141,6,Under-Burdened,0,0,Medium Volume,Low Strain
Nonprofit,Urban,Non-Teaching,Respiratory,20186.666666666668,19.0,26.0,No,No,1062.4555811637292,5,Under-Burdened,2,0,Low Volume,Low Strain
Nonprofit,Urban,Teaching,Respiratory,11045.666666666666,12.0,22.333333333333332,No,No,920.4714551626762,5,Under-Burdened,2,0,Low Volume,Low Strain
Nonprofit,Urban,Non-Teaching,Respiratory,26493.666666666668,35.0,46.333333333333336,No,Yes,756.9616884871366,5,Under-Burdened,3,0,Medium Volume,Low Strain
Nonprofit,Urban,Non-Teaching,Respiratory,17995.0,16.0,10.0,No,No,1124.686797070752,3,Normal,2,0,Low Volume,Low Strain
Nonprofit,Urban,Non-Teaching,Respiratory,49033.666666666664,28.0,157.0,No,Yes,1751.2017555231826,4,Overburdened,2,0,High Volume,High Strain
Government,Urban,Non-Teaching,Respiratory,41087.333333333336,25.333333333333332,48.0,Yes,Yes,1621.8677808416658,4,Normal,2,0,Medium Volume,High Strain
Nonprofit,Urban,Non-Teaching,Respiratory,29388.666666666668,14.0,68.33333333333333,No,Yes,2099.1889767697785,2,Overburdened,2,0,Medium Volume,High Strain
Investor Owned,Urban,Non-Teaching,Respiratory,25987.0,11.0,38.0,No,Yes,2362.4523977705476,2,Overburdened,4,0,Medium Volume,High Strain
Nonprofit,Urban,Non-Teaching,Respiratory,103851.33333333333,46.666666666666664,743.6666666666666,No,Yes,2225.385237417449,2,Overburdened,3,8,High Volume,High Strain
Nonprofit,Rural,Non-Teaching,Respiratory,25632.666666666668,18.0,137.33333333333334,No,Yes,1424.0362459057894,2,Normal,1,0,Medium Volume,Medium Strain
Nonprofit,Rural,Non-Teaching,Respiratory,20801.333333333332,22.0,76.33333333333333,No,Yes,945.5147217357325,2,Under-Burdened,1,0,Low Volume,Low Strain
Investor Owned,Rural,Non-Teaching,Respiratory,19784.666666666668,11.0,31.333333333333332,No,Yes,1798.6044255111285,4,Overburdened,1,0,Low Volume,High Strain
Investor Owned,Urban,Non-Teaching,Respiratory,27192.666666666668,23.0,54.333333333333336,No,No,1182.2893410336198,3,Normal,4,0,Medium Volume,Medium Strain
Government,Urban,Non-Teaching,Respiratory,33189.666666666664,15.0,10.333333333333334,No,No,2212.6429693491314,4,Overburdened,4,0,Medium Volume,High Strain
Nonprofit,Urban,Non-Teaching,Respiratory,39927.666666666664,19.0,200.33333333333334,No,No,2101.4550343219116,3,Overburdened,2,0,Medium Volume,High Strain
Investor Owned,Urban,Non-Teaching,Respiratory,13136.0,22.0,11.0,No,No,597.0906376860738,6,Under-Burdened,4,0,Low Volume,Low Strain
Investor Owned,Rural,Non-Teaching,Respiratory,1620.0,7.0,1.0,No,No,231.42824081679885,3,Under-Burdened,4,9,Low Volume,Low Strain
Nonprofit,Urban,Non-Teaching,Respiratory,41904.5,26.0,95.5,No,No,1611.7109185727236,5,Normal,2,0,Medium Volume,High Strain
Nonprofit,Urban,Non-Teaching,Respiratory,14532.0,17.0,12.0,No,No,854.8230265746903,5,Under-Burdened,2,0,Low Volume,Low Strain
Nonprofit,Urban,Non-Teaching,Respiratory,32738.0,24.0,158.0,No,No,1364.0827649655146,4,Normal,2,0,Medium Volume,Medium Strain
Nonprofit,Urban,Non-Teaching,Respiratory,22042.666666666668,22.0,73.66666666666667,No,Yes,1001.9389385126037,1,Under-Burdened,2,0,Low Volume,Low Strain
Government,Rural,Non-Teaching,Respiratory,18819.5,10.0,46.0,No,Yes,1881.948118051882,2,Overburdened,1,0,Low Volume,High Strain
Nonprofit,Urban,Non-Teaching,Respiratory,48621.0,41.0,111.5,Yes,Yes,1185.8777595420097,5,Normal,3,0,Medium Volume,Medium Strain
Nonprofit,Urban,Non-Teaching,Respiratory,35892.0,40.5,104.0,No,No,886.2220034019743,6,Under-Burdened,3,0,Medium Volume,Low Strain
Nonprofit,Rural,Non-Teaching,Respiratory,9330.0,8.0,51.333333333333336,No,Yes,1166.2485421893223,1,Normal,1,0,Low Volume,Medium Strain
Nonprofit,Urban,Non-Teaching,Respiratory,52909.5,40.0,87.0,No,No,1322.7371693157077,6,Normal,3,0,High Volume,Medium Strain
Investor Owned,Urban,Non-Teaching,Respiratory,47574.333333333336,35.0,60.0,No,No,1359.266278304873,6,Normal,3,0,Medium Volume,Medium Strain
Government,Urban,Non-Teaching,Respiratory,49958.666666666664,25.0,35.333333333333336,No,No,1998.3458673283196,6,Overburdened,2,0,High Volume,High Strain
Nonprofit,Urban,Teaching,Respiratory,73416.5,80.5,49.0,No,No,912.0060978874412,5,Under-Burdened,0,0,High Volume,Low Strain
Nonprofit,Urban,Non-Teaching,Respiratory,65069.0,36.0,320.0,No,No,1807.4717201467442,5,Overburdened,3,0,High Volume,High Strain
Government,Rural,Non-Teaching,Respiratory,33380.333333333336,8.0,28.666666666666668,No,No,4172.536450996104,2,Overburdened,4,10,Medium Volume,High Strain
Nonprofit,Urban,Non-Teaching,Respiratory,67463.5,30.0,329.5,No,No,2248.7825837391388,6,Overburdened,2,0,High Volume,High Strain
Nonprofit,Urban,Non-Teaching,Respiratory,28103.666666666668,13.333333333333334,47.666666666666664,Yes,No,2107.7734191699356,3,Overburdened,2,0,Medium Volume,High Strain
Government,Frontier,Non-Teaching,Respiratory,3986.3333333333335,6.0,12.0,Yes,Yes,664.3877815759197,3,Under-Burdened,1,0,Low Volume,Low Strain
Investor Owned,Urban,Non-Teaching,Respiratory,24901.0,28.0,36.666666666666664,No,Yes,889.3211109567461,5,Under-Burdened,4,0,Low Volume,Low Strain
Nonprofit,Urban,Non-Teaching,Respiratory,42502.0,26.0,307.0,No,Yes,1634.691678964739,5,Normal,2,0,Medium Volume,High Strain
Nonprofit,Rural,Non-Teaching,Respiratory,9721.666666666666,11.0,20.0,Yes,Yes,883.7870753450829,1,Under-Burdened,1,0,Low Volume,Low Strain
Nonprofit,Rural,Non-Teaching,Respiratory,9916.0,7.0,33.0,Yes,Yes,1416.5694049008503,1,Normal,1,0,Low Volume,Medium Strain
Nonprofit,Urban,Non-Teaching,Respiratory,57303.333333333336,51.0,686.3333333333334,No,No,1123.594550929173,5,Normal,3,0,High Volume,Low Strain
Nonprofit,Urban,Non-Teaching,Respiratory,24714.666666666668,13.0,24.666666666666668,No,No,1901.1267427230187,3,Overburdened,2,0,Low Volume,High Strain
Nonprofit,Urban,Non-Teaching,Respiratory,57780.0,45.0,240.0,No,No,1283.99971466673,4,Normal,3,0,High Volume,Medium Strain
Nonprofit,Urban,Non-Teaching,Respiratory,48864.0,27.0,555.5,No,No,1809.7771074899601,3,Overburdened,2,0,Medium Volume,High Strain
Investor Owned,Rural,Non-Teaching,Respiratory,8867.0,9.0,13.0,No,No,985.2211275320806,1,Under-Burdened,4,0,Low Volume,Low Strain
Investor Owned,Urban,Non-Teaching,Respiratory,17207.5,15.0,55.0,No,No,1147.1659018893988,2,Normal,4,0,Low Volume,Low Strain
Investor Owned,Urban,Non-Teaching,Respiratory,35628.0,29.5,95.0,No,Yes,1207.728404159863,5,Normal,4,0,Medium Volume,Medium Strain
Government,Urban,Non-Teaching,Respiratory,8424.666666666666,8.333333333333334,38.333333333333336,Yes,No,1010.9587868494557,2,Under-Burdened,4,0,Low Volume,Low Strain
Nonprofit,Urban,Teaching,Respiratory,53276.0,30.0,293.0,No,Yes,1775.8660747113086,4,Overburdened,2,0,High Volume,High Strain
Nonprofit,Urban,Non-Teaching,Respiratory,31739.5,34.0,40.0,No,Yes,933.5144313192848,3,Under-Burdened,3,0,Medium Volume,Low Strain
Investor Owned,Urban,Non-Teaching,Respiratory,77669.33333333333,33.0,106.0,No,No,2353.6154483993587,6,Overburdened,2,0,High Volume,High Strain
Investor Owned,Urban,Non-Teaching,Respiratory,51875.333333333336,32.0,97.0,No,No,1621.1036600717728,5,Normal,4,0,High Volume,High Strain
Nonprofit,Urban,Non-Teaching,Respiratory,72098.66666666667,40.0,173.33333333333334,No,No,1802.4662160501127,6,Overburdened,3,0,High Volume,High Strain
Government,Rural,Non-Teaching,Respiratory,18690.333333333332,12.0,20.666666666666668,Yes,No,1557.5264798390444,1,Normal,1,0,Low Volume,Medium Strain
Nonprofit,Rural,Non-Teaching,Respiratory,28291.666666666668,14.0,170.66666666666666,Yes,Yes,2020.8318898819837,2,Overburdened,1,0,Medium Volume,High Strain
Government,Urban,Non-Teaching,Respiratory,59761.5,80.5,187.0,Yes,Yes,742.3787897666099,6,Under-Burdened,0,0,High Volume,Low Strain
Government,Rural,Non-Teaching,Respiratory,33321.0,24.0,42.5,Yes,Yes,1388.3744215106578,4,Normal,1,0,Medium Volume,Medium Strain
Nonprofit,Rural,Non-Teaching,Respiratory,28867.333333333332,15.0,69.33333333333333,Yes,Yes,1924.4876058971515,3,Overburdened,1,0,Medium Volume,High Strain
Nonprofit,Rural,Non-Teaching,Respiratory,30663.666666666668,18.0,184.0,Yes,Yes,1703.536090628098,2,Normal,1,0,Medium Volume,High Strain
Government,Urban,Non-Teaching,Respiratory,40721.5,38.5,21.5,No,No,1057.70102397376,5,Under-Burdened,3,0,Medium Volume,Low Strain
Investor Owned,Urban,Non-Teaching,Respiratory,40176.0,28.0,93.66666666666667,No,No,1434.8566304083463,6,Normal,4,0,Medium Volume,Medium Strain
Nonprofit,Rural,Non-Teaching,Respiratory,7952.0,6.0,25.0,No,No,1325.331124448126,1,Normal,1,0,Low Volume,Medium Strain
Nonprofit,Urban,Non-Teaching,Respiratory,22600.333333333332,14.0,57.0,No,No,1614.3083707321161,3,Normal,2,0,Low Volume,High Strain
Nonprofit,Urban,Non-Teaching,Respiratory,45771.666666666664,31.0,117.0,No,Yes,1476.5049000521826,5,Normal,2,0,Medium Volume,Medium Strain
Nonprofit,Urban,Non-Teaching,Respiratory,26971.5,11.0,30.0,No,Yes,2451.952316406985,1,Overburdened,2,0,Medium Volume,High Strain
Nonprofit,Rural,Non-Teaching,Respiratory,59699.0,44.0,239.0,Yes,Yes,1356.7951461829211,5,Normal,3,1,High Volume,Medium Strain
Nonprofit,Urban,Non-Teaching,Respiratory,36398.0,40.0,22.0,No,No,909.9497725125568,4,Under-Burdened,3,0,Medium Volume,Low Strain
Government,Urban,Non-Teaching,Respiratory,69248.0,54.0,97.0,No,No,1282.3701328944198,4,Normal,3,0,High Volume,Medium Strain
Nonprofit,Urban,Teaching,Respiratory,112998.5,80.0,504.0,No,No,1412.4810734398657,6,Normal,0,0,High Volume,Medium Strain
Nonprofit,Rural,Non-Teaching,Respiratory,9934.0,5.0,43.0,Yes,Yes,1986.7960264079472,1,Overburdened,1,0,Low Volume,High Strain
Nonprofit,Rural,Non-Teaching,Respiratory,15236.0,11.0,43.5,Yes,Yes,1385.0896499185,1,Normal,1,0,Low Volume,Medium Strain
Nonprofit,Rural,Non-Teaching,Respiratory,26490.0,24.0,64.5,No,No,1103.7495401043584,3,Normal,2,0,Medium Volume,Low Strain
Investor Owned,Rural,Non-Teaching,Respiratory,9268.0,9.0,9.0,Yes,Yes,1029.7766335815184,2,Under-Burdened,1,0,Low Volume,Low Strain
Nonprofit,Urban,Teaching,Respiratory,63937.0,48.0,126.0,No,Yes,1332.0205558290509,6,Normal,3,0,High Volume,Medium Strain
Investor Owned,Rural,Non-Teaching,Respiratory,11554.0,12.0,27.0,Yes,Yes,962.8325309728909,2,Under-Burdened,1,0,Low Volume,Low Strain
Government,Rural,Non-Teaching,Respiratory,30623.0,20.0,139.0,Yes,Yes,1531.149234425383,4,Normal,1,0,Medium Volume,Medium Strain
Nonprofit,Urban,Non-Teaching,Respiratory,74433.0,36.0,141.5,No,Yes,2067.582759004789,6,Overburdened,3,0,High Volume,High Strain
Government,Urban,Teaching,Respiratory,45491.0,30.0,42.0,No,Yes,1516.3661612112796,5,Normal,2,0,Medium Volume,Medium Strain
Nonprofit,Urban,Non-Teaching,Respiratory,53560.0,40.0,226.0,No,Yes,1338.9996652500836,5,Normal,3,0,High Volume,Medium Strain
Nonprofit,Frontier,Non-Teaching,Respiratory,2364.0,2.0,9.0,Yes,Yes,1181.9940900295499,1,Normal,1,0,Low Volume,Medium Strain
Nonprofit,Urban,Teaching,Respiratory,41196.0,26.0,121.0,No,No,1584.4609290534888,6,Normal,2,0,Medium Volume,Medium Strain
Nonprofit,Urban,Non-Teaching,Respiratory,72057.0,46.0,71.0,Yes,No,1566.456181205178,6,Normal,3,0,High Volume,Medium Strain
Government,Urban,Non-Teaching,Respiratory,33564.0,14.0,86.0,No,No,2397.4268589808153,4,Overburdened,4,0,Medium Volume,High Strain
Nonprofit,Urban,Non-Teaching,Respiratory,31471.5,22.0,33.0,No,No,1430.5220770354194,3,Normal,2,0,Medium Volume,Medium Strain
Nonprofit,Urban,Non-Teaching,Respiratory,33640.5,16.0,46.0,No,No,2102.52993591879,6,Overburdened,2,0,Medium Volume,High Strain
Nonprofit,Urban,Non-Teaching,Respiratory,52043.0,50.0,190.0,No,No,1040.8597918280416,7,Under-Burdened,3,0,High Volume,Low Strain
Investor Owned,Urban,Non-Teaching,Respiratory,29638.0,21.0,32.0,No,No,1411.3326612701612,4,Normal,4,0,Medium Volume,Medium Strain
Nonprofit,Urban,Non-Teaching,Respiratory,25109.5,16.0,50.5,No,No,1569.3427691607694,6,Normal,2,0,Low Volume,Medium Strain
Investor Owned,Urban,Non-Teaching,Respiratory,50599.5,24.0,45.5,No,No,2108.3116215368245,6,Overburdened,4,0,High Volume,High Strain
Nonprofit,Urban,Non-Teaching,Respiratory,109217.0,29.0,287.0,Yes,Yes,3766.1021496199482,3,Overburdened,2,4,High Volume,High Strain
Government,Rural,Non-Teaching,Respiratory,10799.0,13.0,48.0,No,Yes,830.6916686987164,1,Under-Burdened,1,0,Low Volume,Low Strain
Nonprofit,Rural,Non-Teaching,Respiratory,6472.0,8.0,7.0,No,No,808.998988751264,4,Under-Burdened,1,0,Low Volume,Low Strain
Nonprofit,Rural,Non-Teaching,Respiratory,23312.0,18.0,122.5,Yes,Yes,1295.110391605338,3,Normal,1,0,Low Volume,Medium Strain
Government,Urban,Non-Teaching,Respiratory,27460.0,23.0,86.0,No,No,1193.912524385859,4,Normal,2,0,Medium Volume,Medium Strain
Investor Owned,Urban,Non-Teaching,Respiratory,4040.0,8.0,2.5,No,No,504.9993687507891,4,Under-Burdened,4,0,Low Volume,Low Strain
Nonprofit,Urban,Non-Teaching,Respiratory,11497.0,69.0,3.0,No,No,166.62316425751243,2,Under-Burdened,0,11,Low Volume,Low Strain
Nonprofit,Urban,Teaching,Respiratory,112998.5,72.0,583.0,No,No,1569.4233931356398,5,Normal,0,0,High Volume,Medium Strain
Investor Owned,Urban,Teaching,Respiratory,87345.0,64.0,230.0,Yes,Yes,1364.7654117554043,7,Normal,0,0,High Volume,Medium Strain
Nonprofit,Urban,Non-Teaching,Respiratory,51767.0,26.0,578.0,No,Yes,1991.0376957547323,3,Overburdened,2,0,High Volume,High Strain
Nonprofit,Urban,Teaching,Respiratory,99973.0,59.0,506.0,No,No,1694.4573399224846,5,Normal,0,0,High Volume,High Strain
Nonprofit,Urban,Non-Teaching,Respiratory,30920.5,20.0,68.5,No,No,1546.0242269878865,6,Normal,2,0,Medium Volume,Medium Strain
Nonprofit,Urban,Non-Teaching,Respiratory,56462.0,31.0,208.0,No,No,1821.3542511760481,6,Overburdened,2,0,High Volume,High Strain
Nonprofit,Urban,Non-Teaching,Respiratory,45169.5,29.0,67.0,No,No,1557.56842842468,6,Normal,2,0,Medium Volume,Medium Strain
Nonprofit,Urban,Teaching,Respiratory,107243.0,53.0,764.0,No,No,2023.4524484051983,5,Overburdened,3,0,High Volume,High Strain
Nonprofit,Urban,Non-Teaching,Respiratory,42886.0,25.0,89.0,No,No,1715.4393138242744,3,Normal,2,0,Medium Volume,High Strain
Nonprofit,Urban,Teaching,Respiratory,112998.5,80.5,1175.0,Yes,No,1403.7079001605093,6,Normal,0,0,High Volume,Medium Strain
Nonprofit,Urban,Teaching,Respiratory,62646.0,24.0,138.0,No,Yes,2610.2489123962864,6,Overburdened,2,0,High Volume,High Strain
Nonprofit,Frontier,Non-Teaching,Respiratory,4339.5,4.0,7.0,Yes,Yes,1084.8722878192805,1,Normal,1,0,Low Volume,Low Strain
Nonprofit,Urban,Non-Teaching,Respiratory,14965.0,39.0,103.0,No,No,383.7178503287563,4,Under-Burdened,3,0,Low Volume,Low Strain
Nonprofit,Urban,Teaching,Respiratory,112998.5,80.5,883.0,No,No,1403.7079001605093,6,Normal,0,0,High Volume,Medium Strain
Nonprofit,Urban,Non-Teaching,Respiratory,5637.5,7.0,3.0,No,Yes,805.3559923485824,2,Under-Burdened,1,0,Low Volume,Low Strain
Investor Owned,Urban,Teaching,Respiratory,82844.0,62.0,323.0,Yes,Yes,1336.1933328720431,6,Normal,0,0,High Volume,Medium Strain
Investor Owned,Urban,Non-Teaching,Respiratory,13380.0,22.0,6.0,No,No,608.1815417356629,5,Under-Burdened,4,0,Low Volume,Low Strain
Nonprofit,Urban,Non-Teaching,Respiratory,17158.0,17.0,36.0,No,No,1009.293523944986,4,Under-Burdened,2,0,Low Volume,Low Strain
Nonprofit,Urban,Teaching,Respiratory,43220.0,40.0,101.0,No,No,1080.4997298750675,6,Under-Burdened,3,0,Medium Volume,Low Strain
Nonprofit,Urban,Non-Teaching,Respiratory,63151.0,40.0,88.0,No,No,1578.7746053063486,5,Normal,3,0,High Volume,Medium Strain
Nonprofit,Urban,Teaching,Respiratory,73413.0,36.0,303.0,No,No,2039.249433541824,5,Overburdened,3,0,High Volume,High Strain
Nonprofit,Urban,Teaching,Respiratory,74166.0,30.0,247.0,No,No,2472.199175933608,6,Overburdened,2,0,High Volume,High Strain
Nonprofit,Urban,Non-Teaching,Respiratory,39333.0,24.0,61.0,No,Yes,1638.8743171357012,5,Normal,2,0,Medium Volume,High Strain
Nonprofit,Urban,Non-Teaching,Respiratory,53345.0,27.0,506.0,No,No,1975.740008985182,4,Overburdened,2,0,High Volume,High Strain
Nonprofit,Urban,Non-Teaching,Respiratory,59695.0,30.0,272.0,No,Yes,1989.8326700557766,4,Overburdened,2,0,High Volume,High Strain
Government,Urban,Teaching,Respiratory,71708.0,73.0,138.0,Yes,Yes,982.3012353012006,6,Under-Burdened,0,0,High Volume,Low Strain
Government,Urban,Non-Teaching,Respiratory,45896.0,35.0,38.0,No,No,1311.313911053168,4,Normal,3,0,Medium Volume,Medium Strain
Nonprofit,Urban,Non-Teaching,Respiratory,34054.5,18.0,119.0,No,No,1891.9156156024358,3,Overburdened,2,0,Medium Volume,High Strain
Nonprofit,Urban,Non-Teaching,Respiratory,23820.0,19.5,122.0,No,Yes,1221.5378351088025,3,Normal,2,0,Low Volume,Medium Strain
Nonprofit,Urban,Non-Teaching,Respiratory,32229.0,23.0,64.0,No,Yes,1401.260260321626,2,Normal,2,0,Medium Volume,Medium Strain
Government,Frontier,Non-Teaching,Respiratory,2837.0,2.0,6.0,Yes,Yes,1418.4929075354623,1,Normal,1,0,Low Volume,Medium Strain
Investor Owned,Urban,Non-Teaching,Respiratory,23943.0,20.0,24.0,Yes,No,1197.1494014252994,6,Normal,4,0,Low Volume,Medium Strain
Government,Urban,Teaching,Respiratory,32425.0,41.0,72.0,No,No,790.8534656454962,6,Under-Burdened,3,0,Medium Volume,Low Strain
Nonprofit,Rural,Non-Teaching,Respiratory,28244.0,16.0,643.0,Yes,Yes,1765.2488967194397,3,Overburdened,1,0,Medium Volume,High Strain
Government,Frontier,Non-Teaching,Respiratory,4834.0,4.0,10.0,Yes,Yes,1208.4969787575533,2,Normal,1,0,Low Volume,Medium Strain
Nonprofit,Urban,Non-Teaching,Respiratory,58831.0,56.0,168.0,No,No,1050.5533838297529,6,Under-Burdened,3,0,High Volume,Low Strain
Investor Owned,Urban,Non-Teaching,Respiratory,73328.0,64.0,194.0,Yes,Yes,1145.7498209765904,6,Normal,0,0,High Volume,Low Strain
Government,Urban,Teaching,Respiratory,68827.0,44.0,146.0,No,Yes,1564.249644488717,6,Normal,3,0,High Volume,Medium Strain
Nonprofit,Urban,Non-Teaching,Respiratory,51901.0,24.0,141.0,No,Yes,2162.540765608014,6,Overburdened,2,0,High Volume,High Strain
Government,Urban,Teaching,Respiratory,33076.0,52.0,11.0,No,No,636.0768007544614,7,Under-Burdened,3,0,Medium Volume,Low Strain
Nonprofit,Urban,Non-Teaching,Respiratory,28108.0,21.0,23.0,Yes,Yes,1338.4755531068795,5,Normal,1,0,Medium Volume,Medium Strain
Investor Owned,Urban,Non-Teaching,Respiratory,67670.0,62.0,234.0,Yes,Yes,1091.4514368626715,6,Normal,0,0,High Volume,Low Strain
Government,Urban,Non-Teaching,Sepsis,13261.0,12.0,13.0,No,No,1105.082412431323,3,Normal,4,0,Low Volume,Low Strain
Nonprofit,Urban,Non-Teaching,Sepsis,29420.666666666668,22.0,112.66666666666667,No,No,1337.302422438293,6,Normal,2,0,Medium Volume,Medium Strain
Nonprofit,Urban,Teaching,Sepsis,30782.5,40.0,2.0,No,No,769.562307609423,4,Under-Burdened,3,0,Medium Volume,Low Strain
Government,Urban,Non-Teaching,Sepsis,65082.0,59.0,37.0,No,No,1103.0845587992274,5,Normal,0,0,High Volume,Low Strain
Nonprofit,Urban,Non-Teaching,Sepsis,29479.0,30.0,183.33333333333334,No,No,982.633005788998,6,Under-Burdened,2,0,Medium Volume,Low Strain
Government,Urban,Non-Teaching,Sepsis,42180.666666666664,39.0,76.66666666666667,No,No,1081.5552782336893,6,Normal,3,0,Medium Volume,Low Strain
Nonprofit,Urban,Non-Teaching,Sepsis,28620.0,17.0,34.0,No,No,1683.5284214538697,4,Normal,2,0,Medium Volume,High Strain
Nonprofit,Urban,Non-Teaching,Sepsis,37801.333333333336,18.0,263.3333333333333,No,No,2100.0729073669036,3,Overburdened,2,0,Medium Volume,High Strain
Nonprofit,Urban,Non-Teaching,Sepsis,31745.0,22.0,73.66666666666667,No,No,1442.9538895664139,3,Normal,2,0,Medium Volume,Medium Strain
Nonprofit,Urban,Non-Teaching,Sepsis,110997.0,80.0,182.5,No,No,1387.4623265672092,6,Normal,0,0,High Volume,Medium Strain
Nonprofit,Urban,Non-Teaching,Sepsis,66977.0,40.0,487.0,No,No,1674.4245813938546,5,Normal,3,0,High Volume,High Strain
Nonprofit,Rural,Non-Teaching,Sepsis,24025.0,14.0,106.0,Yes,No,1716.070202806998,2,Normal,1,0,Low Volume,High Strain
Nonprofit,Rural,Non-Teaching,Sepsis,9708.5,5.0,60.5,Yes,Yes,1941.696116607767,3,Overburdened,1,0,Low Volume,High Strain
Nonprofit,Rural,Non-Teaching,Sepsis,8570.0,14.0,4.5,Yes,Yes,612.1424198982716,3,Under-Burdened,1,0,Low Volume,Low Strain
Nonprofit,Urban,Non-Teaching,Sepsis,55911.0,49.0,42.666666666666664,No,Yes,1141.0405834611054,5,Normal,3,0,High Volume,Low Strain
Nonprofit,Rural,Non-Teaching,Sepsis,10039.0,8.0,45.666666666666664,Yes,Yes,1254.8734314082108,1,Normal,1,0,Low Volume,Medium Strain
Nonprofit,Urban,Non-Teaching,Sepsis,41025.0,30.0,80.66666666666667,No,No,1367.4995441668186,3,Normal,2,0,Medium Volume,Medium Strain
Nonprofit,Urban,Non-Teaching,Sepsis,46164.333333333336,44.0,62.666666666666664,No,No,1049.1891554873132,7,Under-Burdened,3,0,Medium Volume,Low Strain
Nonprofit,Urban,Non-Teaching,Sepsis,63404.333333333336,52.0,451.6666666666667,No,No,1219.3138680806665,5,Normal,3,0,High Volume,Medium Strain
Nonprofit,Urban,Non-Teaching,Sepsis,50722.333333333336,32.0,62.0,No,No,1585.072421331535,5,Normal,2,0,High Volume,Medium Strain
Investor Owned,Urban,Non-Teaching,Sepsis,16929.333333333332,12.0,13.666666666666666,No,No,1410.7766021306093,3,Normal,4,0,Low Volume,Medium Strain
Nonprofit,Urban,Non-Teaching,Sepsis,63958.666666666664,36.0,270.6666666666667,No,No,1776.629136121536,4,Overburdened,3,0,High Volume,High Strain
Nonprofit,Rural,Non-Teaching,Sepsis,16776.666666666668,12.0,21.0,Yes,Yes,1398.0543905102302,3,Normal,1,0,Low Volume,Medium Strain
Nonprofit,Rural,Non-Teaching,Sepsis,55450.333333333336,59.0,30.0,Yes,Yes,939.8359988978533,6,Under-Burdened,0,1,High Volume,Low Strain
Investor Owned,Rural,Non-Teaching,Sepsis,7588.5,9.0,6.5,Yes,Yes,843.1657298158558,3,Under-Burdened,1,0,Low Volume,Low Strain
Nonprofit,Urban,Teaching,Sepsis,80788.66666666667,73.0,32.0,Yes,No,1106.693912325035,7,Normal,0,0,High Volume,Low Strain
Nonprofit,Rural,Non-Teaching,Sepsis,35672.666666666664,10.0,51.0,Yes,Yes,3567.263099403567,1,Overburdened,1,2,Medium Volume,High Strain
Nonprofit,Urban,Non-Teaching,Sepsis,57338.0,48.0,68.5,No,Yes,1194.5414178038711,6,Normal,3,0,High Volume,Medium Strain
Nonprofit,Urban,Non-Teaching,Sepsis,47511.333333333336,21.0,172.0,No,Yes,2262.4433670904605,4,Overburdened,2,0,Medium Volume,High Strain
Investor Owned,Frontier,Non-Teaching,Sepsis,5907.0,4.333333333333333,25.666666666666668,Yes,Yes,1363.1507004214607,1,Normal,1,0,Low Volume,Medium Strain
Investor Owned,Rural,Non-Teaching,Sepsis,10314.0,8.0,64.33333333333333,Yes,Yes,1289.2483884395144,1,Normal,1,0,Low Volume,Medium Strain
Investor Owned,Rural,Non-Teaching,Sepsis,28371.0,20.0,55.5,Yes,Yes,1418.5492907253547,3,Normal,1,0,Medium Volume,Medium Strain
Government,Rural,Non-Teaching,Sepsis,39829.0,16.0,62.0,Yes,Yes,2489.31094418066,3,Overburdened,1,0,Medium Volume,High Strain
Government,Rural,Non-Teaching,Sepsis,7991.666666666667,7.666666666666667,30.0,No,No,1042.3899447087679,1,Under-Burdened,4,0,Low Volume,Low Strain
Government,Frontier,Non-Teaching,Sepsis,1610.0,2.0,12.5,Yes,No,804.9959750201249,1,Under-Burdened,1,0,Low Volume,Low Strain
Nonprofit,Urban,Non-Teaching,Sepsis,28485.0,10.0,52.0,Yes,Yes,2848.4971515028487,4,Overburdened,1,0,Medium Volume,High Strain
Government,Frontier,Non-Teaching,Sepsis,6546.333333333333,8.0,38.0,Yes,Yes,818.290643803362,3,Under-Burdened,1,0,Low Volume,Low Strain
Nonprofit,Urban,Non-Teaching,Sepsis,64106.0,42.666666666666664,194.0,No,Yes,1502.484022855307,3,Normal,3,0,High Volume,Medium Strain
Nonprofit,Rural,Non-Teaching,Sepsis,15535.666666666666,12.0,35.666666666666664,Yes,Yes,1294.6378100240472,2,Normal,1,0,Low Volume,Medium Strain
Nonprofit,Rural,Non-Teaching,Sepsis,20035.333333333332,13.0,96.0,Yes,Yes,1541.1783016577167,1,Normal,1,0,Low Volume,Medium Strain
Nonprofit,Urban,Non-Teaching,Sepsis,88985.33333333333,40.666666666666664,142.66666666666666,Yes,Yes,2188.163396353263,4,Overburdened,3,0,High Volume,High Strain
Nonprofit,Rural,Non-Teaching,Sepsis,18720.666666666668,8.0,105.33333333333333,Yes,Yes,2340.080408232823,1,Overburdened,1,0,Low Volume,High Strain
Nonprofit,Rural,Non-Teaching,Sepsis,18771.0,12.0,83.0,Yes,Yes,1564.2486964594198,1,Normal,1,0,Low Volume,Medium Strain
Nonprofit,Rural,Non-Teaching,Sepsis,10002.666666666666,8.0,41.666666666666664,Yes,Yes,1250.3317704186202,1,Normal,1,0,Low Volume,Medium Strain
Investor Owned,Urban,Non-Teaching,Sepsis,14433.0,8.0,32.5,No,No,1804.122744846569,3,Overburdened,4,0,Low Volume,High Strain
Government,Urban,Non-Teaching,Sepsis,102466.66666666667,42.666666666666664,31.0,No,Yes,2401.561937133921,6,Overburdened,3,3,High Volume,High Strain
Nonprofit,Urban,Non-Teaching,Sepsis,36011.0,26.0,59.0,No,No,1385.0379288315658,6,Normal,2,0,Medium Volume,Medium Strain
Investor Owned,Urban,Non-Teaching,Sepsis,12317.0,17.0,19.666666666666668,No,No,724.528985571185,6,Under-Burdened,4,0,Low Volume,Low Strain
Nonprofit,Urban,Non-Teaching,Sepsis,57101.0,35.0,107.33333333333333,No,No,1631.4566767266635,6,Normal,3,0,High Volume,High Strain
Investor Owned,Urban,Non-Teaching,Sepsis,34882.0,50.5,125.0,Yes,No,690.7325364886066,6,Under-Burdened,3,0,Medium Volume,Low Strain
Nonprofit,Urban,Teaching,Sepsis,65446.0,41.0,4.0,Yes,No,1596.2435131113382,6,Normal,3,0,High Volume,High Strain
Investor Owned,Urban,Non-Teaching,Sepsis,29986.333333333332,14.0,37.666666666666664,No,Yes,2141.879422467079,2,Overburdened,4,0,Medium Volume,High Strain
Investor Owned,Urban,Non-Teaching,Sepsis,3751.5,4.0,3.5,Yes,Yes,937.8726553183618,3,Under-Burdened,1,0,Low Volume,Low Strain
Investor Owned,Urban,Non-Teaching,Sepsis,20267.0,12.0,37.0,No,No,1688.915259237284,5,Normal,4,0,Low Volume,High Strain
Investor Owned,Urban,Non-Teaching,Sepsis,33361.5,14.0,126.0,No,No,2382.9625835981547,4,Overburdened,4,0,Medium Volume,High Strain
Nonprofit,Urban,Non-Teaching,Sepsis,46487.666666666664,30.666666666666668,116.33333333333333,No,No,1515.9016795972782,4,Normal,2,0,Medium Volume,Medium Strain
Investor Owned,Urban,Non-Teaching,Sepsis,9859.5,8.0,20.0,Yes,Yes,1232.4359594550508,3,Normal,1,0,Low Volume,Medium Strain
Investor Owned,Urban,Non-Teaching,Sepsis,6710.333333333333,9.0,17.0,No,No,745.591764157299,3,Under-Burdened,4,0,Low Volume,Low Strain
Investor Owned,Urban,Non-Teaching,Sepsis,16033.333333333334,21.0,20.333333333333332,No,No,763.4916999245874,5,Under-Burdened,4,0,Low Volume,Low Strain
Nonprofit,Urban,Non-Teaching,Sepsis,39767.5,37.0,61.0,No,No,1074.7970068116197,7,Under-Burdened,3,0,Medium Volume,Low Strain
Investor Owned,Urban,Non-Teaching,Sepsis,18635.5,9.0,37.0,Yes,No,2070.608810434655,3,Overburdened,4,0,Low Volume,High Strain
Nonprofit,Urban,Non-Teaching,Sepsis,79359.66666666667,32.0,100.0,No,No,2479.9888083368305,6,Overburdened,2,0,High Volume,High Strain
Nonprofit,Urban,Non-Teaching,Sepsis,68964.66666666667,30.0,74.33333333333333,Yes,No,2298.8214559484036,7,Overburdened,2,0,High Volume,High Strain
Nonprofit,Urban,Teaching,Sepsis,53635.333333333336,57.0,241.0,Yes,No,940.9705951513575,6,Under-Burdened,0,0,High Volume,Low Strain
Nonprofit,Urban,Non-Teaching,Sepsis,62426.5,49.5,751.5,Yes,No,1261.1411593654223,5,Normal,3,0,High Volume,Medium Strain
Nonprofit,Urban,Non-Teaching,Sepsis,61938.666666666664,41.0,1440.6666666666667,No,No,1510.6988185287432,5,Normal,3,0,High Volume,Medium Strain
Nonprofit,Urban,Non-Teaching,Sepsis,79005.0,53.0,597.3333333333334,No,No,1490.6600961018685,5,Normal,3,0,High Volume,Medium Strain
Nonprofit,Urban,Non-Teaching,Sepsis,40703.0,29.0,90.0,No,No,1403.5512401547448,6,Normal,2,0,Medium Volume,Medium Strain
Nonprofit,Urban,Non-Teaching,Sepsis,32344.666666666668,18.0,68.0,No,No,1796.9249276342996,3,Overburdened,2,0,Medium Volume,High Strain
Investor Owned,Urban,Non-Teaching,Sepsis,36378.0,15.0,27.0,No,No,2425.198383201078,5,Overburdened,4,0,Medium Volume,High Strain
Investor Owned,Urban,Non-Teaching,Sepsis,29577.0,10.666666666666666,80.66666666666667,Yes,No,2772.841150461422,4,Overburdened,4,0,Medium Volume,High Strain
Nonprofit,Urban,Teaching,Sepsis,72059.5,64.0,103.0,No,No,1125.9295115735138,6,Normal,0,0,High Volume,Low Strain
Nonprofit,Urban,Non-Teaching,Sepsis,35037.666666666664,29.0,81.66666666666667,No,No,1208.19498567989,6,Normal,2,0,Medium Volume,Medium Strain
Investor Owned,Urban,Non-Teaching,Sepsis,16074.666666666666,5.666666666666667,25.333333333333332,No,No,2836.700876410218,3,Overburdened,4,0,Low Volume,High Strain
Nonprofit,Urban,Teaching,Sepsis,54946.0,55.5,80.5,No,No,990.0178396364253,7,Under-Burdened,3,0,High Volume,Low Strain
Nonprofit,Urban,Non-Teaching,Sepsis,47234.0,37.0,124.0,No,No,1276.5942495691215,6,Normal,3,0,Medium Volume,Medium Strain
Investor Owned,Urban,Non-Teaching,Sepsis,4946.5,4.0,13.5,No,No,1236.621908445229,2,Normal,4,0,Low Volume,Medium Strain
Investor Owned,Urban,Non-Teaching,Sepsis,6297.5,7.0,24.5,No,No,899.6415719406116,3,Under-Burdened,4,0,Low Volume,Low Strain
Nonprofit,Urban,Non-Teaching,Sepsis,77714.0,71.0,66.0,No,No,1094.5632261178555,6,Normal,0,0,High Volume,Low Strain
Nonprofit,Urban,Non-Teaching,Sepsis,57211.0,61.0,142.33333333333334,No,No,937.8850921499849,7,Under-Burdened,0,0,High Volume,Low Strain
Investor Owned,Urban,Non-Teaching,Sepsis,12230.666666666666,8.0,25.0,No,No,1528.8314222940555,3,Normal,4,0,Low Volume,Medium Strain
Nonprofit,Urban,Non-Teaching,Sepsis,32363.666666666668,15.333333333333334,90.33333333333333,No,No,2110.672536517911,5,Overburdened,2,0,Medium Volume,High Strain
Government,Urban,Non-Teaching,Sepsis,31796.5,21.0,37.0,No,No,1514.1183266103208,5,Normal,2,0,Medium Volume,Medium Strain
Investor Owned,Urban,Non-Teaching,Sepsis,6826.0,7.0,2.6666666666666665,Yes,No,975.1414640836227,5,Under-Burdened,4,0,Low Volume,Low Strain
Nonprofit,Urban,Non-Teaching,Sepsis,18475.333333333332,12.0,35.0,No,No,1539.609828102921,4,Normal,2,0,Low Volume,Medium Strain
Investor Owned,Urban,Non-Teaching,Sepsis,46827.333333333336,41.333333333333336,60.333333333333336,Yes,Yes,1132.9190807453836,6,Normal,3,0,Medium Volume,Low Strain
Nonprofit,Urban,Non-Teaching,Sepsis,23936.333333333332,27.0,63.333333333333336,No,No,886.530535852888,5,Under-Burdened,2,0,Low Volume,Low Strain
Nonprofit,Urban,Non-Teaching,Sepsis,50359.333333333336,40.0,124.33333333333333,No,No,1258.9830185875787,6,Normal,3,0,High Volume,Medium Strain
Investor Owned,Urban,Non-Teaching,Sepsis,9195.333333333334,8.0,29.333333333333332,No,No,1149.4152298976294,3,Normal,4,0,Low Volume,Low Strain
Nonprofit,Urban,Non-Teaching,Sepsis,43418.0,32.0,84.66666666666667,No,No,1356.8120759962262,6,Normal,2,0,Medium Volume,Medium Strain
Nonprofit,Urban,Non-Teaching,Sepsis,21073.5,13.0,46.0,No,No,1621.037214586758,4,Normal,2,0,Low Volume,High Strain
Investor Owned,Urban,Non-Teaching,Sepsis,46270.0,30.0,73.33333333333333,No,No,1542.3328192223937,5,Normal,4,0,Medium Volume,Medium Strain
Nonprofit,Urban,Teaching,Sepsis,49428.0,28.0,131.33333333333334,No,No,1765.285083826756,6,Overburdened,2,0,High Volume,High Strain
Investor Owned,Urban,Non-Teaching,Sepsis,23054.5,13.0,36.5,No,No,1773.4217127525287,4,Overburdened,4,0,Low Volume,High Strain
Nonprofit,Urban,Non-Teaching,Sepsis,52035.666666666664,30.0,80.0,No,No,1734.5216440483407,6,Normal,2,0,High Volume,High Strain
Government,Urban,Teaching,Sepsis,73969.0,72.66666666666667,56.0,Yes,No,1017.9218782676313,6,Under-Burdened,0,0,High Volume,Low Strain
Government,Urban,Teaching,Sepsis,105955.5,80.5,37.0,No,No,1316.2172277991021,7,Normal,0,0,High Volume,Medium Strain
Nonprofit,Urban,Teaching,Sepsis,99493.0,29.0,450.0,Yes,Yes,3430.791920416579,3,Overburdened,2,4,High Volume,High Strain
Government,Urban,Teaching,Sepsis,50463.666666666664,50.666666666666664,29.333333333333332,No,No,995.9932244750214,6,Under-Burdened,3,0,High Volume,Low Strain
Nonprofit,Urban,Non-Teaching,Sepsis,40780.666666666664,37.333333333333336,366.3333333333333,No,No,1092.3389931234838,5,Normal,3,0,Medium Volume,Low Strain
Nonprofit,Urban,Non-Teaching,Sepsis,67262.0,33.0,875.0,Yes,No,2038.2418065933919,5,Overburdened,2,0,High Volume,High Strain
Nonprofit,Urban,Non-Teaching,Sepsis,92182.33333333333,80.0,1464.0,No,No,1152.2790226317886,6,Normal,0,0,High Volume,Low Strain
Investor Owned,Urban,Non-Teaching,Sepsis,64397.333333333336,35.0,82.33333333333333,Yes,Yes,1839.9232838314426,4,Overburdened,3,0,High Volume,High Strain
Nonprofit,Rural,Non-Teaching,Sepsis,77745.33333333333,38.0,6.0,Yes,Yes,2045.9292861589595,6,Overburdened,3,1,High Volume,High Strain
Nonprofit,Urban,Non-Teaching,Sepsis,27449.0,19.0,167.66666666666666,No,No,1444.683450166605,3,Normal,2,0,Medium Volume,Medium Strain
Nonprofit,Urban,Non-Teaching,Sepsis,29936.333333333332,31.0,25.0,No,No,965.6878605307977,6,Under-Burdened,2,0,Medium Volume,Low Strain
Nonprofit,Urban,Non-Teaching,Sepsis,14621.0,9.0,27.666666666666668,No,No,1624.553750495833,1,Normal,2,0,Low Volume,High Strain
Government,Rural,Non-Teaching,Sepsis,6284.0,3.6666666666666665,48.666666666666664,Yes,Yes,1713.8135077813424,1,Normal,1,0,Low Volume,High Strain
Nonprofit,Rural,Non-Teaching,Sepsis,9094.0,6.0,46.333333333333336,Yes,Yes,1515.6641405597659,1,Normal,1,0,Low Volume,Medium Strain
Nonprofit,Rural,Non-Teaching,Sepsis,28163.666666666668,19.0,55.333333333333336,Yes,Yes,1482.2974654574743,2,Normal,1,0,Medium Volume,Medium Strain
Nonprofit,Rural,Non-Teaching,Sepsis,13366.0,9.0,53.666666666666664,Yes,Yes,1485.1094609894878,1,Normal,1,0,Low Volume,Medium Strain
Nonprofit,Rural,Non-Teaching,Sepsis,25567.333333333332,10.0,56.333333333333336,Yes,Yes,2556.7307766025565,1,Overburdened,1,0,Medium Volume,High Strain
Nonprofit,Urban,Non-Teaching,Sepsis,57461.0,26.0,147.33333333333334,Yes,Yes,2210.0376115239956,4,Overburdened,2,0,High Volume,High Strain
Government,Frontier,Non-Teaching,Sepsis,511.0,1.0,1.0,Yes,Yes,510.99489005109945,1,Under-Burdened,1,0,Low Volume,Low Strain
Nonprofit,Urban,Non-Teaching,Sepsis,41278.666666666664,30.666666666666668,24.333333333333332,No,No,1346.0430393337915,5,Normal,2,0,Medium Volume,Medium Strain
Nonprofit,Rural,Non-Teaching,Sepsis,14553.0,6.0,31.0,No,Yes,2425.495957506738,2,Overburdened,1,0,Low Volume,High Strain
Government,Urban,Non-Teaching,Sepsis,50028.333333333336,16.0,25.333333333333332,Yes,Yes,3126.768879102784,5,Overburdened,1,0,High Volume,High Strain
Government,Urban,Non-Teaching,Sepsis,51527.5,19.0,36.0,Yes,Yes,2711.972256856707,4,Overburdened,1,0,High Volume,High Strain
Investor Owned,Urban,Non-Teaching,Sepsis,24487.0,18.0,73.0,No,No,1360.3881331177038,4,Normal,4,0,Low Volume,Medium Strain
Nonprofit,Rural,Non-Teaching,Sepsis,6034.5,8.0,11.5,No,No,754.3115571105536,3,Under-Burdened,1,0,Low Volume,Low Strain
Government,Rural,Non-Teaching,Sepsis,12749.5,15.0,19.0,Yes,Yes,849.9661000226,2,Under-Burdened,1,0,Low Volume,Low Strain
Nonprofit,Urban,Non-Teaching,Sepsis,92289.0,35.666666666666664,13.666666666666666,No,No,2587.5413305958887,6,Overburdened,3,0,High Volume,High Strain
Nonprofit,Urban,Non-Teaching,Sepsis,27767.5,26.0,59.0,No,No,1067.9803584690928,5,Under-Burdened,2,0,Medium Volume,Low Strain
Investor Owned,Urban,Teaching,Sepsis,23505.0,30.0,44.0,No,Yes,783.4997388334205,5,Under-Burdened,4,0,Low Volume,Low Strain
Investor Owned,Urban,Non-Teaching,Sepsis,5063.0,8.0,9.0,No,No,632.8742089072389,3,Under-Burdened,4,0,Low Volume,Low Strain
Investor Owned,Urban,Non-Teaching,Sepsis,12153.0,11.0,17.0,No,Yes,1104.8171774389295,4,Normal,4,0,Low Volume,Low Strain
Nonprofit,Urban,Non-Teaching,Sepsis,100965.66666666667,80.5,145.66666666666666,No,No,1254.2317282527874,6,Normal,0,0,High Volume,Medium Strain
Investor Owned,Urban,Non-Teaching,Sepsis,11960.0,12.0,31.333333333333332,No,No,996.6658361118033,3,Under-Burdened,4,0,Low Volume,Low Strain
Investor Owned,Urban,Non-Teaching,Sepsis,11887.333333333334,11.0,33.333333333333336,No,No,1080.6656842433174,3,Normal,4,0,Low Volume,Low Strain
Investor Owned,Urban,Non-Teaching,Sepsis,25199.5,23.0,118.5,No,No,1095.6299584217572,4,Normal,4,0,Low Volume,Low Strain
Investor Owned,Urban,Non-Teaching,Sepsis,11411.0,10.0,4.0,Yes,No,1141.098858901141,4,Normal,4,0,Low Volume,Low Strain
Nonprofit,Urban,Non-Teaching,Sepsis,34495.5,44.5,78.5,No,No,775.1796010832356,6,Under-Burdened,3,0,Medium Volume,Low Strain
Government,Urban,Teaching,Sepsis,42020.0,50.666666666666664,35.333333333333336,Yes,No,829.3419415772483,6,Under-Burdened,3,0,Medium Volume,Low Strain
Investor Owned,Urban,Non-Teaching,Sepsis,19240.0,12.0,39.0,Yes,No,1603.3319972233357,4,Normal,4,0,Low Volume,High Strain
Nonprofit,Urban,Non-Teaching,Sepsis,27262.5,31.0,34.0,No,No,879.4352001821935,5,Under-Burdened,2,0,Medium Volume,Low Strain
Nonprofit,Urban,Non-Teaching,Sepsis,14340.0,20.0,12.666666666666666,No,No,716.9996415001792,4,Under-Burdened,2,0,Low Volume,Low Strain
Nonprofit,Urban,Non-Teaching,Sepsis,53749.666666666664,36.0,122.66666666666667,No,No,1493.045881561329,6,Normal,3,0,High Volume,Medium Strain
Investor Owned,Urban,Non-Teaching,Sepsis,4135.333333333333,8.0,2.0,No,No,516.916020521641,4,Under-Burdened,4,0,Low Volume,Low Strain
Investor Owned,Urban,Non-Teaching,Sepsis,24221.0,24.0,78.66666666666667,Yes,No,1009.2079128300363,5,Under-Burdened,4,0,Low Volume,Low Strain
Investor Owned,Urban,Non-Teaching,Sepsis,17550.0,17.5,18.5,No,No,1002.8565697962458,5,Under-Burdened,4,0,Low Volume,Low Strain
Nonprofit,Urban,Non-Teaching,Sepsis,109291.5,72.0,672.0,No,No,1517.9372891753765,5,Normal,0,0,High Volume,Medium Strain
Nonprofit,Urban,Non-Teaching,Sepsis,26386.333333333332,14.0,56.666666666666664,No,Yes,1884.7367489975602,2,Overburdened,2,0,Medium Volume,High Strain
Nonprofit,Urban,Non-Teaching,Sepsis,69937.5,69.0,117.0,No,No,1013.5868096251,6,Under-Burdened,0,0,High Volume,Low Strain
Nonprofit,Urban,Non-Teaching,Sepsis,112998.5,62.0,900.6666666666666,No,No,1822.5561576522325,6,Overburdened,0,0,High Volume,High Strain
Government,Frontier,Non-Teaching,Sepsis,3495.0,3.0,12.333333333333334,Yes,Yes,1164.996116679611,1,Normal,1,0,Low Volume,Medium Strain
Government,Frontier,Non-Teaching,Sepsis,2546.6666666666665,2.0,4.0,Yes,Yes,1273.3269666984997,1,Normal,1,0,Low Volume,Medium Strain
Investor Owned,Urban,Non-Teaching,Sepsis,44698.666666666664,30.0,50.333333333333336,No,Yes,1489.9550589038693,4,Normal,4,0,Medium Volume,Medium Strain
Investor Owned,Urban,Non-Teaching,Sepsis,54417.5,28.0,48.5,No,Yes,1943.4814487566255,6,Overburdened,4,0,High Volume,High Strain
Investor Owned,Urban,Non-Teaching,Sepsis,39938.5,29.0,61.0,Yes,Yes,1377.189180279593,6,Normal,4,0,Medium Volume,Medium Strain
Investor Owned,Urban,Non-Teaching,Sepsis,45627.5,12.0,90.0,No,Yes,3802.2884980929184,3,Overburdened,4,5,Medium Volume,High Strain
Government,Rural,Non-Teaching,Sepsis,7767.0,7.0,12.5,Yes,Yes,1109.5698434716523,1,Normal,1,0,Low Volume,Low Strain
Investor Owned,Urban,Non-Teaching,Sepsis,45660.666666666664,41.0,73.33333333333333,No,Yes,1113.6745251200343,4,Normal,3,0,Medium Volume,Low Strain
Government,Urban,Non-Teaching,Sepsis,37046.333333333336,28.0,79.33333333333333,No,Yes,1323.0828608037402,2,Normal,2,0,Medium Volume,Medium Strain
Investor Owned,Urban,Non-Teaching,Sepsis,15067.333333333334,12.0,28.666666666666668,Yes,No,1255.6100647693906,2,Normal,4,0,Low Volume,Medium Strain
Nonprofit,Urban,Non-Teaching,Sepsis,54291.666666666664,41.0,415.6666666666667,No,Yes,1324.1866688975604,5,Normal,3,0,High Volume,Medium Strain
Nonprofit,Urban,Non-Teaching,Sepsis,47474.5,26.0,331.0,No,Yes,1825.9416054070748,2,Overburdened,2,0,Medium Volume,High Strain
Investor Owned,Urban,Non-Teaching,Sepsis,90694.33333333333,53.0,49.333333333333336,No,Yes,1711.213513607513,3,Normal,3,6,High Volume,High Strain
Investor Owned,Urban,Non-Teaching,Sepsis,35054.666666666664,21.0,24.333333333333332,No,No,1669.2690463798192,3,Normal,4,0,Medium Volume,High Strain
Nonprofit,Urban,Non-Teaching,Sepsis,47299.5,58.5,79.0,No,Yes,808.5383233267823,3,Under-Burdened,0,0,Medium Volume,Low Strain
Nonprofit,Urban,Non-Teaching,Sepsis,95381.5,59.0,370.5,No,No,1616.6353192143526,5,Normal,0,0,High Volume,High Strain
Government,Urban,Teaching,Sepsis,63503.666666666664,70.0,80.66666666666667,No,No,907.1951084959368,7,Under-Burdened,0,0,High Volume,Low Strain
Nonprofit,Urban,Non-Teaching,Sepsis,84523.33333333333,51.333333333333336,119.33333333333333,No,No,1646.5581208003657,7,Normal,3,0,High Volume,High Strain
Nonprofit,Urban,Non-Teaching,Sepsis,106119.0,53.0,417.5,No,No,2002.2449052368102,5,Overburdened,3,0,High Volume,High Strain
Government,Rural,Non-Teaching,Sepsis,21385.333333333332,18.0,42.666666666666664,Yes,No,1188.0734140332884,2,Normal,1,0,Low Volume,Medium Strain
Government,Rural,Non-Teaching,Sepsis,11297.666666666666,7.0,62.333333333333336,Yes,Yes,1613.9500753094162,1,Normal,1,0,Low Volume,High Strain
Investor Owned,Urban,Non-Teaching,Sepsis,33224.0,15.0,30.0,No,No,2214.9318567120954,3,Overburdened,4,0,Medium Volume,High Strain
Investor Owned,Urban,Non-Teaching,Sepsis,22289.0,12.0,35.0,No,Yes,1857.4151188207343,3,Overburdened,4,0,Low Volume,High Strain
Nonprofit,Urban,Non-Teaching,Sepsis,112998.5,80.5,1126.5,Yes,No,1403.7079001605093,6,Normal,0,0,High Volume,Medium Strain
Nonprofit,Urban,Teaching,Sepsis,40403.0,40.0,88.0,No,No,1010.074747481313,6,Under-Burdened,3,0,Medium Volume,Low Strain
Government,Rural,Non-Teaching,Sepsis,8291.666666666666,6.0,75.33333333333333,Yes,Yes,1381.9421412075424,1,Normal,1,0,Low Volume,Medium Strain
Nonprofit,Urban,Non-Teaching,Sepsis,75626.66666666667,52.0,102.66666666666667,No,Yes,1454.35869467461,6,Normal,3,0,High Volume,Medium Strain
Nonprofit,Urban,Non-Teaching,Sepsis,53317.333333333336,18.0,37.666666666666664,No,Yes,2962.0724284782805,6,Overburdened,2,0,High Volume,High Strain
Nonprofit,Urban,Non-Teaching,Sepsis,62192.333333333336,43.0,157.0,No,Yes,1446.3329969768224,5,Normal,3,0,High Volume,Medium Strain
Investor Owned,Urban,Non-Teaching,Sepsis,30790.0,16.0,39.5,Yes,Yes,1924.3737972663766,3,Overburdened,4,0,Medium Volume,High Strain
Investor Owned,Rural,Non-Teaching,Sepsis,22806.333333333332,15.333333333333334,96.66666666666667,Yes,Yes,1487.3685951943944,4,Normal,1,0,Low Volume,Medium Strain
Investor Owned,Urban,Non-Teaching,Sepsis,35471.0,20.333333333333332,60.0,Yes,Yes,1744.4745518977616,3,Normal,4,0,Medium Volume,High Strain
Government,Urban,Teaching,Sepsis,57942.0,47.0,34.0,Yes,No,1232.8082483386704,6,Normal,3,0,High Volume,Medium Strain
Investor Owned,Rural,Non-Teaching,Sepsis,25407.666666666668,16.0,32.0,Yes,Yes,1587.9781741803079,1,Normal,1,0,Medium Volume,High Strain
Nonprofit,Urban,Non-Teaching,Sepsis,23200.666666666668,15.0,62.333333333333336,No,Yes,1546.710079971058,2,Normal,2,0,Low Volume,Medium Strain
Nonprofit,Urban,Non-Teaching,Sepsis,79146.5,63.0,259.0,No,No,1256.2934513819919,7,Normal,0,0,High Volume,Medium Strain
Nonprofit,Urban,Non-Teaching,Sepsis,86469.0,80.5,160.0,No,Yes,1074.148934888331,7,Under-Burdened,0,0,High Volume,Low Strain
Nonprofit,Urban,Non-Teaching,Sepsis,112241.5,80.5,1686.5,No,No,1394.3041746205993,6,Normal,0,0,High Volume,Medium Strain
Nonprofit,Urban,Teaching,Sepsis,96961.66666666667,77.33333333333333,109.0,No,No,1253.8144930412295,6,Normal,0,0,High Volume,Medium Strain
Investor Owned,Urban,Non-Teaching,Sepsis,17293.0,20.0,21.0,Yes,Yes,864.6495676752162,5,Under-Burdened,4,0,Low Volume,Low Strain
Nonprofit,Urban,Non-Teaching,Sepsis,37200.666666666664,47.0,33.0,No,No,791.5033776943167,6,Under-Burdened,3,0,Medium Volume,Low Strain
Government,Urban,Non-Teaching,Sepsis,39953.666666666664,40.0,44.666666666666664,No,No,998.8414169563123,6,Under-Burdened,3,0,Medium Volume,Low Strain
Government,Urban,Teaching,Sepsis,60332.5,80.5,25.0,No,No,749.4719565873346,6,Under-Burdened,0,0,High Volume,Low Strain
Nonprofit,Urban,Non-Teaching,Sepsis,63761.0,48.0,112.0,No,No,1328.3538899262728,6,Normal,3,0,High Volume,Medium Strain
Government,Urban,Non-Teaching,Sepsis,26922.5,8.0,71.0,No,No,3365.3082933646333,5,Overburdened,4,7,Medium Volume,High Strain
Nonprofit,Urban,Non-Teaching,Sepsis,44178.666666666664,38.0,97.0,No,No,1162.5961852817054,4,Normal,3,0,Medium Volume,Low Strain
Government,Urban,Non-Teaching,Sepsis,77978.0,72.0,194.0,No,Yes,1083.027627357274,5,Normal,0,0,High Volume,Low Strain
Nonprofit,Urban,Teaching,Sepsis,31841.333333333332,28.666666666666668,67.33333333333333,No,No,1110.7437985777447,5,Normal,2,0,Medium Volume,Low Strain
Nonprofit,Urban,Non-Teaching,Sepsis,10480.666666666666,12.0,25.666666666666668,No,No,873.3881610654213,5,Under-Burdened,2,0,Low Volume,Low Strain
Government,Urban,Teaching,Sepsis,43609.0,59.0,9.333333333333334,No,No,739.135467943141,6,Under-Burdened,0,0,Medium Volume,Low Strain
Nonprofit,Urban,Non-Teaching,Sepsis,20186.666666666668,19.0,14.0,No,No,1062.4555811637292,5,Under-Burdened,2,0,Low Volume,Low Strain
Nonprofit,Urban,Teaching,Sepsis,11045.666666666666,12.0,16.666666666666668,No,No,920.4714551626762,5,Under-Burdened,2,0,Low Volume,Low Strain
Nonprofit,Urban,Non-Teaching,Sepsis,26493.666666666668,35.0,60.0,No,Yes,756.9616884871366,5,Under-Burdened,3,0,Medium Volume,Low Strain
Nonprofit,Urban,Non-Teaching,Sepsis,17995.0,16.0,19.0,No,No,1124.686797070752,3,Normal,2,0,Low Volume,Low Strain
Nonprofit,Urban,Non-Teaching,Sepsis,49033.666666666664,28.0,103.66666666666667,No,Yes,1751.2017555231826,4,Overburdened,2,0,High Volume,High Strain
Government,Urban,Non-Teaching,Sepsis,41087.333333333336,25.333333333333332,39.666666666666664,Yes,Yes,1621.8677808416658,4,Normal,2,0,Medium Volume,High Strain
Nonprofit,Urban,Non-Teaching,Sepsis,29388.666666666668,14.0,59.333333333333336,No,Yes,2099.1889767697785,2,Overburdened,2,0,Medium Volume,High Strain
Investor Owned,Urban,Non-Teaching,Sepsis,25987.0,11.0,43.333333333333336,No,Yes,2362.4523977705476,2,Overburdened,4,0,Medium Volume,High Strain
Nonprofit,Urban,Non-Teaching,Sepsis,103851.33333333333,46.666666666666664,239.66666666666666,No,Yes,2225.385237417449,2,Overburdened,3,8,High Volume,High Strain
Nonprofit,Rural,Non-Teaching,Sepsis,25632.666666666668,18.0,42.333333333333336,No,Yes,1424.0362459057894,2,Normal,1,0,Medium Volume,Medium Strain
Nonprofit,Rural,Non-Teaching,Sepsis,20801.333333333332,22.0,15.333333333333334,No,Yes,945.5147217357325,2,Under-Burdened,1,0,Low Volume,Low Strain
Investor Owned,Rural,Non-Teaching,Sepsis,19784.666666666668,11.0,9.333333333333334,No,Yes,1798.6044255111285,4,Overburdened,1,0,Low Volume,High Strain
Investor Owned,Urban,Non-Teaching,Sepsis,27192.666666666668,23.0,37.333333333333336,No,No,1182.2893410336198,3,Normal,4,0,Medium Volume,Medium Strain
Government,Urban,Non-Teaching,Sepsis,33189.666666666664,15.0,10.666666666666666,No,No,2212.6429693491314,4,Overburdened,4,0,Medium Volume,High Strain
Nonprofit,Urban,Non-Teaching,Sepsis,39927.666666666664,19.0,116.66666666666667,No,No,2101.4550343219116,3,Overburdened,2,0,Medium Volume,High Strain
Investor Owned,Urban,Non-Teaching,Sepsis,13136.0,22.0,13.0,No,No,597.0906376860738,6,Under-Burdened,4,0,Low Volume,Low Strain
Nonprofit,Urban,Non-Teaching,Sepsis,41904.5,26.0,46.5,No,No,1611.7109185727236,5,Normal,2,0,Medium Volume,High Strain
Nonprofit,Urban,Non-Teaching,Sepsis,14532.0,17.0,11.5,No,No,854.8230265746903,5,Under-Burdened,2,0,Low Volume,Low Strain
Nonprofit,Urban,Non-Teaching,Sepsis,32738.0,24.0,139.33333333333334,No,No,1364.0827649655146,4,Normal,2,0,Medium Volume,Medium Strain
Nonprofit,Urban,Non-Teaching,Sepsis,22042.666666666668,22.0,102.0,No,Yes,1001.9389385126037,1,Under-Burdened,2,0,Low Volume,Low Strain
Government,Rural,Non-Teaching,Sepsis,18819.5,10.0,61.0,No,Yes,1881.948118051882,2,Overburdened,1,0,Low Volume,High Strain
Nonprofit,Urban,Non-Teaching,Sepsis,48621.0,41.0,31.0,Yes,Yes,1185.8777595420097,5,Normal,3,0,Medium Volume,Medium Strain
Nonprofit,Urban,Non-Teaching,Sepsis,35892.0,40.5,44.5,No,No,886.2220034019743,6,Under-Burdened,3,0,Medium Volume,Low Strain
Nonprofit,Rural,Non-Teaching,Sepsis,9330.0,8.0,75.66666666666667,No,Yes,1166.2485421893223,1,Normal,1,0,Low Volume,Medium Strain
Nonprofit,Urban,Non-Teaching,Sepsis,52909.5,40.0,51.0,No,No,1322.7371693157077,6,Normal,3,0,High Volume,Medium Strain
Investor Owned,Urban,Non-Teaching,Sepsis,47574.333333333336,35.0,98.66666666666667,No,No,1359.266278304873,6,Normal,3,0,Medium Volume,Medium Strain
Government,Urban,Non-Teaching,Sepsis,49958.666666666664,25.0,42.666666666666664,No,No,1998.3458673283196,6,Overburdened,2,0,High Volume,High Strain
Nonprofit,Urban,Teaching,Sepsis,73416.5,80.5,27.5,No,No,912.0060978874412,5,Under-Burdened,0,0,High Volume,Low Strain
Nonprofit,Urban,Non-Teaching,Sepsis,65069.0,36.0,224.5,No,No,1807.4717201467442,5,Overburdened,3,0,High Volume,High Strain
Government,Rural,Non-Teaching,Sepsis,33380.333333333336,8.0,48.0,No,No,4172.536450996104,2,Overburdened,4,10,Medium Volume,High Strain
Nonprofit,Urban,Non-Teaching,Sepsis,67463.5,30.0,261.0,No,No,2248.7825837391388,6,Overburdened,2,0,High Volume,High Strain
Nonprofit,Urban,Non-Teaching,Sepsis,28103.666666666668,13.333333333333334,58.333333333333336,Yes,No,2107.7734191699356,3,Overburdened,2,0,Medium Volume,High Strain
Government,Frontier,Non-Teaching,Sepsis,3986.3333333333335,6.0,27.0,Yes,Yes,664.3877815759197,3,Under-Burdened,1,0,Low Volume,Low Strain
Investor Owned,Urban,Non-Teaching,Sepsis,24901.0,28.0,17.0,No,Yes,889.3211109567461,5,Under-Burdened,4,0,Low Volume,Low Strain
Nonprofit,Urban,Non-Teaching,Sepsis,42502.0,26.0,116.0,No,Yes,1634.691678964739,5,Normal,2,0,Medium Volume,High Strain
Nonprofit,Rural,Non-Teaching,Sepsis,9721.666666666666,11.0,36.666666666666664,Yes,Yes,883.7870753450829,1,Under-Burdened,1,0,Low Volume,Low Strain
Nonprofit,Rural,Non-Teaching,Sepsis,9916.0,7.0,40.0,Yes,Yes,1416.5694049008503,1,Normal,1,0,Low Volume,Medium Strain
Nonprofit,Urban,Non-Teaching,Sepsis,57303.333333333336,51.0,295.0,No,No,1123.594550929173,5,Normal,3,0,High Volume,Low Strain
Nonprofit,Urban,Non-Teaching,Sepsis,24714.666666666668,13.0,50.0,No,No,1901.1267427230187,3,Overburdened,2,0,Low Volume,High Strain
Nonprofit,Urban,Non-Teaching,Sepsis,57780.0,45.0,92.66666666666667,No,No,1283.99971466673,4,Normal,3,0,High Volume,Medium Strain
Nonprofit,Urban,Non-Teaching,Sepsis,48864.0,27.0,373.5,No,No,1809.7771074899601,3,Overburdened,2,0,Medium Volume,High Strain
Investor Owned,Rural,Non-Teaching,Sepsis,8867.0,9.0,14.0,No,No,985.2211275320806,1,Under-Burdened,4,0,Low Volume,Low Strain
Investor Owned,Urban,Non-Teaching,Sepsis,17207.5,15.0,47.5,No,No,1147.1659018893988,2,Normal,4,0,Low Volume,Low Strain
Investor Owned,Urban,Non-Teaching,Sepsis,35628.0,29.5,72.0,No,Yes,1207.728404159863,5,Normal,4,0,Medium Volume,Medium Strain
Government,Urban,Non-Teaching,Sepsis,8424.666666666666,8.333333333333334,65.66666666666667,Yes,No,1010.9587868494557,2,Under-Burdened,4,0,Low Volume,Low Strain
Nonprofit,Urban,Teaching,Sepsis,53276.0,30.0,172.0,No,Yes,1775.8660747113086,4,Overburdened,2,0,High Volume,High Strain
Nonprofit,Urban,Non-Teaching,Sepsis,31739.5,34.0,80.5,No,Yes,933.5144313192848,3,Under-Burdened,3,0,Medium Volume,Low Strain
Investor Owned,Urban,Non-Teaching,Sepsis,77669.33333333333,33.0,49.333333333333336,No,No,2353.6154483993587,6,Overburdened,2,0,High Volume,High Strain
Investor Owned,Urban,Non-Teaching,Sepsis,51875.333333333336,32.0,146.66666666666666,No,No,1621.1036600717728,5,Normal,4,0,High Volume,High Strain
Nonprofit,Urban,Non-Teaching,Sepsis,72098.66666666667,40.0,109.66666666666667,No,No,1802.4662160501127,6,Overburdened,3,0,High Volume,High Strain
Government,Rural,Non-Teaching,Sepsis,18690.333333333332,12.0,71.0,Yes,No,1557.5264798390444,1,Normal,1,0,Low Volume,Medium Strain
Nonprofit,Rural,Non-Teaching,Sepsis,28291.666666666668,14.0,133.66666666666666,Yes,Yes,2020.8318898819837,2,Overburdened,1,0,Medium Volume,High Strain
Government,Urban,Non-Teaching,Sepsis,59761.5,80.5,73.5,Yes,Yes,742.3787897666099,6,Under-Burdened,0,0,High Volume,Low Strain
Government,Rural,Non-Teaching,Sepsis,33321.0,24.0,47.0,Yes,Yes,1388.3744215106578,4,Normal,1,0,Medium Volume,Medium Strain
Nonprofit,Rural,Non-Teaching,Sepsis,28867.333333333332,15.0,59.666666666666664,Yes,Yes,1924.4876058971515,3,Overburdened,1,0,Medium Volume,High Strain
Nonprofit,Rural,Non-Teaching,Sepsis,30663.666666666668,18.0,97.0,Yes,Yes,1703.536090628098,2,Normal,1,0,Medium Volume,High Strain
Government,Urban,Non-Teaching,Sepsis,40721.5,38.5,16.5,No,No,1057.70102397376,5,Under-Burdened,3,0,Medium Volume,Low Strain
Investor Owned,Urban,Non-Teaching,Sepsis,40176.0,28.0,212.33333333333334,No,No,1434.8566304083463,6,Normal,4,0,Medium Volume,Medium Strain
Nonprofit,Rural,Non-Teaching,Sepsis,7952.0,6.0,34.0,No,No,1325.331124448126,1,Normal,1,0,Low Volume,Medium Strain
Nonprofit,Urban,Non-Teaching,Sepsis,22600.333333333332,14.0,53.0,No,No,1614.3083707321161,3,Normal,2,0,Low Volume,High Strain
Nonprofit,Urban,Non-Teaching,Sepsis,45771.666666666664,31.0,61.0,No,Yes,1476.5049000521826,5,Normal,2,0,Medium Volume,Medium Strain
Nonprofit,Urban,Non-Teaching,Sepsis,26971.5,11.0,98.0,No,Yes,2451.952316406985,1,Overburdened,2,0,Medium Volume,High Strain
Nonprofit,Rural,Non-Teaching,Sepsis,59699.0,44.0,81.0,Yes,Yes,1356.7951461829211,5,Normal,3,1,High Volume,Medium Strain
Nonprofit,Urban,Non-Teaching,Sepsis,36398.0,40.0,8.0,No,No,909.9497725125568,4,Under-Burdened,3,0,Medium Volume,Low Strain
Government,Urban,Non-Teaching,Sepsis,69248.0,54.0,27.0,No,No,1282.3701328944198,4,Normal,3,0,High Volume,Medium Strain
Nonprofit,Urban,Teaching,Sepsis,112998.5,80.0,106.0,No,No,1412.4810734398657,6,Normal,0,0,High Volume,Medium Strain
Nonprofit,Rural,Non-Teaching,Sepsis,9934.0,5.0,88.0,Yes,Yes,1986.7960264079472,1,Overburdened,1,0,Low Volume,High Strain
Nonprofit,Rural,Non-Teaching,Sepsis,15236.0,11.0,78.5,Yes,Yes,1385.0896499185,1,Normal,1,0,Low Volume,Medium Strain
Nonprofit,Rural,Non-Teaching,Sepsis,26490.0,24.0,44.5,No,No,1103.7495401043584,3,Normal,2,0,Medium Volume,Low Strain
Investor Owned,Rural,Non-Teaching,Sepsis,9268.0,9.0,45.0,Yes,Yes,1029.7766335815184,2,Under-Burdened,1,0,Low Volume,Low Strain
Nonprofit,Urban,Teaching,Sepsis,63937.0,48.0,90.0,No,Yes,1332.0205558290509,6,Normal,3,0,High Volume,Medium Strain
Investor Owned,Rural,Non-Teaching,Sepsis,11554.0,12.0,67.0,Yes,Yes,962.8325309728909,2,Under-Burdened,1,0,Low Volume,Low Strain
Government,Rural,Non-Teaching,Sepsis,30623.0,20.0,57.0,Yes,Yes,1531.149234425383,4,Normal,1,0,Medium Volume,Medium Strain
Nonprofit,Urban,Non-Teaching,Sepsis,74433.0,36.0,116.0,No,Yes,2067.582759004789,6,Overburdened,3,0,High Volume,High Strain
Government,Urban,Teaching,Sepsis,45491.0,30.0,25.5,No,Yes,1516.3661612112796,5,Normal,2,0,Medium Volume,Medium Strain
Nonprofit,Urban,Non-Teaching,Sepsis,53560.0,40.0,184.0,No,Yes,1338.9996652500836,5,Normal,3,0,High Volume,Medium Strain
Nonprofit,Frontier,Non-Teaching,Sepsis,2364.0,2.0,16.0,Yes,Yes,1181.9940900295499,1,Normal,1,0,Low Volume,Medium Strain
Nonprofit,Urban,Teaching,Sepsis,41196.0,26.0,97.0,No,No,1584.4609290534888,6,Normal,2,0,Medium Volume,Medium Strain
Nonprofit,Urban,Non-Teaching,Sepsis,72057.0,46.0,3.0,Yes,No,1566.456181205178,6,Normal,3,0,High Volume,Medium Strain
Government,Urban,Non-Teaching,Sepsis,33564.0,14.0,88.0,No,No,2397.4268589808153,4,Overburdened,4,0,Medium Volume,High Strain
Nonprofit,Urban,Non-Teaching,Sepsis,31471.5,22.0,35.5,No,No,1430.5220770354194,3,Normal,2,0,Medium Volume,Medium Strain
Nonprofit,Urban,Non-Teaching,Sepsis,33640.5,16.0,54.5,No,No,2102.52993591879,6,Overburdened,2,0,Medium Volume,High Strain
Nonprofit,Urban,Non-Teaching,Sepsis,52043.0,50.0,108.0,No,No,1040.8597918280416,7,Under-Burdened,3,0,High Volume,Low Strain
Investor Owned,Urban,Non-Teaching,Sepsis,29638.0,21.0,43.5,No,No,1411.3326612701612,4,Normal,4,0,Medium Volume,Medium Strain
Nonprofit,Urban,Non-Teaching,Sepsis,25109.5,16.0,50.0,No,No,1569.3427691607694,6,Normal,2,0,Low Volume,Medium Strain
Investor Owned,Urban,Non-Teaching,Sepsis,50599.5,24.0,66.5,No,No,2108.3116215368245,6,Overburdened,4,0,High Volume,High Strain
Nonprofit,Urban,Non-Teaching,Sepsis,109217.0,29.0,678.0,Yes,Yes,3766.1021496199482,3,Overburdened,2,4,High Volume,High Strain
Government,Rural,Non-Teaching,Sepsis,10799.0,13.0,26.0,No,Yes,830.6916686987164,1,Under-Burdened,1,0,Low Volume,Low Strain
Nonprofit,Rural,Non-Teaching,Sepsis,6472.0,8.0,8.0,No,No,808.998988751264,4,Under-Burdened,1,0,Low Volume,Low Strain
Nonprofit,Rural,Non-Teaching,Sepsis,23312.0,18.0,34.0,Yes,Yes,1295.110391605338,3,Normal,1,0,Low Volume,Medium Strain
Government,Urban,Non-Teaching,Sepsis,27460.0,23.0,76.0,No,No,1193.912524385859,4,Normal,2,0,Medium Volume,Medium Strain
Nonprofit,Urban,Non-Teaching,Sepsis,11497.0,69.0,6.0,No,No,166.62316425751243,2,Under-Burdened,0,11,Low Volume,Low Strain
Nonprofit,Urban,Teaching,Sepsis,112998.5,72.0,727.0,No,No,1569.4233931356398,5,Normal,0,0,High Volume,Medium Strain
Investor Owned,Urban,Teaching,Sepsis,87345.0,64.0,203.0,Yes,Yes,1364.7654117554043,7,Normal,0,0,High Volume,Medium Strain
Nonprofit,Urban,Non-Teaching,Sepsis,51767.0,26.0,473.0,No,Yes,1991.0376957547323,3,Overburdened,2,0,High Volume,High Strain
Nonprofit,Urban,Teaching,Sepsis,99973.0,59.0,293.0,No,No,1694.4573399224846,5,Normal,0,0,High Volume,High Strain
Nonprofit,Urban,Non-Teaching,Sepsis,30920.5,20.0,27.5,No,No,1546.0242269878865,6,Normal,2,0,Medium Volume,Medium Strain
Nonprofit,Urban,Non-Teaching,Sepsis,56462.0,31.0,41.0,No,No,1821.3542511760481,6,Overburdened,2,0,High Volume,High Strain
Nonprofit,Urban,Non-Teaching,Sepsis,45169.5,29.0,56.0,No,No,1557.56842842468,6,Normal,2,0,Medium Volume,Medium Strain
Nonprofit,Urban,Teaching,Sepsis,107243.0,53.0,413.0,No,No,2023.4524484051983,5,Overburdened,3,0,High Volume,High Strain
Nonprofit,Urban,Non-Teaching,Sepsis,42886.0,25.0,96.0,No,No,1715.4393138242744,3,Normal,2,0,Medium Volume,High Strain
Nonprofit,Urban,Teaching,Sepsis,112998.5,80.5,1260.0,Yes,No,1403.7079001605093,6,Normal,0,0,High Volume,Medium Strain
Nonprofit,Urban,Teaching,Sepsis,62646.0,24.0,64.0,No,Yes,2610.2489123962864,6,Overburdened,2,0,High Volume,High Strain
Nonprofit,Frontier,Non-Teaching,Sepsis,4339.5,4.0,28.0,Yes,Yes,1084.8722878192805,1,Normal,1,0,Low Volume,Low Strain
Nonprofit,Urban,Non-Teaching,Sepsis,14965.0,39.0,162.0,No,No,383.7178503287563,4,Under-Burdened,3,0,Low Volume,Low Strain
Nonprofit,Urban,Teaching,Sepsis,112998.5,80.5,1693.0,No,No,1403.7079001605093,6,Normal,0,0,High Volume,Medium Strain
Nonprofit,Urban,Non-Teaching,Sepsis,5637.5,7.0,10.0,No,Yes,805.3559923485824,2,Under-Burdened,1,0,Low Volume,Low Strain
Investor Owned,Urban,Teaching,Sepsis,82844.0,62.0,195.0,Yes,Yes,1336.1933328720431,6,Normal,0,0,High Volume,Medium Strain
Investor Owned,Urban,Non-Teaching,Sepsis,13380.0,22.0,8.0,No,No,608.1815417356629,5,Under-Burdened,4,0,Low Volume,Low Strain
Nonprofit,Urban,Non-Teaching,Sepsis,17158.0,17.0,31.0,No,No,1009.293523944986,4,Under-Burdened,2,0,Low Volume,Low Strain
Nonprofit,Urban,Teaching,Sepsis,43220.0,40.0,77.0,No,No,1080.4997298750675,6,Under-Burdened,3,0,Medium Volume,Low Strain
Nonprofit,Urban,Non-Teaching,Sepsis,63151.0,40.0,53.0,No,No,1578.7746053063486,5,Normal,3,0,High Volume,Medium Strain
Nonprofit,Urban,Teaching,Sepsis,73413.0,36.0,244.0,No,No,2039.249433541824,5,Overburdened,3,0,High Volume,High Strain
Nonprofit,Urban,Teaching,Sepsis,74166.0,30.0,210.0,No,No,2472.199175933608,6,Overburdened,2,0,High Volume,High Strain
Nonprofit,Urban,Non-Teaching,Sepsis,39333.0,24.0,31.0,No,Yes,1638.8743171357012,5,Normal,2,0,Medium Volume,High Strain
Nonprofit,Urban,Non-Teaching,Sepsis,53345.0,27.0,295.0,No,No,1975.740008985182,4,Overburdened,2,0,High Volume,High Strain
Nonprofit,Urban,Non-Teaching,Sepsis,59695.0,30.0,216.0,No,Yes,1989.8326700557766,4,Overburdened,2,0,High Volume,High Strain
Government,Urban,Teaching,Sepsis,71708.0,73.0,73.0,Yes,Yes,982.3012353012006,6,Under-Burdened,0,0,High Volume,Low Strain
Government,Urban,Non-Teaching,Sepsis,45896.0,35.0,13.0,No,No,1311.313911053168,4,Normal,3,0,Medium Volume,Medium Strain
Nonprofit,Urban,Non-Teaching,Sepsis,34054.5,18.0,87.0,No,No,1891.9156156024358,3,Overburdened,2,0,Medium Volume,High Strain
Nonprofit,Urban,Non-Teaching,Sepsis,23820.0,19.5,77.0,No,Yes,1221.5378351088025,3,Normal,2,0,Low Volume,Medium Strain
Nonprofit,Urban,Non-Teaching,Sepsis,32229.0,23.0,111.0,No,Yes,1401.260260321626,2,Normal,2,0,Medium Volume,Medium Strain
Government,Frontier,Non-Teaching,Sepsis,2837.0,2.0,6.0,Yes,Yes,1418.4929075354623,1,Normal,1,0,Low Volume,Medium Strain
Investor Owned,Urban,Non-Teaching,Sepsis,23943.0,20.0,13.0,Yes,No,1197.1494014252994,6,Normal,4,0,Low Volume,Medium Strain
Government,Urban,Teaching,Sepsis,32425.0,41.0,78.0,No,No,790.8534656454962,6,Under-Burdened,3,0,Medium Volume,Low Strain
Nonprofit,Rural,Non-Teaching,Sepsis,28244.0,16.0,328.0,Yes,Yes,1765.2488967194397,3,Overburdened,1,0,Medium Volume,High Strain
Government,Frontier,Non-Teaching,Sepsis,4834.0,4.0,17.0,Yes,Yes,1208.4969787575533,2,Normal,1,0,Low Volume,Medium Strain
Nonprofit,Urban,Non-Teaching,Sepsis,58831.0,56.0,193.0,No,No,1050.5533838297529,6,Under-Burdened,3,0,High Volume,Low Strain
Investor Owned,Urban,Non-Teaching,Sepsis,73328.0,64.0,149.0,Yes,Yes,1145.7498209765904,6,Normal,0,0,High Volume,Low Strain
Government,Urban,Teaching,Sepsis,68827.0,44.0,65.0,No,Yes,1564.249644488717,6,Normal,3,0,High Volume,Medium Strain
Nonprofit,Urban,Non-Teaching,Sepsis,51901.0,24.0,21.0,No,Yes,2162.540765608014,6,Overburdened,2,0,High Volume,High Strain
Government,Urban,Teaching,Sepsis,33076.0,52.0,16.0,No,No,636.0768007544614,7,Under-Burdened,3,0,Medium Volume,Low Strain
Nonprofit,Urban,Non-Teaching,Sepsis,28108.0,21.0,37.0,Yes,Yes,1338.4755531068795,5,Normal,1,0,Medium Volume,Medium Strain
Investor Owned,Urban,Non-Teaching,Sepsis,67670.0,62.0,160.0,Yes,Yes,1091.4514368626715,6,Normal,0,0,High Volume,Low Strain
Government,Urban,Non-Teaching,Stroke,13261.0,12.0,18.0,No,No,1105.082412431323,3,Normal,4,0,Low Volume,Low Strain
Nonprofit,Urban,Non-Teaching,Stroke,29420.666666666668,22.0,16.333333333333332,No,No,1337.302422438293,6,Normal,2,0,Medium Volume,Medium Strain
Nonprofit,Urban,Teaching,Stroke,30782.5,40.0,1.5,No,No,769.562307609423,4,Under-Burdened,3,0,Medium Volume,Low Strain
Government,Urban,Non-Teaching,Stroke,65082.0,59.0,52.5,No,No,1103.0845587992274,5,Normal,0,0,High Volume,Low Strain
Nonprofit,Urban,Non-Teaching,Stroke,29479.0,30.0,41.666666666666664,No,No,982.633005788998,6,Under-Burdened,2,0,Medium Volume,Low Strain
Government,Urban,Non-Teaching,Stroke,42180.666666666664,39.0,12.333333333333334,No,No,1081.5552782336893,6,Normal,3,0,Medium Volume,Low Strain
Nonprofit,Urban,Non-Teaching,Stroke,28620.0,17.0,54.0,No,No,1683.5284214538697,4,Normal,2,0,Medium Volume,High Strain
Nonprofit,Urban,Non-Teaching,Stroke,37801.333333333336,18.0,109.66666666666667,No,No,2100.0729073669036,3,Overburdened,2,0,Medium Volume,High Strain
Nonprofit,Urban,Non-Teaching,Stroke,31745.0,22.0,20.333333333333332,No,No,1442.9538895664139,3,Normal,2,0,Medium Volume,Medium Strain
Nonprofit,Urban,Non-Teaching,Stroke,110997.0,80.0,212.0,No,No,1387.4623265672092,6,Normal,0,0,High Volume,Medium Strain
Nonprofit,Urban,Non-Teaching,Stroke,66977.0,40.0,194.0,No,No,1674.4245813938546,5,Normal,3,0,High Volume,High Strain
Nonprofit,Rural,Non-Teaching,Stroke,24025.0,14.0,29.666666666666668,Yes,No,1716.070202806998,2,Normal,1,0,Low Volume,High Strain
Nonprofit,Rural,Non-Teaching,Stroke,9708.5,5.0,18.0,Yes,Yes,1941.696116607767,3,Overburdened,1,0,Low Volume,High Strain
Nonprofit,Rural,Non-Teaching,Stroke,8570.0,14.0,12.0,Yes,Yes,612.1424198982716,3,Under-Burdened,1,0,Low Volume,Low Strain
Nonprofit,Urban,Non-Teaching,Stroke,55911.0,49.0,49.333333333333336,No,Yes,1141.0405834611054,5,Normal,3,0,High Volume,Low Strain
Nonprofit,Rural,Non-Teaching,Stroke,10039.0,8.0,27.333333333333332,Yes,Yes,1254.8734314082108,1,Normal,1,0,Low Volume,Medium Strain
Nonprofit,Urban,Non-Teaching,Stroke,41025.0,30.0,26.333333333333332,No,No,1367.4995441668186,3,Normal,2,0,Medium Volume,Medium Strain
Nonprofit,Urban,Non-Teaching,Stroke,46164.333333333336,44.0,52.333333333333336,No,No,1049.1891554873132,7,Under-Burdened,3,0,Medium Volume,Low Strain
Nonprofit,Urban,Non-Teaching,Stroke,63404.333333333336,52.0,228.0,No,No,1219.3138680806665,5,Normal,3,0,High Volume,Medium Strain
Nonprofit,Urban,Non-Teaching,Stroke,50722.333333333336,32.0,79.66666666666667,No,No,1585.072421331535,5,Normal,2,0,High Volume,Medium Strain
Investor Owned,Urban,Non-Teaching,Stroke,16929.333333333332,12.0,29.0,No,No,1410.7766021306093,3,Normal,4,0,Low Volume,Medium Strain
Nonprofit,Urban,Non-Teaching,Stroke,63958.666666666664,36.0,176.33333333333334,No,No,1776.629136121536,4,Overburdened,3,0,High Volume,High Strain
Nonprofit,Rural,Non-Teaching,Stroke,16776.666666666668,12.0,25.0,Yes,Yes,1398.0543905102302,3,Normal,1,0,Low Volume,Medium Strain
Nonprofit,Rural,Non-Teaching,Stroke,55450.333333333336,59.0,42.333333333333336,Yes,Yes,939.8359988978533,6,Under-Burdened,0,1,High Volume,Low Strain
Investor Owned,Rural,Non-Teaching,Stroke,7588.5,9.0,6.5,Yes,Yes,843.1657298158558,3,Under-Burdened,1,0,Low Volume,Low Strain
Nonprofit,Urban,Teaching,Stroke,80788.66666666667,73.0,41.666666666666664,Yes,No,1106.693912325035,7,Normal,0,0,High Volume,Low Strain
Nonprofit,Rural,Non-Teaching,Stroke,35672.666666666664,10.0,16.666666666666668,Yes,Yes,3567.263099403567,1,Overburdened,1,2,Medium Volume,High Strain
Nonprofit,Urban,Non-Teaching,Stroke,57338.0,48.0,67.0,No,Yes,1194.5414178038711,6,Normal,3,0,High Volume,Medium Strain
Nonprofit,Urban,Non-Teaching,Stroke,47511.333333333336,21.0,151.66666666666666,No,Yes,2262.4433670904605,4,Overburdened,2,0,Medium Volume,High Strain
Investor Owned,Frontier,Non-Teaching,Stroke,5907.0,4.333333333333333,7.666666666666667,Yes,Yes,1363.1507004214607,1,Normal,1,0,Low Volume,Medium Strain
Investor Owned,Rural,Non-Teaching,Stroke,10314.0,8.0,37.666666666666664,Yes,Yes,1289.2483884395144,1,Normal,1,0,Low Volume,Medium Strain
Investor Owned,Rural,Non-Teaching,Stroke,28371.0,20.0,63.0,Yes,Yes,1418.5492907253547,3,Normal,1,0,Medium Volume,Medium Strain
Government,Rural,Non-Teaching,Stroke,39829.0,16.0,30.0,Yes,Yes,2489.31094418066,3,Overburdened,1,0,Medium Volume,High Strain
Government,Rural,Non-Teaching,Stroke,7991.666666666667,7.666666666666667,13.333333333333334,No,No,1042.3899447087679,1,Under-Burdened,4,0,Low Volume,Low Strain
Government,Frontier,Non-Teaching,Stroke,1610.0,2.0,4.5,Yes,No,804.9959750201249,1,Under-Burdened,1,0,Low Volume,Low Strain
Nonprofit,Urban,Non-Teaching,Stroke,28485.0,10.0,34.0,Yes,Yes,2848.4971515028487,4,Overburdened,1,0,Medium Volume,High Strain
Government,Frontier,Non-Teaching,Stroke,6546.333333333333,8.0,30.0,Yes,Yes,818.290643803362,3,Under-Burdened,1,0,Low Volume,Low Strain
Nonprofit,Urban,Non-Teaching,Stroke,64106.0,42.666666666666664,54.666666666666664,No,Yes,1502.484022855307,3,Normal,3,0,High Volume,Medium Strain
Nonprofit,Rural,Non-Teaching,Stroke,15535.666666666666,12.0,38.666666666666664,Yes,Yes,1294.6378100240472,2,Normal,1,0,Low Volume,Medium Strain
Nonprofit,Rural,Non-Teaching,Stroke,20035.333333333332,13.0,37.0,Yes,Yes,1541.1783016577167,1,Normal,1,0,Low Volume,Medium Strain
Nonprofit,Urban,Non-Teaching,Stroke,88985.33333333333,40.666666666666664,56.666666666666664,Yes,Yes,2188.163396353263,4,Overburdened,3,0,High Volume,High Strain
Nonprofit,Rural,Non-Teaching,Stroke,18720.666666666668,8.0,41.0,Yes,Yes,2340.080408232823,1,Overburdened,1,0,Low Volume,High Strain
Nonprofit,Rural,Non-Teaching,Stroke,18771.0,12.0,77.66666666666667,Yes,Yes,1564.2486964594198,1,Normal,1,0,Low Volume,Medium Strain
Nonprofit,Rural,Non-Teaching,Stroke,10002.666666666666,8.0,13.0,Yes,Yes,1250.3317704186202,1,Normal,1,0,Low Volume,Medium Strain
Investor Owned,Urban,Non-Teaching,Stroke,14433.0,8.0,8.5,No,No,1804.122744846569,3,Overburdened,4,0,Low Volume,High Strain
Government,Urban,Non-Teaching,Stroke,102466.66666666667,42.666666666666664,43.333333333333336,No,Yes,2401.561937133921,6,Overburdened,3,3,High Volume,High Strain
Nonprofit,Urban,Non-Teaching,Stroke,36011.0,26.0,26.0,No,No,1385.0379288315658,6,Normal,2,0,Medium Volume,Medium Strain
Investor Owned,Urban,Non-Teaching,Stroke,12317.0,17.0,15.333333333333334,No,No,724.528985571185,6,Under-Burdened,4,0,Low Volume,Low Strain
Nonprofit,Urban,Non-Teaching,Stroke,57101.0,35.0,35.0,No,No,1631.4566767266635,6,Normal,3,0,High Volume,High Strain
Investor Owned,Urban,Non-Teaching,Stroke,34882.0,50.5,63.5,Yes,No,690.7325364886066,6,Under-Burdened,3,0,Medium Volume,Low Strain
Nonprofit,Urban,Teaching,Stroke,65446.0,41.0,4.5,Yes,No,1596.2435131113382,6,Normal,3,0,High Volume,High Strain
Investor Owned,Urban,Non-Teaching,Stroke,29986.333333333332,14.0,17.0,No,Yes,2141.879422467079,2,Overburdened,4,0,Medium Volume,High Strain
Investor Owned,Urban,Non-Teaching,Stroke,3751.5,4.0,24.5,Yes,Yes,937.8726553183618,3,Under-Burdened,1,0,Low Volume,Low Strain
Investor Owned,Urban,Non-Teaching,Stroke,20267.0,12.0,13.666666666666666,No,No,1688.915259237284,5,Normal,4,0,Low Volume,High Strain
Investor Owned,Urban,Non-Teaching,Stroke,33361.5,14.0,52.0,No,No,2382.9625835981547,4,Overburdened,4,0,Medium Volume,High Strain
Nonprofit,Urban,Non-Teaching,Stroke,46487.666666666664,30.666666666666668,45.666666666666664,No,No,1515.9016795972782,4,Normal,2,0,Medium Volume,Medium Strain
Investor Owned,Urban,Non-Teaching,Stroke,9859.5,8.0,7.5,Yes,Yes,1232.4359594550508,3,Normal,1,0,Low Volume,Medium Strain
Investor Owned,Urban,Non-Teaching,Stroke,6710.333333333333,9.0,5.333333333333333,No,No,745.591764157299,3,Under-Burdened,4,0,Low Volume,Low Strain
Investor Owned,Urban,Non-Teaching,Stroke,16033.333333333334,21.0,14.0,No,No,763.4916999245874,5,Under-Burdened,4,0,Low Volume,Low Strain
Nonprofit,Urban,Non-Teaching,Stroke,39767.5,37.0,30.5,No,No,1074.7970068116197,7,Under-Burdened,3,0,Medium Volume,Low Strain
Investor Owned,Urban,Non-Teaching,Stroke,18635.5,9.0,12.5,Yes,No,2070.608810434655,3,Overburdened,4,0,Low Volume,High Strain
Nonprofit,Urban,Non-Teaching,Stroke,79359.66666666667,32.0,26.666666666666668,No,No,2479.9888083368305,6,Overburdened,2,0,High Volume,High Strain
Nonprofit,Urban,Non-Teaching,Stroke,68964.66666666667,30.0,41.333333333333336,Yes,No,2298.8214559484036,7,Overburdened,2,0,High Volume,High Strain
Nonprofit,Urban,Teaching,Stroke,53635.333333333336,57.0,56.0,Yes,No,940.9705951513575,6,Under-Burdened,0,0,High Volume,Low Strain
Nonprofit,Urban,Non-Teaching,Stroke,62426.5,49.5,176.0,Yes,No,1261.1411593654223,5,Normal,3,0,High Volume,Medium Strain
Nonprofit,Urban,Non-Teaching,Stroke,61938.666666666664,41.0,245.0,No,No,1510.6988185287432,5,Normal,3,0,High Volume,Medium Strain
Nonprofit,Urban,Non-Teaching,Stroke,79005.0,53.0,199.66666666666666,No,No,1490.6600961018685,5,Normal,3,0,High Volume,Medium Strain
Nonprofit,Urban,Non-Teaching,Stroke,40703.0,29.0,33.0,No,No,1403.5512401547448,6,Normal,2,0,Medium Volume,Medium Strain
Nonprofit,Urban,Non-Teaching,Stroke,32344.666666666668,18.0,19.666666666666668,No,No,1796.9249276342996,3,Overburdened,2,0,Medium Volume,High Strain
Investor Owned,Urban,Non-Teaching,Stroke,36378.0,15.0,30.0,No,No,2425.198383201078,5,Overburdened,4,0,Medium Volume,High Strain
Investor Owned,Urban,Non-Teaching,Stroke,29577.0,10.666666666666666,39.333333333333336,Yes,No,2772.841150461422,4,Overburdened,4,0,Medium Volume,High Strain
Nonprofit,Urban,Teaching,Stroke,72059.5,64.0,42.0,No,No,1125.9295115735138,6,Normal,0,0,High Volume,Low Strain
Nonprofit,Urban,Non-Teaching,Stroke,35037.666666666664,29.0,36.666666666666664,No,No,1208.19498567989,6,Normal,2,0,Medium Volume,Medium Strain
Investor Owned,Urban,Non-Teaching,Stroke,16074.666666666666,5.666666666666667,6.666666666666667,No,No,2836.700876410218,3,Overburdened,4,0,Low Volume,High Strain
Nonprofit,Urban,Teaching,Stroke,54946.0,55.5,62.5,No,No,990.0178396364253,7,Under-Burdened,3,0,High Volume,Low Strain
Nonprofit,Urban,Non-Teaching,Stroke,47234.0,37.0,92.0,No,No,1276.5942495691215,6,Normal,3,0,Medium Volume,Medium Strain
Investor Owned,Urban,Non-Teaching,Stroke,4946.5,4.0,5.5,No,No,1236.621908445229,2,Normal,4,0,Low Volume,Medium Strain
Investor Owned,Urban,Non-Teaching,Stroke,6297.5,7.0,19.0,No,No,899.6415719406116,3,Under-Burdened,4,0,Low Volume,Low Strain
Nonprofit,Urban,Non-Teaching,Stroke,77714.0,71.0,41.0,No,No,1094.5632261178555,6,Normal,0,0,High Volume,Low Strain
Nonprofit,Urban,Non-Teaching,Stroke,57211.0,61.0,31.333333333333332,No,No,937.8850921499849,7,Under-Burdened,0,0,High Volume,Low Strain
Investor Owned,Urban,Non-Teaching,Stroke,12230.666666666666,8.0,19.333333333333332,No,No,1528.8314222940555,3,Normal,4,0,Low Volume,Medium Strain
Nonprofit,Urban,Non-Teaching,Stroke,32363.666666666668,15.333333333333334,19.0,No,No,2110.672536517911,5,Overburdened,2,0,Medium Volume,High Strain
Government,Urban,Non-Teaching,Stroke,31796.5,21.0,13.0,No,No,1514.1183266103208,5,Normal,2,0,Medium Volume,Medium Strain
Nonprofit,Urban,Non-Teaching,Stroke,18475.333333333332,12.0,16.0,No,No,1539.609828102921,4,Normal,2,0,Low Volume,Medium Strain
Investor Owned,Urban,Non-Teaching,Stroke,46827.333333333336,41.333333333333336,41.333333333333336,Yes,Yes,1132.9190807453836,6,Normal,3,0,Medium Volume,Low Strain
Nonprofit,Urban,Non-Teaching,Stroke,23936.333333333332,27.0,24.666666666666668,No,No,886.530535852888,5,Under-Burdened,2,0,Low Volume,Low Strain
Nonprofit,Urban,Non-Teaching,Stroke,50359.333333333336,40.0,34.333333333333336,No,No,1258.9830185875787,6,Normal,3,0,High Volume,Medium Strain
Investor Owned,Urban,Non-Teaching,Stroke,9195.333333333334,8.0,9.333333333333334,No,No,1149.4152298976294,3,Normal,4,0,Low Volume,Low Strain
Nonprofit,Urban,Non-Teaching,Stroke,43418.0,32.0,31.333333333333332,No,No,1356.8120759962262,6,Normal,2,0,Medium Volume,Medium Strain
Nonprofit,Urban,Non-Teaching,Stroke,21073.5,13.0,25.5,No,No,1621.037214586758,4,Normal,2,0,Low Volume,High Strain
Investor Owned,Urban,Non-Teaching,Stroke,46270.0,30.0,30.333333333333332,No,No,1542.3328192223937,5,Normal,4,0,Medium Volume,Medium Strain
Nonprofit,Urban,Teaching,Stroke,49428.0,28.0,24.0,No,No,1765.285083826756,6,Overburdened,2,0,High Volume,High Strain
Investor Owned,Urban,Non-Teaching,Stroke,23054.5,13.0,11.0,No,No,1773.4217127525287,4,Overburdened,4,0,Low Volume,High Strain
Nonprofit,Urban,Non-Teaching,Stroke,52035.666666666664,30.0,70.33333333333333,No,No,1734.5216440483407,6,Normal,2,0,High Volume,High Strain
Government,Urban,Teaching,Stroke,73969.0,72.66666666666667,41.333333333333336,Yes,No,1017.9218782676313,6,Under-Burdened,0,0,High Volume,Low Strain
Government,Urban,Teaching,Stroke,105955.5,80.5,81.0,No,No,1316.2172277991021,7,Normal,0,0,High Volume,Medium Strain
Nonprofit,Urban,Teaching,Stroke,99493.0,29.0,61.0,Yes,Yes,3430.791920416579,3,Overburdened,2,4,High Volume,High Strain
Government,Urban,Teaching,Stroke,50463.666666666664,50.666666666666664,18.333333333333332,No,No,995.9932244750214,6,Under-Burdened,3,0,High Volume,Low Strain
Nonprofit,Urban,Non-Teaching,Stroke,40780.666666666664,37.333333333333336,146.33333333333334,No,No,1092.3389931234838,5,Normal,3,0,Medium Volume,Low Strain
Nonprofit,Urban,Non-Teaching,Stroke,67262.0,33.0,257.0,Yes,No,2038.2418065933919,5,Overburdened,2,0,High Volume,High Strain
Nonprofit,Urban,Non-Teaching,Stroke,92182.33333333333,80.0,167.66666666666666,No,No,1152.2790226317886,6,Normal,0,0,High Volume,Low Strain
Investor Owned,Urban,Non-Teaching,Stroke,64397.333333333336,35.0,48.666666666666664,Yes,Yes,1839.9232838314426,4,Overburdened,3,0,High Volume,High Strain
Nonprofit,Rural,Non-Teaching,Stroke,77745.33333333333,38.0,3.0,Yes,Yes,2045.9292861589595,6,Overburdened,3,1,High Volume,High Strain
Nonprofit,Urban,Non-Teaching,Stroke,27449.0,19.0,92.33333333333333,No,No,1444.683450166605,3,Normal,2,0,Medium Volume,Medium Strain
Nonprofit,Urban,Non-Teaching,Stroke,29936.333333333332,31.0,49.0,No,No,965.6878605307977,6,Under-Burdened,2,0,Medium Volume,Low Strain
Nonprofit,Urban,Non-Teaching,Stroke,14621.0,9.0,11.666666666666666,No,No,1624.553750495833,1,Normal,2,0,Low Volume,High Strain
Government,Rural,Non-Teaching,Stroke,6284.0,3.6666666666666665,9.666666666666666,Yes,Yes,1713.8135077813424,1,Normal,1,0,Low Volume,High Strain
Nonprofit,Rural,Non-Teaching,Stroke,9094.0,6.0,22.0,Yes,Yes,1515.6641405597659,1,Normal,1,0,Low Volume,Medium Strain
Nonprofit,Rural,Non-Teaching,Stroke,28163.666666666668,19.0,34.0,Yes,Yes,1482.2974654574743,2,Normal,1,0,Medium Volume,Medium Strain
Nonprofit,Rural,Non-Teaching,Stroke,13366.0,9.0,23.0,Yes,Yes,1485.1094609894878,1,Normal,1,0,Low Volume,Medium Strain
Nonprofit,Rural,Non-Teaching,Stroke,25567.333333333332,10.0,47.0,Yes,Yes,2556.7307766025565,1,Overburdened,1,0,Medium Volume,High Strain
Nonprofit,Urban,Non-Teaching,Stroke,57461.0,26.0,102.66666666666667,Yes,Yes,2210.0376115239956,4,Overburdened,2,0,High Volume,High Strain
Government,Frontier,Non-Teaching,Stroke,511.0,1.0,1.0,Yes,Yes,510.99489005109945,1,Under-Burdened,1,0,Low Volume,Low Strain
Nonprofit,Urban,Non-Teaching,Stroke,41278.666666666664,30.666666666666668,34.0,No,No,1346.0430393337915,5,Normal,2,0,Medium Volume,Medium Strain
Nonprofit,Rural,Non-Teaching,Stroke,14553.0,6.0,8.333333333333334,No,Yes,2425.495957506738,2,Overburdened,1,0,Low Volume,High Strain
Government,Urban,Non-Teaching,Stroke,50028.333333333336,16.0,22.0,Yes,Yes,3126.768879102784,5,Overburdened,1,0,High Volume,High Strain
Government,Urban,Non-Teaching,Stroke,51527.5,19.0,21.5,Yes,Yes,2711.972256856707,4,Overburdened,1,0,High Volume,High Strain
Investor Owned,Urban,Non-Teaching,Stroke,24487.0,18.0,40.333333333333336,No,No,1360.3881331177038,4,Normal,4,0,Low Volume,Medium Strain
Nonprofit,Rural,Non-Teaching,Stroke,6034.5,8.0,7.5,No,No,754.3115571105536,3,Under-Burdened,1,0,Low Volume,Low Strain
Government,Rural,Non-Teaching,Stroke,12749.5,15.0,20.5,Yes,Yes,849.9661000226,2,Under-Burdened,1,0,Low Volume,Low Strain
Nonprofit,Urban,Non-Teaching,Stroke,100831.0,35.0,1.0,No,No,2880.884891175745,6,Overburdened,3,0,High Volume,High Strain
Nonprofit,Urban,Non-Teaching,Stroke,27767.5,26.0,24.5,No,No,1067.9803584690928,5,Under-Burdened,2,0,Medium Volume,Low Strain
Investor Owned,Urban,Teaching,Stroke,23505.0,30.0,26.0,No,Yes,783.4997388334205,5,Under-Burdened,4,0,Low Volume,Low Strain
Investor Owned,Urban,Non-Teaching,Stroke,5063.0,8.0,2.0,No,No,632.8742089072389,3,Under-Burdened,4,0,Low Volume,Low Strain
Investor Owned,Urban,Non-Teaching,Stroke,12153.0,11.0,2.0,No,Yes,1104.8171774389295,4,Normal,4,0,Low Volume,Low Strain
Nonprofit,Urban,Non-Teaching,Stroke,100965.66666666667,80.5,47.333333333333336,No,No,1254.2317282527874,6,Normal,0,0,High Volume,Medium Strain
Investor Owned,Urban,Non-Teaching,Stroke,11960.0,12.0,15.666666666666666,No,No,996.6658361118033,3,Under-Burdened,4,0,Low Volume,Low Strain
Investor Owned,Urban,Non-Teaching,Stroke,11887.333333333334,11.0,13.333333333333334,No,No,1080.6656842433174,3,Normal,4,0,Low Volume,Low Strain
Investor Owned,Urban,Non-Teaching,Stroke,25199.5,23.0,60.5,No,No,1095.6299584217572,4,Normal,4,0,Low Volume,Low Strain
Investor Owned,Urban,Non-Teaching,Stroke,11411.0,10.0,3.0,Yes,No,1141.098858901141,4,Normal,4,0,Low Volume,Low Strain
Nonprofit,Urban,Non-Teaching,Stroke,34495.5,44.5,37.5,No,No,775.1796010832356,6,Under-Burdened,3,0,Medium Volume,Low Strain
Government,Urban,Teaching,Stroke,42020.0,50.666666666666664,75.66666666666667,Yes,No,829.3419415772483,6,Under-Burdened,3,0,Medium Volume,Low Strain
Investor Owned,Urban,Non-Teaching,Stroke,19240.0,12.0,25.666666666666668,Yes,No,1603.3319972233357,4,Normal,4,0,Low Volume,High Strain
Nonprofit,Urban,Non-Teaching,Stroke,27262.5,31.0,41.5,No,No,879.4352001821935,5,Under-Burdened,2,0,Medium Volume,Low Strain
Nonprofit,Urban,Non-Teaching,Stroke,14340.0,20.0,8.666666666666666,No,No,716.9996415001792,4,Under-Burdened,2,0,Low Volume,Low Strain
Nonprofit,Urban,Non-Teaching,Stroke,53749.666666666664,36.0,71.33333333333333,No,No,1493.045881561329,6,Normal,3,0,High Volume,Medium Strain
Investor Owned,Urban,Non-Teaching,Stroke,4135.333333333333,8.0,7.0,No,No,516.916020521641,4,Under-Burdened,4,0,Low Volume,Low Strain
Investor Owned,Urban,Non-Teaching,Stroke,24221.0,24.0,42.0,Yes,No,1009.2079128300363,5,Under-Burdened,4,0,Low Volume,Low Strain
Investor Owned,Urban,Non-Teaching,Stroke,17550.0,17.5,9.5,No,No,1002.8565697962458,5,Under-Burdened,4,0,Low Volume,Low Strain
Nonprofit,Urban,Non-Teaching,Stroke,109291.5,72.0,246.0,No,No,1517.9372891753765,5,Normal,0,0,High Volume,Medium Strain
Nonprofit,Urban,Non-Teaching,Stroke,26386.333333333332,14.0,49.0,No,Yes,1884.7367489975602,2,Overburdened,2,0,Medium Volume,High Strain
Nonprofit,Urban,Non-Teaching,Stroke,69937.5,69.0,27.5,No,No,1013.5868096251,6,Under-Burdened,0,0,High Volume,Low Strain
Nonprofit,Urban,Non-Teaching,Stroke,112998.5,62.0,301.6666666666667,No,No,1822.5561576522325,6,Overburdened,0,0,High Volume,High Strain
Government,Frontier,Non-Teaching,Stroke,3495.0,3.0,9.666666666666666,Yes,Yes,1164.996116679611,1,Normal,1,0,Low Volume,Medium Strain
Government,Frontier,Non-Teaching,Stroke,2546.6666666666665,2.0,4.333333333333333,Yes,Yes,1273.3269666984997,1,Normal,1,0,Low Volume,Medium Strain
Investor Owned,Urban,Non-Teaching,Stroke,44698.666666666664,30.0,55.0,No,Yes,1489.9550589038693,4,Normal,4,0,Medium Volume,Medium Strain
Investor Owned,Urban,Non-Teaching,Stroke,54417.5,28.0,38.5,No,Yes,1943.4814487566255,6,Overburdened,4,0,High Volume,High Strain
Investor Owned,Urban,Non-Teaching,Stroke,39938.5,29.0,40.0,Yes,Yes,1377.189180279593,6,Normal,4,0,Medium Volume,Medium Strain
Investor Owned,Urban,Non-Teaching,Stroke,45627.5,12.0,72.5,No,Yes,3802.2884980929184,3,Overburdened,4,5,Medium Volume,High Strain
Government,Rural,Non-Teaching,Stroke,7767.0,7.0,15.5,Yes,Yes,1109.5698434716523,1,Normal,1,0,Low Volume,Low Strain
Investor Owned,Urban,Non-Teaching,Stroke,45660.666666666664,41.0,40.333333333333336,No,Yes,1113.6745251200343,4,Normal,3,0,Medium Volume,Low Strain
Government,Urban,Non-Teaching,Stroke,37046.333333333336,28.0,41.666666666666664,No,Yes,1323.0828608037402,2,Normal,2,0,Medium Volume,Medium Strain
Investor Owned,Urban,Non-Teaching,Stroke,15067.333333333334,12.0,19.0,Yes,No,1255.6100647693906,2,Normal,4,0,Low Volume,Medium Strain
Nonprofit,Urban,Non-Teaching,Stroke,54291.666666666664,41.0,169.33333333333334,No,Yes,1324.1866688975604,5,Normal,3,0,High Volume,Medium Strain
Nonprofit,Urban,Non-Teaching,Stroke,47474.5,26.0,102.0,No,Yes,1825.9416054070748,2,Overburdened,2,0,Medium Volume,High Strain
Investor Owned,Urban,Non-Teaching,Stroke,90694.33333333333,53.0,97.66666666666667,No,Yes,1711.213513607513,3,Normal,3,6,High Volume,High Strain
Investor Owned,Urban,Non-Teaching,Stroke,35054.666666666664,21.0,9.666666666666666,No,No,1669.2690463798192,3,Normal,4,0,Medium Volume,High Strain
Nonprofit,Urban,Non-Teaching,Stroke,47299.5,58.5,60.0,No,Yes,808.5383233267823,3,Under-Burdened,0,0,Medium Volume,Low Strain
Nonprofit,Urban,Non-Teaching,Stroke,95381.5,59.0,137.0,No,No,1616.6353192143526,5,Normal,0,0,High Volume,High Strain
Government,Urban,Teaching,Stroke,63503.666666666664,70.0,50.333333333333336,No,No,907.1951084959368,7,Under-Burdened,0,0,High Volume,Low Strain
Nonprofit,Urban,Non-Teaching,Stroke,84523.33333333333,51.333333333333336,37.666666666666664,No,No,1646.5581208003657,7,Normal,3,0,High Volume,High Strain
Nonprofit,Urban,Non-Teaching,Stroke,106119.0,53.0,293.5,No,No,2002.2449052368102,5,Overburdened,3,0,High Volume,High Strain
Government,Rural,Non-Teaching,Stroke,21385.333333333332,18.0,33.0,Yes,No,1188.0734140332884,2,Normal,1,0,Low Volume,Medium Strain
Government,Rural,Non-Teaching,Stroke,11297.666666666666,7.0,20.666666666666668,Yes,Yes,1613.9500753094162,1,Normal,1,0,Low Volume,High Strain
Investor Owned,Urban,Non-Teaching,Stroke,33224.0,15.0,24.666666666666668,No,No,2214.9318567120954,3,Overburdened,4,0,Medium Volume,High Strain
Investor Owned,Urban,Non-Teaching,Stroke,22289.0,12.0,19.333333333333332,No,Yes,1857.4151188207343,3,Overburdened,4,0,Low Volume,High Strain
Nonprofit,Urban,Non-Teaching,Stroke,112998.5,80.5,424.0,Yes,No,1403.7079001605093,6,Normal,0,0,High Volume,Medium Strain
Nonprofit,Urban,Teaching,Stroke,40403.0,40.0,53.0,No,No,1010.074747481313,6,Under-Burdened,3,0,Medium Volume,Low Strain
Government,Rural,Non-Teaching,Stroke,8291.666666666666,6.0,16.333333333333332,Yes,Yes,1381.9421412075424,1,Normal,1,0,Low Volume,Medium Strain
Nonprofit,Urban,Non-Teaching,Stroke,75626.66666666667,52.0,133.33333333333334,No,Yes,1454.35869467461,6,Normal,3,0,High Volume,Medium Strain
Nonprofit,Urban,Non-Teaching,Stroke,53317.333333333336,18.0,20.666666666666668,No,Yes,2962.0724284782805,6,Overburdened,2,0,High Volume,High Strain
Nonprofit,Urban,Non-Teaching,Stroke,62192.333333333336,43.0,189.66666666666666,No,Yes,1446.3329969768224,5,Normal,3,0,High Volume,Medium Strain
Investor Owned,Urban,Non-Teaching,Stroke,30790.0,16.0,7.0,Yes,Yes,1924.3737972663766,3,Overburdened,4,0,Medium Volume,High Strain
Investor Owned,Rural,Non-Teaching,Stroke,22806.333333333332,15.333333333333334,44.0,Yes,Yes,1487.3685951943944,4,Normal,1,0,Low Volume,Medium Strain
Investor Owned,Urban,Non-Teaching,Stroke,35471.0,20.333333333333332,45.333333333333336,Yes,Yes,1744.4745518977616,3,Normal,4,0,Medium Volume,High Strain
Government,Urban,Teaching,Stroke,57942.0,47.0,20.0,Yes,No,1232.8082483386704,6,Normal,3,0,High Volume,Medium Strain
Investor Owned,Rural,Non-Teaching,Stroke,25407.666666666668,16.0,47.333333333333336,Yes,Yes,1587.9781741803079,1,Normal,1,0,Medium Volume,High Strain
Nonprofit,Urban,Non-Teaching,Stroke,23200.666666666668,15.0,23.666666666666668,No,Yes,1546.710079971058,2,Normal,2,0,Low Volume,Medium Strain
Nonprofit,Urban,Non-Teaching,Stroke,79146.5,63.0,79.5,No,No,1256.2934513819919,7,Normal,0,0,High Volume,Medium Strain
Nonprofit,Urban,Non-Teaching,Stroke,86469.0,80.5,84.0,No,Yes,1074.148934888331,7,Under-Burdened,0,0,High Volume,Low Strain
Nonprofit,Urban,Non-Teaching,Stroke,112241.5,80.5,378.5,No,No,1394.3041746205993,6,Normal,0,0,High Volume,Medium Strain
Nonprofit,Urban,Teaching,Stroke,96961.66666666667,77.33333333333333,69.66666666666667,No,No,1253.8144930412295,6,Normal,0,0,High Volume,Medium Strain
Investor Owned,Urban,Non-Teaching,Stroke,17293.0,20.0,52.0,Yes,Yes,864.6495676752162,5,Under-Burdened,4,0,Low Volume,Low Strain
Nonprofit,Urban,Non-Teaching,Stroke,37200.666666666664,47.0,20.666666666666668,No,No,791.5033776943167,6,Under-Burdened,3,0,Medium Volume,Low Strain
Government,Urban,Non-Teaching,Stroke,39953.666666666664,40.0,29.0,No,No,998.8414169563123,6,Under-Burdened,3,0,Medium Volume,Low Strain
Government,Urban,Teaching,Stroke,60332.5,80.5,117.0,No,No,749.4719565873346,6,Under-Burdened,0,0,High Volume,Low Strain
Nonprofit,Urban,Non-Teaching,Stroke,63761.0,48.0,53.666666666666664,No,No,1328.3538899262728,6,Normal,3,0,High Volume,Medium Strain
Government,Urban,Non-Teaching,Stroke,26922.5,8.0,91.5,No,No,3365.3082933646333,5,Overburdened,4,7,Medium Volume,High Strain
Nonprofit,Urban,Non-Teaching,Stroke,44178.666666666664,38.0,132.33333333333334,No,No,1162.5961852817054,4,Normal,3,0,Medium Volume,Low Strain
Government,Urban,Non-Teaching,Stroke,77978.0,72.0,143.0,No,Yes,1083.027627357274,5,Normal,0,0,High Volume,Low Strain
Nonprofit,Urban,Teaching,Stroke,31841.333333333332,28.666666666666668,72.0,No,No,1110.7437985777447,5,Normal,2,0,Medium Volume,Low Strain
Nonprofit,Urban,Non-Teaching,Stroke,10480.666666666666,12.0,8.666666666666666,No,No,873.3881610654213,5,Under-Burdened,2,0,Low Volume,Low Strain
Government,Urban,Teaching,Stroke,43609.0,59.0,17.0,No,No,739.135467943141,6,Under-Burdened,0,0,Medium Volume,Low Strain
Nonprofit,Urban,Non-Teaching,Stroke,20186.666666666668,19.0,5.666666666666667,No,No,1062.4555811637292,5,Under-Burdened,2,0,Low Volume,Low Strain
Nonprofit,Urban,Teaching,Stroke,11045.666666666666,12.0,14.666666666666666,No,No,920.4714551626762,5,Under-Burdened,2,0,Low Volume,Low Strain
Nonprofit,Urban,Non-Teaching,Stroke,26493.666666666668,35.0,52.666666666666664,No,Yes,756.9616884871366,5,Under-Burdened,3,0,Medium Volume,Low Strain
Nonprofit,Urban,Non-Teaching,Stroke,17995.0,16.0,12.0,No,No,1124.686797070752,3,Normal,2,0,Low Volume,Low Strain
Nonprofit,Urban,Non-Teaching,Stroke,49033.666666666664,28.0,59.333333333333336,No,Yes,1751.2017555231826,4,Overburdened,2,0,High Volume,High Strain
Government,Urban,Non-Teaching,Stroke,41087.333333333336,25.333333333333332,28.333333333333332,Yes,Yes,1621.8677808416658,4,Normal,2,0,Medium Volume,High Strain
Nonprofit,Urban,Non-Teaching,Stroke,29388.666666666668,14.0,32.333333333333336,No,Yes,2099.1889767697785,2,Overburdened,2,0,Medium Volume,High Strain
Investor Owned,Urban,Non-Teaching,Stroke,25987.0,11.0,27.0,No,Yes,2362.4523977705476,2,Overburdened,4,0,Medium Volume,High Strain
Nonprofit,Urban,Non-Teaching,Stroke,103851.33333333333,46.666666666666664,216.0,No,Yes,2225.385237417449,2,Overburdened,3,8,High Volume,High Strain
Nonprofit,Rural,Non-Teaching,Stroke,25632.666666666668,18.0,28.0,No,Yes,1424.0362459057894,2,Normal,1,0,Medium Volume,Medium Strain
Nonprofit,Rural,Non-Teaching,Stroke,20801.333333333332,22.0,22.666666666666668,No,Yes,945.5147217357325,2,Under-Burdened,1,0,Low Volume,Low Strain
Investor Owned,Rural,Non-Teaching,Stroke,19784.666666666668,11.0,26.333333333333332,No,Yes,1798.6044255111285,4,Overburdened,1,0,Low Volume,High Strain
Investor Owned,Urban,Non-Teaching,Stroke,27192.666666666668,23.0,44.666666666666664,No,No,1182.2893410336198,3,Normal,4,0,Medium Volume,Medium Strain
Government,Urban,Non-Teaching,Stroke,33189.666666666664,15.0,7.333333333333333,No,No,2212.6429693491314,4,Overburdened,4,0,Medium Volume,High Strain
Nonprofit,Urban,Non-Teaching,Stroke,39927.666666666664,19.0,77.66666666666667,No,No,2101.4550343219116,3,Overburdened,2,0,Medium Volume,High Strain
Investor Owned,Urban,Non-Teaching,Stroke,13136.0,22.0,18.0,No,No,597.0906376860738,6,Under-Burdened,4,0,Low Volume,Low Strain
Investor Owned,Rural,Non-Teaching,Stroke,1620.0,7.0,1.0,No,No,231.42824081679885,3,Under-Burdened,4,9,Low Volume,Low Strain
Nonprofit,Urban,Non-Teaching,Stroke,41904.5,26.0,32.5,No,No,1611.7109185727236,5,Normal,2,0,Medium Volume,High Strain
Nonprofit,Urban,Non-Teaching,Stroke,14532.0,17.0,11.5,No,No,854.8230265746903,5,Under-Burdened,2,0,Low Volume,Low Strain
Nonprofit,Urban,Non-Teaching,Stroke,32738.0,24.0,52.0,No,No,1364.0827649655146,4,Normal,2,0,Medium Volume,Medium Strain
Nonprofit,Urban,Non-Teaching,Stroke,22042.666666666668,22.0,17.333333333333332,No,Yes,1001.9389385126037,1,Under-Burdened,2,0,Low Volume,Low Strain
Government,Rural,Non-Teaching,Stroke,18819.5,10.0,31.5,No,Yes,1881.948118051882,2,Overburdened,1,0,Low Volume,High Strain
Nonprofit,Urban,Non-Teaching,Stroke,48621.0,41.0,52.0,Yes,Yes,1185.8777595420097,5,Normal,3,0,Medium Volume,Medium Strain
Nonprofit,Urban,Non-Teaching,Stroke,35892.0,40.5,67.0,No,No,886.2220034019743,6,Under-Burdened,3,0,Medium Volume,Low Strain
Nonprofit,Rural,Non-Teaching,Stroke,9330.0,8.0,41.333333333333336,No,Yes,1166.2485421893223,1,Normal,1,0,Low Volume,Medium Strain
Nonprofit,Urban,Non-Teaching,Stroke,52909.5,40.0,40.0,No,No,1322.7371693157077,6,Normal,3,0,High Volume,Medium Strain
Investor Owned,Urban,Non-Teaching,Stroke,47574.333333333336,35.0,53.0,No,No,1359.266278304873,6,Normal,3,0,Medium Volume,Medium Strain
Government,Urban,Non-Teaching,Stroke,49958.666666666664,25.0,16.666666666666668,No,No,1998.3458673283196,6,Overburdened,2,0,High Volume,High Strain
Nonprofit,Urban,Teaching,Stroke,73416.5,80.5,35.5,No,No,912.0060978874412,5,Under-Burdened,0,0,High Volume,Low Strain
Nonprofit,Urban,Non-Teaching,Stroke,65069.0,36.0,125.5,No,No,1807.4717201467442,5,Overburdened,3,0,High Volume,High Strain
Government,Rural,Non-Teaching,Stroke,33380.333333333336,8.0,33.666666666666664,No,No,4172.536450996104,2,Overburdened,4,10,Medium Volume,High Strain
Nonprofit,Urban,Non-Teaching,Stroke,67463.5,30.0,178.0,No,No,2248.7825837391388,6,Overburdened,2,0,High Volume,High Strain
Nonprofit,Urban,Non-Teaching,Stroke,28103.666666666668,13.333333333333334,33.666666666666664,Yes,No,2107.7734191699356,3,Overburdened,2,0,Medium Volume,High Strain
Government,Frontier,Non-Teaching,Stroke,3986.3333333333335,6.0,8.0,Yes,Yes,664.3877815759197,3,Under-Burdened,1,0,Low Volume,Low Strain
Investor Owned,Urban,Non-Teaching,Stroke,24901.0,28.0,23.666666666666668,No,Yes,889.3211109567461,5,Under-Burdened,4,0,Low Volume,Low Strain
Nonprofit,Urban,Non-Teaching,Stroke,42502.0,26.0,75.0,No,Yes,1634.691678964739,5,Normal,2,0,Medium Volume,High Strain
Nonprofit,Rural,Non-Teaching,Stroke,9721.666666666666,11.0,20.0,Yes,Yes,883.7870753450829,1,Under-Burdened,1,0,Low Volume,Low Strain
Nonprofit,Rural,Non-Teaching,Stroke,9916.0,7.0,25.0,Yes,Yes,1416.5694049008503,1,Normal,1,0,Low Volume,Medium Strain
Nonprofit,Urban,Non-Teaching,Stroke,57303.333333333336,51.0,207.66666666666666,No,No,1123.594550929173,5,Normal,3,0,High Volume,Low Strain
Nonprofit,Urban,Non-Teaching,Stroke,24714.666666666668,13.0,35.666666666666664,No,No,1901.1267427230187,3,Overburdened,2,0,Low Volume,High Strain
Nonprofit,Urban,Non-Teaching,Stroke,57780.0,45.0,141.33333333333334,No,No,1283.99971466673,4,Normal,3,0,High Volume,Medium Strain
Nonprofit,Urban,Non-Teaching,Stroke,48864.0,27.0,131.5,No,No,1809.7771074899601,3,Overburdened,2,0,Medium Volume,High Strain
Investor Owned,Rural,Non-Teaching,Stroke,8867.0,9.0,9.0,No,No,985.2211275320806,1,Under-Burdened,4,0,Low Volume,Low Strain
Investor Owned,Urban,Non-Teaching,Stroke,17207.5,15.0,37.5,No,No,1147.1659018893988,2,Normal,4,0,Low Volume,Low Strain
Investor Owned,Urban,Non-Teaching,Stroke,35628.0,29.5,52.0,No,Yes,1207.728404159863,5,Normal,4,0,Medium Volume,Medium Strain
Government,Urban,Non-Teaching,Stroke,8424.666666666666,8.333333333333334,21.333333333333332,Yes,No,1010.9587868494557,2,Under-Burdened,4,0,Low Volume,Low Strain
Nonprofit,Urban,Teaching,Stroke,53276.0,30.0,147.0,No,Yes,1775.8660747113086,4,Overburdened,2,0,High Volume,High Strain
Nonprofit,Urban,Non-Teaching,Stroke,31739.5,34.0,52.0,No,Yes,933.5144313192848,3,Under-Burdened,3,0,Medium Volume,Low Strain
Investor Owned,Urban,Non-Teaching,Stroke,77669.33333333333,33.0,66.66666666666667,No,No,2353.6154483993587,6,Overburdened,2,0,High Volume,High Strain
Investor Owned,Urban,Non-Teaching,Stroke,51875.333333333336,32.0,46.333333333333336,No,No,1621.1036600717728,5,Normal,4,0,High Volume,High Strain
Nonprofit,Urban,Non-Teaching,Stroke,72098.66666666667,40.0,55.0,No,No,1802.4662160501127,6,Overburdened,3,0,High Volume,High Strain
Government,Rural,Non-Teaching,Stroke,18690.333333333332,12.0,13.333333333333334,Yes,No,1557.5264798390444,1,Normal,1,0,Low Volume,Medium Strain
Nonprofit,Rural,Non-Teaching,Stroke,28291.666666666668,14.0,64.0,Yes,Yes,2020.8318898819837,2,Overburdened,1,0,Medium Volume,High Strain
Government,Urban,Non-Teaching,Stroke,59761.5,80.5,48.0,Yes,Yes,742.3787897666099,6,Under-Burdened,0,0,High Volume,Low Strain
Government,Rural,Non-Teaching,Stroke,33321.0,24.0,31.0,Yes,Yes,1388.3744215106578,4,Normal,1,0,Medium Volume,Medium Strain
Nonprofit,Rural,Non-Teaching,Stroke,28867.333333333332,15.0,18.333333333333332,Yes,Yes,1924.4876058971515,3,Overburdened,1,0,Medium Volume,High Strain
Nonprofit,Rural,Non-Teaching,Stroke,30663.666666666668,18.0,65.66666666666667,Yes,Yes,1703.536090628098,2,Normal,1,0,Medium Volume,High Strain
Government,Urban,Non-Teaching,Stroke,40721.5,38.5,18.5,No,No,1057.70102397376,5,Under-Burdened,3,0,Medium Volume,Low Strain
Investor Owned,Urban,Non-Teaching,Stroke,40176.0,28.0,47.0,No,No,1434.8566304083463,6,Normal,4,0,Medium Volume,Medium Strain
Nonprofit,Rural,Non-Teaching,Stroke,7952.0,6.0,14.666666666666666,No,No,1325.331124448126,1,Normal,1,0,Low Volume,Medium Strain
Nonprofit,Urban,Non-Teaching,Stroke,22600.333333333332,14.0,36.333333333333336,No,No,1614.3083707321161,3,Normal,2,0,Low Volume,High Strain
Nonprofit,Urban,Non-Teaching,Stroke,45771.666666666664,31.0,37.666666666666664,No,Yes,1476.5049000521826,5,Normal,2,0,Medium Volume,Medium Strain
Nonprofit,Urban,Non-Teaching,Stroke,26971.5,11.0,39.0,No,Yes,2451.952316406985,1,Overburdened,2,0,Medium Volume,High Strain
Nonprofit,Rural,Non-Teaching,Stroke,59699.0,44.0,68.0,Yes,Yes,1356.7951461829211,5,Normal,3,1,High Volume,Medium Strain
Government,Urban,Non-Teaching,Stroke,69248.0,54.0,83.0,No,No,1282.3701328944198,4,Normal,3,0,High Volume,Medium Strain
Nonprofit,Urban,Teaching,Stroke,112998.5,80.0,198.0,No,No,1412.4810734398657,6,Normal,0,0,High Volume,Medium Strain
Nonprofit,Rural,Non-Teaching,Stroke,9934.0,5.0,16.0,Yes,Yes,1986.7960264079472,1,Overburdened,1,0,Low Volume,High Strain
Nonprofit,Rural,Non-Teaching,Stroke,15236.0,11.0,22.5,Yes,Yes,1385.0896499185,1,Normal,1,0,Low Volume,Medium Strain
Nonprofit,Rural,Non-Teaching,Stroke,26490.0,24.0,43.5,No,No,1103.7495401043584,3,Normal,2,0,Medium Volume,Low Strain
Investor Owned,Rural,Non-Teaching,Stroke,9268.0,9.0,7.0,Yes,Yes,1029.7766335815184,2,Under-Burdened,1,0,Low Volume,Low Strain
Nonprofit,Urban,Teaching,Stroke,63937.0,48.0,84.0,No,Yes,1332.0205558290509,6,Normal,3,0,High Volume,Medium Strain
Investor Owned,Rural,Non-Teaching,Stroke,11554.0,12.0,26.0,Yes,Yes,962.8325309728909,2,Under-Burdened,1,0,Low Volume,Low Strain
Government,Rural,Non-Teaching,Stroke,30623.0,20.0,58.0,Yes,Yes,1531.149234425383,4,Normal,1,0,Medium Volume,Medium Strain
Nonprofit,Urban,Non-Teaching,Stroke,74433.0,36.0,38.5,No,Yes,2067.582759004789,6,Overburdened,3,0,High Volume,High Strain
Government,Urban,Teaching,Stroke,45491.0,30.0,24.5,No,Yes,1516.3661612112796,5,Normal,2,0,Medium Volume,Medium Strain
Nonprofit,Urban,Non-Teaching,Stroke,53560.0,40.0,127.0,No,Yes,1338.9996652500836,5,Normal,3,0,High Volume,Medium Strain
Nonprofit,Frontier,Non-Teaching,Stroke,2364.0,2.0,1.0,Yes,Yes,1181.9940900295499,1,Normal,1,0,Low Volume,Medium Strain
Nonprofit,Urban,Teaching,Stroke,41196.0,26.0,25.0,No,No,1584.4609290534888,6,Normal,2,0,Medium Volume,Medium Strain
Nonprofit,Urban,Non-Teaching,Stroke,72057.0,46.0,7.0,Yes,No,1566.456181205178,6,Normal,3,0,High Volume,Medium Strain
Government,Urban,Non-Teaching,Stroke,33564.0,14.0,53.0,No,No,2397.4268589808153,4,Overburdened,4,0,Medium Volume,High Strain
Nonprofit,Urban,Non-Teaching,Stroke,31471.5,22.0,14.0,No,No,1430.5220770354194,3,Normal,2,0,Medium Volume,Medium Strain
Nonprofit,Urban,Non-Teaching,Stroke,33640.5,16.0,34.0,No,No,2102.52993591879,6,Overburdened,2,0,Medium Volume,High Strain
Nonprofit,Urban,Non-Teaching,Stroke,52043.0,50.0,40.0,No,No,1040.8597918280416,7,Under-Burdened,3,0,High Volume,Low Strain
Investor Owned,Urban,Non-Teaching,Stroke,29638.0,21.0,13.5,No,No,1411.3326612701612,4,Normal,4,0,Medium Volume,Medium Strain
Nonprofit,Urban,Non-Teaching,Stroke,25109.5,16.0,18.0,No,No,1569.3427691607694,6,Normal,2,0,Low Volume,Medium Strain
Investor Owned,Urban,Non-Teaching,Stroke,50599.5,24.0,31.0,No,No,2108.3116215368245,6,Overburdened,4,0,High Volume,High Strain
Investor Owned,Urban,Non-Teaching,Stroke,6785.0,7.0,1.0,Yes,No,969.284329593815,5,Under-Burdened,4,0,Low Volume,Low Strain
Nonprofit,Urban,Non-Teaching,Stroke,109217.0,29.0,66.0,Yes,Yes,3766.1021496199482,3,Overburdened,2,4,High Volume,High Strain
Government,Rural,Non-Teaching,Stroke,10799.0,13.0,7.0,No,Yes,830.6916686987164,1,Under-Burdened,1,0,Low Volume,Low Strain
Nonprofit,Rural,Non-Teaching,Stroke,6472.0,8.0,13.0,No,No,808.998988751264,4,Under-Burdened,1,0,Low Volume,Low Strain
Nonprofit,Rural,Non-Teaching,Stroke,23312.0,18.0,70.5,Yes,Yes,1295.110391605338,3,Normal,1,0,Low Volume,Medium Strain
Government,Urban,Non-Teaching,Stroke,27460.0,23.0,57.0,No,No,1193.912524385859,4,Normal,2,0,Medium Volume,Medium Strain
Nonprofit,Urban,Non-Teaching,Stroke,11497.0,69.0,1.0,No,No,166.62316425751243,2,Under-Burdened,0,11,Low Volume,Low Strain
Nonprofit,Urban,Teaching,Stroke,112998.5,72.0,245.0,No,No,1569.4233931356398,5,Normal,0,0,High Volume,Medium Strain
Investor Owned,Urban,Teaching,Stroke,87345.0,64.0,79.0,Yes,Yes,1364.7654117554043,7,Normal,0,0,High Volume,Medium Strain
Nonprofit,Urban,Non-Teaching,Stroke,51767.0,26.0,117.0,No,Yes,1991.0376957547323,3,Overburdened,2,0,High Volume,High Strain
Nonprofit,Urban,Teaching,Stroke,99973.0,59.0,101.0,No,No,1694.4573399224846,5,Normal,0,0,High Volume,High Strain
Nonprofit,Urban,Non-Teaching,Stroke,30920.5,20.0,44.0,No,No,1546.0242269878865,6,Normal,2,0,Medium Volume,Medium Strain
Nonprofit,Urban,Non-Teaching,Stroke,56462.0,31.0,42.0,No,No,1821.3542511760481,6,Overburdened,2,0,High Volume,High Strain
Nonprofit,Urban,Non-Teaching,Stroke,45169.5,29.0,77.5,No,No,1557.56842842468,6,Normal,2,0,Medium Volume,Medium Strain
Nonprofit,Urban,Teaching,Stroke,107243.0,53.0,320.0,No,No,2023.4524484051983,5,Overburdened,3,0,High Volume,High Strain
Nonprofit,Urban,Non-Teaching,Stroke,42886.0,25.0,124.0,No,No,1715.4393138242744,3,Normal,2,0,Medium Volume,High Strain
Nonprofit,Urban,Teaching,Stroke,112998.5,80.5,463.0,Yes,No,1403.7079001605093,6,Normal,0,0,High Volume,Medium Strain
Nonprofit,Urban,Teaching,Stroke,62646.0,24.0,93.0,No,Yes,2610.2489123962864,6,Overburdened,2,0,High Volume,High Strain
Nonprofit,Frontier,Non-Teaching,Stroke,4339.5,4.0,12.0,Yes,Yes,1084.8722878192805,1,Normal,1,0,Low Volume,Low Strain
Nonprofit,Urban,Non-Teaching,Stroke,14965.0,39.0,44.0,No,No,383.7178503287563,4,Under-Burdened,3,0,Low Volume,Low Strain
Nonprofit,Urban,Teaching,Stroke,112998.5,80.5,390.0,No,No,1403.7079001605093,6,Normal,0,0,High Volume,Medium Strain
Nonprofit,Urban,Non-Teaching,Stroke,5637.5,7.0,7.5,No,Yes,805.3559923485824,2,Under-Burdened,1,0,Low Volume,Low Strain
Investor Owned,Urban,Teaching,Stroke,82844.0,62.0,117.0,Yes,Yes,1336.1933328720431,6,Normal,0,0,High Volume,Medium Strain
Investor Owned,Urban,Non-Teaching,Stroke,13380.0,22.0,28.0,No,No,608.1815417356629,5,Under-Burdened,4,0,Low Volume,Low Strain
Nonprofit,Urban,Non-Teaching,Stroke,17158.0,17.0,13.0,No,No,1009.293523944986,4,Under-Burdened,2,0,Low Volume,Low Strain
Nonprofit,Urban,Teaching,Stroke,43220.0,40.0,77.0,No,No,1080.4997298750675,6,Under-Burdened,3,0,Medium Volume,Low Strain
Nonprofit,Urban,Non-Teaching,Stroke,63151.0,40.0,31.0,No,No,1578.7746053063486,5,Normal,3,0,High Volume,Medium Strain
Nonprofit,Urban,Teaching,Stroke,73413.0,36.0,111.0,No,No,2039.249433541824,5,Overburdened,3,0,High Volume,High Strain
Nonprofit,Urban,Teaching,Stroke,74166.0,30.0,146.0,No,No,2472.199175933608,6,Overburdened,2,0,High Volume,High Strain
Nonprofit,Urban,Non-Teaching,Stroke,39333.0,24.0,52.0,No,Yes,1638.8743171357012,5,Normal,2,0,Medium Volume,High Strain
Nonprofit,Urban,Non-Teaching,Stroke,53345.0,27.0,150.0,No,No,1975.740008985182,4,Overburdened,2,0,High Volume,High Strain
Nonprofit,Urban,Non-Teaching,Stroke,59695.0,30.0,162.0,No,Yes,1989.8326700557766,4,Overburdened,2,0,High Volume,High Strain
Government,Urban,Teaching,Stroke,71708.0,73.0,59.0,Yes,Yes,982.3012353012006,6,Under-Burdened,0,0,High Volume,Low Strain
Government,Urban,Non-Teaching,Stroke,45896.0,35.0,16.0,No,No,1311.313911053168,4,Normal,3,0,Medium Volume,Medium Strain
Nonprofit,Urban,Non-Teaching,Stroke,34054.5,18.0,38.0,No,No,1891.9156156024358,3,Overburdened,2,0,Medium Volume,High Strain
Nonprofit,Urban,Non-Teaching,Stroke,23820.0,19.5,69.5,No,Yes,1221.5378351088025,3,Normal,2,0,Low Volume,Medium Strain
Nonprofit,Urban,Non-Teaching,Stroke,32229.0,23.0,57.0,No,Yes,1401.260260321626,2,Normal,2,0,Medium Volume,Medium Strain
Government,Frontier,Non-Teaching,Stroke,2837.0,2.0,4.0,Yes,Yes,1418.4929075354623,1,Normal,1,0,Low Volume,Medium Strain
Investor Owned,Urban,Non-Teaching,Stroke,23943.0,20.0,17.0,Yes,No,1197.1494014252994,6,Normal,4,0,Low Volume,Medium Strain
Government,Urban,Teaching,Stroke,32425.0,41.0,15.0,No,No,790.8534656454962,6,Under-Burdened,3,0,Medium Volume,Low Strain
Nonprofit,Rural,Non-Teaching,Stroke,28244.0,16.0,73.0,Yes,Yes,1765.2488967194397,3,Overburdened,1,0,Medium Volume,High Strain
Government,Frontier,Non-Teaching,Stroke,4834.0,4.0,13.0,Yes,Yes,1208.4969787575533,2,Normal,1,0,Low Volume,Medium Strain
Nonprofit,Urban,Non-Teaching,Stroke,58831.0,56.0,70.0,No,No,1050.5533838297529,6,Under-Burdened,3,0,High Volume,Low Strain
Investor Owned,Urban,Non-Teaching,Stroke,73328.0,64.0,103.0,Yes,Yes,1145.7498209765904,6,Normal,0,0,High Volume,Low Strain
Government,Urban,Teaching,Stroke,68827.0,44.0,212.0,No,Yes,1564.249644488717,6,Normal,3,0,High Volume,Medium Strain
Nonprofit,Urban,Non-Teaching,Stroke,51901.0,24.0,60.0,No,Yes,2162.540765608014,6,Overburdened,2,0,High Volume,High Strain
Government,Urban,Teaching,Stroke,33076.0,52.0,143.0,No,No,636.0768007544614,7,Under-Burdened,3,0,Medium Volume,Low Strain
Nonprofit,Urban,Non-Teaching,Stroke,28108.0,21.0,25.0,Yes,Yes,1338.4755531068795,5,Normal,1,0,Medium Volume,Medium Strain
Investor Owned,Urban,Non-Teaching,Stroke,67670.0,62.0,64.0,Yes,Yes,1091.4514368626715,6,Normal,0,0,High Volume,Low Strain
Government,Urban,Non-Teaching,Substance Abuse,13261.0,12.0,719.0,No,No,1105.082412431323,3,Normal,4,0,Low Volume,Low Strain
Nonprofit,Urban,Non-Teaching,Substance Abuse,29420.666666666668,22.0,2142.0,No,No,1337.302422438293,6,Normal,2,0,Medium Volume,Medium Strain
Nonprofit,Urban,Teaching,Substance Abuse,30782.5,40.0,238.5,No,No,769.562307609423,4,Under-Burdened,3,0,Medium Volume,Low Strain
Government,Urban,Non-Teaching,Substance Abuse,65082.0,59.0,5331.625,No,No,1103.0845587992274,5,Normal,0,0,High Volume,Low Strain
Nonprofit,Urban,Non-Teaching,Substance Abuse,29479.0,30.0,2665.3333333333335,No,No,982.633005788998,6,Under-Burdened,2,0,Medium Volume,Low Strain
Government,Urban,Non-Teaching,Substance Abuse,42180.666666666664,39.0,1924.6666666666667,No,No,1081.5552782336893,6,Normal,3,0,Medium Volume,Low Strain
Nonprofit,Urban,Non-Teaching,Substance Abuse,28620.0,17.0,1090.0,No,No,1683.5284214538697,4,Normal,2,0,Medium Volume,High Strain
Nonprofit,Urban,Non-Teaching,Substance Abuse,37801.333333333336,18.0,2487.0,No,No,2100.0729073669036,3,Overburdened,2,0,Medium Volume,High Strain
Nonprofit,Urban,Non-Teaching,Substance Abuse,31745.0,22.0,1617.3333333333333,No,No,1442.9538895664139,3,Normal,2,0,Medium Volume,Medium Strain
Nonprofit,Urban,Non-Teaching,Substance Abuse,110997.0,80.0,5331.625,No,No,1387.4623265672092,6,Normal,0,0,High Volume,Medium Strain
Nonprofit,Urban,Non-Teaching,Substance Abuse,66977.0,40.0,4022.6666666666665,No,No,1674.4245813938546,5,Normal,3,0,High Volume,High Strain
Nonprofit,Rural,Non-Teaching,Substance Abuse,24025.0,14.0,916.0,Yes,No,1716.070202806998,2,Normal,1,0,Low Volume,High Strain
Nonprofit,Rural,Non-Teaching,Substance Abuse,9708.5,5.0,527.0,Yes,Yes,1941.696116607767,3,Overburdened,1,0,Low Volume,High Strain
Nonprofit,Rural,Non-Teaching,Substance Abuse,8570.0,14.0,542.5,Yes,Yes,612.1424198982716,3,Under-Burdened,1,0,Low Volume,Low Strain
Nonprofit,Urban,Non-Teaching,Substance Abuse,55911.0,49.0,3564.6666666666665,No,Yes,1141.0405834611054,5,Normal,3,0,High Volume,Low Strain
Nonprofit,Rural,Non-Teaching,Substance Abuse,10039.0,8.0,519.3333333333334,Yes,Yes,1254.8734314082108,1,Normal,1,0,Low Volume,Medium Strain
Nonprofit,Urban,Non-Teaching,Substance Abuse,41025.0,30.0,2081.3333333333335,No,No,1367.4995441668186,3,Normal,2,0,Medium Volume,Medium Strain
Nonprofit,Urban,Non-Teaching,Substance Abuse,46164.333333333336,44.0,1694.6666666666667,No,No,1049.1891554873132,7,Under-Burdened,3,0,Medium Volume,Low Strain
Nonprofit,Urban,Non-Teaching,Substance Abuse,63404.333333333336,52.0,3896.3333333333335,No,No,1219.3138680806665,5,Normal,3,0,High Volume,Medium Strain
Nonprofit,Urban,Non-Teaching,Substance Abuse,50722.333333333336,32.0,3064.3333333333335,No,No,1585.072421331535,5,Normal,2,0,High Volume,Medium Strain
Investor Owned,Urban,Non-Teaching,Substance Abuse,16929.333333333332,12.0,519.6666666666666,No,No,1410.7766021306093,3,Normal,4,0,Low Volume,Medium Strain
Nonprofit,Urban,Non-Teaching,Substance Abuse,63958.666666666664,36.0,3071.0,No,No,1776.629136121536,4,Overburdened,3,0,High Volume,High Strain
Nonprofit,Rural,Non-Teaching,Substance Abuse,16776.666666666668,12.0,1116.0,Yes,Yes,1398.0543905102302,3,Normal,1,0,Low Volume,Medium Strain
Nonprofit,Rural,Non-Teaching,Substance Abuse,55450.333333333336,59.0,2078.6666666666665,Yes,Yes,939.8359988978533,6,Under-Burdened,0,1,High Volume,Low Strain
Investor Owned,Rural,Non-Teaching,Substance Abuse,7588.5,9.0,146.0,Yes,Yes,843.1657298158558,3,Under-Burdened,1,0,Low Volume,Low Strain
Nonprofit,Urban,Teaching,Substance Abuse,80788.66666666667,73.0,5331.625,Yes,No,1106.693912325035,7,Normal,0,0,High Volume,Low Strain
Nonprofit,Rural,Non-Teaching,Substance Abuse,35672.666666666664,10.0,981.6666666666666,Yes,Yes,3567.263099403567,1,Overburdened,1,2,Medium Volume,High Strain
Nonprofit,Urban,Non-Teaching,Substance Abuse,57338.0,48.0,2769.5,No,Yes,1194.5414178038711,6,Normal,3,0,High Volume,Medium Strain
Nonprofit,Urban,Non-Teaching,Substance Abuse,47511.333333333336,21.0,2185.3333333333335,No,Yes,2262.4433670904605,4,Overburdened,2,0,Medium Volume,High Strain
Investor Owned,Frontier,Non-Teaching,Substance Abuse,5907.0,4.333333333333333,284.6666666666667,Yes,Yes,1363.1507004214607,1,Normal,1,0,Low Volume,Medium Strain
Investor Owned,Rural,Non-Teaching,Substance Abuse,10314.0,8.0,747.6666666666666,Yes,Yes,1289.2483884395144,1,Normal,1,0,Low Volume,Medium Strain
Investor Owned,Rural,Non-Teaching,Substance Abuse,28371.0,20.0,2643.5,Yes,Yes,1418.5492907253547,3,Normal,1,0,Medium Volume,Medium Strain
Government,Rural,Non-Teaching,Substance Abuse,39829.0,16.0,707.5,Yes,Yes,2489.31094418066,3,Overburdened,1,0,Medium Volume,High Strain
Government,Rural,Non-Teaching,Substance Abuse,7991.666666666667,7.666666666666667,665.3333333333334,No,No,1042.3899447087679,1,Under-Burdened,4,0,Low Volume,Low Strain
Government,Frontier,Non-Teaching,Substance Abuse,1610.0,2.0,99.0,Yes,No,804.9959750201249,1,Under-Burdened,1,0,Low Volume,Low Strain
Nonprofit,Urban,Non-Teaching,Substance Abuse,28485.0,10.0,995.5,Yes,Yes,2848.4971515028487,4,Overburdened,1,0,Medium Volume,High Strain
Government,Frontier,Non-Teaching,Substance Abuse,6546.333333333333,8.0,347.3333333333333,Yes,Yes,818.290643803362,3,Under-Burdened,1,0,Low Volume,Low Strain
Nonprofit,Urban,Non-Teaching,Substance Abuse,64106.0,42.666666666666664,2559.0,No,Yes,1502.484022855307,3,Normal,3,0,High Volume,Medium Strain
Nonprofit,Rural,Non-Teaching,Substance Abuse,15535.666666666666,12.0,621.3333333333334,Yes,Yes,1294.6378100240472,2,Normal,1,0,Low Volume,Medium Strain
Nonprofit,Rural,Non-Teaching,Substance Abuse,20035.333333333332,13.0,1558.0,Yes,Yes,1541.1783016577167,1,Normal,1,0,Low Volume,Medium Strain
Nonprofit,Urban,Non-Teaching,Substance Abuse,88985.33333333333,40.666666666666664,3278.3333333333335,Yes,Yes,2188.163396353263,4,Overburdened,3,0,High Volume,High Strain
Nonprofit,Rural,Non-Teaching,Substance Abuse,18720.666666666668,8.0,1357.3333333333333,Yes,Yes,2340.080408232823,1,Overburdened,1,0,Low Volume,High Strain
Nonprofit,Rural,Non-Teaching,Substance Abuse,18771.0,12.0,1039.6666666666667,Yes,Yes,1564.2486964594198,1,Normal,1,0,Low Volume,Medium Strain
Nonprofit,Rural,Non-Teaching,Substance Abuse,10002.666666666666,8.0,492.3333333333333,Yes,Yes,1250.3317704186202,1,Normal,1,0,Low Volume,Medium Strain
Investor Owned,Urban,Non-Teaching,Substance Abuse,14433.0,8.0,1052.0,No,No,1804.122744846569,3,Overburdened,4,0,Low Volume,High Strain
Government,Urban,Non-Teaching,Substance Abuse,102466.66666666667,42.666666666666664,5331.625,No,Yes,2401.561937133921,6,Overburdened,3,3,High Volume,High Strain
Nonprofit,Urban,Non-Teaching,Substance Abuse,36011.0,26.0,2407.0,No,No,1385.0379288315658,6,Normal,2,0,Medium Volume,Medium Strain
Investor Owned,Urban,Non-Teaching,Substance Abuse,12317.0,17.0,2394.0,No,No,724.528985571185,6,Under-Burdened,4,0,Low Volume,Low Strain
Nonprofit,Urban,Non-Teaching,Substance Abuse,57101.0,35.0,3616.6666666666665,No,No,1631.4566767266635,6,Normal,3,0,High Volume,High Strain
Investor Owned,Urban,Non-Teaching,Substance Abuse,34882.0,50.5,5331.625,Yes,No,690.7325364886066,6,Under-Burdened,3,0,Medium Volume,Low Strain
Nonprofit,Urban,Teaching,Substance Abuse,65446.0,41.0,100.0,Yes,No,1596.2435131113382,6,Normal,3,0,High Volume,High Strain
Investor Owned,Urban,Non-Teaching,Substance Abuse,29986.333333333332,14.0,1662.0,No,Yes,2141.879422467079,2,Overburdened,4,0,Medium Volume,High Strain
Investor Owned,Urban,Non-Teaching,Substance Abuse,3751.5,4.0,549.0,Yes,Yes,937.8726553183618,3,Under-Burdened,1,0,Low Volume,Low Strain
Investor Owned,Urban,Non-Teaching,Substance Abuse,20267.0,12.0,786.0,No,No,1688.915259237284,5,Normal,4,0,Low Volume,High Strain
Investor Owned,Urban,Non-Teaching,Substance Abuse,33361.5,14.0,1346.5,No,No,2382.9625835981547,4,Overburdened,4,0,Medium Volume,High Strain
Nonprofit,Urban,Non-Teaching,Substance Abuse,46487.666666666664,30.666666666666668,1410.0,No,No,1515.9016795972782,4,Normal,2,0,Medium Volume,Medium Strain
Investor Owned,Urban,Non-Teaching,Substance Abuse,9859.5,8.0,1260.0,Yes,Yes,1232.4359594550508,3,Normal,1,0,Low Volume,Medium Strain
Investor Owned,Urban,Non-Teaching,Substance Abuse,6710.333333333333,9.0,592.0,No,No,745.591764157299,3,Under-Burdened,4,0,Low Volume,Low Strain
Investor Owned,Urban,Non-Teaching,Substance Abuse,16033.333333333334,21.0,611.3333333333334,No,No,763.4916999245874,5,Under-Burdened,4,0,Low Volume,Low Strain
Nonprofit,Urban,Non-Teaching,Substance Abuse,39767.5,37.0,1558.5,No,No,1074.7970068116197,7,Under-Burdened,3,0,Medium Volume,Low Strain
Investor Owned,Urban,Non-Teaching,Substance Abuse,18635.5,9.0,1590.5,Yes,No,2070.608810434655,3,Overburdened,4,0,Low Volume,High Strain
Nonprofit,Urban,Non-Teaching,Substance Abuse,79359.66666666667,32.0,1864.6666666666667,No,No,2479.9888083368305,6,Overburdened,2,0,High Volume,High Strain
Nonprofit,Urban,Non-Teaching,Substance Abuse,68964.66666666667,30.0,2239.3333333333335,Yes,No,2298.8214559484036,7,Overburdened,2,0,High Volume,High Strain
Nonprofit,Urban,Teaching,Substance Abuse,53635.333333333336,57.0,2508.6666666666665,Yes,No,940.9705951513575,6,Under-Burdened,0,0,High Volume,Low Strain
Nonprofit,Urban,Non-Teaching,Substance Abuse,62426.5,49.5,1938.0,Yes,No,1261.1411593654223,5,Normal,3,0,High Volume,Medium Strain
Nonprofit,Urban,Non-Teaching,Substance Abuse,61938.666666666664,41.0,2315.6666666666665,No,No,1510.6988185287432,5,Normal,3,0,High Volume,Medium Strain
Nonprofit,Urban,Non-Teaching,Substance Abuse,79005.0,53.0,3094.0,No,No,1490.6600961018685,5,Normal,3,0,High Volume,Medium Strain
Nonprofit,Urban,Non-Teaching,Substance Abuse,40703.0,29.0,1919.0,No,No,1403.5512401547448,6,Normal,2,0,Medium Volume,Medium Strain
Nonprofit,Urban,Non-Teaching,Substance Abuse,32344.666666666668,18.0,3181.3333333333335,No,No,1796.9249276342996,3,Overburdened,2,0,Medium Volume,High Strain
Investor Owned,Urban,Non-Teaching,Substance Abuse,36378.0,15.0,1440.0,No,No,2425.198383201078,5,Overburdened,4,0,Medium Volume,High Strain
Investor Owned,Urban,Non-Teaching,Substance Abuse,29577.0,10.666666666666666,3891.6666666666665,Yes,No,2772.841150461422,4,Overburdened,4,0,Medium Volume,High Strain
Nonprofit,Urban,Teaching,Substance Abuse,72059.5,64.0,1572.5,No,No,1125.9295115735138,6,Normal,0,0,High Volume,Low Strain
Nonprofit,Urban,Non-Teaching,Substance Abuse,35037.666666666664,29.0,1258.0,No,No,1208.19498567989,6,Normal,2,0,Medium Volume,Medium Strain
Investor Owned,Urban,Non-Teaching,Substance Abuse,16074.666666666666,5.666666666666667,464.3333333333333,No,No,2836.700876410218,3,Overburdened,4,0,Low Volume,High Strain
Nonprofit,Urban,Teaching,Substance Abuse,54946.0,55.5,3633.5,No,No,990.0178396364253,7,Under-Burdened,3,0,High Volume,Low Strain
Nonprofit,Urban,Non-Teaching,Substance Abuse,47234.0,37.0,2620.0,No,No,1276.5942495691215,6,Normal,3,0,Medium Volume,Medium Strain
Investor Owned,Urban,Non-Teaching,Substance Abuse,4946.5,4.0,628.5,No,No,1236.621908445229,2,Normal,4,0,Low Volume,Medium Strain
Investor Owned,Urban,Non-Teaching,Substance Abuse,6297.5,7.0,2396.5,No,No,899.6415719406116,3,Under-Burdened,4,0,Low Volume,Low Strain
Nonprofit,Urban,Non-Teaching,Substance Abuse,77714.0,71.0,3522.5,No,No,1094.5632261178555,6,Normal,0,0,High Volume,Low Strain
Nonprofit,Urban,Non-Teaching,Substance Abuse,57211.0,61.0,2304.6666666666665,No,No,937.8850921499849,7,Under-Burdened,0,0,High Volume,Low Strain
Investor Owned,Urban,Non-Teaching,Substance Abuse,12230.666666666666,8.0,691.3333333333334,No,No,1528.8314222940555,3,Normal,4,0,Low Volume,Medium Strain
Nonprofit,Urban,Non-Teaching,Substance Abuse,32363.666666666668,15.333333333333334,2033.3333333333333,No,No,2110.672536517911,5,Overburdened,2,0,Medium Volume,High Strain
Government,Urban,Non-Teaching,Substance Abuse,31796.5,21.0,1159.0,No,No,1514.1183266103208,5,Normal,2,0,Medium Volume,Medium Strain
Investor Owned,Urban,Non-Teaching,Substance Abuse,6826.0,7.0,733.3333333333334,Yes,No,975.1414640836227,5,Under-Burdened,4,0,Low Volume,Low Strain
Nonprofit,Urban,Non-Teaching,Substance Abuse,18475.333333333332,12.0,2641.6666666666665,No,No,1539.609828102921,4,Normal,2,0,Low Volume,Medium Strain
Investor Owned,Urban,Non-Teaching,Substance Abuse,46827.333333333336,41.333333333333336,3325.3333333333335,Yes,Yes,1132.9190807453836,6,Normal,3,0,Medium Volume,Low Strain
Nonprofit,Urban,Non-Teaching,Substance Abuse,23936.333333333332,27.0,1992.6666666666667,No,No,886.530535852888,5,Under-Burdened,2,0,Low Volume,Low Strain
Nonprofit,Urban,Non-Teaching,Substance Abuse,50359.333333333336,40.0,2546.6666666666665,No,No,1258.9830185875787,6,Normal,3,0,High Volume,Medium Strain
Investor Owned,Urban,Non-Teaching,Substance Abuse,9195.333333333334,8.0,822.6666666666666,No,No,1149.4152298976294,3,Normal,4,0,Low Volume,Low Strain
Nonprofit,Urban,Non-Teaching,Substance Abuse,43418.0,32.0,1447.3333333333333,No,No,1356.8120759962262,6,Normal,2,0,Medium Volume,Medium Strain
Nonprofit,Urban,Non-Teaching,Substance Abuse,21073.5,13.0,627.0,No,No,1621.037214586758,4,Normal,2,0,Low Volume,High Strain
Investor Owned,Urban,Non-Teaching,Substance Abuse,46270.0,30.0,4268.666666666667,No,No,1542.3328192223937,5,Normal,4,0,Medium Volume,Medium Strain
Nonprofit,Urban,Teaching,Substance Abuse,49428.0,28.0,1908.0,No,No,1765.285083826756,6,Overburdened,2,0,High Volume,High Strain
Investor Owned,Urban,Non-Teaching,Substance Abuse,23054.5,13.0,1081.5,No,No,1773.4217127525287,4,Overburdened,4,0,Low Volume,High Strain
Nonprofit,Urban,Non-Teaching,Substance Abuse,52035.666666666664,30.0,2119.0,No,No,1734.5216440483407,6,Normal,2,0,High Volume,High Strain
Government,Urban,Teaching,Substance Abuse,73969.0,72.66666666666667,4241.666666666667,Yes,No,1017.9218782676313,6,Under-Burdened,0,0,High Volume,Low Strain
Government,Urban,Teaching,Substance Abuse,105955.5,80.5,5331.625,No,No,1316.2172277991021,7,Normal,0,0,High Volume,Medium Strain
Nonprofit,Urban,Teaching,Substance Abuse,99493.0,29.0,5331.625,Yes,Yes,3430.791920416579,3,Overburdened,2,4,High Volume,High Strain
Government,Urban,Teaching,Substance Abuse,50463.666666666664,50.666666666666664,3903.6666666666665,No,No,995.9932244750214,6,Under-Burdened,3,0,High Volume,Low Strain
Nonprofit,Urban,Non-Teaching,Substance Abuse,40780.666666666664,37.333333333333336,1503.6666666666667,No,No,1092.3389931234838,5,Normal,3,0,Medium Volume,Low Strain
Nonprofit,Urban,Non-Teaching,Substance Abuse,67262.0,33.0,2011.0,Yes,No,2038.2418065933919,5,Overburdened,2,0,High Volume,High Strain
Nonprofit,Urban,Non-Teaching,Substance Abuse,92182.33333333333,80.0,2886.6666666666665,No,No,1152.2790226317886,6,Normal,0,0,High Volume,Low Strain
Investor Owned,Urban,Non-Teaching,Substance Abuse,64397.333333333336,35.0,2344.6666666666665,Yes,Yes,1839.9232838314426,4,Overburdened,3,0,High Volume,High Strain
Nonprofit,Rural,Non-Teaching,Substance Abuse,77745.33333333333,38.0,278.3333333333333,Yes,Yes,2045.9292861589595,6,Overburdened,3,1,High Volume,High Strain
Nonprofit,Urban,Non-Teaching,Substance Abuse,27449.0,19.0,2225.6666666666665,No,No,1444.683450166605,3,Normal,2,0,Medium Volume,Medium Strain
Nonprofit,Urban,Non-Teaching,Substance Abuse,29936.333333333332,31.0,1518.6666666666667,No,No,965.6878605307977,6,Under-Burdened,2,0,Medium Volume,Low Strain
Nonprofit,Urban,Non-Teaching,Substance Abuse,14621.0,9.0,1057.6666666666667,No,No,1624.553750495833,1,Normal,2,0,Low Volume,High Strain
Government,Rural,Non-Teaching,Substance Abuse,6284.0,3.6666666666666665,353.6666666666667,Yes,Yes,1713.8135077813424,1,Normal,1,0,Low Volume,High Strain
Nonprofit,Rural,Non-Teaching,Substance Abuse,9094.0,6.0,881.0,Yes,Yes,1515.6641405597659,1,Normal,1,0,Low Volume,Medium Strain
Nonprofit,Rural,Non-Teaching,Substance Abuse,28163.666666666668,19.0,2081.3333333333335,Yes,Yes,1482.2974654574743,2,Normal,1,0,Medium Volume,Medium Strain
Nonprofit,Rural,Non-Teaching,Substance Abuse,13366.0,9.0,646.0,Yes,Yes,1485.1094609894878,1,Normal,1,0,Low Volume,Medium Strain
Nonprofit,Rural,Non-Teaching,Substance Abuse,25567.333333333332,10.0,821.3333333333334,Yes,Yes,2556.7307766025565,1,Overburdened,1,0,Medium Volume,High Strain
Nonprofit,Urban,Non-Teaching,Substance Abuse,57461.0,26.0,2323.6666666666665,Yes,Yes,2210.0376115239956,4,Overburdened,2,0,High Volume,High Strain
Government,Frontier,Non-Teaching,Substance Abuse,511.0,1.0,29.0,Yes,Yes,510.99489005109945,1,Under-Burdened,1,0,Low Volume,Low Strain
Nonprofit,Urban,Non-Teaching,Substance Abuse,41278.666666666664,30.666666666666668,3253.6666666666665,No,No,1346.0430393337915,5,Normal,2,0,Medium Volume,Medium Strain
Nonprofit,Rural,Non-Teaching,Substance Abuse,14553.0,6.0,610.3333333333334,No,Yes,2425.495957506738,2,Overburdened,1,0,Low Volume,High Strain
Government,Urban,Non-Teaching,Substance Abuse,50028.333333333336,16.0,2403.0,Yes,Yes,3126.768879102784,5,Overburdened,1,0,High Volume,High Strain
Government,Urban,Non-Teaching,Substance Abuse,51527.5,19.0,4612.0,Yes,Yes,2711.972256856707,4,Overburdened,1,0,High Volume,High Strain
Investor Owned,Urban,Non-Teaching,Substance Abuse,24487.0,18.0,1574.3333333333333,No,No,1360.3881331177038,4,Normal,4,0,Low Volume,Medium Strain
Nonprofit,Rural,Non-Teaching,Substance Abuse,6034.5,8.0,258.5,No,No,754.3115571105536,3,Under-Burdened,1,0,Low Volume,Low Strain
Government,Rural,Non-Teaching,Substance Abuse,12749.5,15.0,481.0,Yes,Yes,849.9661000226,2,Under-Burdened,1,0,Low Volume,Low Strain
Nonprofit,Urban,Non-Teaching,Substance Abuse,92289.0,35.666666666666664,571.3333333333334,No,No,2587.5413305958887,6,Overburdened,3,0,High Volume,High Strain
Nonprofit,Urban,Non-Teaching,Substance Abuse,27767.5,26.0,1067.0,No,No,1067.9803584690928,5,Under-Burdened,2,0,Medium Volume,Low Strain
Investor Owned,Urban,Teaching,Substance Abuse,23505.0,30.0,2123.0,No,Yes,783.4997388334205,5,Under-Burdened,4,0,Low Volume,Low Strain
Investor Owned,Urban,Non-Teaching,Substance Abuse,5063.0,8.0,398.0,No,No,632.8742089072389,3,Under-Burdened,4,0,Low Volume,Low Strain
Investor Owned,Urban,Non-Teaching,Substance Abuse,12153.0,11.0,1311.0,No,Yes,1104.8171774389295,4,Normal,4,0,Low Volume,Low Strain
Nonprofit,Urban,Non-Teaching,Substance Abuse,100965.66666666667,80.5,5331.625,No,No,1254.2317282527874,6,Normal,0,0,High Volume,Medium Strain
Investor Owned,Urban,Non-Teaching,Substance Abuse,11960.0,12.0,3288.6666666666665,No,No,996.6658361118033,3,Under-Burdened,4,0,Low Volume,Low Strain
Investor Owned,Urban,Non-Teaching,Substance Abuse,11887.333333333334,11.0,1572.0,No,No,1080.6656842433174,3,Normal,4,0,Low Volume,Low Strain
Investor Owned,Urban,Non-Teaching,Substance Abuse,25199.5,23.0,893.0,No,No,1095.6299584217572,4,Normal,4,0,Low Volume,Low Strain
Investor Owned,Urban,Non-Teaching,Substance Abuse,11411.0,10.0,982.0,Yes,No,1141.098858901141,4,Normal,4,0,Low Volume,Low Strain
Nonprofit,Urban,Non-Teaching,Substance Abuse,34495.5,44.5,1931.0,No,No,775.1796010832356,6,Under-Burdened,3,0,Medium Volume,Low Strain
Government,Urban,Teaching,Substance Abuse,42020.0,50.666666666666664,4148.0,Yes,No,829.3419415772483,6,Under-Burdened,3,0,Medium Volume,Low Strain
Investor Owned,Urban,Non-Teaching,Substance Abuse,19240.0,12.0,3740.3333333333335,Yes,No,1603.3319972233357,4,Normal,4,0,Low Volume,High Strain
Nonprofit,Urban,Non-Teaching,Substance Abuse,27262.5,31.0,1165.5,No,No,879.4352001821935,5,Under-Burdened,2,0,Medium Volume,Low Strain
Nonprofit,Urban,Non-Teaching,Substance Abuse,14340.0,20.0,2078.3333333333335,No,No,716.9996415001792,4,Under-Burdened,2,0,Low Volume,Low Strain
Nonprofit,Urban,Non-Teaching,Substance Abuse,53749.666666666664,36.0,2080.3333333333335,No,No,1493.045881561329,6,Normal,3,0,High Volume,Medium Strain
Investor Owned,Urban,Non-Teaching,Substance Abuse,4135.333333333333,8.0,638.3333333333334,No,No,516.916020521641,4,Under-Burdened,4,0,Low Volume,Low Strain
Investor Owned,Urban,Non-Teaching,Substance Abuse,24221.0,24.0,4067.0,Yes,No,1009.2079128300363,5,Under-Burdened,4,0,Low Volume,Low Strain
Investor Owned,Urban,Non-Teaching,Substance Abuse,17550.0,17.5,1499.0,No,No,1002.8565697962458,5,Under-Burdened,4,0,Low Volume,Low Strain
Nonprofit,Urban,Non-Teaching,Substance Abuse,109291.5,72.0,3116.5,No,No,1517.9372891753765,5,Normal,0,0,High Volume,Medium Strain
Nonprofit,Urban,Non-Teaching,Substance Abuse,26386.333333333332,14.0,1136.6666666666667,No,Yes,1884.7367489975602,2,Overburdened,2,0,Medium Volume,High Strain
Nonprofit,Urban,Non-Teaching,Substance Abuse,69937.5,69.0,3133.0,No,No,1013.5868096251,6,Under-Burdened,0,0,High Volume,Low Strain
Nonprofit,Urban,Non-Teaching,Substance Abuse,112998.5,62.0,5331.625,No,No,1822.5561576522325,6,Overburdened,0,0,High Volume,High Strain
Government,Frontier,Non-Teaching,Substance Abuse,3495.0,3.0,180.66666666666666,Yes,Yes,1164.996116679611,1,Normal,1,0,Low Volume,Medium Strain
Government,Frontier,Non-Teaching,Substance Abuse,2546.6666666666665,2.0,106.33333333333333,Yes,Yes,1273.3269666984997,1,Normal,1,0,Low Volume,Medium Strain
Investor Owned,Urban,Non-Teaching,Substance Abuse,44698.666666666664,30.0,1815.6666666666667,No,Yes,1489.9550589038693,4,Normal,4,0,Medium Volume,Medium Strain
Investor Owned,Urban,Non-Teaching,Substance Abuse,54417.5,28.0,4738.0,No,Yes,1943.4814487566255,6,Overburdened,4,0,High Volume,High Strain
Investor Owned,Urban,Non-Teaching,Substance Abuse,39938.5,29.0,3952.0,Yes,Yes,1377.189180279593,6,Normal,4,0,Medium Volume,Medium Strain
Investor Owned,Urban,Non-Teaching,Substance Abuse,45627.5,12.0,2039.5,No,Yes,3802.2884980929184,3,Overburdened,4,5,Medium Volume,High Strain
Government,Rural,Non-Teaching,Substance Abuse,7767.0,7.0,459.5,Yes,Yes,1109.5698434716523,1,Normal,1,0,Low Volume,Low Strain
Investor Owned,Urban,Non-Teaching,Substance Abuse,45660.666666666664,41.0,2336.6666666666665,No,Yes,1113.6745251200343,4,Normal,3,0,Medium Volume,Low Strain
Government,Urban,Non-Teaching,Substance Abuse,37046.333333333336,28.0,1403.0,No,Yes,1323.0828608037402,2,Normal,2,0,Medium Volume,Medium Strain
Investor Owned,Urban,Non-Teaching,Substance Abuse,15067.333333333334,12.0,1761.3333333333333,Yes,No,1255.6100647693906,2,Normal,4,0,Low Volume,Medium Strain
Nonprofit,Urban,Non-Teaching,Substance Abuse,54291.666666666664,41.0,1546.3333333333333,No,Yes,1324.1866688975604,5,Normal,3,0,High Volume,Medium Strain
Nonprofit,Urban,Non-Teaching,Substance Abuse,47474.5,26.0,996.5,No,Yes,1825.9416054070748,2,Overburdened,2,0,Medium Volume,High Strain
Investor Owned,Urban,Non-Teaching,Substance Abuse,90694.33333333333,53.0,3470.0,No,Yes,1711.213513607513,3,Normal,3,6,High Volume,High Strain
Investor Owned,Urban,Non-Teaching,Substance Abuse,35054.666666666664,21.0,1637.3333333333333,No,No,1669.2690463798192,3,Normal,4,0,Medium Volume,High Strain
Nonprofit,Urban,Non-Teaching,Substance Abuse,47299.5,58.5,1328.0,No,Yes,808.5383233267823,3,Under-Burdened,0,0,Medium Volume,Low Strain
Nonprofit,Urban,Non-Teaching,Substance Abuse,95381.5,59.0,5331.625,No,No,1616.6353192143526,5,Normal,0,0,High Volume,High Strain
Government,Urban,Teaching,Substance Abuse,63503.666666666664,70.0,4726.0,No,No,907.1951084959368,7,Under-Burdened,0,0,High Volume,Low Strain
Nonprofit,Urban,Non-Teaching,Substance Abuse,84523.33333333333,51.333333333333336,4153.333333333333,No,No,1646.5581208003657,7,Normal,3,0,High Volume,High Strain
Nonprofit,Urban,Non-Teaching,Substance Abuse,106119.0,53.0,5331.625,No,No,2002.2449052368102,5,Overburdened,3,0,High Volume,High Strain
Government,Rural,Non-Teaching,Substance Abuse,21385.333333333332,18.0,1570.3333333333333,Yes,No,1188.0734140332884,2,Normal,1,0,Low Volume,Medium Strain
Government,Rural,Non-Teaching,Substance Abuse,11297.666666666666,7.0,688.6666666666666,Yes,Yes,1613.9500753094162,1,Normal,1,0,Low Volume,High Strain
Investor Owned,Urban,Non-Teaching,Substance Abuse,33224.0,15.0,1585.3333333333333,No,No,2214.9318567120954,3,Overburdened,4,0,Medium Volume,High Strain
Investor Owned,Urban,Non-Teaching,Substance Abuse,22289.0,12.0,1529.3333333333333,No,Yes,1857.4151188207343,3,Overburdened,4,0,Low Volume,High Strain
Nonprofit,Urban,Non-Teaching,Substance Abuse,112998.5,80.5,4025.0,Yes,No,1403.7079001605093,6,Normal,0,0,High Volume,Medium Strain
Nonprofit,Urban,Teaching,Substance Abuse,40403.0,40.0,2822.0,No,No,1010.074747481313,6,Under-Burdened,3,0,Medium Volume,Low Strain
Government,Rural,Non-Teaching,Substance Abuse,8291.666666666666,6.0,706.6666666666666,Yes,Yes,1381.9421412075424,1,Normal,1,0,Low Volume,Medium Strain
Nonprofit,Urban,Non-Teaching,Substance Abuse,75626.66666666667,52.0,3867.0,No,Yes,1454.35869467461,6,Normal,3,0,High Volume,Medium Strain
Nonprofit,Urban,Non-Teaching,Substance Abuse,53317.333333333336,18.0,1828.0,No,Yes,2962.0724284782805,6,Overburdened,2,0,High Volume,High Strain
Nonprofit,Urban,Non-Teaching,Substance Abuse,62192.333333333336,43.0,3781.6666666666665,No,Yes,1446.3329969768224,5,Normal,3,0,High Volume,Medium Strain
Investor Owned,Urban,Non-Teaching,Substance Abuse,30790.0,16.0,2928.5,Yes,Yes,1924.3737972663766,3,Overburdened,4,0,Medium Volume,High Strain
Investor Owned,Rural,Non-Teaching,Substance Abuse,22806.333333333332,15.333333333333334,1720.3333333333333,Yes,Yes,1487.3685951943944,4,Normal,1,0,Low Volume,Medium Strain
Investor Owned,Urban,Non-Teaching,Substance Abuse,35471.0,20.333333333333332,3075.6666666666665,Yes,Yes,1744.4745518977616,3,Normal,4,0,Medium Volume,High Strain
Government,Urban,Teaching,Substance Abuse,57942.0,47.0,5331.625,Yes,No,1232.8082483386704,6,Normal,3,0,High Volume,Medium Strain
Investor Owned,Rural,Non-Teaching,Substance Abuse,25407.666666666668,16.0,2095.3333333333335,Yes,Yes,1587.9781741803079,1,Normal,1,0,Medium Volume,High Strain
Nonprofit,Urban,Non-Teaching,Substance Abuse,23200.666666666668,15.0,1344.6666666666667,No,Yes,1546.710079971058,2,Normal,2,0,Low Volume,Medium Strain
Nonprofit,Urban,Non-Teaching,Substance Abuse,79146.5,63.0,5317.5,No,No,1256.2934513819919,7,Normal,0,0,High Volume,Medium Strain
Nonprofit,Urban,Non-Teaching,Substance Abuse,86469.0,80.5,5331.625,No,Yes,1074.148934888331,7,Under-Burdened,0,0,High Volume,Low Strain
Nonprofit,Urban,Non-Teaching,Substance Abuse,112241.5,80.5,4306.0,No,No,1394.3041746205993,6,Normal,0,0,High Volume,Medium Strain
Nonprofit,Urban,Teaching,Substance Abuse,96961.66666666667,77.33333333333333,5331.625,No,No,1253.8144930412295,6,Normal,0,0,High Volume,Medium Strain
Investor Owned,Urban,Non-Teaching,Substance Abuse,17293.0,20.0,4274.666666666667,Yes,Yes,864.6495676752162,5,Under-Burdened,4,0,Low Volume,Low Strain
Nonprofit,Urban,Non-Teaching,Substance Abuse,37200.666666666664,47.0,3379.3333333333335,No,No,791.5033776943167,6,Under-Burdened,3,0,Medium Volume,Low Strain
Government,Urban,Non-Teaching,Substance Abuse,39953.666666666664,40.0,2608.3333333333335,No,No,998.8414169563123,6,Under-Burdened,3,0,Medium Volume,Low Strain
Government,Urban,Teaching,Substance Abuse,60332.5,80.5,5331.625,No,No,749.4719565873346,6,Under-Burdened,0,0,High Volume,Low Strain
Nonprofit,Urban,Non-Teaching,Substance Abuse,63761.0,48.0,2137.6666666666665,No,No,1328.3538899262728,6,Normal,3,0,High Volume,Medium Strain
Government,Urban,Non-Teaching,Substance Abuse,26922.5,8.0,2701.0,No,No,3365.3082933646333,5,Overburdened,4,7,Medium Volume,High Strain
Nonprofit,Urban,Non-Teaching,Substance Abuse,44178.666666666664,38.0,3131.3333333333335,No,No,1162.5961852817054,4,Normal,3,0,Medium Volume,Low Strain
Government,Urban,Non-Teaching,Substance Abuse,77978.0,72.0,5331.625,No,Yes,1083.027627357274,5,Normal,0,0,High Volume,Low Strain
Nonprofit,Urban,Teaching,Substance Abuse,31841.333333333332,28.666666666666668,2065.6666666666665,No,No,1110.7437985777447,5,Normal,2,0,Medium Volume,Low Strain
Nonprofit,Urban,Non-Teaching,Substance Abuse,10480.666666666666,12.0,1446.0,No,No,873.3881610654213,5,Under-Burdened,2,0,Low Volume,Low Strain
Government,Urban,Teaching,Substance Abuse,43609.0,59.0,5331.625,No,No,739.135467943141,6,Under-Burdened,0,0,Medium Volume,Low Strain
Nonprofit,Urban,Non-Teaching,Substance Abuse,20186.666666666668,19.0,5331.625,No,No,1062.4555811637292,5,Under-Burdened,2,0,Low Volume,Low Strain
Nonprofit,Urban,Teaching,Substance Abuse,11045.666666666666,12.0,1597.3333333333333,No,No,920.4714551626762,5,Under-Burdened,2,0,Low Volume,Low Strain
Nonprofit,Urban,Non-Teaching,Substance Abuse,26493.666666666668,35.0,2766.6666666666665,No,Yes,756.9616884871366,5,Under-Burdened,3,0,Medium Volume,Low Strain
Nonprofit,Urban,Non-Teaching,Substance Abuse,17995.0,16.0,2881.3333333333335,No,No,1124.686797070752,3,Normal,2,0,Low Volume,Low Strain
Nonprofit,Urban,Non-Teaching,Substance Abuse,49033.666666666664,28.0,3220.3333333333335,No,Yes,1751.2017555231826,4,Overburdened,2,0,High Volume,High Strain
Government,Urban,Non-Teaching,Substance Abuse,41087.333333333336,25.333333333333332,3390.6666666666665,Yes,Yes,1621.8677808416658,4,Normal,2,0,Medium Volume,High Strain
Nonprofit,Urban,Non-Teaching,Substance Abuse,29388.666666666668,14.0,871.3333333333334,No,Yes,2099.1889767697785,2,Overburdened,2,0,Medium Volume,High Strain
Investor Owned,Urban,Non-Teaching,Substance Abuse,25987.0,11.0,1254.0,No,Yes,2362.4523977705476,2,Overburdened,4,0,Medium Volume,High Strain
Nonprofit,Urban,Non-Teaching,Substance Abuse,103851.33333333333,46.666666666666664,4499.0,No,Yes,2225.385237417449,2,Overburdened,3,8,High Volume,High Strain
Nonprofit,Rural,Non-Teaching,Substance Abuse,25632.666666666668,18.0,1236.3333333333333,No,Yes,1424.0362459057894,2,Normal,1,0,Medium Volume,Medium Strain
Nonprofit,Rural,Non-Teaching,Substance Abuse,20801.333333333332,22.0,1099.6666666666667,No,Yes,945.5147217357325,2,Under-Burdened,1,0,Low Volume,Low Strain
Investor Owned,Rural,Non-Teaching,Substance Abuse,19784.666666666668,11.0,1415.3333333333333,No,Yes,1798.6044255111285,4,Overburdened,1,0,Low Volume,High Strain
Investor Owned,Urban,Non-Teaching,Substance Abuse,27192.666666666668,23.0,1440.0,No,No,1182.2893410336198,3,Normal,4,0,Medium Volume,Medium Strain
Government,Urban,Non-Teaching,Substance Abuse,33189.666666666664,15.0,2677.3333333333335,No,No,2212.6429693491314,4,Overburdened,4,0,Medium Volume,High Strain
Nonprofit,Urban,Non-Teaching,Substance Abuse,39927.666666666664,19.0,1924.3333333333333,No,No,2101.4550343219116,3,Overburdened,2,0,Medium Volume,High Strain
Investor Owned,Urban,Non-Teaching,Substance Abuse,13136.0,22.0,866.0,No,No,597.0906376860738,6,Under-Burdened,4,0,Low Volume,Low Strain
Investor Owned,Rural,Non-Teaching,Substance Abuse,1620.0,7.0,28.0,No,No,231.42824081679885,3,Under-Burdened,4,9,Low Volume,Low Strain
Nonprofit,Urban,Non-Teaching,Substance Abuse,41904.5,26.0,2622.0,No,No,1611.7109185727236,5,Normal,2,0,Medium Volume,High Strain
Nonprofit,Urban,Non-Teaching,Substance Abuse,14532.0,17.0,389.5,No,No,854.8230265746903,5,Under-Burdened,2,0,Low Volume,Low Strain
Nonprofit,Urban,Non-Teaching,Substance Abuse,32738.0,24.0,1566.3333333333333,No,No,1364.0827649655146,4,Normal,2,0,Medium Volume,Medium Strain
Nonprofit,Urban,Non-Teaching,Substance Abuse,22042.666666666668,22.0,1668.3333333333333,No,Yes,1001.9389385126037,1,Under-Burdened,2,0,Low Volume,Low Strain
Government,Rural,Non-Teaching,Substance Abuse,18819.5,10.0,2255.5,No,Yes,1881.948118051882,2,Overburdened,1,0,Low Volume,High Strain
Nonprofit,Urban,Non-Teaching,Substance Abuse,48621.0,41.0,2370.0,Yes,Yes,1185.8777595420097,5,Normal,3,0,Medium Volume,Medium Strain
Nonprofit,Urban,Non-Teaching,Substance Abuse,35892.0,40.5,3934.5,No,No,886.2220034019743,6,Under-Burdened,3,0,Medium Volume,Low Strain
Nonprofit,Rural,Non-Teaching,Substance Abuse,9330.0,8.0,418.6666666666667,No,Yes,1166.2485421893223,1,Normal,1,0,Low Volume,Medium Strain
Nonprofit,Urban,Non-Teaching,Substance Abuse,52909.5,40.0,2369.5,No,No,1322.7371693157077,6,Normal,3,0,High Volume,Medium Strain
Investor Owned,Urban,Non-Teaching,Substance Abuse,47574.333333333336,35.0,2113.3333333333335,No,No,1359.266278304873,6,Normal,3,0,Medium Volume,Medium Strain
Government,Urban,Non-Teaching,Substance Abuse,49958.666666666664,25.0,3558.6666666666665,No,No,1998.3458673283196,6,Overburdened,2,0,High Volume,High Strain
Nonprofit,Urban,Teaching,Substance Abuse,73416.5,80.5,1519.0,No,No,912.0060978874412,5,Under-Burdened,0,0,High Volume,Low Strain
Nonprofit,Urban,Non-Teaching,Substance Abuse,65069.0,36.0,2427.5,No,No,1807.4717201467442,5,Overburdened,3,0,High Volume,High Strain
Government,Rural,Non-Teaching,Substance Abuse,33380.333333333336,8.0,1268.3333333333333,No,No,4172.536450996104,2,Overburdened,4,10,Medium Volume,High Strain
Nonprofit,Urban,Non-Teaching,Substance Abuse,67463.5,30.0,2960.0,No,No,2248.7825837391388,6,Overburdened,2,0,High Volume,High Strain
Nonprofit,Urban,Non-Teaching,Substance Abuse,28103.666666666668,13.333333333333334,2316.6666666666665,Yes,No,2107.7734191699356,3,Overburdened,2,0,Medium Volume,High Strain
Government,Frontier,Non-Teaching,Substance Abuse,3986.3333333333335,6.0,524.3333333333334,Yes,Yes,664.3877815759197,3,Under-Burdened,1,0,Low Volume,Low Strain
Investor Owned,Urban,Non-Teaching,Substance Abuse,24901.0,28.0,5331.625,No,Yes,889.3211109567461,5,Under-Burdened,4,0,Low Volume,Low Strain
Nonprofit,Urban,Non-Teaching,Substance Abuse,42502.0,26.0,2367.6666666666665,No,Yes,1634.691678964739,5,Normal,2,0,Medium Volume,High Strain
Nonprofit,Rural,Non-Teaching,Substance Abuse,9721.666666666666,11.0,515.3333333333334,Yes,Yes,883.7870753450829,1,Under-Burdened,1,0,Low Volume,Low Strain
Nonprofit,Rural,Non-Teaching,Substance Abuse,9916.0,7.0,1190.0,Yes,Yes,1416.5694049008503,1,Normal,1,0,Low Volume,Medium Strain
Nonprofit,Urban,Non-Teaching,Substance Abuse,57303.333333333336,51.0,3249.3333333333335,No,No,1123.594550929173,5,Normal,3,0,High Volume,Low Strain
Nonprofit,Urban,Non-Teaching,Substance Abuse,24714.666666666668,13.0,1061.0,No,No,1901.1267427230187,3,Overburdened,2,0,Low Volume,High Strain
Nonprofit,Urban,Non-Teaching,Substance Abuse,57780.0,45.0,3994.6666666666665,No,No,1283.99971466673,4,Normal,3,0,High Volume,Medium Strain
Nonprofit,Urban,Non-Teaching,Substance Abuse,48864.0,27.0,2416.5,No,No,1809.7771074899601,3,Overburdened,2,0,Medium Volume,High Strain
Investor Owned,Rural,Non-Teaching,Substance Abuse,8867.0,9.0,300.0,No,No,985.2211275320806,1,Under-Burdened,4,0,Low Volume,Low Strain
Investor Owned,Urban,Non-Teaching,Substance Abuse,17207.5,15.0,1540.5,No,No,1147.1659018893988,2,Normal,4,0,Low Volume,Low Strain
Investor Owned,Urban,Non-Teaching,Substance Abuse,35628.0,29.5,3458.0,No,Yes,1207.728404159863,5,Normal,4,0,Medium Volume,Medium Strain
Government,Urban,Non-Teaching,Substance Abuse,8424.666666666666,8.333333333333334,429.3333333333333,Yes,No,1010.9587868494557,2,Under-Burdened,4,0,Low Volume,Low Strain
Nonprofit,Urban,Teaching,Substance Abuse,53276.0,30.0,2885.5,No,Yes,1775.8660747113086,4,Overburdened,2,0,High Volume,High Strain
Nonprofit,Urban,Non-Teaching,Substance Abuse,31739.5,34.0,1640.5,No,Yes,933.5144313192848,3,Under-Burdened,3,0,Medium Volume,Low Strain
Investor Owned,Urban,Non-Teaching,Substance Abuse,77669.33333333333,33.0,5314.0,No,No,2353.6154483993587,6,Overburdened,2,0,High Volume,High Strain
Investor Owned,Urban,Non-Teaching,Substance Abuse,51875.333333333336,32.0,1954.3333333333333,No,No,1621.1036600717728,5,Normal,4,0,High Volume,High Strain
Nonprofit,Urban,Non-Teaching,Substance Abuse,72098.66666666667,40.0,2637.3333333333335,No,No,1802.4662160501127,6,Overburdened,3,0,High Volume,High Strain
Government,Rural,Non-Teaching,Substance Abuse,18690.333333333332,12.0,514.0,Yes,No,1557.5264798390444,1,Normal,1,0,Low Volume,Medium Strain
Nonprofit,Rural,Non-Teaching,Substance Abuse,28291.666666666668,14.0,1262.6666666666667,Yes,Yes,2020.8318898819837,2,Overburdened,1,0,Medium Volume,High Strain
Government,Urban,Non-Teaching,Substance Abuse,59761.5,80.5,3090.0,Yes,Yes,742.3787897666099,6,Under-Burdened,0,0,High Volume,Low Strain
Government,Rural,Non-Teaching,Substance Abuse,33321.0,24.0,1629.5,Yes,Yes,1388.3744215106578,4,Normal,1,0,Medium Volume,Medium Strain
Nonprofit,Rural,Non-Teaching,Substance Abuse,28867.333333333332,15.0,1259.0,Yes,Yes,1924.4876058971515,3,Overburdened,1,0,Medium Volume,High Strain
Nonprofit,Rural,Non-Teaching,Substance Abuse,30663.666666666668,18.0,1301.3333333333333,Yes,Yes,1703.536090628098,2,Normal,1,0,Medium Volume,High Strain
Government,Urban,Non-Teaching,Substance Abuse,40721.5,38.5,3478.0,No,No,1057.70102397376,5,Under-Burdened,3,0,Medium Volume,Low Strain
Investor Owned,Urban,Non-Teaching,Substance Abuse,40176.0,28.0,2408.0,No,No,1434.8566304083463,6,Normal,4,0,Medium Volume,Medium Strain
Nonprofit,Rural,Non-Teaching,Substance Abuse,7952.0,6.0,583.6666666666666,No,No,1325.331124448126,1,Normal,1,0,Low Volume,Medium Strain
Nonprofit,Urban,Non-Teaching,Substance Abuse,22600.333333333332,14.0,834.0,No,No,1614.3083707321161,3,Normal,2,0,Low Volume,High Strain
Nonprofit,Urban,Non-Teaching,Substance Abuse,45771.666666666664,31.0,2867.0,No,Yes,1476.5049000521826,5,Normal,2,0,Medium Volume,Medium Strain
Nonprofit,Urban,Non-Teaching,Substance Abuse,26971.5,11.0,1179.5,No,Yes,2451.952316406985,1,Overburdened,2,0,Medium Volume,High Strain
Nonprofit,Rural,Non-Teaching,Substance Abuse,59699.0,44.0,3723.6666666666665,Yes,Yes,1356.7951461829211,5,Normal,3,1,High Volume,Medium Strain
Nonprofit,Urban,Non-Teaching,Substance Abuse,36398.0,40.0,177.0,No,No,909.9497725125568,4,Under-Burdened,3,0,Medium Volume,Low Strain
Government,Urban,Non-Teaching,Substance Abuse,69248.0,54.0,5331.625,No,No,1282.3701328944198,4,Normal,3,0,High Volume,Medium Strain
Nonprofit,Urban,Teaching,Substance Abuse,112998.5,80.0,5331.625,No,No,1412.4810734398657,6,Normal,0,0,High Volume,Medium Strain
Nonprofit,Rural,Non-Teaching,Substance Abuse,9934.0,5.0,1805.0,Yes,Yes,1986.7960264079472,1,Overburdened,1,0,Low Volume,High Strain
Nonprofit,Rural,Non-Teaching,Substance Abuse,15236.0,11.0,858.5,Yes,Yes,1385.0896499185,1,Normal,1,0,Low Volume,Medium Strain
Nonprofit,Rural,Non-Teaching,Substance Abuse,26490.0,24.0,1525.5,No,No,1103.7495401043584,3,Normal,2,0,Medium Volume,Low Strain
Investor Owned,Rural,Non-Teaching,Substance Abuse,9268.0,9.0,194.0,Yes,Yes,1029.7766335815184,2,Under-Burdened,1,0,Low Volume,Low Strain
Nonprofit,Urban,Teaching,Substance Abuse,63937.0,48.0,3447.0,No,Yes,1332.0205558290509,6,Normal,3,0,High Volume,Medium Strain
Investor Owned,Rural,Non-Teaching,Substance Abuse,11554.0,12.0,2927.0,Yes,Yes,962.8325309728909,2,Under-Burdened,1,0,Low Volume,Low Strain
Government,Rural,Non-Teaching,Substance Abuse,30623.0,20.0,2172.0,Yes,Yes,1531.149234425383,4,Normal,1,0,Medium Volume,Medium Strain
Nonprofit,Urban,Non-Teaching,Substance Abuse,74433.0,36.0,2730.5,No,Yes,2067.582759004789,6,Overburdened,3,0,High Volume,High Strain
Government,Urban,Teaching,Substance Abuse,45491.0,30.0,3518.0,No,Yes,1516.3661612112796,5,Normal,2,0,Medium Volume,Medium Strain
Nonprofit,Urban,Non-Teaching,Substance Abuse,53560.0,40.0,2842.0,No,Yes,1338.9996652500836,5,Normal,3,0,High Volume,Medium Strain
Nonprofit,Frontier,Non-Teaching,Substance Abuse,2364.0,2.0,102.0,Yes,Yes,1181.9940900295499,1,Normal,1,0,Low Volume,Medium Strain
Nonprofit,Urban,Teaching,Substance Abuse,41196.0,26.0,2909.0,No,No,1584.4609290534888,6,Normal,2,0,Medium Volume,Medium Strain
Nonprofit,Urban,Non-Teaching,Substance Abuse,72057.0,46.0,146.0,Yes,No,1566.456181205178,6,Normal,3,0,High Volume,Medium Strain
Government,Urban,Non-Teaching,Substance Abuse,33564.0,14.0,2114.0,No,No,2397.4268589808153,4,Overburdened,4,0,Medium Volume,High Strain
Nonprofit,Urban,Non-Teaching,Substance Abuse,31471.5,22.0,1853.0,No,No,1430.5220770354194,3,Normal,2,0,Medium Volume,Medium Strain
Nonprofit,Urban,Non-Teaching,Substance Abuse,33640.5,16.0,4460.5,No,No,2102.52993591879,6,Overburdened,2,0,Medium Volume,High Strain
Nonprofit,Urban,Non-Teaching,Substance Abuse,52043.0,50.0,2564.0,No,No,1040.8597918280416,7,Under-Burdened,3,0,High Volume,Low Strain
Investor Owned,Urban,Non-Teaching,Substance Abuse,29638.0,21.0,1806.5,No,No,1411.3326612701612,4,Normal,4,0,Medium Volume,Medium Strain
Nonprofit,Urban,Non-Teaching,Substance Abuse,25109.5,16.0,861.5,No,No,1569.3427691607694,6,Normal,2,0,Low Volume,Medium Strain
Investor Owned,Urban,Non-Teaching,Substance Abuse,50599.5,24.0,2413.0,No,No,2108.3116215368245,6,Overburdened,4,0,High Volume,High Strain
Nonprofit,Urban,Non-Teaching,Substance Abuse,109217.0,29.0,5331.625,Yes,Yes,3766.1021496199482,3,Overburdened,2,4,High Volume,High Strain
Government,Rural,Non-Teaching,Substance Abuse,10799.0,13.0,239.0,No,Yes,830.6916686987164,1,Under-Burdened,1,0,Low Volume,Low Strain
Nonprofit,Rural,Non-Teaching,Substance Abuse,6472.0,8.0,258.0,No,No,808.998988751264,4,Under-Burdened,1,0,Low Volume,Low Strain
Nonprofit,Rural,Non-Teaching,Substance Abuse,23312.0,18.0,1650.5,Yes,Yes,1295.110391605338,3,Normal,1,0,Low Volume,Medium Strain
Government,Urban,Non-Teaching,Substance Abuse,27460.0,23.0,1308.0,No,No,1193.912524385859,4,Normal,2,0,Medium Volume,Medium Strain
Nonprofit,Urban,Non-Teaching,Substance Abuse,11497.0,69.0,126.0,No,No,166.62316425751243,2,Under-Burdened,0,11,Low Volume,Low Strain
Nonprofit,Urban,Teaching,Substance Abuse,112998.5,72.0,3564.0,No,No,1569.4233931356398,5,Normal,0,0,High Volume,Medium Strain
Investor Owned,Urban,Teaching,Substance Abuse,87345.0,64.0,5331.625,Yes,Yes,1364.7654117554043,7,Normal,0,0,High Volume,Medium Strain
Nonprofit,Urban,Non-Teaching,Substance Abuse,51767.0,26.0,1493.0,No,Yes,1991.0376957547323,3,Overburdened,2,0,High Volume,High Strain
Nonprofit,Urban,Teaching,Substance Abuse,99973.0,59.0,5331.625,No,No,1694.4573399224846,5,Normal,0,0,High Volume,High Strain
Nonprofit,Urban,Non-Teaching,Substance Abuse,30920.5,20.0,1683.0,No,No,1546.0242269878865,6,Normal,2,0,Medium Volume,Medium Strain
Nonprofit,Urban,Non-Teaching,Substance Abuse,56462.0,31.0,3058.0,No,No,1821.3542511760481,6,Overburdened,2,0,High Volume,High Strain
Nonprofit,Urban,Non-Teaching,Substance Abuse,45169.5,29.0,1749.5,No,No,1557.56842842468,6,Normal,2,0,Medium Volume,Medium Strain
Nonprofit,Urban,Teaching,Substance Abuse,107243.0,53.0,5331.625,No,No,2023.4524484051983,5,Overburdened,3,0,High Volume,High Strain
Nonprofit,Urban,Non-Teaching,Substance Abuse,42886.0,25.0,1949.0,No,No,1715.4393138242744,3,Normal,2,0,Medium Volume,High Strain
Nonprofit,Urban,Teaching,Substance Abuse,112998.5,80.5,5331.625,Yes,No,1403.7079001605093,6,Normal,0,0,High Volume,Medium Strain
Nonprofit,Urban,Teaching,Substance Abuse,62646.0,24.0,2701.0,No,Yes,2610.2489123962864,6,Overburdened,2,0,High Volume,High Strain
Nonprofit,Frontier,Non-Teaching,Substance Abuse,4339.5,4.0,336.5,Yes,Yes,1084.8722878192805,1,Normal,1,0,Low Volume,Low Strain
Nonprofit,Urban,Non-Teaching,Substance Abuse,14965.0,39.0,382.0,No,No,383.7178503287563,4,Under-Burdened,3,0,Low Volume,Low Strain
Nonprofit,Urban,Teaching,Substance Abuse,112998.5,80.5,4279.0,No,No,1403.7079001605093,6,Normal,0,0,High Volume,Medium Strain
Nonprofit,Urban,Non-Teaching,Substance Abuse,5637.5,7.0,289.0,No,Yes,805.3559923485824,2,Under-Burdened,1,0,Low Volume,Low Strain
Investor Owned,Urban,Teaching,Substance Abuse,82844.0,62.0,3614.0,Yes,Yes,1336.1933328720431,6,Normal,0,0,High Volume,Medium Strain
Investor Owned,Urban,Non-Teaching,Substance Abuse,13380.0,22.0,897.0,No,No,608.1815417356629,5,Under-Burdened,4,0,Low Volume,Low Strain
Nonprofit,Urban,Non-Teaching,Substance Abuse,17158.0,17.0,552.0,No,No,1009.293523944986,4,Under-Burdened,2,0,Low Volume,Low Strain
Nonprofit,Urban,Teaching,Substance Abuse,43220.0,40.0,4876.0,No,No,1080.4997298750675,6,Under-Burdened,3,0,Medium Volume,Low Strain
Nonprofit,Urban,Non-Teaching,Substance Abuse,63151.0,40.0,3089.0,No,No,1578.7746053063486,5,Normal,3,0,High Volume,Medium Strain
Nonprofit,Urban,Teaching,Substance Abuse,73413.0,36.0,2917.0,No,No,2039.249433541824,5,Overburdened,3,0,High Volume,High Strain
Nonprofit,Urban,Teaching,Substance Abuse,74166.0,30.0,2810.0,No,No,2472.199175933608,6,Overburdened,2,0,High Volume,High Strain
Nonprofit,Urban,Non-Teaching,Substance Abuse,39333.0,24.0,2959.0,No,Yes,1638.8743171357012,5,Normal,2,0,Medium Volume,High Strain
Nonprofit,Urban,Non-Teaching,Substance Abuse,53345.0,27.0,2331.0,No,No,1975.740008985182,4,Overburdened,2,0,High Volume,High Strain
Nonprofit,Urban,Non-Teaching,Substance Abuse,59695.0,30.0,3610.0,No,Yes,1989.8326700557766,4,Overburdened,2,0,High Volume,High Strain
Government,Urban,Teaching,Substance Abuse,71708.0,73.0,4593.0,Yes,Yes,982.3012353012006,6,Under-Burdened,0,0,High Volume,Low Strain
Government,Urban,Non-Teaching,Substance Abuse,45896.0,35.0,4084.0,No,No,1311.313911053168,4,Normal,3,0,Medium Volume,Medium Strain
Nonprofit,Urban,Non-Teaching,Substance Abuse,34054.5,18.0,1919.5,No,No,1891.9156156024358,3,Overburdened,2,0,Medium Volume,High Strain
Nonprofit,Urban,Non-Teaching,Substance Abuse,23820.0,19.5,1370.5,No,Yes,1221.5378351088025,3,Normal,2,0,Low Volume,Medium Strain
Nonprofit,Urban,Non-Teaching,Substance Abuse,32229.0,23.0,1232.0,No,Yes,1401.260260321626,2,Normal,2,0,Medium Volume,Medium Strain
Government,Frontier,Non-Teaching,Substance Abuse,2837.0,2.0,226.0,Yes,Yes,1418.4929075354623,1,Normal,1,0,Low Volume,Medium Strain
Investor Owned,Urban,Non-Teaching,Substance Abuse,23943.0,20.0,2921.0,Yes,No,1197.1494014252994,6,Normal,4,0,Low Volume,Medium Strain
Government,Urban,Teaching,Substance Abuse,32425.0,41.0,1739.0,No,No,790.8534656454962,6,Under-Burdened,3,0,Medium Volume,Low Strain
Nonprofit,Rural,Non-Teaching,Substance Abuse,28244.0,16.0,1721.0,Yes,Yes,1765.2488967194397,3,Overburdened,1,0,Medium Volume,High Strain
Government,Frontier,Non-Teaching,Substance Abuse,4834.0,4.0,253.0,Yes,Yes,1208.4969787575533,2,Normal,1,0,Low Volume,Medium Strain
Nonprofit,Urban,Non-Teaching,Substance Abuse,58831.0,56.0,3520.0,No,No,1050.5533838297529,6,Under-Burdened,3,0,High Volume,Low Strain
Investor Owned,Urban,Non-Teaching,Substance Abuse,73328.0,64.0,4013.0,Yes,Yes,1145.7498209765904,6,Normal,0,0,High Volume,Low Strain
Government,Urban,Teaching,Substance Abuse,68827.0,44.0,3316.0,No,Yes,1564.249644488717,6,Normal,3,0,High Volume,Medium Strain
Nonprofit,Urban,Non-Teaching,Substance Abuse,51901.0,24.0,2482.0,No,Yes,2162.540765608014,6,Overburdened,2,0,High Volume,High Strain
Government,Urban,Teaching,Substance Abuse,33076.0,52.0,1480.0,No,No,636.0768007544614,7,Under-Burdened,3,0,Medium Volume,Low Strain
Nonprofit,Urban,Non-Teaching,Substance Abuse,28108.0,21.0,4777.0,Yes,Yes,1338.4755531068795,5,Normal,1,0,Medium Volume,Medium Strain
Investor Owned,Urban,Non-Teaching,Substance Abuse,67670.0,62.0,3135.0,Yes,Yes,1091.4514368626715,6,Normal,0,0,High Volume,Low Strain
