Tot_ED_NmbVsts,EDStations,Visits_Per_Station,LICENSED_BED_SIZE,Category,HospitalOwnership,UrbanRuralDesi,TEACHINGDesignation,PrimaryCareShortageArea,MentalHealthShortageArea,Overburdened,Overburden_Prob
13261.0,12.0,1105.082412431323,100-149,Active COVID-19,Government,Urban,Non-Teaching,No,No,0,0.01
29420.666666666668,22.0,1337.302422438293,300-499,Active COVID-19,Nonprofit,Urban,Non-Teaching,No,No,0,0.07270135355022304
30782.5,40.0,769.562307609423,150-199,Active COVID-19,Nonprofit,Urban,Teaching,No,No,0,0.0033333333333333335
65082.0,59.0,1103.0845587992274,200-299,Active COVID-19,Government,Urban,Non-Teaching,No,No,0,0.006666666666666667
29479.0,30.0,982.633005788998,300-499,Active COVID-19,Nonprofit,Urban,Non-Teaching,No,No,0,0.5554710143607993
42180.666666666664,39.0,1081.5552782336893,300-499,Active COVID-19,Government,Urban,Non-Teaching,No,No,0,0.006666666666666667
28620.0,17.0,1683.5284214538697,150-199,Active COVID-19,Nonprofit,Urban,Non-Teaching,No,No,0,0.01
37801.333333333336,18.0,2100.0729073669036,100-149,Active COVID-19,Nonprofit,Urban,Non-Teaching,No,No,1,0.9433198631569514
31745.0,22.0,1442.9538895664139,100-149,Active COVID-19,Nonprofit,Urban,Non-Teaching,No,No,0,0.1182888709717451
110997.0,80.0,1387.4623265672092,300-499,Active COVID-19,Nonprofit,Urban,Non-Teaching,No,No,0,0.0
66977.0,40.0,1674.4245813938546,200-299,Active COVID-19,Nonprofit,Urban,Non-Teaching,No,No,0,0.006666666666666667
24025.0,14.0,1716.070202806998,50-99,Active COVID-19,Nonprofit,Rural,Non-Teaching,Yes,No,0,0.03
9708.5,5.0,1941.696116607767,100-149,Active COVID-19,Nonprofit,Rural,Non-Teaching,Yes,Yes,1,0.9366666666666666
8570.0,14.0,612.1424198982716,100-149,Active COVID-19,Nonprofit,Rural,Non-Teaching,Yes,Yes,0,0.44333333333333336
55911.0,49.0,1141.0405834611054,200-299,Active COVID-19,Nonprofit,Urban,Non-Teaching,No,Yes,0,0.0
10039.0,8.0,1254.8734314082108,1-49,Active COVID-19,Nonprofit,Rural,Non-Teaching,Yes,Yes,0,0.4987496400645955
41025.0,30.0,1367.4995441668186,100-149,Active COVID-19,Nonprofit,Urban,Non-Teaching,No,No,0,0.13666666666666666
46164.333333333336,44.0,1049.1891554873132,500+,Active COVID-19,Nonprofit,Urban,Non-Teaching,No,No,0,0.002490670249290939
63404.333333333336,52.0,1219.3138680806665,200-299,Active COVID-19,Nonprofit,Urban,Non-Teaching,No,No,0,0.0
50722.333333333336,32.0,1585.072421331535,200-299,Active COVID-19,Nonprofit,Urban,Non-Teaching,No,No,0,0.006184373531547696
16929.333333333332,12.0,1410.7766021306093,100-149,Active COVID-19,Investor Owned,Urban,Non-Teaching,No,No,0,0.043333333333333335
63958.666666666664,36.0,1776.629136121536,150-199,Active COVID-19,Nonprofit,Urban,Non-Teaching,No,No,1,0.8233333333333334
16776.666666666668,12.0,1398.0543905102302,100-149,Active COVID-19,Nonprofit,Rural,Non-Teaching,Yes,Yes,0,0.43
55450.333333333336,59.0,939.8359988978533,300-499,Active COVID-19,Nonprofit,Rural,Non-Teaching,Yes,Yes,0,0.03333333333333333
7588.5,9.0,843.1657298158558,100-149,Active COVID-19,Investor Owned,Rural,Non-Teaching,Yes,Yes,0,0.03666666666666667
80788.66666666667,73.0,1106.693912325035,500+,Active COVID-19,Nonprofit,Urban,Teaching,Yes,No,0,0.0033333333333333335
35672.666666666664,10.0,3567.263099403567,1-49,Active COVID-19,Nonprofit,Rural,Non-Teaching,Yes,Yes,1,0.9447079476688695
57338.0,48.0,1194.5414178038711,300-499,Active COVID-19,Nonprofit,Urban,Non-Teaching,No,Yes,0,0.01
47511.333333333336,21.0,2262.4433670904605,150-199,Active COVID-19,Nonprofit,Urban,Non-Teaching,No,Yes,1,0.99
5907.0,4.333333333333333,1363.1507004214607,1-49,Active COVID-19,Investor Owned,Frontier,Non-Teaching,Yes,Yes,0,0.0033333333333333335
10314.0,8.0,1289.2483884395144,1-49,Active COVID-19,Investor Owned,Rural,Non-Teaching,Yes,Yes,0,0.0016542732500495734
28371.0,20.0,1418.5492907253547,100-149,Active COVID-19,Investor Owned,Rural,Non-Teaching,Yes,Yes,0,0.02666666666666667
39829.0,16.0,2489.31094418066,100-149,Active COVID-19,Government,Rural,Non-Teaching,Yes,Yes,1,0.9566666666666667
7991.666666666667,7.666666666666667,1042.3899447087679,1-49,Active COVID-19,Government,Rural,Non-Teaching,No,No,0,0.016666666666666666
1610.0,2.0,804.9959750201249,1-49,Active COVID-19,Government,Frontier,Non-Teaching,Yes,No,0,0.0
28485.0,10.0,2848.4971515028487,150-199,Active COVID-19,Nonprofit,Urban,Non-Teaching,Yes,Yes,1,0.99
6546.333333333333,8.0,818.290643803362,100-149,Active COVID-19,Government,Frontier,Non-Teaching,Yes,Yes,0,0.006666666666666667
64106.0,42.666666666666664,1502.484022855307,100-149,Active COVID-19,Nonprofit,Urban,Non-Teaching,No,Yes,0,0.013333333333333334
15535.666666666666,12.0,1294.6378100240472,50-99,Active COVID-19,Nonprofit,Rural,Non-Teaching,Yes,Yes,0,0.16
20035.333333333332,13.0,1541.1783016577167,1-49,Active COVID-19,Nonprofit,Rural,Non-Teaching,Yes,Yes,0,0.02
88985.33333333333,40.666666666666664,2188.163396353263,150-199,Active COVID-19,Nonprofit,Urban,Non-Teaching,Yes,Yes,1,0.97
18720.666666666668,8.0,2340.080408232823,1-49,Active COVID-19,Nonprofit,Rural,Non-Teaching,Yes,Yes,1,0.4987496400645955
18771.0,12.0,1564.2486964594198,1-49,Active COVID-19,Nonprofit,Rural,Non-Teaching,Yes,Yes,0,0.02
10002.666666666666,8.0,1250.3317704186202,1-49,Active COVID-19,Nonprofit,Rural,Non-Teaching,Yes,Yes,0,0.4987496400645955
14433.0,8.0,1804.122744846569,100-149,Active COVID-19,Investor Owned,Urban,Non-Teaching,No,No,1,0.004571736064722037
102466.66666666667,42.666666666666664,2401.561937133921,300-499,Active COVID-19,Government,Urban,Non-Teaching,No,Yes,1,0.9266666666666666
36011.0,26.0,1385.0379288315658,300-499,Active COVID-19,Nonprofit,Urban,Non-Teaching,No,No,0,0.02666666666666667
12317.0,17.0,724.528985571185,300-499,Active COVID-19,Investor Owned,Urban,Non-Teaching,No,No,0,0.09281342819644954
57101.0,35.0,1631.4566767266635,300-499,Active COVID-19,Nonprofit,Urban,Non-Teaching,No,No,0,0.2682920581880158
34882.0,50.5,690.7325364886066,300-499,Active COVID-19,Investor Owned,Urban,Non-Teaching,Yes,No,0,0.0033333333333333335
65446.0,41.0,1596.2435131113382,300-499,Active COVID-19,Nonprofit,Urban,Teaching,Yes,No,0,0.002719863069524819
29986.333333333332,14.0,2141.879422467079,50-99,Active COVID-19,Investor Owned,Urban,Non-Teaching,No,Yes,1,0.98
3751.5,4.0,937.8726553183618,100-149,Active COVID-19,Investor Owned,Urban,Non-Teaching,Yes,Yes,0,0.013333333333333334
20267.0,12.0,1688.915259237284,200-299,Active COVID-19,Investor Owned,Urban,Non-Teaching,No,No,0,0.09
33361.5,14.0,2382.9625835981547,150-199,Active COVID-19,Investor Owned,Urban,Non-Teaching,No,No,1,0.9266666666666666
46487.666666666664,30.666666666666668,1515.9016795972782,150-199,Active COVID-19,Nonprofit,Urban,Non-Teaching,No,No,0,0.19271986306952482
9859.5,8.0,1232.4359594550508,100-149,Active COVID-19,Investor Owned,Urban,Non-Teaching,Yes,Yes,0,0.02666666666666667
6710.333333333333,9.0,745.591764157299,100-149,Active COVID-19,Investor Owned,Urban,Non-Teaching,No,No,0,0.006666666666666667
16033.333333333334,21.0,763.4916999245874,200-299,Active COVID-19,Investor Owned,Urban,Non-Teaching,No,No,0,0.01
39767.5,37.0,1074.7970068116197,500+,Active COVID-19,Nonprofit,Urban,Non-Teaching,No,No,0,0.02666666666666667
18635.5,9.0,2070.608810434655,100-149,Active COVID-19,Investor Owned,Urban,Non-Teaching,Yes,No,1,0.9066666666666666
79359.66666666667,32.0,2479.9888083368305,300-499,Active COVID-19,Nonprofit,Urban,Non-Teaching,No,No,1,0.618722799838865
68964.66666666667,30.0,2298.8214559484036,500+,Active COVID-19,Nonprofit,Urban,Non-Teaching,Yes,No,1,0.9733333333333334
53635.333333333336,57.0,940.9705951513575,300-499,Active COVID-19,Nonprofit,Urban,Teaching,Yes,No,0,0.0
62426.5,49.5,1261.1411593654223,200-299,Active COVID-19,Nonprofit,Urban,Non-Teaching,Yes,No,0,0.013333333333333334
61938.666666666664,41.0,1510.6988185287432,200-299,Active COVID-19,Nonprofit,Urban,Non-Teaching,No,No,0,0.0033333333333333335
79005.0,53.0,1490.6600961018685,200-299,Active COVID-19,Nonprofit,Urban,Non-Teaching,No,No,0,0.2771084816198576
40703.0,29.0,1403.5512401547448,300-499,Active COVID-19,Nonprofit,Urban,Non-Teaching,No,No,0,0.006666666666666667
32344.666666666668,18.0,1796.9249276342996,100-149,Active COVID-19,Nonprofit,Urban,Non-Teaching,No,No,1,0.9433198631569514
36378.0,15.0,2425.198383201078,200-299,Active COVID-19,Investor Owned,Urban,Non-Teaching,No,No,1,0.81
29577.0,10.666666666666666,2772.841150461422,150-199,Active COVID-19,Investor Owned,Urban,Non-Teaching,Yes,No,1,0.4533333333333333
72059.5,64.0,1125.9295115735138,300-499,Active COVID-19,Nonprofit,Urban,Teaching,No,No,0,0.006666666666666667
35037.666666666664,29.0,1208.19498567989,300-499,Active COVID-19,Nonprofit,Urban,Non-Teaching,No,No,0,0.006666666666666667
16074.666666666666,5.666666666666667,2836.700876410218,100-149,Active COVID-19,Investor Owned,Urban,Non-Teaching,No,No,1,0.5666666666666667
54946.0,55.5,990.0178396364253,500+,Active COVID-19,Nonprofit,Urban,Teaching,No,No,0,0.01
47234.0,37.0,1276.5942495691215,300-499,Active COVID-19,Nonprofit,Urban,Non-Teaching,No,No,0,0.14724068054701858
4946.5,4.0,1236.621908445229,50-99,Active COVID-19,Investor Owned,Urban,Non-Teaching,No,No,0,0.016666666666666666
6297.5,7.0,899.6415719406116,100-149,Active COVID-19,Investor Owned,Urban,Non-Teaching,No,No,0,0.0
77714.0,71.0,1094.5632261178555,300-499,Active COVID-19,Nonprofit,Urban,Non-Teaching,No,No,0,0.013333333333333334
57211.0,61.0,937.8850921499849,500+,Active COVID-19,Nonprofit,Urban,Non-Teaching,No,No,0,0.01
12230.666666666666,8.0,1528.8314222940555,100-149,Active COVID-19,Investor Owned,Urban,Non-Teaching,No,No,0,0.004571736064722037
32363.666666666668,15.333333333333334,2110.672536517911,200-299,Active COVID-19,Nonprofit,Urban,Non-Teaching,No,No,1,0.8
31796.5,21.0,1514.1183266103208,200-299,Active COVID-19,Government,Urban,Non-Teaching,No,No,0,0.06
6826.0,7.0,975.1414640836227,200-299,Active COVID-19,Investor Owned,Urban,Non-Teaching,Yes,No,0,0.0033333333333333335
18475.333333333332,12.0,1539.609828102921,150-199,Active COVID-19,Nonprofit,Urban,Non-Teaching,No,No,0,0.006666666666666667
46827.333333333336,41.333333333333336,1132.9190807453836,300-499,Active COVID-19,Investor Owned,Urban,Non-Teaching,Yes,Yes,0,0.013333333333333334
23936.333333333332,27.0,886.530535852888,200-299,Active COVID-19,Nonprofit,Urban,Non-Teaching,No,No,0,0.0033333333333333335
50359.333333333336,40.0,1258.9830185875787,300-499,Active COVID-19,Nonprofit,Urban,Non-Teaching,No,No,0,0.4737946311354338
9195.333333333334,8.0,1149.4152298976294,100-149,Active COVID-19,Investor Owned,Urban,Non-Teaching,No,No,0,0.004571736064722037
43418.0,32.0,1356.8120759962262,300-499,Active COVID-19,Nonprofit,Urban,Non-Teaching,No,No,0,0.618722799838865
21073.5,13.0,1621.037214586758,150-199,Active COVID-19,Nonprofit,Urban,Non-Teaching,No,No,0,0.013333333333333334
46270.0,30.0,1542.3328192223937,200-299,Active COVID-19,Investor Owned,Urban,Non-Teaching,No,No,0,0.0
49428.0,28.0,1765.285083826756,300-499,Active COVID-19,Nonprofit,Urban,Teaching,No,No,1,0.6066666666666667
23054.5,13.0,1773.4217127525287,150-199,Active COVID-19,Investor Owned,Urban,Non-Teaching,No,No,1,0.9166666666666666
52035.666666666664,30.0,1734.5216440483407,300-499,Active COVID-19,Nonprofit,Urban,Non-Teaching,No,No,0,0.5554710143607993
73969.0,72.66666666666667,1017.9218782676313,300-499,Active COVID-19,Government,Urban,Teaching,Yes,No,0,0.0
105955.5,80.5,1316.2172277991021,500+,Active COVID-19,Government,Urban,Teaching,No,No,0,0.0
99493.0,29.0,3430.791920416579,100-149,Active COVID-19,Nonprofit,Urban,Teaching,Yes,Yes,1,0.9966666666666667
50463.666666666664,50.666666666666664,995.9932244750214,300-499,Active COVID-19,Government,Urban,Teaching,No,No,0,0.0
40780.666666666664,37.333333333333336,1092.3389931234838,200-299,Active COVID-19,Nonprofit,Urban,Non-Teaching,No,No,0,0.15666666666666668
67262.0,33.0,2038.2418065933919,200-299,Active COVID-19,Nonprofit,Urban,Non-Teaching,Yes,No,1,0.8333333333333334
92182.33333333333,80.0,1152.2790226317886,300-499,Active COVID-19,Nonprofit,Urban,Non-Teaching,No,No,0,0.0
64397.333333333336,35.0,1839.9232838314426,150-199,Active COVID-19,Investor Owned,Urban,Non-Teaching,Yes,Yes,1,0.9366666666666666
77745.33333333333,38.0,2045.9292861589595,300-499,Active COVID-19,Nonprofit,Rural,Non-Teaching,Yes,Yes,1,0.93
27449.0,19.0,1444.683450166605,100-149,Active COVID-19,Nonprofit,Urban,Non-Teaching,No,No,0,0.5720448498577841
29936.333333333332,31.0,965.6878605307977,300-499,Active COVID-19,Nonprofit,Urban,Non-Teaching,No,No,0,0.6230595905579425
14621.0,9.0,1624.553750495833,1-49,Active COVID-19,Nonprofit,Urban,Non-Teaching,No,No,0,0.026184373531547695
6284.0,3.6666666666666665,1713.8135077813424,1-49,Active COVID-19,Government,Rural,Non-Teaching,Yes,Yes,0,0.0
9094.0,6.0,1515.6641405597659,1-49,Active COVID-19,Nonprofit,Rural,Non-Teaching,Yes,Yes,0,0.08119507963167703
28163.666666666668,19.0,1482.2974654574743,50-99,Active COVID-19,Nonprofit,Rural,Non-Teaching,Yes,Yes,0,0.03
13366.0,9.0,1485.1094609894878,1-49,Active COVID-19,Nonprofit,Rural,Non-Teaching,Yes,Yes,0,0.18829558999435658
25567.333333333332,10.0,2556.7307766025565,1-49,Active COVID-19,Nonprofit,Rural,Non-Teaching,Yes,Yes,1,0.9447079476688695
57461.0,26.0,2210.0376115239956,150-199,Active COVID-19,Nonprofit,Urban,Non-Teaching,Yes,Yes,1,0.9833333333333333
511.0,1.0,510.99489005109945,1-49,Active COVID-19,Government,Frontier,Non-Teaching,Yes,Yes,0,0.0
41278.666666666664,30.666666666666668,1346.0430393337915,200-299,Active COVID-19,Nonprofit,Urban,Non-Teaching,No,No,0,0.0
14553.0,6.0,2425.495957506738,50-99,Active COVID-19,Nonprofit,Rural,Non-Teaching,No,Yes,1,0.92
50028.333333333336,16.0,3126.768879102784,200-299,Active COVID-19,Government,Urban,Non-Teaching,Yes,Yes,1,0.9566666666666667
51527.5,19.0,2711.972256856707,150-199,Active COVID-19,Government,Urban,Non-Teaching,Yes,Yes,1,0.9333333333333333
24487.0,18.0,1360.3881331177038,150-199,Active COVID-19,Investor Owned,Urban,Non-Teaching,No,No,0,0.04
6034.5,8.0,754.3115571105536,100-149,Active COVID-19,Nonprofit,Rural,Non-Teaching,No,No,0,0.006666666666666667
12749.5,15.0,849.9661000226,50-99,Active COVID-19,Government,Rural,Non-Teaching,Yes,Yes,0,0.03
92289.0,35.666666666666664,2587.5413305958887,300-499,Active COVID-19,Nonprofit,Urban,Non-Teaching,No,No,1,0.7920597138565809
27767.5,26.0,1067.9803584690928,200-299,Active COVID-19,Nonprofit,Urban,Non-Teaching,No,No,0,0.0
23505.0,30.0,783.4997388334205,200-299,Active COVID-19,Investor Owned,Urban,Teaching,No,Yes,0,0.0033333333333333335
5063.0,8.0,632.8742089072389,100-149,Active COVID-19,Investor Owned,Urban,Non-Teaching,No,No,0,0.004571736064722037
12153.0,11.0,1104.8171774389295,150-199,Active COVID-19,Investor Owned,Urban,Non-Teaching,No,Yes,0,0.03666666666666667
100965.66666666667,80.5,1254.2317282527874,300-499,Active COVID-19,Nonprofit,Urban,Non-Teaching,No,No,0,0.0
11960.0,12.0,996.6658361118033,100-149,Active COVID-19,Investor Owned,Urban,Non-Teaching,No,No,0,0.043333333333333335
11887.333333333334,11.0,1080.6656842433174,100-149,Active COVID-19,Investor Owned,Urban,Non-Teaching,No,No,0,0.006666666666666667
25199.5,23.0,1095.6299584217572,150-199,Active COVID-19,Investor Owned,Urban,Non-Teaching,No,No,0,0.02
11411.0,10.0,1141.098858901141,150-199,Active COVID-19,Investor Owned,Urban,Non-Teaching,Yes,No,0,0.02
34495.5,44.5,775.1796010832356,300-499,Active COVID-19,Nonprofit,Urban,Non-Teaching,No,No,0,0.04845035358305273
42020.0,50.666666666666664,829.3419415772483,300-499,Active COVID-19,Government,Urban,Teaching,Yes,No,0,0.0
19240.0,12.0,1603.3319972233357,150-199,Active COVID-19,Investor Owned,Urban,Non-Teaching,Yes,No,0,0.04
27262.5,31.0,879.4352001821935,200-299,Active COVID-19,Nonprofit,Urban,Non-Teaching,No,No,0,0.0
14340.0,20.0,716.9996415001792,150-199,Active COVID-19,Nonprofit,Urban,Non-Teaching,No,No,0,0.016666666666666666
53749.666666666664,36.0,1493.045881561329,300-499,Active COVID-19,Nonprofit,Urban,Non-Teaching,No,No,0,0.39020152066018055
4135.333333333333,8.0,516.916020521641,150-199,Active COVID-19,Investor Owned,Urban,Non-Teaching,No,No,0,0.11333333333333333
24221.0,24.0,1009.2079128300363,200-299,Active COVID-19,Investor Owned,Urban,Non-Teaching,Yes,No,0,0.0
17550.0,17.5,1002.8565697962458,200-299,Active COVID-19,Investor Owned,Urban,Non-Teaching,No,No,0,0.043333333333333335
109291.5,72.0,1517.9372891753765,200-299,Active COVID-19,Nonprofit,Urban,Non-Teaching,No,No,0,0.0
26386.333333333332,14.0,1884.7367489975602,50-99,Active COVID-19,Nonprofit,Urban,Non-Teaching,No,Yes,1,0.9433333333333334
69937.5,69.0,1013.5868096251,300-499,Active COVID-19,Nonprofit,Urban,Non-Teaching,No,No,0,0.016666666666666666
112998.5,62.0,1822.5561576522325,300-499,Active COVID-19,Nonprofit,Urban,Non-Teaching,No,No,1,0.82
3495.0,3.0,1164.996116679611,1-49,Active COVID-19,Government,Frontier,Non-Teaching,Yes,Yes,0,0.0
2546.6666666666665,2.0,1273.3269666984997,1-49,Active COVID-19,Government,Frontier,Non-Teaching,Yes,Yes,0,0.0
44698.666666666664,30.0,1489.9550589038693,150-199,Active COVID-19,Investor Owned,Urban,Non-Teaching,No,Yes,0,0.04666666666666667
54417.5,28.0,1943.4814487566255,300-499,Active COVID-19,Investor Owned,Urban,Non-Teaching,No,Yes,1,0.9566666666666667
39938.5,29.0,1377.189180279593,300-499,Active COVID-19,Investor Owned,Urban,Non-Teaching,Yes,Yes,0,0.02666666666666667
45627.5,12.0,3802.2884980929184,100-149,Active COVID-19,Investor Owned,Urban,Non-Teaching,No,Yes,1,0.9633333333333334
7767.0,7.0,1109.5698434716523,1-49,Active COVID-19,Government,Rural,Non-Teaching,Yes,Yes,0,0.0
45660.666666666664,41.0,1113.6745251200343,150-199,Active COVID-19,Investor Owned,Urban,Non-Teaching,No,Yes,0,0.03333333333333333
37046.333333333336,28.0,1323.0828608037402,50-99,Active COVID-19,Government,Urban,Non-Teaching,No,Yes,0,0.043333333333333335
15067.333333333334,12.0,1255.6100647693906,50-99,Active COVID-19,Investor Owned,Urban,Non-Teaching,Yes,No,0,0.023333333333333334
54291.666666666664,41.0,1324.1866688975604,200-299,Active COVID-19,Nonprofit,Urban,Non-Teaching,No,Yes,0,0.0
47474.5,26.0,1825.9416054070748,50-99,Active COVID-19,Nonprofit,Urban,Non-Teaching,No,Yes,1,0.8633333333333333
90694.33333333333,53.0,1711.213513607513,100-149,Active COVID-19,Investor Owned,Urban,Non-Teaching,No,Yes,0,0.03666666666666667
35054.666666666664,21.0,1669.2690463798192,100-149,Active COVID-19,Investor Owned,Urban,Non-Teaching,No,No,0,0.08
47299.5,58.5,808.5383233267823,100-149,Active COVID-19,Nonprofit,Urban,Non-Teaching,No,Yes,0,0.006666666666666667
95381.5,59.0,1616.6353192143526,200-299,Active COVID-19,Nonprofit,Urban,Non-Teaching,No,No,0,0.005321417932677986
63503.666666666664,70.0,907.1951084959368,500+,Active COVID-19,Government,Urban,Teaching,No,No,0,0.0
84523.33333333333,51.333333333333336,1646.5581208003657,500+,Active COVID-19,Nonprofit,Urban,Non-Teaching,No,No,0,0.002490670249290939
106119.0,53.0,2002.2449052368102,200-299,Active COVID-19,Nonprofit,Urban,Non-Teaching,No,No,1,0.2771084816198576
21385.333333333332,18.0,1188.0734140332884,50-99,Active COVID-19,Government,Rural,Non-Teaching,Yes,No,0,0.01
11297.666666666666,7.0,1613.9500753094162,1-49,Active COVID-19,Government,Rural,Non-Teaching,Yes,Yes,0,0.0
33224.0,15.0,2214.9318567120954,100-149,Active COVID-19,Investor Owned,Urban,Non-Teaching,No,No,1,0.7966666666666666
22289.0,12.0,1857.4151188207343,100-149,Active COVID-19,Investor Owned,Urban,Non-Teaching,No,Yes,1,0.9633333333333334
112998.5,80.5,1403.7079001605093,300-499,Active COVID-19,Nonprofit,Urban,Non-Teaching,Yes,No,0,0.0
40403.0,40.0,1010.074747481313,300-499,Active COVID-19,Nonprofit,Urban,Teaching,No,No,0,0.01321720918385787
8291.666666666666,6.0,1381.9421412075424,1-49,Active COVID-19,Government,Rural,Non-Teaching,Yes,Yes,0,0.0
75626.66666666667,52.0,1454.35869467461,300-499,Active COVID-19,Nonprofit,Urban,Non-Teaching,No,Yes,0,0.0033333333333333335
53317.333333333336,18.0,2962.0724284782805,300-499,Active COVID-19,Nonprofit,Urban,Non-Teaching,No,Yes,1,0.97
62192.333333333336,43.0,1446.3329969768224,200-299,Active COVID-19,Nonprofit,Urban,Non-Teaching,No,Yes,0,0.0
30790.0,16.0,1924.3737972663766,100-149,Active COVID-19,Investor Owned,Urban,Non-Teaching,Yes,Yes,1,0.8933333333333333
22806.333333333332,15.333333333333334,1487.3685951943944,150-199,Active COVID-19,Investor Owned,Rural,Non-Teaching,Yes,Yes,0,0.0033333333333333335
35471.0,20.333333333333332,1744.4745518977616,100-149,Active COVID-19,Investor Owned,Urban,Non-Teaching,Yes,Yes,1,0.8966666666666666
57942.0,47.0,1232.8082483386704,300-499,Active COVID-19,Government,Urban,Teaching,Yes,No,0,0.0
25407.666666666668,16.0,1587.9781741803079,1-49,Active COVID-19,Investor Owned,Rural,Non-Teaching,Yes,Yes,0,0.0
23200.666666666668,15.0,1546.710079971058,50-99,Active COVID-19,Nonprofit,Urban,Non-Teaching,No,Yes,0,0.12666666666666668
79146.5,63.0,1256.2934513819919,500+,Active COVID-19,Nonprofit,Urban,Non-Teaching,No,No,0,0.0
86469.0,80.5,1074.148934888331,500+,Active COVID-19,Nonprofit,Urban,Non-Teaching,No,Yes,0,0.0033333333333333335
112241.5,80.5,1394.3041746205993,300-499,Active COVID-19,Nonprofit,Urban,Non-Teaching,No,No,0,0.0
96961.66666666667,77.33333333333333,1253.8144930412295,300-499,Active COVID-19,Nonprofit,Urban,Teaching,No,No,0,0.0
17293.0,20.0,864.6495676752162,200-299,Active COVID-19,Investor Owned,Urban,Non-Teaching,Yes,Yes,0,0.016666666666666666
37200.666666666664,47.0,791.5033776943167,300-499,Active COVID-19,Nonprofit,Urban,Non-Teaching,No,No,0,0.04703390976115877
39953.666666666664,40.0,998.8414169563123,300-499,Active COVID-19,Government,Urban,Non-Teaching,No,No,0,0.006666666666666667
60332.5,80.5,749.4719565873346,300-499,Active COVID-19,Government,Urban,Teaching,No,No,0,0.0
63761.0,48.0,1328.3538899262728,300-499,Active COVID-19,Nonprofit,Urban,Non-Teaching,No,No,0,0.04703390976115877
26922.5,8.0,3365.3082933646333,200-299,Active COVID-19,Government,Urban,Non-Teaching,No,No,1,0.9033333333333333
44178.666666666664,38.0,1162.5961852817054,150-199,Active COVID-19,Nonprofit,Urban,Non-Teaching,No,No,0,0.02666666666666667
77978.0,72.0,1083.027627357274,200-299,Active COVID-19,Government,Urban,Non-Teaching,No,Yes,0,0.006666666666666667
31841.333333333332,28.666666666666668,1110.7437985777447,200-299,Active COVID-19,Nonprofit,Urban,Teaching,No,No,0,0.21
10480.666666666666,12.0,873.3881610654213,200-299,Active COVID-19,Nonprofit,Urban,Non-Teaching,No,No,0,0.11666666666666667
43609.0,59.0,739.135467943141,300-499,Active COVID-19,Government,Urban,Teaching,No,No,0,0.0
20186.666666666668,19.0,1062.4555811637292,200-299,Active COVID-19,Nonprofit,Urban,Non-Teaching,No,No,0,0.04285104019821436
11045.666666666666,12.0,920.4714551626762,200-299,Active COVID-19,Nonprofit,Urban,Teaching,No,No,0,0.08333333333333333
26493.666666666668,35.0,756.9616884871366,200-299,Active COVID-19,Nonprofit,Urban,Non-Teaching,No,Yes,0,0.0033333333333333335
17995.0,16.0,1124.686797070752,100-149,Active COVID-19,Nonprofit,Urban,Non-Teaching,No,No,0,0.21285104019821438
49033.666666666664,28.0,1751.2017555231826,150-199,Active COVID-19,Nonprofit,Urban,Non-Teaching,No,Yes,1,0.99
41087.333333333336,25.333333333333332,1621.8677808416658,150-199,Active COVID-19,Government,Urban,Non-Teaching,Yes,Yes,0,0.12333333333333334
29388.666666666668,14.0,2099.1889767697785,50-99,Active COVID-19,Nonprofit,Urban,Non-Teaching,No,Yes,1,0.9433333333333334
25987.0,11.0,2362.4523977705476,50-99,Active COVID-19,Investor Owned,Urban,Non-Teaching,No,Yes,1,0.9766666666666667
103851.33333333333,46.666666666666664,2225.385237417449,50-99,Active COVID-19,Nonprofit,Urban,Non-Teaching,No,Yes,1,0.9233333333333333
25632.666666666668,18.0,1424.0362459057894,50-99,Active COVID-19,Nonprofit,Rural,Non-Teaching,No,Yes,0,0.06
20801.333333333332,22.0,945.5147217357325,50-99,Active COVID-19,Nonprofit,Rural,Non-Teaching,No,Yes,0,0.056666666666666664
19784.666666666668,11.0,1798.6044255111285,150-199,Active COVID-19,Investor Owned,Rural,Non-Teaching,No,Yes,1,0.8733333333333333
27192.666666666668,23.0,1182.2893410336198,100-149,Active COVID-19,Investor Owned,Urban,Non-Teaching,No,No,0,0.07
33189.666666666664,15.0,2212.6429693491314,150-199,Active COVID-19,Government,Urban,Non-Teaching,No,No,1,0.8666666666666667
39927.666666666664,19.0,2101.4550343219116,100-149,Active COVID-19,Nonprofit,Urban,Non-Teaching,No,No,1,0.5720448498577841
13136.0,22.0,597.0906376860738,300-499,Active COVID-19,Investor Owned,Urban,Non-Teaching,No,No,0,0.07666666666666666
1620.0,7.0,231.42824081679885,100-149,Active COVID-19,Investor Owned,Rural,Non-Teaching,No,No,0,0.0033333333333333335
41904.5,26.0,1611.7109185727236,200-299,Active COVID-19,Nonprofit,Urban,Non-Teaching,No,No,0,0.0
14532.0,17.0,854.8230265746903,200-299,Active COVID-19,Nonprofit,Urban,Non-Teaching,No,No,0,0.17666666666666667
32738.0,24.0,1364.0827649655146,150-199,Active COVID-19,Nonprofit,Urban,Non-Teaching,No,No,0,0.24
22042.666666666668,22.0,1001.9389385126037,1-49,Active COVID-19,Nonprofit,Urban,Non-Teaching,No,Yes,0,0.11333333333333333
18819.5,10.0,1881.948118051882,50-99,Active COVID-19,Government,Rural,Non-Teaching,No,Yes,1,0.98
48621.0,41.0,1185.8777595420097,200-299,Active COVID-19,Nonprofit,Urban,Non-Teaching,Yes,Yes,0,0.0033333333333333335
35892.0,40.5,886.2220034019743,300-499,Active COVID-19,Nonprofit,Urban,Non-Teaching,No,No,0,0.10949707612119165
9330.0,8.0,1166.2485421893223,1-49,Active COVID-19,Nonprofit,Rural,Non-Teaching,No,Yes,0,0.05498591926689514
52909.5,40.0,1322.7371693157077,300-499,Active COVID-19,Nonprofit,Urban,Non-Teaching,No,No,0,0.4737946311354338
47574.333333333336,35.0,1359.266278304873,300-499,Active COVID-19,Investor Owned,Urban,Non-Teaching,No,No,0,0.12
49958.666666666664,25.0,1998.3458673283196,300-499,Active COVID-19,Government,Urban,Non-Teaching,No,No,1,0.8066666666666666
73416.5,80.5,912.0060978874412,200-299,Active COVID-19,Nonprofit,Urban,Teaching,No,No,0,0.006666666666666667
65069.0,36.0,1807.4717201467442,200-299,Active COVID-19,Nonprofit,Urban,Non-Teaching,No,No,1,0.8733333333333333
33380.333333333336,8.0,4172.536450996104,50-99,Active COVID-19,Government,Rural,Non-Teaching,No,No,1,0.9633333333333334
67463.5,30.0,2248.7825837391388,300-499,Active COVID-19,Nonprofit,Urban,Non-Teaching,No,No,1,0.5554710143607993
28103.666666666668,13.333333333333334,2107.7734191699356,100-149,Active COVID-19,Nonprofit,Urban,Non-Teaching,Yes,No,1,0.9833333333333333
3986.3333333333335,6.0,664.3877815759197,100-149,Active COVID-19,Government,Frontier,Non-Teaching,Yes,Yes,0,0.006666666666666667
24901.0,28.0,889.3211109567461,200-299,Active COVID-19,Investor Owned,Urban,Non-Teaching,No,Yes,0,0.01
42502.0,26.0,1634.691678964739,200-299,Active COVID-19,Nonprofit,Urban,Non-Teaching,No,Yes,0,0.0
9721.666666666666,11.0,883.7870753450829,1-49,Active COVID-19,Nonprofit,Rural,Non-Teaching,Yes,Yes,0,0.12666666666666668
9916.0,7.0,1416.5694049008503,1-49,Active COVID-19,Nonprofit,Rural,Non-Teaching,Yes,Yes,0,0.0648305305615391
57303.333333333336,51.0,1123.594550929173,200-299,Active COVID-19,Nonprofit,Urban,Non-Teaching,No,No,0,0.0
24714.666666666668,13.0,1901.1267427230187,100-149,Active COVID-19,Nonprofit,Urban,Non-Teaching,No,No,1,0.8328510401982144
57780.0,45.0,1283.99971466673,150-199,Active COVID-19,Nonprofit,Urban,Non-Teaching,No,No,0,0.0
48864.0,27.0,1809.7771074899601,100-149,Active COVID-19,Nonprofit,Urban,Non-Teaching,No,No,1,0.782490670249291
8867.0,9.0,985.2211275320806,1-49,Active COVID-19,Investor Owned,Rural,Non-Teaching,No,No,0,0.0
17207.5,15.0,1147.1659018893988,50-99,Active COVID-19,Investor Owned,Urban,Non-Teaching,No,No,0,0.02666666666666667
35628.0,29.5,1207.728404159863,200-299,Active COVID-19,Investor Owned,Urban,Non-Teaching,No,Yes,0,0.006666666666666667
8424.666666666666,8.333333333333334,1010.9587868494557,50-99,Active COVID-19,Government,Urban,Non-Teaching,Yes,No,0,0.006666666666666667
53276.0,30.0,1775.8660747113086,150-199,Active COVID-19,Nonprofit,Urban,Teaching,No,Yes,1,0.98
31739.5,34.0,933.5144313192848,100-149,Active COVID-19,Nonprofit,Urban,Non-Teaching,No,Yes,0,0.07333333333333333
77669.33333333333,33.0,2353.6154483993587,300-499,Active COVID-19,Investor Owned,Urban,Non-Teaching,No,No,1,0.7944787548486356
51875.333333333336,32.0,1621.1036600717728,200-299,Active COVID-19,Investor Owned,Urban,Non-Teaching,No,No,0,0.0033333333333333335
72098.66666666667,40.0,1802.4662160501127,300-499,Active COVID-19,Nonprofit,Urban,Non-Teaching,No,No,1,0.4737946311354338
18690.333333333332,12.0,1557.5264798390444,1-49,Active COVID-19,Government,Rural,Non-Teaching,Yes,No,0,0.0
28291.666666666668,14.0,2020.8318898819837,50-99,Active COVID-19,Nonprofit,Rural,Non-Teaching,Yes,Yes,1,0.81
59761.5,80.5,742.3787897666099,300-499,Active COVID-19,Government,Urban,Non-Teaching,Yes,Yes,0,0.0
33321.0,24.0,1388.3744215106578,150-199,Active COVID-19,Government,Rural,Non-Teaching,Yes,Yes,0,0.016666666666666666
28867.333333333332,15.0,1924.4876058971515,100-149,Active COVID-19,Nonprofit,Rural,Non-Teaching,Yes,Yes,1,0.89
30663.666666666668,18.0,1703.536090628098,50-99,Active COVID-19,Nonprofit,Rural,Non-Teaching,Yes,Yes,0,0.03
40721.5,38.5,1057.70102397376,200-299,Active COVID-19,Government,Urban,Non-Teaching,No,No,0,0.013333333333333334
40176.0,28.0,1434.8566304083463,300-499,Active COVID-19,Investor Owned,Urban,Non-Teaching,No,No,0,0.2
7952.0,6.0,1325.331124448126,1-49,Active COVID-19,Nonprofit,Rural,Non-Teaching,No,No,0,0.01
22600.333333333332,14.0,1614.3083707321161,100-149,Active COVID-19,Nonprofit,Urban,Non-Teaching,No,No,0,0.5261843735315478
45771.666666666664,31.0,1476.5049000521826,200-299,Active COVID-19,Nonprofit,Urban,Non-Teaching,No,Yes,0,0.0
26971.5,11.0,2451.952316406985,1-49,Active COVID-19,Nonprofit,Urban,Non-Teaching,No,Yes,1,0.8933333333333333
59699.0,44.0,1356.7951461829211,200-299,Active COVID-19,Nonprofit,Rural,Non-Teaching,Yes,Yes,0,0.0
36398.0,40.0,909.9497725125568,150-199,Active COVID-19,Nonprofit,Urban,Non-Teaching,No,No,0,0.005544511811284498
69248.0,54.0,1282.3701328944198,150-199,Active COVID-19,Government,Urban,Non-Teaching,No,No,0,0.0
112998.5,80.0,1412.4810734398657,300-499,Active COVID-19,Nonprofit,Urban,Teaching,No,No,0,0.0
9934.0,5.0,1986.7960264079472,1-49,Active COVID-19,Nonprofit,Rural,Non-Teaching,Yes,Yes,1,0.840552243766321
15236.0,11.0,1385.0896499185,1-49,Active COVID-19,Nonprofit,Rural,Non-Teaching,Yes,Yes,0,0.12666666666666668
26490.0,24.0,1103.7495401043584,100-149,Active COVID-19,Nonprofit,Rural,Non-Teaching,No,No,0,0.0033333333333333335
9268.0,9.0,1029.7766335815184,50-99,Active COVID-19,Investor Owned,Rural,Non-Teaching,Yes,Yes,0,0.006666666666666667
63937.0,48.0,1332.0205558290509,300-499,Active COVID-19,Nonprofit,Urban,Teaching,No,Yes,0,0.016666666666666666
11554.0,12.0,962.8325309728909,50-99,Active COVID-19,Investor Owned,Rural,Non-Teaching,Yes,Yes,0,0.01
30623.0,20.0,1531.149234425383,150-199,Active COVID-19,Government,Rural,Non-Teaching,Yes,Yes,0,0.02
74433.0,36.0,2067.582759004789,300-499,Active COVID-19,Nonprofit,Urban,Non-Teaching,No,Yes,1,0.97
45491.0,30.0,1516.3661612112796,200-299,Active COVID-19,Government,Urban,Teaching,No,Yes,0,0.006666666666666667
53560.0,40.0,1338.9996652500836,200-299,Active COVID-19,Nonprofit,Urban,Non-Teaching,No,Yes,0,0.0
2364.0,2.0,1181.9940900295499,1-49,Active COVID-19,Nonprofit,Frontier,Non-Teaching,Yes,Yes,0,0.0033333333333333335
41196.0,26.0,1584.4609290534888,300-499,Active COVID-19,Nonprofit,Urban,Teaching,No,No,0,0.023333333333333334
72057.0,46.0,1566.456181205178,300-499,Active COVID-19,Nonprofit,Urban,Non-Teaching,Yes,No,0,0.006666666666666667
33564.0,14.0,2397.4268589808153,150-199,Active COVID-19,Government,Urban,Non-Teaching,No,No,1,0.87
31471.5,22.0,1430.5220770354194,100-149,Active COVID-19,Nonprofit,Urban,Non-Teaching,No,No,0,0.1182888709717451
33640.5,16.0,2102.52993591879,300-499,Active COVID-19,Nonprofit,Urban,Non-Teaching,No,No,1,0.6012667136647736
52043.0,50.0,1040.8597918280416,500+,Active COVID-19,Nonprofit,Urban,Non-Teaching,No,No,0,0.002490670249290939
29638.0,21.0,1411.3326612701612,150-199,Active COVID-19,Investor Owned,Urban,Non-Teaching,No,No,0,0.02
25109.5,16.0,1569.3427691607694,300-499,Active COVID-19,Nonprofit,Urban,Non-Teaching,No,No,0,0.6012667136647736
50599.5,24.0,2108.3116215368245,300-499,Active COVID-19,Investor Owned,Urban,Non-Teaching,No,No,1,0.7933333333333333
109217.0,29.0,3766.1021496199482,100-149,Active COVID-19,Nonprofit,Urban,Non-Teaching,Yes,Yes,1,0.9733333333333334
10799.0,13.0,830.6916686987164,1-49,Active COVID-19,Government,Rural,Non-Teaching,No,Yes,0,0.01
6472.0,8.0,808.998988751264,150-199,Active COVID-19,Nonprofit,Rural,Non-Teaching,No,No,0,0.016666666666666666
23312.0,18.0,1295.110391605338,100-149,Active COVID-19,Nonprofit,Rural,Non-Teaching,Yes,Yes,0,0.10333333333333333
27460.0,23.0,1193.912524385859,150-199,Active COVID-19,Government,Urban,Non-Teaching,No,No,0,0.05333333333333334
11497.0,69.0,166.62316425751243,50-99,Active COVID-19,Nonprofit,Urban,Non-Teaching,No,No,0,0.006666666666666667
112998.5,72.0,1569.4233931356398,200-299,Active COVID-19,Nonprofit,Urban,Teaching,No,No,0,0.006666666666666667
87345.0,64.0,1364.7654117554043,500+,Active COVID-19,Investor Owned,Urban,Teaching,Yes,Yes,0,0.0033333333333333335
51767.0,26.0,1991.0376957547323,100-149,Active COVID-19,Nonprofit,Urban,Non-Teaching,No,Yes,1,0.7833333333333333
99973.0,59.0,1694.4573399224846,200-299,Active COVID-19,Nonprofit,Urban,Teaching,No,No,0,0.07333333333333333
30920.5,20.0,1546.0242269878865,300-499,Active COVID-19,Nonprofit,Urban,Non-Teaching,No,No,0,0.0755523937484374
56462.0,31.0,1821.3542511760481,300-499,Active COVID-19,Nonprofit,Urban,Non-Teaching,No,No,1,0.6230595905579425
45169.5,29.0,1557.56842842468,300-499,Active COVID-19,Nonprofit,Urban,Non-Teaching,No,No,0,0.006666666666666667
107243.0,53.0,2023.4524484051983,200-299,Active COVID-19,Nonprofit,Urban,Teaching,No,No,1,0.8866666666666667
42886.0,25.0,1715.4393138242744,100-149,Active COVID-19,Nonprofit,Urban,Non-Teaching,No,No,0,0.1483146738319152
112998.5,80.5,1403.7079001605093,300-499,Active COVID-19,Nonprofit,Urban,Teaching,Yes,No,0,0.0
62646.0,24.0,2610.2489123962864,300-499,Active COVID-19,Nonprofit,Urban,Teaching,No,Yes,1,0.9833333333333333
4339.5,4.0,1084.8722878192805,1-49,Active COVID-19,Nonprofit,Frontier,Non-Teaching,Yes,Yes,0,0.006666666666666667
14965.0,39.0,383.7178503287563,150-199,Active COVID-19,Nonprofit,Urban,Non-Teaching,No,No,0,0.005544511811284498
112998.5,80.5,1403.7079001605093,300-499,Active COVID-19,Nonprofit,Urban,Teaching,No,No,0,0.0
5637.5,7.0,805.3559923485824,50-99,Active COVID-19,Nonprofit,Urban,Non-Teaching,No,Yes,0,0.30666666666666664
82844.0,62.0,1336.1933328720431,300-499,Active COVID-19,Investor Owned,Urban,Teaching,Yes,Yes,0,0.0033333333333333335
13380.0,22.0,608.1815417356629,200-299,Active COVID-19,Investor Owned,Urban,Non-Teaching,No,No,0,0.01
17158.0,17.0,1009.293523944986,150-199,Active COVID-19,Nonprofit,Urban,Non-Teaching,No,No,0,0.01
43220.0,40.0,1080.4997298750675,300-499,Active COVID-19,Nonprofit,Urban,Teaching,No,No,0,0.01321720918385787
63151.0,40.0,1578.7746053063486,200-299,Active COVID-19,Nonprofit,Urban,Non-Teaching,No,No,0,0.006666666666666667
73413.0,36.0,2039.249433541824,200-299,Active COVID-19,Nonprofit,Urban,Teaching,No,No,1,0.94
74166.0,30.0,2472.199175933608,300-499,Active COVID-19,Nonprofit,Urban,Teaching,No,No,1,0.6573523433320989
39333.0,24.0,1638.8743171357012,200-299,Active COVID-19,Nonprofit,Urban,Non-Teaching,No,Yes,0,0.0033333333333333335
53345.0,27.0,1975.740008985182,150-199,Active COVID-19,Nonprofit,Urban,Non-Teaching,No,No,1,0.7366666666666667
59695.0,30.0,1989.8326700557766,150-199,Active COVID-19,Nonprofit,Urban,Non-Teaching,No,Yes,1,0.9933333333333333
71708.0,73.0,982.3012353012006,300-499,Active COVID-19,Government,Urban,Teaching,Yes,Yes,0,0.0
45896.0,35.0,1311.313911053168,150-199,Active COVID-19,Government,Urban,Non-Teaching,No,No,0,0.02666666666666667
34054.5,18.0,1891.9156156024358,100-149,Active COVID-19,Nonprofit,Urban,Non-Teaching,No,No,1,0.9433198631569514
23820.0,19.5,1221.5378351088025,100-149,Active COVID-19,Nonprofit,Urban,Non-Teaching,No,Yes,0,0.1661843735315477
32229.0,23.0,1401.260260321626,50-99,Active COVID-19,Nonprofit,Urban,Non-Teaching,No,Yes,0,0.13333333333333333
2837.0,2.0,1418.4929075354623,1-49,Active COVID-19,Government,Frontier,Non-Teaching,Yes,Yes,0,0.0
23943.0,20.0,1197.1494014252994,300-499,Active COVID-19,Investor Owned,Urban,Non-Teaching,Yes,No,0,0.01
32425.0,41.0,790.8534656454962,300-499,Active COVID-19,Government,Urban,Teaching,No,No,0,0.0
28244.0,16.0,1765.2488967194397,100-149,Active COVID-19,Nonprofit,Rural,Non-Teaching,Yes,Yes,1,0.8933333333333333
4834.0,4.0,1208.4969787575533,50-99,Active COVID-19,Government,Frontier,Non-Teaching,Yes,Yes,0,0.0
58831.0,56.0,1050.5533838297529,300-499,Active COVID-19,Nonprofit,Urban,Non-Teaching,No,No,0,0.10333333333333333
73328.0,64.0,1145.7498209765904,300-499,Active COVID-19,Investor Owned,Urban,Non-Teaching,Yes,Yes,0,0.0033333333333333335
68827.0,44.0,1564.249644488717,300-499,Active COVID-19,Government,Urban,Teaching,No,Yes,0,0.01
51901.0,24.0,2162.540765608014,300-499,Active COVID-19,Nonprofit,Urban,Non-Teaching,No,Yes,1,0.97
33076.0,52.0,636.0768007544614,500+,Active COVID-19,Government,Urban,Teaching,No,No,0,0.0033333333333333335
28108.0,21.0,1338.4755531068795,200-299,Active COVID-19,Nonprofit,Urban,Non-Teaching,Yes,Yes,0,0.016666666666666666
67670.0,62.0,1091.4514368626715,300-499,Active COVID-19,Investor Owned,Urban,Non-Teaching,Yes,Yes,0,0.0033333333333333335
13261.0,12.0,1105.082412431323,100-149,All ED Visits,Government,Urban,Non-Teaching,No,No,0,0.03
29420.666666666668,22.0,1337.302422438293,300-499,All ED Visits,Nonprofit,Urban,Non-Teaching,No,No,0,0.0
30782.5,40.0,769.562307609423,150-199,All ED Visits,Nonprofit,Urban,Teaching,No,No,0,0.0033333333333333335
65082.0,59.0,1103.0845587992274,200-299,All ED Visits,Government,Urban,Non-Teaching,No,No,0,0.0
29479.0,30.0,982.633005788998,300-499,All ED Visits,Nonprofit,Urban,Non-Teaching,No,No,0,0.08154660098296633
42180.666666666664,39.0,1081.5552782336893,300-499,All ED Visits,Government,Urban,Non-Teaching,No,No,0,0.012719863069524818
28620.0,17.0,1683.5284214538697,150-199,All ED Visits,Nonprofit,Urban,Non-Teaching,No,No,0,0.01
37801.333333333336,18.0,2100.0729073669036,100-149,All ED Visits,Nonprofit,Urban,Non-Teaching,No,No,1,0.9568828716101537
31745.0,22.0,1442.9538895664139,100-149,All ED Visits,Nonprofit,Urban,Non-Teaching,No,No,0,0.38727640730762497
110997.0,80.0,1387.4623265672092,300-499,All ED Visits,Nonprofit,Urban,Non-Teaching,No,No,0,0.0
66977.0,40.0,1674.4245813938546,200-299,All ED Visits,Nonprofit,Urban,Non-Teaching,No,No,0,0.0
24025.0,14.0,1716.070202806998,50-99,All ED Visits,Nonprofit,Rural,Non-Teaching,Yes,No,0,0.0033333333333333335
9708.5,5.0,1941.696116607767,100-149,All ED Visits,Nonprofit,Rural,Non-Teaching,Yes,Yes,1,0.83
8570.0,14.0,612.1424198982716,100-149,All ED Visits,Nonprofit,Rural,Non-Teaching,Yes,Yes,0,0.07333333333333333
55911.0,49.0,1141.0405834611054,200-299,All ED Visits,Nonprofit,Urban,Non-Teaching,No,Yes,0,0.0
10039.0,8.0,1254.8734314082108,1-49,All ED Visits,Nonprofit,Rural,Non-Teaching,Yes,Yes,0,0.44478100066118353
41025.0,30.0,1367.4995441668186,100-149,All ED Visits,Nonprofit,Urban,Non-Teaching,No,No,0,0.16905049091335764
46164.333333333336,44.0,1049.1891554873132,500+,All ED Visits,Nonprofit,Urban,Non-Teaching,No,No,0,0.0033333333333333335
63404.333333333336,52.0,1219.3138680806665,200-299,All ED Visits,Nonprofit,Urban,Non-Teaching,No,No,0,0.061338009705149306
50722.333333333336,32.0,1585.072421331535,200-299,All ED Visits,Nonprofit,Urban,Non-Teaching,No,No,0,0.011988084599344653
16929.333333333332,12.0,1410.7766021306093,100-149,All ED Visits,Investor Owned,Urban,Non-Teaching,No,No,0,0.047081311977638866
63958.666666666664,36.0,1776.629136121536,150-199,All ED Visits,Nonprofit,Urban,Non-Teaching,No,No,1,0.8033333333333333
16776.666666666668,12.0,1398.0543905102302,100-149,All ED Visits,Nonprofit,Rural,Non-Teaching,Yes,Yes,0,0.06333333333333334
55450.333333333336,59.0,939.8359988978533,300-499,All ED Visits,Nonprofit,Rural,Non-Teaching,Yes,Yes,0,0.03
7588.5,9.0,843.1657298158558,100-149,All ED Visits,Investor Owned,Rural,Non-Teaching,Yes,Yes,0,0.0033333333333333335
80788.66666666667,73.0,1106.693912325035,500+,All ED Visits,Nonprofit,Urban,Teaching,Yes,No,0,0.01
35672.666666666664,10.0,3567.263099403567,1-49,All ED Visits,Nonprofit,Rural,Non-Teaching,Yes,Yes,1,0.9232863464809058
57338.0,48.0,1194.5414178038711,300-499,All ED Visits,Nonprofit,Urban,Non-Teaching,No,Yes,0,0.006666666666666667
47511.333333333336,21.0,2262.4433670904605,150-199,All ED Visits,Nonprofit,Urban,Non-Teaching,No,Yes,1,0.9933333333333333
5907.0,4.333333333333333,1363.1507004214607,1-49,All ED Visits,Investor Owned,Frontier,Non-Teaching,Yes,Yes,0,0.0
10314.0,8.0,1289.2483884395144,1-49,All ED Visits,Investor Owned,Rural,Non-Teaching,Yes,Yes,0,0.004478754848635592
28371.0,20.0,1418.5492907253547,100-149,All ED Visits,Investor Owned,Rural,Non-Teaching,Yes,Yes,0,0.023333333333333334
39829.0,16.0,2489.31094418066,100-149,All ED Visits,Government,Rural,Non-Teaching,Yes,Yes,1,0.94
7991.666666666667,7.666666666666667,1042.3899447087679,1-49,All ED Visits,Government,Rural,Non-Teaching,No,No,0,0.006666666666666667
1610.0,2.0,804.9959750201249,1-49,All ED Visits,Government,Frontier,Non-Teaching,Yes,No,0,0.0
28485.0,10.0,2848.4971515028487,150-199,All ED Visits,Nonprofit,Urban,Non-Teaching,Yes,Yes,1,0.9966666666666667
6546.333333333333,8.0,818.290643803362,100-149,All ED Visits,Government,Frontier,Non-Teaching,Yes,Yes,0,0.0033333333333333335
64106.0,42.666666666666664,1502.484022855307,100-149,All ED Visits,Nonprofit,Urban,Non-Teaching,No,Yes,0,0.01
15535.666666666666,12.0,1294.6378100240472,50-99,All ED Visits,Nonprofit,Rural,Non-Teaching,Yes,Yes,0,0.1
20035.333333333332,13.0,1541.1783016577167,1-49,All ED Visits,Nonprofit,Rural,Non-Teaching,Yes,Yes,0,0.013333333333333334
88985.33333333333,40.666666666666664,2188.163396353263,150-199,All ED Visits,Nonprofit,Urban,Non-Teaching,Yes,Yes,1,0.9766666666666667
18720.666666666668,8.0,2340.080408232823,1-49,All ED Visits,Nonprofit,Rural,Non-Teaching,Yes,Yes,1,0.44478100066118353
18771.0,12.0,1564.2486964594198,1-49,All ED Visits,Nonprofit,Rural,Non-Teaching,Yes,Yes,0,0.013333333333333334
10002.666666666666,8.0,1250.3317704186202,1-49,All ED Visits,Nonprofit,Rural,Non-Teaching,Yes,Yes,0,0.44478100066118353
14433.0,8.0,1804.122744846569,100-149,All ED Visits,Investor Owned,Urban,Non-Teaching,No,No,1,0.42501609432953363
102466.66666666667,42.666666666666664,2401.561937133921,300-499,All ED Visits,Government,Urban,Non-Teaching,No,Yes,1,0.9666666666666667
36011.0,26.0,1385.0379288315658,300-499,All ED Visits,Nonprofit,Urban,Non-Teaching,No,No,0,0.0
12317.0,17.0,724.528985571185,300-499,All ED Visits,Investor Owned,Urban,Non-Teaching,No,No,0,0.043333333333333335
57101.0,35.0,1631.4566767266635,300-499,All ED Visits,Nonprofit,Urban,Non-Teaching,No,No,0,0.16594427061814854
34882.0,50.5,690.7325364886066,300-499,All ED Visits,Investor Owned,Urban,Non-Teaching,Yes,No,0,0.0
65446.0,41.0,1596.2435131113382,300-499,All ED Visits,Nonprofit,Urban,Teaching,Yes,No,0,0.0
29986.333333333332,14.0,2141.879422467079,50-99,All ED Visits,Investor Owned,Urban,Non-Teaching,No,Yes,1,0.9833333333333333
3751.5,4.0,937.8726553183618,100-149,All ED Visits,Investor Owned,Urban,Non-Teaching,Yes,Yes,0,0.016666666666666666
20267.0,12.0,1688.915259237284,200-299,All ED Visits,Investor Owned,Urban,Non-Teaching,No,No,0,0.11
33361.5,14.0,2382.9625835981547,150-199,All ED Visits,Investor Owned,Urban,Non-Teaching,No,No,1,0.92
46487.666666666664,30.666666666666668,1515.9016795972782,150-199,All ED Visits,Nonprofit,Urban,Non-Teaching,No,No,0,0.12867504378083866
9859.5,8.0,1232.4359594550508,100-149,All ED Visits,Investor Owned,Urban,Non-Teaching,Yes,Yes,0,0.02
6710.333333333333,9.0,745.591764157299,100-149,All ED Visits,Investor Owned,Urban,Non-Teaching,No,No,0,0.12445707845918849
16033.333333333334,21.0,763.4916999245874,200-299,All ED Visits,Investor Owned,Urban,Non-Teaching,No,No,0,0.0033333333333333335
39767.5,37.0,1074.7970068116197,500+,All ED Visits,Nonprofit,Urban,Non-Teaching,No,No,0,0.023333333333333334
18635.5,9.0,2070.608810434655,100-149,All ED Visits,Investor Owned,Urban,Non-Teaching,Yes,No,1,0.9622111784779512
79359.66666666667,32.0,2479.9888083368305,300-499,All ED Visits,Nonprofit,Urban,Non-Teaching,No,No,1,0.20557223949769463
68964.66666666667,30.0,2298.8214559484036,500+,All ED Visits,Nonprofit,Urban,Non-Teaching,Yes,No,1,0.9766666666666667
53635.333333333336,57.0,940.9705951513575,300-499,All ED Visits,Nonprofit,Urban,Teaching,Yes,No,0,0.0
62426.5,49.5,1261.1411593654223,200-299,All ED Visits,Nonprofit,Urban,Non-Teaching,Yes,No,0,0.03640671409822477
61938.666666666664,41.0,1510.6988185287432,200-299,All ED Visits,Nonprofit,Urban,Non-Teaching,No,No,0,0.0
79005.0,53.0,1490.6600961018685,200-299,All ED Visits,Nonprofit,Urban,Non-Teaching,No,No,0,0.5510234993381097
40703.0,29.0,1403.5512401547448,300-499,All ED Visits,Nonprofit,Urban,Non-Teaching,No,No,0,0.0
32344.666666666668,18.0,1796.9249276342996,100-149,All ED Visits,Nonprofit,Urban,Non-Teaching,No,No,1,0.9568828716101537
36378.0,15.0,2425.198383201078,200-299,All ED Visits,Investor Owned,Urban,Non-Teaching,No,No,1,0.84
29577.0,10.666666666666666,2772.841150461422,150-199,All ED Visits,Investor Owned,Urban,Non-Teaching,Yes,No,1,0.7933333333333333
72059.5,64.0,1125.9295115735138,300-499,All ED Visits,Nonprofit,Urban,Teaching,No,No,0,0.0
35037.666666666664,29.0,1208.19498567989,300-499,All ED Visits,Nonprofit,Urban,Non-Teaching,No,No,0,0.0
16074.666666666666,5.666666666666667,2836.700876410218,100-149,All ED Visits,Investor Owned,Urban,Non-Teaching,No,No,1,0.8745148867041265
54946.0,55.5,990.0178396364253,500+,All ED Visits,Nonprofit,Urban,Teaching,No,No,0,0.006666666666666667
47234.0,37.0,1276.5942495691215,300-499,All ED Visits,Nonprofit,Urban,Non-Teaching,No,No,0,0.2914488000423441
4946.5,4.0,1236.621908445229,50-99,All ED Visits,Investor Owned,Urban,Non-Teaching,No,No,0,0.01
6297.5,7.0,899.6415719406116,100-149,All ED Visits,Investor Owned,Urban,Non-Teaching,No,No,0,0.14361479718075607
77714.0,71.0,1094.5632261178555,300-499,All ED Visits,Nonprofit,Urban,Non-Teaching,No,No,0,0.0
57211.0,61.0,937.8850921499849,500+,All ED Visits,Nonprofit,Urban,Non-Teaching,No,No,0,0.0033333333333333335
12230.666666666666,8.0,1528.8314222940555,100-149,All ED Visits,Investor Owned,Urban,Non-Teaching,No,No,0,0.42501609432953363
32363.666666666668,15.333333333333334,2110.672536517911,200-299,All ED Visits,Nonprofit,Urban,Non-Teaching,No,No,1,0.5033333333333333
31796.5,21.0,1514.1183266103208,200-299,All ED Visits,Government,Urban,Non-Teaching,No,No,0,0.013333333333333334
6826.0,7.0,975.1414640836227,200-299,All ED Visits,Investor Owned,Urban,Non-Teaching,Yes,No,0,0.006666666666666667
18475.333333333332,12.0,1539.609828102921,150-199,All ED Visits,Nonprofit,Urban,Non-Teaching,No,No,0,0.013333333333333334
46827.333333333336,41.333333333333336,1132.9190807453836,300-499,All ED Visits,Investor Owned,Urban,Non-Teaching,Yes,Yes,0,0.013333333333333334
23936.333333333332,27.0,886.530535852888,200-299,All ED Visits,Nonprofit,Urban,Non-Teaching,No,No,0,0.0
50359.333333333336,40.0,1258.9830185875787,300-499,All ED Visits,Nonprofit,Urban,Non-Teaching,No,No,0,0.5431877289258601
9195.333333333334,8.0,1149.4152298976294,100-149,All ED Visits,Investor Owned,Urban,Non-Teaching,No,No,0,0.42501609432953363
43418.0,32.0,1356.8120759962262,300-499,All ED Visits,Nonprofit,Urban,Non-Teaching,No,No,0,0.20557223949769463
21073.5,13.0,1621.037214586758,150-199,All ED Visits,Nonprofit,Urban,Non-Teaching,No,No,0,0.02666666666666667
46270.0,30.0,1542.3328192223937,200-299,All ED Visits,Investor Owned,Urban,Non-Teaching,No,No,0,0.0
49428.0,28.0,1765.285083826756,300-499,All ED Visits,Nonprofit,Urban,Teaching,No,No,1,0.8766666666666667
23054.5,13.0,1773.4217127525287,150-199,All ED Visits,Investor Owned,Urban,Non-Teaching,No,No,1,0.92
52035.666666666664,30.0,1734.5216440483407,300-499,All ED Visits,Nonprofit,Urban,Non-Teaching,No,No,0,0.08154660098296633
73969.0,72.66666666666667,1017.9218782676313,300-499,All ED Visits,Government,Urban,Teaching,Yes,No,0,0.0
105955.5,80.5,1316.2172277991021,500+,All ED Visits,Government,Urban,Teaching,No,No,0,0.0
99493.0,29.0,3430.791920416579,100-149,All ED Visits,Nonprofit,Urban,Teaching,Yes,Yes,1,1.0
50463.666666666664,50.666666666666664,995.9932244750214,300-499,All ED Visits,Government,Urban,Teaching,No,No,0,0.0
40780.666666666664,37.333333333333336,1092.3389931234838,200-299,All ED Visits,Nonprofit,Urban,Non-Teaching,No,No,0,0.09
67262.0,33.0,2038.2418065933919,200-299,All ED Visits,Nonprofit,Urban,Non-Teaching,Yes,No,1,0.935321417932678
92182.33333333333,80.0,1152.2790226317886,300-499,All ED Visits,Nonprofit,Urban,Non-Teaching,No,No,0,0.0
64397.333333333336,35.0,1839.9232838314426,150-199,All ED Visits,Investor Owned,Urban,Non-Teaching,Yes,Yes,1,0.8933333333333333
77745.33333333333,38.0,2045.9292861589595,300-499,All ED Visits,Nonprofit,Rural,Non-Teaching,Yes,Yes,1,0.94
27449.0,19.0,1444.683450166605,100-149,All ED Visits,Nonprofit,Urban,Non-Teaching,No,No,0,0.6194714878016158
29936.333333333332,31.0,965.6878605307977,300-499,All ED Visits,Nonprofit,Urban,Non-Teaching,No,No,0,0.5232224349575798
14621.0,9.0,1624.553750495833,1-49,All ED Visits,Nonprofit,Urban,Non-Teaching,No,No,0,0.01
6284.0,3.6666666666666665,1713.8135077813424,1-49,All ED Visits,Government,Rural,Non-Teaching,Yes,Yes,0,0.0
9094.0,6.0,1515.6641405597659,1-49,All ED Visits,Nonprofit,Rural,Non-Teaching,Yes,Yes,0,0.06390990822574395
28163.666666666668,19.0,1482.2974654574743,50-99,All ED Visits,Nonprofit,Rural,Non-Teaching,Yes,Yes,0,0.02
13366.0,9.0,1485.1094609894878,1-49,All ED Visits,Nonprofit,Rural,Non-Teaching,Yes,Yes,0,0.15966696159701313
25567.333333333332,10.0,2556.7307766025565,1-49,All ED Visits,Nonprofit,Rural,Non-Teaching,Yes,Yes,1,0.9232863464809058
57461.0,26.0,2210.0376115239956,150-199,All ED Visits,Nonprofit,Urban,Non-Teaching,Yes,Yes,1,0.9966666666666667
511.0,1.0,510.99489005109945,1-49,All ED Visits,Government,Frontier,Non-Teaching,Yes,Yes,0,0.0
41278.666666666664,30.666666666666668,1346.0430393337915,200-299,All ED Visits,Nonprofit,Urban,Non-Teaching,No,No,0,0.008316929602336872
14553.0,6.0,2425.495957506738,50-99,All ED Visits,Nonprofit,Rural,Non-Teaching,No,Yes,1,0.7633333333333333
50028.333333333336,16.0,3126.768879102784,200-299,All ED Visits,Government,Urban,Non-Teaching,Yes,Yes,1,0.97
51527.5,19.0,2711.972256856707,150-199,All ED Visits,Government,Urban,Non-Teaching,Yes,Yes,1,0.9733333333333334
24487.0,18.0,1360.3881331177038,150-199,All ED Visits,Investor Owned,Urban,Non-Teaching,No,No,0,0.043333333333333335
6034.5,8.0,754.3115571105536,100-149,All ED Visits,Nonprofit,Rural,Non-Teaching,No,No,0,0.0033333333333333335
12749.5,15.0,849.9661000226,50-99,All ED Visits,Government,Rural,Non-Teaching,Yes,Yes,0,0.03
92289.0,35.666666666666664,2587.5413305958887,300-499,All ED Visits,Nonprofit,Urban,Non-Teaching,No,No,1,0.7250588016712882
27767.5,26.0,1067.9803584690928,200-299,All ED Visits,Nonprofit,Urban,Non-Teaching,No,No,0,0.0
23505.0,30.0,783.4997388334205,200-299,All ED Visits,Investor Owned,Urban,Teaching,No,Yes,0,0.006666666666666667
5063.0,8.0,632.8742089072389,100-149,All ED Visits,Investor Owned,Urban,Non-Teaching,No,No,0,0.42501609432953363
12153.0,11.0,1104.8171774389295,150-199,All ED Visits,Investor Owned,Urban,Non-Teaching,No,Yes,0,0.043333333333333335
100965.66666666667,80.5,1254.2317282527874,300-499,All ED Visits,Nonprofit,Urban,Non-Teaching,No,No,0,0.0
11960.0,12.0,996.6658361118033,100-149,All ED Visits,Investor Owned,Urban,Non-Teaching,No,No,0,0.047081311977638866
11887.333333333334,11.0,1080.6656842433174,100-149,All ED Visits,Investor Owned,Urban,Non-Teaching,No,No,0,0.019571982226929803
25199.5,23.0,1095.6299584217572,150-199,All ED Visits,Investor Owned,Urban,Non-Teaching,No,No,0,0.01
11411.0,10.0,1141.098858901141,150-199,All ED Visits,Investor Owned,Urban,Non-Teaching,Yes,No,0,0.12666666666666668
34495.5,44.5,775.1796010832356,300-499,All ED Visits,Nonprofit,Urban,Non-Teaching,No,No,0,0.002490670249290939
42020.0,50.666666666666664,829.3419415772483,300-499,All ED Visits,Government,Urban,Teaching,Yes,No,0,0.0
19240.0,12.0,1603.3319972233357,150-199,All ED Visits,Investor Owned,Urban,Non-Teaching,Yes,No,0,0.15
27262.5,31.0,879.4352001821935,200-299,All ED Visits,Nonprofit,Urban,Non-Teaching,No,No,0,0.010305014201681525
14340.0,20.0,716.9996415001792,150-199,All ED Visits,Nonprofit,Urban,Non-Teaching,No,No,0,0.0033333333333333335
53749.666666666664,36.0,1493.045881561329,300-499,All ED Visits,Nonprofit,Urban,Non-Teaching,No,No,0,0.17138539090385876
4135.333333333333,8.0,516.916020521641,150-199,All ED Visits,Investor Owned,Urban,Non-Teaching,No,No,0,0.11719337838254716
24221.0,24.0,1009.2079128300363,200-299,All ED Visits,Investor Owned,Urban,Non-Teaching,Yes,No,0,0.0
17550.0,17.5,1002.8565697962458,200-299,All ED Visits,Investor Owned,Urban,Non-Teaching,No,No,0,0.043333333333333335
109291.5,72.0,1517.9372891753765,200-299,All ED Visits,Nonprofit,Urban,Non-Teaching,No,No,0,0.023534461093224966
26386.333333333332,14.0,1884.7367489975602,50-99,All ED Visits,Nonprofit,Urban,Non-Teaching,No,Yes,1,0.95
69937.5,69.0,1013.5868096251,300-499,All ED Visits,Nonprofit,Urban,Non-Teaching,No,No,0,0.0
112998.5,62.0,1822.5561576522325,300-499,All ED Visits,Nonprofit,Urban,Non-Teaching,No,No,1,0.52
3495.0,3.0,1164.996116679611,1-49,All ED Visits,Government,Frontier,Non-Teaching,Yes,Yes,0,0.0
2546.6666666666665,2.0,1273.3269666984997,1-49,All ED Visits,Government,Frontier,Non-Teaching,Yes,Yes,0,0.0
44698.666666666664,30.0,1489.9550589038693,150-199,All ED Visits,Investor Owned,Urban,Non-Teaching,No,Yes,0,0.04666666666666667
54417.5,28.0,1943.4814487566255,300-499,All ED Visits,Investor Owned,Urban,Non-Teaching,No,Yes,1,0.95
39938.5,29.0,1377.189180279593,300-499,All ED Visits,Investor Owned,Urban,Non-Teaching,Yes,Yes,0,0.04666666666666667
45627.5,12.0,3802.2884980929184,100-149,All ED Visits,Investor Owned,Urban,Non-Teaching,No,Yes,1,0.99
7767.0,7.0,1109.5698434716523,1-49,All ED Visits,Government,Rural,Non-Teaching,Yes,Yes,0,0.0
45660.666666666664,41.0,1113.6745251200343,150-199,All ED Visits,Investor Owned,Urban,Non-Teaching,No,Yes,0,0.016666666666666666
37046.333333333336,28.0,1323.0828608037402,50-99,All ED Visits,Government,Urban,Non-Teaching,No,Yes,0,0.03666666666666667
15067.333333333334,12.0,1255.6100647693906,50-99,All ED Visits,Investor Owned,Urban,Non-Teaching,Yes,No,0,0.013333333333333334
54291.666666666664,41.0,1324.1866688975604,200-299,All ED Visits,Nonprofit,Urban,Non-Teaching,No,Yes,0,0.0
47474.5,26.0,1825.9416054070748,50-99,All ED Visits,Nonprofit,Urban,Non-Teaching,No,Yes,1,0.8333333333333334
90694.33333333333,53.0,1711.213513607513,100-149,All ED Visits,Investor Owned,Urban,Non-Teaching,No,Yes,0,0.03333333333333333
35054.666666666664,21.0,1669.2690463798192,100-149,All ED Visits,Investor Owned,Urban,Non-Teaching,No,No,0,0.0591573369159576
47299.5,58.5,808.5383233267823,100-149,All ED Visits,Nonprofit,Urban,Non-Teaching,No,Yes,0,0.006666666666666667
95381.5,59.0,1616.6353192143526,200-299,All ED Visits,Nonprofit,Urban,Non-Teaching,No,No,0,0.10668974017206258
63503.666666666664,70.0,907.1951084959368,500+,All ED Visits,Government,Urban,Teaching,No,No,0,0.0
84523.33333333333,51.333333333333336,1646.5581208003657,500+,All ED Visits,Nonprofit,Urban,Non-Teaching,No,No,0,0.0033333333333333335
106119.0,53.0,2002.2449052368102,200-299,All ED Visits,Nonprofit,Urban,Non-Teaching,No,No,1,0.5510234993381097
21385.333333333332,18.0,1188.0734140332884,50-99,All ED Visits,Government,Rural,Non-Teaching,Yes,No,0,0.006666666666666667
11297.666666666666,7.0,1613.9500753094162,1-49,All ED Visits,Government,Rural,Non-Teaching,Yes,Yes,0,0.0
33224.0,15.0,2214.9318567120954,100-149,All ED Visits,Investor Owned,Urban,Non-Teaching,No,No,1,0.7820937053942559
22289.0,12.0,1857.4151188207343,100-149,All ED Visits,Investor Owned,Urban,Non-Teaching,No,Yes,1,0.99
112998.5,80.5,1403.7079001605093,300-499,All ED Visits,Nonprofit,Urban,Non-Teaching,Yes,No,0,0.0
40403.0,40.0,1010.074747481313,300-499,All ED Visits,Nonprofit,Urban,Teaching,No,No,0,0.014478754848635592
8291.666666666666,6.0,1381.9421412075424,1-49,All ED Visits,Government,Rural,Non-Teaching,Yes,Yes,0,0.0
75626.66666666667,52.0,1454.35869467461,300-499,All ED Visits,Nonprofit,Urban,Non-Teaching,No,Yes,0,0.006666666666666667
53317.333333333336,18.0,2962.0724284782805,300-499,All ED Visits,Nonprofit,Urban,Non-Teaching,No,Yes,1,0.9433333333333334
62192.333333333336,43.0,1446.3329969768224,200-299,All ED Visits,Nonprofit,Urban,Non-Teaching,No,Yes,0,0.0
30790.0,16.0,1924.3737972663766,100-149,All ED Visits,Investor Owned,Urban,Non-Teaching,Yes,Yes,1,0.9566666666666667
22806.333333333332,15.333333333333334,1487.3685951943944,150-199,All ED Visits,Investor Owned,Rural,Non-Teaching,Yes,Yes,0,0.01
35471.0,20.333333333333332,1744.4745518977616,100-149,All ED Visits,Investor Owned,Urban,Non-Teaching,Yes,Yes,1,0.97
57942.0,47.0,1232.8082483386704,300-499,All ED Visits,Government,Urban,Teaching,Yes,No,0,0.0
25407.666666666668,16.0,1587.9781741803079,1-49,All ED Visits,Investor Owned,Rural,Non-Teaching,Yes,Yes,0,0.006666666666666667
23200.666666666668,15.0,1546.710079971058,50-99,All ED Visits,Nonprofit,Urban,Non-Teaching,No,Yes,0,0.14333333333333334
79146.5,63.0,1256.2934513819919,500+,All ED Visits,Nonprofit,Urban,Non-Teaching,No,No,0,0.0033333333333333335
86469.0,80.5,1074.148934888331,500+,All ED Visits,Nonprofit,Urban,Non-Teaching,No,Yes,0,0.0
112241.5,80.5,1394.3041746205993,300-499,All ED Visits,Nonprofit,Urban,Non-Teaching,No,No,0,0.0
96961.66666666667,77.33333333333333,1253.8144930412295,300-499,All ED Visits,Nonprofit,Urban,Teaching,No,No,0,0.0
17293.0,20.0,864.6495676752162,200-299,All ED Visits,Investor Owned,Urban,Non-Teaching,Yes,Yes,0,0.01
37200.666666666664,47.0,791.5033776943167,300-499,All ED Visits,Nonprofit,Urban,Non-Teaching,No,No,0,0.002490670249290939
39953.666666666664,40.0,998.8414169563123,300-499,All ED Visits,Government,Urban,Non-Teaching,No,No,0,0.016053196402858152
60332.5,80.5,749.4719565873346,300-499,All ED Visits,Government,Urban,Teaching,No,No,0,0.0
63761.0,48.0,1328.3538899262728,300-499,All ED Visits,Nonprofit,Urban,Non-Teaching,No,No,0,0.002490670249290939
26922.5,8.0,3365.3082933646333,200-299,All ED Visits,Government,Urban,Non-Teaching,No,No,1,0.71
44178.666666666664,38.0,1162.5961852817054,150-199,All ED Visits,Nonprofit,Urban,Non-Teaching,No,No,0,0.06666666666666667
77978.0,72.0,1083.027627357274,200-299,All ED Visits,Government,Urban,Non-Teaching,No,Yes,0,0.03
31841.333333333332,28.666666666666668,1110.7437985777447,200-299,All ED Visits,Nonprofit,Urban,Teaching,No,No,0,0.28
10480.666666666666,12.0,873.3881610654213,200-299,All ED Visits,Nonprofit,Urban,Non-Teaching,No,No,0,0.03333333333333333
43609.0,59.0,739.135467943141,300-499,All ED Visits,Government,Urban,Teaching,No,No,0,0.0
20186.666666666668,19.0,1062.4555811637292,200-299,All ED Visits,Nonprofit,Urban,Non-Teaching,No,No,0,0.01399646171351662
11045.666666666666,12.0,920.4714551626762,200-299,All ED Visits,Nonprofit,Urban,Teaching,No,No,0,0.19
26493.666666666668,35.0,756.9616884871366,200-299,All ED Visits,Nonprofit,Urban,Non-Teaching,No,Yes,0,0.013333333333333334
17995.0,16.0,1124.686797070752,100-149,All ED Visits,Nonprofit,Urban,Non-Teaching,No,No,0,0.10666666666666667
49033.666666666664,28.0,1751.2017555231826,150-199,All ED Visits,Nonprofit,Urban,Non-Teaching,No,Yes,1,0.9966666666666667
41087.333333333336,25.333333333333332,1621.8677808416658,150-199,All ED Visits,Government,Urban,Non-Teaching,Yes,Yes,0,0.22333333333333333
29388.666666666668,14.0,2099.1889767697785,50-99,All ED Visits,Nonprofit,Urban,Non-Teaching,No,Yes,1,0.95
25987.0,11.0,2362.4523977705476,50-99,All ED Visits,Investor Owned,Urban,Non-Teaching,No,Yes,1,0.98
103851.33333333333,46.666666666666664,2225.385237417449,50-99,All ED Visits,Nonprofit,Urban,Non-Teaching,No,Yes,1,0.92
25632.666666666668,18.0,1424.0362459057894,50-99,All ED Visits,Nonprofit,Rural,Non-Teaching,No,Yes,0,0.016666666666666666
20801.333333333332,22.0,945.5147217357325,50-99,All ED Visits,Nonprofit,Rural,Non-Teaching,No,Yes,0,0.016666666666666666
19784.666666666668,11.0,1798.6044255111285,150-199,All ED Visits,Investor Owned,Rural,Non-Teaching,No,Yes,1,0.95
27192.666666666668,23.0,1182.2893410336198,100-149,All ED Visits,Investor Owned,Urban,Non-Teaching,No,No,0,0.056666666666666664
33189.666666666664,15.0,2212.6429693491314,150-199,All ED Visits,Government,Urban,Non-Teaching,No,No,1,0.9466666666666667
39927.666666666664,19.0,2101.4550343219116,100-149,All ED Visits,Nonprofit,Urban,Non-Teaching,No,No,1,0.6194714878016158
13136.0,22.0,597.0906376860738,300-499,All ED Visits,Investor Owned,Urban,Non-Teaching,No,No,0,0.04666666666666667
1620.0,7.0,231.42824081679885,100-149,All ED Visits,Investor Owned,Rural,Non-Teaching,No,No,0,0.001988084599344653
41904.5,26.0,1611.7109185727236,200-299,All ED Visits,Nonprofit,Urban,Non-Teaching,No,No,0,0.0
14532.0,17.0,854.8230265746903,200-299,All ED Visits,Nonprofit,Urban,Non-Teaching,No,No,0,0.01
32738.0,24.0,1364.0827649655146,150-199,All ED Visits,Nonprofit,Urban,Non-Teaching,No,No,0,0.0033333333333333335
22042.666666666668,22.0,1001.9389385126037,1-49,All ED Visits,Nonprofit,Urban,Non-Teaching,No,Yes,0,0.06
18819.5,10.0,1881.948118051882,50-99,All ED Visits,Government,Rural,Non-Teaching,No,Yes,1,0.9566666666666667
48621.0,41.0,1185.8777595420097,200-299,All ED Visits,Nonprofit,Urban,Non-Teaching,Yes,Yes,0,0.006666666666666667
35892.0,40.5,886.2220034019743,300-499,All ED Visits,Nonprofit,Urban,Non-Teaching,No,No,0,0.08649168481823093
9330.0,8.0,1166.2485421893223,1-49,All ED Visits,Nonprofit,Rural,Non-Teaching,No,Yes,0,0.008292142769102687
52909.5,40.0,1322.7371693157077,300-499,All ED Visits,Nonprofit,Urban,Non-Teaching,No,No,0,0.5431877289258601
47574.333333333336,35.0,1359.266278304873,300-499,All ED Visits,Investor Owned,Urban,Non-Teaching,No,No,0,0.13
49958.666666666664,25.0,1998.3458673283196,300-499,All ED Visits,Government,Urban,Non-Teaching,No,No,1,0.9266666666666666
73416.5,80.5,912.0060978874412,200-299,All ED Visits,Nonprofit,Urban,Teaching,No,No,0,0.016666666666666666
65069.0,36.0,1807.4717201467442,200-299,All ED Visits,Nonprofit,Urban,Non-Teaching,No,No,1,0.8233333333333334
33380.333333333336,8.0,4172.536450996104,50-99,All ED Visits,Government,Rural,Non-Teaching,No,No,1,0.9433333333333334
67463.5,30.0,2248.7825837391388,300-499,All ED Visits,Nonprofit,Urban,Non-Teaching,No,No,1,0.08154660098296633
28103.666666666668,13.333333333333334,2107.7734191699356,100-149,All ED Visits,Nonprofit,Urban,Non-Teaching,Yes,No,1,0.9866666666666667
3986.3333333333335,6.0,664.3877815759197,100-149,All ED Visits,Government,Frontier,Non-Teaching,Yes,Yes,0,0.0033333333333333335
24901.0,28.0,889.3211109567461,200-299,All ED Visits,Investor Owned,Urban,Non-Teaching,No,Yes,0,0.006666666666666667
42502.0,26.0,1634.691678964739,200-299,All ED Visits,Nonprofit,Urban,Non-Teaching,No,Yes,0,0.006666666666666667
9721.666666666666,11.0,883.7870753450829,1-49,All ED Visits,Nonprofit,Rural,Non-Teaching,Yes,Yes,0,0.11582400358262428
9916.0,7.0,1416.5694049008503,1-49,All ED Visits,Nonprofit,Rural,Non-Teaching,Yes,Yes,0,0.042544393454512726
57303.333333333336,51.0,1123.594550929173,200-299,All ED Visits,Nonprofit,Urban,Non-Teaching,No,No,0,0.056016591772471334
24714.666666666668,13.0,1901.1267427230187,100-149,All ED Visits,Nonprofit,Urban,Non-Teaching,No,No,1,0.7866666666666666
57780.0,45.0,1283.99971466673,150-199,All ED Visits,Nonprofit,Urban,Non-Teaching,No,No,0,0.006666666666666667
48864.0,27.0,1809.7771074899601,100-149,All ED Visits,Nonprofit,Urban,Non-Teaching,No,No,1,0.8381830409960811
8867.0,9.0,985.2211275320806,1-49,All ED Visits,Investor Owned,Rural,Non-Teaching,No,No,0,0.0033333333333333335
17207.5,15.0,1147.1659018893988,50-99,All ED Visits,Investor Owned,Urban,Non-Teaching,No,No,0,0.02666666666666667
35628.0,29.5,1207.728404159863,200-299,All ED Visits,Investor Owned,Urban,Non-Teaching,No,Yes,0,0.0
8424.666666666666,8.333333333333334,1010.9587868494557,50-99,All ED Visits,Government,Urban,Non-Teaching,Yes,No,0,0.006666666666666667
53276.0,30.0,1775.8660747113086,150-199,All ED Visits,Nonprofit,Urban,Teaching,No,Yes,1,0.9966666666666667
31739.5,34.0,933.5144313192848,100-149,All ED Visits,Nonprofit,Urban,Non-Teaching,No,Yes,0,0.06333333333333334
77669.33333333333,33.0,2353.6154483993587,300-499,All ED Visits,Investor Owned,Urban,Non-Teaching,No,No,1,0.7466666666666667
51875.333333333336,32.0,1621.1036600717728,200-299,All ED Visits,Investor Owned,Urban,Non-Teaching,No,No,0,0.0
72098.66666666667,40.0,1802.4662160501127,300-499,All ED Visits,Nonprofit,Urban,Non-Teaching,No,No,1,0.5431877289258601
18690.333333333332,12.0,1557.5264798390444,1-49,All ED Visits,Government,Rural,Non-Teaching,Yes,No,0,0.0033333333333333335
28291.666666666668,14.0,2020.8318898819837,50-99,All ED Visits,Nonprofit,Rural,Non-Teaching,Yes,Yes,1,0.82
59761.5,80.5,742.3787897666099,300-499,All ED Visits,Government,Urban,Non-Teaching,Yes,Yes,0,0.01
33321.0,24.0,1388.3744215106578,150-199,All ED Visits,Government,Rural,Non-Teaching,Yes,Yes,0,0.01
28867.333333333332,15.0,1924.4876058971515,100-149,All ED Visits,Nonprofit,Rural,Non-Teaching,Yes,Yes,1,0.6433333333333333
30663.666666666668,18.0,1703.536090628098,50-99,All ED Visits,Nonprofit,Rural,Non-Teaching,Yes,Yes,0,0.02
40721.5,38.5,1057.70102397376,200-299,All ED Visits,Government,Urban,Non-Teaching,No,No,0,0.0
40176.0,28.0,1434.8566304083463,300-499,All ED Visits,Investor Owned,Urban,Non-Teaching,No,No,0,0.16
7952.0,6.0,1325.331124448126,1-49,All ED Visits,Nonprofit,Rural,Non-Teaching,No,No,0,0.0
22600.333333333332,14.0,1614.3083707321161,100-149,All ED Visits,Nonprofit,Urban,Non-Teaching,No,No,0,0.20333333333333334
45771.666666666664,31.0,1476.5049000521826,200-299,All ED Visits,Nonprofit,Urban,Non-Teaching,No,Yes,0,0.0
26971.5,11.0,2451.952316406985,1-49,All ED Visits,Nonprofit,Urban,Non-Teaching,No,Yes,1,0.8966666666666666
59699.0,44.0,1356.7951461829211,200-299,All ED Visits,Nonprofit,Rural,Non-Teaching,Yes,Yes,0,0.0033333333333333335
36398.0,40.0,909.9497725125568,150-199,All ED Visits,Nonprofit,Urban,Non-Teaching,No,No,0,0.026184373531547695
69248.0,54.0,1282.3701328944198,150-199,All ED Visits,Government,Urban,Non-Teaching,No,No,0,0.01
112998.5,80.0,1412.4810734398657,300-499,All ED Visits,Nonprofit,Urban,Teaching,No,No,0,0.0
9934.0,5.0,1986.7960264079472,1-49,All ED Visits,Nonprofit,Rural,Non-Teaching,Yes,Yes,1,0.834571736064722
15236.0,11.0,1385.0896499185,1-49,All ED Visits,Nonprofit,Rural,Non-Teaching,Yes,Yes,0,0.11582400358262428
26490.0,24.0,1103.7495401043584,100-149,All ED Visits,Nonprofit,Rural,Non-Teaching,No,No,0,0.006666666666666667
9268.0,9.0,1029.7766335815184,50-99,All ED Visits,Investor Owned,Rural,Non-Teaching,Yes,Yes,0,0.0
63937.0,48.0,1332.0205558290509,300-499,All ED Visits,Nonprofit,Urban,Teaching,No,Yes,0,0.023333333333333334
11554.0,12.0,962.8325309728909,50-99,All ED Visits,Investor Owned,Rural,Non-Teaching,Yes,Yes,0,0.0
30623.0,20.0,1531.149234425383,150-199,All ED Visits,Government,Rural,Non-Teaching,Yes,Yes,0,0.006666666666666667
74433.0,36.0,2067.582759004789,300-499,All ED Visits,Nonprofit,Urban,Non-Teaching,No,Yes,1,0.8766666666666667
45491.0,30.0,1516.3661612112796,200-299,All ED Visits,Government,Urban,Teaching,No,Yes,0,0.0033333333333333335
53560.0,40.0,1338.9996652500836,200-299,All ED Visits,Nonprofit,Urban,Non-Teaching,No,Yes,0,0.0033333333333333335
2364.0,2.0,1181.9940900295499,1-49,All ED Visits,Nonprofit,Frontier,Non-Teaching,Yes,Yes,0,0.0033333333333333335
41196.0,26.0,1584.4609290534888,300-499,All ED Visits,Nonprofit,Urban,Teaching,No,No,0,0.14333333333333334
72057.0,46.0,1566.456181205178,300-499,All ED Visits,Nonprofit,Urban,Non-Teaching,Yes,No,0,0.0
33564.0,14.0,2397.4268589808153,150-199,All ED Visits,Government,Urban,Non-Teaching,No,No,1,0.9433333333333334
31471.5,22.0,1430.5220770354194,100-149,All ED Visits,Nonprofit,Urban,Non-Teaching,No,No,0,0.38727640730762497
33640.5,16.0,2102.52993591879,300-499,All ED Visits,Nonprofit,Urban,Non-Teaching,No,No,1,0.3194733694661347
52043.0,50.0,1040.8597918280416,500+,All ED Visits,Nonprofit,Urban,Non-Teaching,No,No,0,0.0033333333333333335
29638.0,21.0,1411.3326612701612,150-199,All ED Visits,Investor Owned,Urban,Non-Teaching,No,No,0,0.01
25109.5,16.0,1569.3427691607694,300-499,All ED Visits,Nonprofit,Urban,Non-Teaching,No,No,0,0.3194733694661347
50599.5,24.0,2108.3116215368245,300-499,All ED Visits,Investor Owned,Urban,Non-Teaching,No,No,1,0.36333333333333334
109217.0,29.0,3766.1021496199482,100-149,All ED Visits,Nonprofit,Urban,Non-Teaching,Yes,Yes,1,0.9666666666666667
10799.0,13.0,830.6916686987164,1-49,All ED Visits,Government,Rural,Non-Teaching,No,Yes,0,0.013333333333333334
6472.0,8.0,808.998988751264,150-199,All ED Visits,Nonprofit,Rural,Non-Teaching,No,No,0,0.0033333333333333335
23312.0,18.0,1295.110391605338,100-149,All ED Visits,Nonprofit,Rural,Non-Teaching,Yes,Yes,0,0.056666666666666664
27460.0,23.0,1193.912524385859,150-199,All ED Visits,Government,Urban,Non-Teaching,No,No,0,0.2
11497.0,69.0,166.62316425751243,50-99,All ED Visits,Nonprofit,Urban,Non-Teaching,No,No,0,0.0
112998.5,72.0,1569.4233931356398,200-299,All ED Visits,Nonprofit,Urban,Teaching,No,No,0,0.016666666666666666
87345.0,64.0,1364.7654117554043,500+,All ED Visits,Investor Owned,Urban,Teaching,Yes,Yes,0,0.0
51767.0,26.0,1991.0376957547323,100-149,All ED Visits,Nonprofit,Urban,Non-Teaching,No,Yes,1,0.8366666666666667
99973.0,59.0,1694.4573399224846,200-299,All ED Visits,Nonprofit,Urban,Teaching,No,No,0,0.07333333333333333
30920.5,20.0,1546.0242269878865,300-499,All ED Visits,Nonprofit,Urban,Non-Teaching,No,No,0,0.001988084599344653
56462.0,31.0,1821.3542511760481,300-499,All ED Visits,Nonprofit,Urban,Non-Teaching,No,No,1,0.5232224349575798
45169.5,29.0,1557.56842842468,300-499,All ED Visits,Nonprofit,Urban,Non-Teaching,No,No,0,0.0
107243.0,53.0,2023.4524484051983,200-299,All ED Visits,Nonprofit,Urban,Teaching,No,No,1,0.9116775399099697
42886.0,25.0,1715.4393138242744,100-149,All ED Visits,Nonprofit,Urban,Non-Teaching,No,No,0,0.4497999952432944
112998.5,80.5,1403.7079001605093,300-499,All ED Visits,Nonprofit,Urban,Teaching,Yes,No,0,0.0
62646.0,24.0,2610.2489123962864,300-499,All ED Visits,Nonprofit,Urban,Teaching,No,Yes,1,0.95
4339.5,4.0,1084.8722878192805,1-49,All ED Visits,Nonprofit,Frontier,Non-Teaching,Yes,Yes,0,0.0033333333333333335
14965.0,39.0,383.7178503287563,150-199,All ED Visits,Nonprofit,Urban,Non-Teaching,No,No,0,0.026184373531547695
112998.5,80.5,1403.7079001605093,300-499,All ED Visits,Nonprofit,Urban,Teaching,No,No,0,0.0
5637.5,7.0,805.3559923485824,50-99,All ED Visits,Nonprofit,Urban,Non-Teaching,No,Yes,0,0.13
82844.0,62.0,1336.1933328720431,300-499,All ED Visits,Investor Owned,Urban,Teaching,Yes,Yes,0,0.0
13380.0,22.0,608.1815417356629,200-299,All ED Visits,Investor Owned,Urban,Non-Teaching,No,No,0,0.0033333333333333335
17158.0,17.0,1009.293523944986,150-199,All ED Visits,Nonprofit,Urban,Non-Teaching,No,No,0,0.01
43220.0,40.0,1080.4997298750675,300-499,All ED Visits,Nonprofit,Urban,Teaching,No,No,0,0.014478754848635592
63151.0,40.0,1578.7746053063486,200-299,All ED Visits,Nonprofit,Urban,Non-Teaching,No,No,0,0.0
73413.0,36.0,2039.249433541824,200-299,All ED Visits,Nonprofit,Urban,Teaching,No,No,1,0.96
74166.0,30.0,2472.199175933608,300-499,All ED Visits,Nonprofit,Urban,Teaching,No,No,1,0.94
39333.0,24.0,1638.8743171357012,200-299,All ED Visits,Nonprofit,Urban,Non-Teaching,No,Yes,0,0.006666666666666667
53345.0,27.0,1975.740008985182,150-199,All ED Visits,Nonprofit,Urban,Non-Teaching,No,No,1,0.37333333333333335
59695.0,30.0,1989.8326700557766,150-199,All ED Visits,Nonprofit,Urban,Non-Teaching,No,Yes,1,0.9933333333333333
71708.0,73.0,982.3012353012006,300-499,All ED Visits,Government,Urban,Teaching,Yes,Yes,0,0.0
45896.0,35.0,1311.313911053168,150-199,All ED Visits,Government,Urban,Non-Teaching,No,No,0,0.05333333333333334
34054.5,18.0,1891.9156156024358,100-149,All ED Visits,Nonprofit,Urban,Non-Teaching,No,No,1,0.9568828716101537
23820.0,19.5,1221.5378351088025,100-149,All ED Visits,Nonprofit,Urban,Non-Teaching,No,Yes,0,0.15
32229.0,23.0,1401.260260321626,50-99,All ED Visits,Nonprofit,Urban,Non-Teaching,No,Yes,0,0.12
2837.0,2.0,1418.4929075354623,1-49,All ED Visits,Government,Frontier,Non-Teaching,Yes,Yes,0,0.0
23943.0,20.0,1197.1494014252994,300-499,All ED Visits,Investor Owned,Urban,Non-Teaching,Yes,No,0,0.006666666666666667
32425.0,41.0,790.8534656454962,300-499,All ED Visits,Government,Urban,Teaching,No,No,0,0.0
28244.0,16.0,1765.2488967194397,100-149,All ED Visits,Nonprofit,Rural,Non-Teaching,Yes,Yes,1,0.81
4834.0,4.0,1208.4969787575533,50-99,All ED Visits,Government,Frontier,Non-Teaching,Yes,Yes,0,0.0033333333333333335
58831.0,56.0,1050.5533838297529,300-499,All ED Visits,Nonprofit,Urban,Non-Teaching,No,No,0,0.004987606583382907
73328.0,64.0,1145.7498209765904,300-499,All ED Visits,Investor Owned,Urban,Non-Teaching,Yes,Yes,0,0.0033333333333333335
68827.0,44.0,1564.249644488717,300-499,All ED Visits,Government,Urban,Teaching,No,Yes,0,0.02
51901.0,24.0,2162.540765608014,300-499,All ED Visits,Nonprofit,Urban,Non-Teaching,No,Yes,1,0.93
33076.0,52.0,636.0768007544614,500+,All ED Visits,Government,Urban,Teaching,No,No,0,0.0
28108.0,21.0,1338.4755531068795,200-299,All ED Visits,Nonprofit,Urban,Non-Teaching,Yes,Yes,0,0.02666666666666667
67670.0,62.0,1091.4514368626715,300-499,All ED Visits,Investor Owned,Urban,Non-Teaching,Yes,Yes,0,0.0033333333333333335
13261.0,12.0,1105.082412431323,100-149,Asthma,Government,Urban,Non-Teaching,No,No,0,0.10333333333333333
29420.666666666668,22.0,1337.302422438293,300-499,Asthma,Nonprofit,Urban,Non-Teaching,No,No,0,0.009517706864881029
30782.5,40.0,769.562307609423,150-199,Asthma,Nonprofit,Urban,Teaching,No,No,0,0.006666666666666667
65082.0,59.0,1103.0845587992274,200-299,Asthma,Government,Urban,Non-Teaching,No,No,0,0.001988084599344653
29479.0,30.0,982.633005788998,300-499,Asthma,Nonprofit,Urban,Non-Teaching,No,No,0,0.7165700053969514
42180.666666666664,39.0,1081.5552782336893,300-499,Asthma,Government,Urban,Non-Teaching,No,No,0,0.0598407578109682
28620.0,17.0,1683.5284214538697,150-199,Asthma,Nonprofit,Urban,Non-Teaching,No,No,0,0.0
37801.333333333336,18.0,2100.0729073669036,100-149,Asthma,Nonprofit,Urban,Non-Teaching,No,No,1,0.82
31745.0,22.0,1442.9538895664139,100-149,Asthma,Nonprofit,Urban,Non-Teaching,No,No,0,0.17
110997.0,80.0,1387.4623265672092,300-499,Asthma,Nonprofit,Urban,Non-Teaching,No,No,0,0.0033333333333333335
66977.0,40.0,1674.4245813938546,200-299,Asthma,Nonprofit,Urban,Non-Teaching,No,No,0,0.006666666666666667
24025.0,14.0,1716.070202806998,50-99,Asthma,Nonprofit,Rural,Non-Teaching,Yes,No,0,0.0033333333333333335
9708.5,5.0,1941.696116607767,100-149,Asthma,Nonprofit,Rural,Non-Teaching,Yes,Yes,1,0.8133333333333334
8570.0,14.0,612.1424198982716,100-149,Asthma,Nonprofit,Rural,Non-Teaching,Yes,Yes,0,0.11666666666666667
55911.0,49.0,1141.0405834611054,200-299,Asthma,Nonprofit,Urban,Non-Teaching,No,Yes,0,0.0
10039.0,8.0,1254.8734314082108,1-49,Asthma,Nonprofit,Rural,Non-Teaching,Yes,Yes,0,0.011195246774850691
41025.0,30.0,1367.4995441668186,100-149,Asthma,Nonprofit,Urban,Non-Teaching,No,No,0,0.13
46164.333333333336,44.0,1049.1891554873132,500+,Asthma,Nonprofit,Urban,Non-Teaching,No,No,0,0.0
63404.333333333336,52.0,1219.3138680806665,200-299,Asthma,Nonprofit,Urban,Non-Teaching,No,No,0,0.03148876497621675
50722.333333333336,32.0,1585.072421331535,200-299,Asthma,Nonprofit,Urban,Non-Teaching,No,No,0,0.016666666666666666
16929.333333333332,12.0,1410.7766021306093,100-149,Asthma,Investor Owned,Urban,Non-Teaching,No,No,0,0.016666666666666666
63958.666666666664,36.0,1776.629136121536,150-199,Asthma,Nonprofit,Urban,Non-Teaching,No,No,1,0.7733333333333333
16776.666666666668,12.0,1398.0543905102302,100-149,Asthma,Nonprofit,Rural,Non-Teaching,Yes,Yes,0,0.056666666666666664
55450.333333333336,59.0,939.8359988978533,300-499,Asthma,Nonprofit,Rural,Non-Teaching,Yes,Yes,0,0.03
7588.5,9.0,843.1657298158558,100-149,Asthma,Investor Owned,Rural,Non-Teaching,Yes,Yes,0,0.006666666666666667
80788.66666666667,73.0,1106.693912325035,500+,Asthma,Nonprofit,Urban,Teaching,Yes,No,0,0.006666666666666667
35672.666666666664,10.0,3567.263099403567,1-49,Asthma,Nonprofit,Rural,Non-Teaching,Yes,Yes,1,0.7833333333333333
57338.0,48.0,1194.5414178038711,300-499,Asthma,Nonprofit,Urban,Non-Teaching,No,Yes,0,0.03582400358262427
47511.333333333336,21.0,2262.4433670904605,150-199,Asthma,Nonprofit,Urban,Non-Teaching,No,Yes,1,0.99
5907.0,4.333333333333333,1363.1507004214607,1-49,Asthma,Investor Owned,Frontier,Non-Teaching,Yes,Yes,0,0.0033333333333333335
10314.0,8.0,1289.2483884395144,1-49,Asthma,Investor Owned,Rural,Non-Teaching,Yes,Yes,0,0.0
28371.0,20.0,1418.5492907253547,100-149,Asthma,Investor Owned,Rural,Non-Teaching,Yes,Yes,0,0.006666666666666667
39829.0,16.0,2489.31094418066,100-149,Asthma,Government,Rural,Non-Teaching,Yes,Yes,1,0.9566666666666667
7991.666666666667,7.666666666666667,1042.3899447087679,1-49,Asthma,Government,Rural,Non-Teaching,No,No,0,0.0033333333333333335
1610.0,2.0,804.9959750201249,1-49,Asthma,Government,Frontier,Non-Teaching,Yes,No,0,0.0
28485.0,10.0,2848.4971515028487,150-199,Asthma,Nonprofit,Urban,Non-Teaching,Yes,Yes,1,0.9933333333333333
6546.333333333333,8.0,818.290643803362,100-149,Asthma,Government,Frontier,Non-Teaching,Yes,Yes,0,0.0033333333333333335
64106.0,42.666666666666664,1502.484022855307,100-149,Asthma,Nonprofit,Urban,Non-Teaching,No,Yes,0,0.016666666666666666
15535.666666666666,12.0,1294.6378100240472,50-99,Asthma,Nonprofit,Rural,Non-Teaching,Yes,Yes,0,0.03333333333333333
20035.333333333332,13.0,1541.1783016577167,1-49,Asthma,Nonprofit,Rural,Non-Teaching,Yes,Yes,0,0.0033333333333333335
88985.33333333333,40.666666666666664,2188.163396353263,150-199,Asthma,Nonprofit,Urban,Non-Teaching,Yes,Yes,1,0.9866666666666667
18720.666666666668,8.0,2340.080408232823,1-49,Asthma,Nonprofit,Rural,Non-Teaching,Yes,Yes,1,0.011195246774850691
18771.0,12.0,1564.2486964594198,1-49,Asthma,Nonprofit,Rural,Non-Teaching,Yes,Yes,0,0.0033333333333333335
10002.666666666666,8.0,1250.3317704186202,1-49,Asthma,Nonprofit,Rural,Non-Teaching,Yes,Yes,0,0.011195246774850691
14433.0,8.0,1804.122744846569,100-149,Asthma,Investor Owned,Urban,Non-Teaching,No,No,1,0.006666666666666667
102466.66666666667,42.666666666666664,2401.561937133921,300-499,Asthma,Government,Urban,Non-Teaching,No,Yes,1,0.9466666666666667
36011.0,26.0,1385.0379288315658,300-499,Asthma,Nonprofit,Urban,Non-Teaching,No,No,0,0.0
12317.0,17.0,724.528985571185,300-499,Asthma,Investor Owned,Urban,Non-Teaching,No,No,0,0.04
57101.0,35.0,1631.4566767266635,300-499,Asthma,Nonprofit,Urban,Non-Teaching,No,No,0,0.14898406829689953
34882.0,50.5,690.7325364886066,300-499,Asthma,Investor Owned,Urban,Non-Teaching,Yes,No,0,0.0
65446.0,41.0,1596.2435131113382,300-499,Asthma,Nonprofit,Urban,Teaching,Yes,No,0,0.0
29986.333333333332,14.0,2141.879422467079,50-99,Asthma,Investor Owned,Urban,Non-Teaching,No,Yes,1,0.9833333333333333
3751.5,4.0,937.8726553183618,100-149,Asthma,Investor Owned,Urban,Non-Teaching,Yes,Yes,0,0.02666666666666667
20267.0,12.0,1688.915259237284,200-299,Asthma,Investor Owned,Urban,Non-Teaching,No,No,0,0.10333333333333333
33361.5,14.0,2382.9625835981547,150-199,Asthma,Investor Owned,Urban,Non-Teaching,No,No,1,0.93
46487.666666666664,30.666666666666668,1515.9016795972782,150-199,Asthma,Nonprofit,Urban,Non-Teaching,No,No,0,0.12333333333333334
9859.5,8.0,1232.4359594550508,100-149,Asthma,Investor Owned,Urban,Non-Teaching,Yes,Yes,0,0.03333333333333333
6710.333333333333,9.0,745.591764157299,100-149,Asthma,Investor Owned,Urban,Non-Teaching,No,No,0,0.01
16033.333333333334,21.0,763.4916999245874,200-299,Asthma,Investor Owned,Urban,Non-Teaching,No,No,0,0.013333333333333334
39767.5,37.0,1074.7970068116197,500+,Asthma,Nonprofit,Urban,Non-Teaching,No,No,0,0.006666666666666667
18635.5,9.0,2070.608810434655,100-149,Asthma,Investor Owned,Urban,Non-Teaching,Yes,No,1,0.9433333333333334
79359.66666666667,32.0,2479.9888083368305,300-499,Asthma,Nonprofit,Urban,Non-Teaching,No,No,1,0.19923599195196381
68964.66666666667,30.0,2298.8214559484036,500+,Asthma,Nonprofit,Urban,Non-Teaching,Yes,No,1,0.98
53635.333333333336,57.0,940.9705951513575,300-499,Asthma,Nonprofit,Urban,Teaching,Yes,No,0,0.0033333333333333335
62426.5,49.5,1261.1411593654223,200-299,Asthma,Nonprofit,Urban,Non-Teaching,Yes,No,0,0.09200837711417197
61938.666666666664,41.0,1510.6988185287432,200-299,Asthma,Nonprofit,Urban,Non-Teaching,No,No,0,0.006666666666666667
79005.0,53.0,1490.6600961018685,200-299,Asthma,Nonprofit,Urban,Non-Teaching,No,No,0,0.5313530708010694
40703.0,29.0,1403.5512401547448,300-499,Asthma,Nonprofit,Urban,Non-Teaching,No,No,0,0.011505791464225682
32344.666666666668,18.0,1796.9249276342996,100-149,Asthma,Nonprofit,Urban,Non-Teaching,No,No,1,0.82
36378.0,15.0,2425.198383201078,200-299,Asthma,Investor Owned,Urban,Non-Teaching,No,No,1,0.8766666666666667
29577.0,10.666666666666666,2772.841150461422,150-199,Asthma,Investor Owned,Urban,Non-Teaching,Yes,No,1,0.8633333333333333
72059.5,64.0,1125.9295115735138,300-499,Asthma,Nonprofit,Urban,Teaching,No,No,0,0.0
35037.666666666664,29.0,1208.19498567989,300-499,Asthma,Nonprofit,Urban,Non-Teaching,No,No,0,0.011505791464225682
16074.666666666666,5.666666666666667,2836.700876410218,100-149,Asthma,Investor Owned,Urban,Non-Teaching,No,No,1,0.8333333333333334
54946.0,55.5,990.0178396364253,500+,Asthma,Nonprofit,Urban,Teaching,No,No,0,0.01
47234.0,37.0,1276.5942495691215,300-499,Asthma,Nonprofit,Urban,Non-Teaching,No,No,0,0.11222099218392562
4946.5,4.0,1236.621908445229,50-99,Asthma,Investor Owned,Urban,Non-Teaching,No,No,0,0.02
6297.5,7.0,899.6415719406116,100-149,Asthma,Investor Owned,Urban,Non-Teaching,No,No,0,0.0033333333333333335
77714.0,71.0,1094.5632261178555,300-499,Asthma,Nonprofit,Urban,Non-Teaching,No,No,0,0.15666666666666668
57211.0,61.0,937.8850921499849,500+,Asthma,Nonprofit,Urban,Non-Teaching,No,No,0,0.005824003582624272
12230.666666666666,8.0,1528.8314222940555,100-149,Asthma,Investor Owned,Urban,Non-Teaching,No,No,0,0.006666666666666667
32363.666666666668,15.333333333333334,2110.672536517911,200-299,Asthma,Nonprofit,Urban,Non-Teaching,No,No,1,0.8866666666666667
31796.5,21.0,1514.1183266103208,200-299,Asthma,Government,Urban,Non-Teaching,No,No,0,0.07
6826.0,7.0,975.1414640836227,200-299,Asthma,Investor Owned,Urban,Non-Teaching,Yes,No,0,0.013333333333333334
18475.333333333332,12.0,1539.609828102921,150-199,Asthma,Nonprofit,Urban,Non-Teaching,No,No,0,0.0033333333333333335
46827.333333333336,41.333333333333336,1132.9190807453836,300-499,Asthma,Investor Owned,Urban,Non-Teaching,Yes,Yes,0,0.0033333333333333335
23936.333333333332,27.0,886.530535852888,200-299,Asthma,Nonprofit,Urban,Non-Teaching,No,No,0,0.006666666666666667
50359.333333333336,40.0,1258.9830185875787,300-499,Asthma,Nonprofit,Urban,Non-Teaching,No,No,0,0.5327957564781056
9195.333333333334,8.0,1149.4152298976294,100-149,Asthma,Investor Owned,Urban,Non-Teaching,No,No,0,0.006666666666666667
43418.0,32.0,1356.8120759962262,300-499,Asthma,Nonprofit,Urban,Non-Teaching,No,No,0,0.19923599195196381
21073.5,13.0,1621.037214586758,150-199,Asthma,Nonprofit,Urban,Non-Teaching,No,No,0,0.016666666666666666
46270.0,30.0,1542.3328192223937,200-299,Asthma,Investor Owned,Urban,Non-Teaching,No,No,0,0.006666666666666667
49428.0,28.0,1765.285083826756,300-499,Asthma,Nonprofit,Urban,Teaching,No,No,1,0.8633333333333333
23054.5,13.0,1773.4217127525287,150-199,Asthma,Investor Owned,Urban,Non-Teaching,No,No,1,0.9233333333333333
52035.666666666664,30.0,1734.5216440483407,300-499,Asthma,Nonprofit,Urban,Non-Teaching,No,No,0,0.7165700053969514
73969.0,72.66666666666667,1017.9218782676313,300-499,Asthma,Government,Urban,Teaching,Yes,No,0,0.0
105955.5,80.5,1316.2172277991021,500+,Asthma,Government,Urban,Teaching,No,No,0,0.0
99493.0,29.0,3430.791920416579,100-149,Asthma,Nonprofit,Urban,Teaching,Yes,Yes,1,0.9966666666666667
50463.666666666664,50.666666666666664,995.9932244750214,300-499,Asthma,Government,Urban,Teaching,No,No,0,0.0
40780.666666666664,37.333333333333336,1092.3389931234838,200-299,Asthma,Nonprofit,Urban,Non-Teaching,No,No,0,0.04666666666666667
67262.0,33.0,2038.2418065933919,200-299,Asthma,Nonprofit,Urban,Non-Teaching,Yes,No,1,0.9433333333333334
92182.33333333333,80.0,1152.2790226317886,300-499,Asthma,Nonprofit,Urban,Non-Teaching,No,No,0,0.0033333333333333335
64397.333333333336,35.0,1839.9232838314426,150-199,Asthma,Investor Owned,Urban,Non-Teaching,Yes,Yes,1,0.83
77745.33333333333,38.0,2045.9292861589595,300-499,Asthma,Nonprofit,Rural,Non-Teaching,Yes,Yes,1,0.9066666666666666
27449.0,19.0,1444.683450166605,100-149,Asthma,Nonprofit,Urban,Non-Teaching,No,No,0,0.6243675419119007
29936.333333333332,31.0,965.6878605307977,300-499,Asthma,Nonprofit,Urban,Non-Teaching,No,No,0,0.5710040335535965
14621.0,9.0,1624.553750495833,1-49,Asthma,Nonprofit,Urban,Non-Teaching,No,No,0,0.01419926307729582
6284.0,3.6666666666666665,1713.8135077813424,1-49,Asthma,Government,Rural,Non-Teaching,Yes,Yes,0,0.0033333333333333335
9094.0,6.0,1515.6641405597659,1-49,Asthma,Nonprofit,Rural,Non-Teaching,Yes,Yes,0,0.03333333333333333
28163.666666666668,19.0,1482.2974654574743,50-99,Asthma,Nonprofit,Rural,Non-Teaching,Yes,Yes,0,0.006666666666666667
13366.0,9.0,1485.1094609894878,1-49,Asthma,Nonprofit,Rural,Non-Teaching,Yes,Yes,0,0.016666666666666666
25567.333333333332,10.0,2556.7307766025565,1-49,Asthma,Nonprofit,Rural,Non-Teaching,Yes,Yes,1,0.7833333333333333
57461.0,26.0,2210.0376115239956,150-199,Asthma,Nonprofit,Urban,Non-Teaching,Yes,Yes,1,0.98
511.0,1.0,510.99489005109945,1-49,Asthma,Government,Frontier,Non-Teaching,Yes,Yes,0,0.0
41278.666666666664,30.666666666666668,1346.0430393337915,200-299,Asthma,Nonprofit,Urban,Non-Teaching,No,No,0,0.0033333333333333335
14553.0,6.0,2425.495957506738,50-99,Asthma,Nonprofit,Rural,Non-Teaching,No,Yes,1,0.9066666666666666
50028.333333333336,16.0,3126.768879102784,200-299,Asthma,Government,Urban,Non-Teaching,Yes,Yes,1,0.9133333333333333
51527.5,19.0,2711.972256856707,150-199,Asthma,Government,Urban,Non-Teaching,Yes,Yes,1,0.9033333333333333
24487.0,18.0,1360.3881331177038,150-199,Asthma,Investor Owned,Urban,Non-Teaching,No,No,0,0.016666666666666666
6034.5,8.0,754.3115571105536,100-149,Asthma,Nonprofit,Rural,Non-Teaching,No,No,0,0.0033333333333333335
12749.5,15.0,849.9661000226,50-99,Asthma,Government,Rural,Non-Teaching,Yes,Yes,0,0.03
92289.0,35.666666666666664,2587.5413305958887,300-499,Asthma,Nonprofit,Urban,Non-Teaching,No,No,1,0.7742195555921231
27767.5,26.0,1067.9803584690928,200-299,Asthma,Nonprofit,Urban,Non-Teaching,No,No,0,0.0033333333333333335
23505.0,30.0,783.4997388334205,200-299,Asthma,Investor Owned,Urban,Teaching,No,Yes,0,0.0033333333333333335
5063.0,8.0,632.8742089072389,100-149,Asthma,Investor Owned,Urban,Non-Teaching,No,No,0,0.006666666666666667
12153.0,11.0,1104.8171774389295,150-199,Asthma,Investor Owned,Urban,Non-Teaching,No,Yes,0,0.02666666666666667
100965.66666666667,80.5,1254.2317282527874,300-499,Asthma,Nonprofit,Urban,Non-Teaching,No,No,0,0.0033333333333333335
11960.0,12.0,996.6658361118033,100-149,Asthma,Investor Owned,Urban,Non-Teaching,No,No,0,0.016666666666666666
11887.333333333334,11.0,1080.6656842433174,100-149,Asthma,Investor Owned,Urban,Non-Teaching,No,No,0,0.016666666666666666
25199.5,23.0,1095.6299584217572,150-199,Asthma,Investor Owned,Urban,Non-Teaching,No,No,0,0.01
11411.0,10.0,1141.098858901141,150-199,Asthma,Investor Owned,Urban,Non-Teaching,Yes,No,0,0.13333333333333333
34495.5,44.5,775.1796010832356,300-499,Asthma,Nonprofit,Urban,Non-Teaching,No,No,0,0.048235556508537634
42020.0,50.666666666666664,829.3419415772483,300-499,Asthma,Government,Urban,Teaching,Yes,No,0,0.0
19240.0,12.0,1603.3319972233357,150-199,Asthma,Investor Owned,Urban,Non-Teaching,Yes,No,0,0.14333333333333334
27262.5,31.0,879.4352001821935,200-299,Asthma,Nonprofit,Urban,Non-Teaching,No,No,0,0.0033333333333333335
14340.0,20.0,716.9996415001792,150-199,Asthma,Nonprofit,Urban,Non-Teaching,No,No,0,0.0
53749.666666666664,36.0,1493.045881561329,300-499,Asthma,Nonprofit,Urban,Non-Teaching,No,No,0,0.3620316437740921
4135.333333333333,8.0,516.916020521641,150-199,Asthma,Investor Owned,Urban,Non-Teaching,No,No,0,0.13333333333333333
24221.0,24.0,1009.2079128300363,200-299,Asthma,Investor Owned,Urban,Non-Teaching,Yes,No,0,0.0033333333333333335
17550.0,17.5,1002.8565697962458,200-299,Asthma,Investor Owned,Urban,Non-Teaching,No,No,0,0.05333333333333334
109291.5,72.0,1517.9372891753765,200-299,Asthma,Nonprofit,Urban,Non-Teaching,No,No,0,0.02837358589078398
26386.333333333332,14.0,1884.7367489975602,50-99,Asthma,Nonprofit,Urban,Non-Teaching,No,Yes,1,0.85
69937.5,69.0,1013.5868096251,300-499,Asthma,Nonprofit,Urban,Non-Teaching,No,No,0,0.15666666666666668
112998.5,62.0,1822.5561576522325,300-499,Asthma,Nonprofit,Urban,Non-Teaching,No,No,1,0.8049813404985819
3495.0,3.0,1164.996116679611,1-49,Asthma,Government,Frontier,Non-Teaching,Yes,Yes,0,0.0
2546.6666666666665,2.0,1273.3269666984997,1-49,Asthma,Government,Frontier,Non-Teaching,Yes,Yes,0,0.0
44698.666666666664,30.0,1489.9550589038693,150-199,Asthma,Investor Owned,Urban,Non-Teaching,No,Yes,0,0.02
54417.5,28.0,1943.4814487566255,300-499,Asthma,Investor Owned,Urban,Non-Teaching,No,Yes,1,0.8833333333333333
39938.5,29.0,1377.189180279593,300-499,Asthma,Investor Owned,Urban,Non-Teaching,Yes,Yes,0,0.016666666666666666
45627.5,12.0,3802.2884980929184,100-149,Asthma,Investor Owned,Urban,Non-Teaching,No,Yes,1,0.9333333333333333
7767.0,7.0,1109.5698434716523,1-49,Asthma,Government,Rural,Non-Teaching,Yes,Yes,0,0.0
45660.666666666664,41.0,1113.6745251200343,150-199,Asthma,Investor Owned,Urban,Non-Teaching,No,Yes,0,0.016666666666666666
37046.333333333336,28.0,1323.0828608037402,50-99,Asthma,Government,Urban,Non-Teaching,No,Yes,0,0.03666666666666667
15067.333333333334,12.0,1255.6100647693906,50-99,Asthma,Investor Owned,Urban,Non-Teaching,Yes,No,0,0.023333333333333334
54291.666666666664,41.0,1324.1866688975604,200-299,Asthma,Nonprofit,Urban,Non-Teaching,No,Yes,0,0.0
47474.5,26.0,1825.9416054070748,50-99,Asthma,Nonprofit,Urban,Non-Teaching,No,Yes,1,0.8533333333333334
90694.33333333333,53.0,1711.213513607513,100-149,Asthma,Investor Owned,Urban,Non-Teaching,No,Yes,0,0.03
35054.666666666664,21.0,1669.2690463798192,100-149,Asthma,Investor Owned,Urban,Non-Teaching,No,No,0,0.023333333333333334
47299.5,58.5,808.5383233267823,100-149,Asthma,Nonprofit,Urban,Non-Teaching,No,Yes,0,0.01
95381.5,59.0,1616.6353192143526,200-299,Asthma,Nonprofit,Urban,Non-Teaching,No,No,0,0.09348170642839344
63503.666666666664,70.0,907.1951084959368,500+,Asthma,Government,Urban,Teaching,No,No,0,0.0
84523.33333333333,51.333333333333336,1646.5581208003657,500+,Asthma,Nonprofit,Urban,Non-Teaching,No,No,0,0.0
106119.0,53.0,2002.2449052368102,200-299,Asthma,Nonprofit,Urban,Non-Teaching,No,No,1,0.5313530708010694
21385.333333333332,18.0,1188.0734140332884,50-99,Asthma,Government,Rural,Non-Teaching,Yes,No,0,0.023333333333333334
11297.666666666666,7.0,1613.9500753094162,1-49,Asthma,Government,Rural,Non-Teaching,Yes,Yes,0,0.0
33224.0,15.0,2214.9318567120954,100-149,Asthma,Investor Owned,Urban,Non-Teaching,No,No,1,0.48
22289.0,12.0,1857.4151188207343,100-149,Asthma,Investor Owned,Urban,Non-Teaching,No,Yes,1,0.9333333333333333
112998.5,80.5,1403.7079001605093,300-499,Asthma,Nonprofit,Urban,Non-Teaching,Yes,No,0,0.0
40403.0,40.0,1010.074747481313,300-499,Asthma,Nonprofit,Urban,Teaching,No,No,0,0.013333333333333334
8291.666666666666,6.0,1381.9421412075424,1-49,Asthma,Government,Rural,Non-Teaching,Yes,Yes,0,0.0
75626.66666666667,52.0,1454.35869467461,300-499,Asthma,Nonprofit,Urban,Non-Teaching,No,Yes,0,0.03582400358262427
53317.333333333336,18.0,2962.0724284782805,300-499,Asthma,Nonprofit,Urban,Non-Teaching,No,Yes,1,0.9466666666666667
62192.333333333336,43.0,1446.3329969768224,200-299,Asthma,Nonprofit,Urban,Non-Teaching,No,Yes,0,0.0
30790.0,16.0,1924.3737972663766,100-149,Asthma,Investor Owned,Urban,Non-Teaching,Yes,Yes,1,0.9733333333333334
22806.333333333332,15.333333333333334,1487.3685951943944,150-199,Asthma,Investor Owned,Rural,Non-Teaching,Yes,Yes,0,0.03333333333333333
35471.0,20.333333333333332,1744.4745518977616,100-149,Asthma,Investor Owned,Urban,Non-Teaching,Yes,Yes,1,0.9666666666666667
57942.0,47.0,1232.8082483386704,300-499,Asthma,Government,Urban,Teaching,Yes,No,0,0.0
25407.666666666668,16.0,1587.9781741803079,1-49,Asthma,Investor Owned,Rural,Non-Teaching,Yes,Yes,0,0.0
23200.666666666668,15.0,1546.710079971058,50-99,Asthma,Nonprofit,Urban,Non-Teaching,No,Yes,0,0.08666666666666667
79146.5,63.0,1256.2934513819919,500+,Asthma,Nonprofit,Urban,Non-Teaching,No,No,0,0.0033333333333333335
86469.0,80.5,1074.148934888331,500+,Asthma,Nonprofit,Urban,Non-Teaching,No,Yes,0,0.01
112241.5,80.5,1394.3041746205993,300-499,Asthma,Nonprofit,Urban,Non-Teaching,No,No,0,0.0033333333333333335
96961.66666666667,77.33333333333333,1253.8144930412295,300-499,Asthma,Nonprofit,Urban,Teaching,No,No,0,0.0
17293.0,20.0,864.6495676752162,200-299,Asthma,Investor Owned,Urban,Non-Teaching,Yes,Yes,0,0.006666666666666667
37200.666666666664,47.0,791.5033776943167,300-499,Asthma,Nonprofit,Urban,Non-Teaching,No,No,0,0.054902223175204296
39953.666666666664,40.0,998.8414169563123,300-499,Asthma,Government,Urban,Non-Teaching,No,No,0,0.06516217574364618
60332.5,80.5,749.4719565873346,300-499,Asthma,Government,Urban,Teaching,No,No,0,0.0
63761.0,48.0,1328.3538899262728,300-499,Asthma,Nonprofit,Urban,Non-Teaching,No,No,0,0.054902223175204296
26922.5,8.0,3365.3082933646333,200-299,Asthma,Government,Urban,Non-Teaching,No,No,1,0.9266666666666666
44178.666666666664,38.0,1162.5961852817054,150-199,Asthma,Nonprofit,Urban,Non-Teaching,No,No,0,0.02
77978.0,72.0,1083.027627357274,200-299,Asthma,Government,Urban,Non-Teaching,No,Yes,0,0.0
31841.333333333332,28.666666666666668,1110.7437985777447,200-299,Asthma,Nonprofit,Urban,Teaching,No,No,0,0.08333333333333333
10480.666666666666,12.0,873.3881610654213,200-299,Asthma,Nonprofit,Urban,Non-Teaching,No,No,0,0.3333333333333333
43609.0,59.0,739.135467943141,300-499,Asthma,Government,Urban,Teaching,No,No,0,0.0
20186.666666666668,19.0,1062.4555811637292,200-299,Asthma,Nonprofit,Urban,Non-Teaching,No,No,0,0.1886547512660113
11045.666666666666,12.0,920.4714551626762,200-299,Asthma,Nonprofit,Urban,Teaching,No,No,0,0.023333333333333334
26493.666666666668,35.0,756.9616884871366,200-299,Asthma,Nonprofit,Urban,Non-Teaching,No,Yes,0,0.0033333333333333335
17995.0,16.0,1124.686797070752,100-149,Asthma,Nonprofit,Urban,Non-Teaching,No,No,0,0.23333333333333334
49033.666666666664,28.0,1751.2017555231826,150-199,Asthma,Nonprofit,Urban,Non-Teaching,No,Yes,1,0.9866666666666667
41087.333333333336,25.333333333333332,1621.8677808416658,150-199,Asthma,Government,Urban,Non-Teaching,Yes,Yes,0,0.06
29388.666666666668,14.0,2099.1889767697785,50-99,Asthma,Nonprofit,Urban,Non-Teaching,No,Yes,1,0.85
25987.0,11.0,2362.4523977705476,50-99,Asthma,Investor Owned,Urban,Non-Teaching,No,Yes,1,0.9866666666666667
103851.33333333333,46.666666666666664,2225.385237417449,50-99,Asthma,Nonprofit,Urban,Non-Teaching,No,Yes,1,0.84
25632.666666666668,18.0,1424.0362459057894,50-99,Asthma,Nonprofit,Rural,Non-Teaching,No,Yes,0,0.05333333333333334
20801.333333333332,22.0,945.5147217357325,50-99,Asthma,Nonprofit,Rural,Non-Teaching,No,Yes,0,0.05
19784.666666666668,11.0,1798.6044255111285,150-199,Asthma,Investor Owned,Rural,Non-Teaching,No,Yes,1,0.9466666666666667
27192.666666666668,23.0,1182.2893410336198,100-149,Asthma,Investor Owned,Urban,Non-Teaching,No,No,0,0.016666666666666666
33189.666666666664,15.0,2212.6429693491314,150-199,Asthma,Government,Urban,Non-Teaching,No,No,1,0.9566666666666667
39927.666666666664,19.0,2101.4550343219116,100-149,Asthma,Nonprofit,Urban,Non-Teaching,No,No,1,0.6243675419119007
13136.0,22.0,597.0906376860738,300-499,Asthma,Investor Owned,Urban,Non-Teaching,No,No,0,0.07
1620.0,7.0,231.42824081679885,100-149,Asthma,Investor Owned,Rural,Non-Teaching,No,No,0,0.0
41904.5,26.0,1611.7109185727236,200-299,Asthma,Nonprofit,Urban,Non-Teaching,No,No,0,0.0033333333333333335
14532.0,17.0,854.8230265746903,200-299,Asthma,Nonprofit,Urban,Non-Teaching,No,No,0,0.2127198630695248
32738.0,24.0,1364.0827649655146,150-199,Asthma,Nonprofit,Urban,Non-Teaching,No,No,0,0.0
22042.666666666668,22.0,1001.9389385126037,1-49,Asthma,Nonprofit,Urban,Non-Teaching,No,Yes,0,0.09
18819.5,10.0,1881.948118051882,50-99,Asthma,Government,Rural,Non-Teaching,No,Yes,1,0.9066666666666666
48621.0,41.0,1185.8777595420097,200-299,Asthma,Nonprofit,Urban,Non-Teaching,Yes,Yes,0,0.0
35892.0,40.5,886.2220034019743,300-499,Asthma,Nonprofit,Urban,Non-Teaching,No,No,0,0.32436377561707075
9330.0,8.0,1166.2485421893223,1-49,Asthma,Nonprofit,Rural,Non-Teaching,No,Yes,0,0.02
52909.5,40.0,1322.7371693157077,300-499,Asthma,Nonprofit,Urban,Non-Teaching,No,No,0,0.5327957564781056
47574.333333333336,35.0,1359.266278304873,300-499,Asthma,Investor Owned,Urban,Non-Teaching,No,No,0,0.34
49958.666666666664,25.0,1998.3458673283196,300-499,Asthma,Government,Urban,Non-Teaching,No,No,1,0.9566666666666667
73416.5,80.5,912.0060978874412,200-299,Asthma,Nonprofit,Urban,Teaching,No,No,0,0.016666666666666666
65069.0,36.0,1807.4717201467442,200-299,Asthma,Nonprofit,Urban,Non-Teaching,No,No,1,0.8566666666666667
33380.333333333336,8.0,4172.536450996104,50-99,Asthma,Government,Rural,Non-Teaching,No,No,1,0.9633333333333334
67463.5,30.0,2248.7825837391388,300-499,Asthma,Nonprofit,Urban,Non-Teaching,No,No,1,0.7165700053969514
28103.666666666668,13.333333333333334,2107.7734191699356,100-149,Asthma,Nonprofit,Urban,Non-Teaching,Yes,No,1,0.99
3986.3333333333335,6.0,664.3877815759197,100-149,Asthma,Government,Frontier,Non-Teaching,Yes,Yes,0,0.006666666666666667
24901.0,28.0,889.3211109567461,200-299,Asthma,Investor Owned,Urban,Non-Teaching,No,Yes,0,0.0
42502.0,26.0,1634.691678964739,200-299,Asthma,Nonprofit,Urban,Non-Teaching,No,Yes,0,0.006666666666666667
9721.666666666666,11.0,883.7870753450829,1-49,Asthma,Nonprofit,Rural,Non-Teaching,Yes,Yes,0,0.02666666666666667
9916.0,7.0,1416.5694049008503,1-49,Asthma,Nonprofit,Rural,Non-Teaching,Yes,Yes,0,0.0033333333333333335
57303.333333333336,51.0,1123.594550929173,200-299,Asthma,Nonprofit,Urban,Non-Teaching,No,No,0,0.03148876497621675
24714.666666666668,13.0,1901.1267427230187,100-149,Asthma,Nonprofit,Urban,Non-Teaching,No,No,1,0.8
57780.0,45.0,1283.99971466673,150-199,Asthma,Nonprofit,Urban,Non-Teaching,No,No,0,0.013333333333333334
48864.0,27.0,1809.7771074899601,100-149,Asthma,Nonprofit,Urban,Non-Teaching,No,No,1,0.79
8867.0,9.0,985.2211275320806,1-49,Asthma,Investor Owned,Rural,Non-Teaching,No,No,0,0.0
17207.5,15.0,1147.1659018893988,50-99,Asthma,Investor Owned,Urban,Non-Teaching,No,No,0,0.023333333333333334
35628.0,29.5,1207.728404159863,200-299,Asthma,Investor Owned,Urban,Non-Teaching,No,Yes,0,0.0
8424.666666666666,8.333333333333334,1010.9587868494557,50-99,Asthma,Government,Urban,Non-Teaching,Yes,No,0,0.006666666666666667
53276.0,30.0,1775.8660747113086,150-199,Asthma,Nonprofit,Urban,Teaching,No,Yes,1,0.9866666666666667
31739.5,34.0,933.5144313192848,100-149,Asthma,Nonprofit,Urban,Non-Teaching,No,Yes,0,0.09333333333333334
77669.33333333333,33.0,2353.6154483993587,300-499,Asthma,Investor Owned,Urban,Non-Teaching,No,No,1,0.8033333333333333
51875.333333333336,32.0,1621.1036600717728,200-299,Asthma,Investor Owned,Urban,Non-Teaching,No,No,0,0.01
72098.66666666667,40.0,1802.4662160501127,300-499,Asthma,Nonprofit,Urban,Non-Teaching,No,No,1,0.5327957564781056
18690.333333333332,12.0,1557.5264798390444,1-49,Asthma,Government,Rural,Non-Teaching,Yes,No,0,0.0033333333333333335
28291.666666666668,14.0,2020.8318898819837,50-99,Asthma,Nonprofit,Rural,Non-Teaching,Yes,Yes,1,0.52
59761.5,80.5,742.3787897666099,300-499,Asthma,Government,Urban,Non-Teaching,Yes,Yes,0,0.023333333333333334
33321.0,24.0,1388.3744215106578,150-199,Asthma,Government,Rural,Non-Teaching,Yes,Yes,0,0.0033333333333333335
28867.333333333332,15.0,1924.4876058971515,100-149,Asthma,Nonprofit,Rural,Non-Teaching,Yes,Yes,1,0.8566666666666667
30663.666666666668,18.0,1703.536090628098,50-99,Asthma,Nonprofit,Rural,Non-Teaching,Yes,Yes,0,0.006666666666666667
40721.5,38.5,1057.70102397376,200-299,Asthma,Government,Urban,Non-Teaching,No,No,0,0.0
40176.0,28.0,1434.8566304083463,300-499,Asthma,Investor Owned,Urban,Non-Teaching,No,No,0,0.18333333333333332
7952.0,6.0,1325.331124448126,1-49,Asthma,Nonprofit,Rural,Non-Teaching,No,No,0,0.0
22600.333333333332,14.0,1614.3083707321161,100-149,Asthma,Nonprofit,Urban,Non-Teaching,No,No,0,0.49666666666666665
45771.666666666664,31.0,1476.5049000521826,200-299,Asthma,Nonprofit,Urban,Non-Teaching,No,Yes,0,0.0
26971.5,11.0,2451.952316406985,1-49,Asthma,Nonprofit,Urban,Non-Teaching,No,Yes,1,0.8866666666666667
59699.0,44.0,1356.7951461829211,200-299,Asthma,Nonprofit,Rural,Non-Teaching,Yes,Yes,0,0.0
36398.0,40.0,909.9497725125568,150-199,Asthma,Nonprofit,Urban,Non-Teaching,No,No,0,0.028819515252283157
69248.0,54.0,1282.3701328944198,150-199,Asthma,Government,Urban,Non-Teaching,No,No,0,0.0033333333333333335
112998.5,80.0,1412.4810734398657,300-499,Asthma,Nonprofit,Urban,Teaching,No,No,0,0.0
9934.0,5.0,1986.7960264079472,1-49,Asthma,Nonprofit,Rural,Non-Teaching,Yes,Yes,1,0.79
15236.0,11.0,1385.0896499185,1-49,Asthma,Nonprofit,Rural,Non-Teaching,Yes,Yes,0,0.02666666666666667
26490.0,24.0,1103.7495401043584,100-149,Asthma,Nonprofit,Rural,Non-Teaching,No,No,0,0.006666666666666667
9268.0,9.0,1029.7766335815184,50-99,Asthma,Investor Owned,Rural,Non-Teaching,Yes,Yes,0,0.0033333333333333335
63937.0,48.0,1332.0205558290509,300-499,Asthma,Nonprofit,Urban,Teaching,No,Yes,0,0.02
11554.0,12.0,962.8325309728909,50-99,Asthma,Investor Owned,Rural,Non-Teaching,Yes,Yes,0,0.0033333333333333335
30623.0,20.0,1531.149234425383,150-199,Asthma,Government,Rural,Non-Teaching,Yes,Yes,0,0.006666666666666667
74433.0,36.0,2067.582759004789,300-499,Asthma,Nonprofit,Urban,Non-Teaching,No,Yes,1,0.9766666666666667
45491.0,30.0,1516.3661612112796,200-299,Asthma,Government,Urban,Teaching,No,Yes,0,0.0033333333333333335
53560.0,40.0,1338.9996652500836,200-299,Asthma,Nonprofit,Urban,Non-Teaching,No,Yes,0,0.0033333333333333335
2364.0,2.0,1181.9940900295499,1-49,Asthma,Nonprofit,Frontier,Non-Teaching,Yes,Yes,0,0.0033333333333333335
41196.0,26.0,1584.4609290534888,300-499,Asthma,Nonprofit,Urban,Teaching,No,No,0,0.07666666666666666
72057.0,46.0,1566.456181205178,300-499,Asthma,Nonprofit,Urban,Non-Teaching,Yes,No,0,0.0
33564.0,14.0,2397.4268589808153,150-199,Asthma,Government,Urban,Non-Teaching,No,No,1,0.9566666666666667
31471.5,22.0,1430.5220770354194,100-149,Asthma,Nonprofit,Urban,Non-Teaching,No,No,0,0.17
33640.5,16.0,2102.52993591879,300-499,Asthma,Nonprofit,Urban,Non-Teaching,No,No,1,0.545903804351737
52043.0,50.0,1040.8597918280416,500+,Asthma,Nonprofit,Urban,Non-Teaching,No,No,0,0.0
29638.0,21.0,1411.3326612701612,150-199,Asthma,Investor Owned,Urban,Non-Teaching,No,No,0,0.01
25109.5,16.0,1569.3427691607694,300-499,Asthma,Nonprofit,Urban,Non-Teaching,No,No,0,0.545903804351737
50599.5,24.0,2108.3116215368245,300-499,Asthma,Investor Owned,Urban,Non-Teaching,No,No,1,0.7366666666666667
109217.0,29.0,3766.1021496199482,100-149,Asthma,Nonprofit,Urban,Non-Teaching,Yes,Yes,1,0.97
10799.0,13.0,830.6916686987164,1-49,Asthma,Government,Rural,Non-Teaching,No,Yes,0,0.0
6472.0,8.0,808.998988751264,150-199,Asthma,Nonprofit,Rural,Non-Teaching,No,No,0,0.0033333333333333335
23312.0,18.0,1295.110391605338,100-149,Asthma,Nonprofit,Rural,Non-Teaching,Yes,Yes,0,0.09
27460.0,23.0,1193.912524385859,150-199,Asthma,Government,Urban,Non-Teaching,No,No,0,0.06333333333333334
11497.0,69.0,166.62316425751243,50-99,Asthma,Nonprofit,Urban,Non-Teaching,No,No,0,0.006666666666666667
112998.5,72.0,1569.4233931356398,200-299,Asthma,Nonprofit,Urban,Teaching,No,No,0,0.016666666666666666
87345.0,64.0,1364.7654117554043,500+,Asthma,Investor Owned,Urban,Teaching,Yes,Yes,0,0.006666666666666667
51767.0,26.0,1991.0376957547323,100-149,Asthma,Nonprofit,Urban,Non-Teaching,No,Yes,1,0.8666666666666667
99973.0,59.0,1694.4573399224846,200-299,Asthma,Nonprofit,Urban,Teaching,No,No,0,0.16
30920.5,20.0,1546.0242269878865,300-499,Asthma,Nonprofit,Urban,Non-Teaching,No,No,0,0.03421656373220849
56462.0,31.0,1821.3542511760481,300-499,Asthma,Nonprofit,Urban,Non-Teaching,No,No,1,0.5710040335535965
45169.5,29.0,1557.56842842468,300-499,Asthma,Nonprofit,Urban,Non-Teaching,No,No,0,0.011505791464225682
107243.0,53.0,2023.4524484051983,200-299,Asthma,Nonprofit,Urban,Teaching,No,No,1,0.9211454215153022
42886.0,25.0,1715.4393138242744,100-149,Asthma,Nonprofit,Urban,Non-Teaching,No,No,0,0.18333333333333332
112998.5,80.5,1403.7079001605093,300-499,Asthma,Nonprofit,Urban,Teaching,Yes,No,0,0.0
62646.0,24.0,2610.2489123962864,300-499,Asthma,Nonprofit,Urban,Teaching,No,Yes,1,0.95
4339.5,4.0,1084.8722878192805,1-49,Asthma,Nonprofit,Frontier,Non-Teaching,Yes,Yes,0,0.006666666666666667
14965.0,39.0,383.7178503287563,150-199,Asthma,Nonprofit,Urban,Non-Teaching,No,No,0,0.02
112998.5,80.5,1403.7079001605093,300-499,Asthma,Nonprofit,Urban,Teaching,No,No,0,0.0
5637.5,7.0,805.3559923485824,50-99,Asthma,Nonprofit,Urban,Non-Teaching,No,Yes,0,0.23333333333333334
82844.0,62.0,1336.1933328720431,300-499,Asthma,Investor Owned,Urban,Teaching,Yes,Yes,0,0.0033333333333333335
13380.0,22.0,608.1815417356629,200-299,Asthma,Investor Owned,Urban,Non-Teaching,No,No,0,0.01
17158.0,17.0,1009.293523944986,150-199,Asthma,Nonprofit,Urban,Non-Teaching,No,No,0,0.0
43220.0,40.0,1080.4997298750675,300-499,Asthma,Nonprofit,Urban,Teaching,No,No,0,0.013333333333333334
63151.0,40.0,1578.7746053063486,200-299,Asthma,Nonprofit,Urban,Non-Teaching,No,No,0,0.006666666666666667
73413.0,36.0,2039.249433541824,200-299,Asthma,Nonprofit,Urban,Teaching,No,No,1,0.8966666666666666
74166.0,30.0,2472.199175933608,300-499,Asthma,Nonprofit,Urban,Teaching,No,No,1,0.9433333333333334
39333.0,24.0,1638.8743171357012,200-299,Asthma,Nonprofit,Urban,Non-Teaching,No,Yes,0,0.006666666666666667
53345.0,27.0,1975.740008985182,150-199,Asthma,Nonprofit,Urban,Non-Teaching,No,No,1,0.37666666666666665
59695.0,30.0,1989.8326700557766,150-199,Asthma,Nonprofit,Urban,Non-Teaching,No,Yes,1,0.9866666666666667
71708.0,73.0,982.3012353012006,300-499,Asthma,Government,Urban,Teaching,Yes,Yes,0,0.0
45896.0,35.0,1311.313911053168,150-199,Asthma,Government,Urban,Non-Teaching,No,No,0,0.03333333333333333
34054.5,18.0,1891.9156156024358,100-149,Asthma,Nonprofit,Urban,Non-Teaching,No,No,1,0.82
23820.0,19.5,1221.5378351088025,100-149,Asthma,Nonprofit,Urban,Non-Teaching,No,Yes,0,0.14333333333333334
32229.0,23.0,1401.260260321626,50-99,Asthma,Nonprofit,Urban,Non-Teaching,No,Yes,0,0.08666666666666667
2837.0,2.0,1418.4929075354623,1-49,Asthma,Government,Frontier,Non-Teaching,Yes,Yes,0,0.0
23943.0,20.0,1197.1494014252994,300-499,Asthma,Investor Owned,Urban,Non-Teaching,Yes,No,0,0.01
32425.0,41.0,790.8534656454962,300-499,Asthma,Government,Urban,Teaching,No,No,0,0.0
28244.0,16.0,1765.2488967194397,100-149,Asthma,Nonprofit,Rural,Non-Teaching,Yes,Yes,1,0.92
4834.0,4.0,1208.4969787575533,50-99,Asthma,Government,Frontier,Non-Teaching,Yes,Yes,0,0.0
58831.0,56.0,1050.5533838297529,300-499,Asthma,Nonprofit,Urban,Non-Teaching,No,No,0,0.32472138793014
73328.0,64.0,1145.7498209765904,300-499,Asthma,Investor Owned,Urban,Non-Teaching,Yes,Yes,0,0.0
68827.0,44.0,1564.249644488717,300-499,Asthma,Government,Urban,Teaching,No,Yes,0,0.006666666666666667
51901.0,24.0,2162.540765608014,300-499,Asthma,Nonprofit,Urban,Non-Teaching,No,Yes,1,0.9733333333333334
33076.0,52.0,636.0768007544614,500+,Asthma,Government,Urban,Teaching,No,No,0,0.0
28108.0,21.0,1338.4755531068795,200-299,Asthma,Nonprofit,Urban,Non-Teaching,Yes,Yes,0,0.01
67670.0,62.0,1091.4514368626715,300-499,Asthma,Investor Owned,Urban,Non-Teaching,Yes,Yes,0,0.0033333333333333335
13261.0,12.0,1105.082412431323,100-149,COPD,Government,Urban,Non-Teaching,No,No,0,0.02
29420.666666666668,22.0,1337.302422438293,300-499,COPD,Nonprofit,Urban,Non-Teaching,No,No,0,0.10661193440053891
30782.5,40.0,769.562307609423,150-199,COPD,Nonprofit,Urban,Teaching,No,No,0,0.023333333333333334
65082.0,59.0,1103.0845587992274,200-299,COPD,Government,Urban,Non-Teaching,No,No,0,0.0
29479.0,30.0,982.633005788998,300-499,COPD,Nonprofit,Urban,Non-Teaching,No,No,0,0.04275414419210138
42180.666666666664,39.0,1081.5552782336893,300-499,COPD,Government,Urban,Non-Teaching,No,No,0,0.019662178336325553
28620.0,17.0,1683.5284214538697,150-199,COPD,Nonprofit,Urban,Non-Teaching,No,No,0,0.0
37801.333333333336,18.0,2100.0729073669036,100-149,COPD,Nonprofit,Urban,Non-Teaching,No,No,1,0.9133333333333333
31745.0,22.0,1442.9538895664139,100-149,COPD,Nonprofit,Urban,Non-Teaching,No,No,0,0.09333333333333334
110997.0,80.0,1387.4623265672092,300-499,COPD,Nonprofit,Urban,Non-Teaching,No,No,0,0.0
66977.0,40.0,1674.4245813938546,200-299,COPD,Nonprofit,Urban,Non-Teaching,No,No,0,0.0
24025.0,14.0,1716.070202806998,50-99,COPD,Nonprofit,Rural,Non-Teaching,Yes,No,0,0.008172458130892348
9708.5,5.0,1941.696116607767,100-149,COPD,Nonprofit,Rural,Non-Teaching,Yes,Yes,1,0.8133333333333334
8570.0,14.0,612.1424198982716,100-149,COPD,Nonprofit,Rural,Non-Teaching,Yes,Yes,0,0.1
55911.0,49.0,1141.0405834611054,200-299,COPD,Nonprofit,Urban,Non-Teaching,No,Yes,0,0.006666666666666667
10039.0,8.0,1254.8734314082108,1-49,COPD,Nonprofit,Rural,Non-Teaching,Yes,Yes,0,0.033961398481102044
41025.0,30.0,1367.4995441668186,100-149,COPD,Nonprofit,Urban,Non-Teaching,No,No,0,0.13
46164.333333333336,44.0,1049.1891554873132,500+,COPD,Nonprofit,Urban,Non-Teaching,No,No,0,0.01
63404.333333333336,52.0,1219.3138680806665,200-299,COPD,Nonprofit,Urban,Non-Teaching,No,No,0,0.03522228626359851
50722.333333333336,32.0,1585.072421331535,200-299,COPD,Nonprofit,Urban,Non-Teaching,No,No,0,0.013333333333333334
16929.333333333332,12.0,1410.7766021306093,100-149,COPD,Investor Owned,Urban,Non-Teaching,No,No,0,0.02674959552021072
63958.666666666664,36.0,1776.629136121536,150-199,COPD,Nonprofit,Urban,Non-Teaching,No,No,1,0.8529955116696589
16776.666666666668,12.0,1398.0543905102302,100-149,COPD,Nonprofit,Rural,Non-Teaching,Yes,Yes,0,0.04666666666666667
55450.333333333336,59.0,939.8359988978533,300-499,COPD,Nonprofit,Rural,Non-Teaching,Yes,Yes,0,0.03
7588.5,9.0,843.1657298158558,100-149,COPD,Investor Owned,Rural,Non-Teaching,Yes,Yes,0,0.01
80788.66666666667,73.0,1106.693912325035,500+,COPD,Nonprofit,Urban,Teaching,Yes,No,0,0.0
35672.666666666664,10.0,3567.263099403567,1-49,COPD,Nonprofit,Rural,Non-Teaching,Yes,Yes,1,0.8966666666666666
57338.0,48.0,1194.5414178038711,300-499,COPD,Nonprofit,Urban,Non-Teaching,No,Yes,0,0.01
47511.333333333336,21.0,2262.4433670904605,150-199,COPD,Nonprofit,Urban,Non-Teaching,No,Yes,1,0.9466666666666667
5907.0,4.333333333333333,1363.1507004214607,1-49,COPD,Investor Owned,Frontier,Non-Teaching,Yes,Yes,0,0.0
10314.0,8.0,1289.2483884395144,1-49,COPD,Investor Owned,Rural,Non-Teaching,Yes,Yes,0,0.0
28371.0,20.0,1418.5492907253547,100-149,COPD,Investor Owned,Rural,Non-Teaching,Yes,Yes,0,0.016666666666666666
39829.0,16.0,2489.31094418066,100-149,COPD,Government,Rural,Non-Teaching,Yes,Yes,1,0.9766666666666667
7991.666666666667,7.666666666666667,1042.3899447087679,1-49,COPD,Government,Rural,Non-Teaching,No,No,0,0.01
1610.0,2.0,804.9959750201249,1-49,COPD,Government,Frontier,Non-Teaching,Yes,No,0,0.0
28485.0,10.0,2848.4971515028487,150-199,COPD,Nonprofit,Urban,Non-Teaching,Yes,Yes,1,0.9866666666666667
6546.333333333333,8.0,818.290643803362,100-149,COPD,Government,Frontier,Non-Teaching,Yes,Yes,0,0.0
64106.0,42.666666666666664,1502.484022855307,100-149,COPD,Nonprofit,Urban,Non-Teaching,No,Yes,0,0.006666666666666667
15535.666666666666,12.0,1294.6378100240472,50-99,COPD,Nonprofit,Rural,Non-Teaching,Yes,Yes,0,0.05
20035.333333333332,13.0,1541.1783016577167,1-49,COPD,Nonprofit,Rural,Non-Teaching,Yes,Yes,0,0.006666666666666667
88985.33333333333,40.666666666666664,2188.163396353263,150-199,COPD,Nonprofit,Urban,Non-Teaching,Yes,Yes,1,0.99
18720.666666666668,8.0,2340.080408232823,1-49,COPD,Nonprofit,Rural,Non-Teaching,Yes,Yes,1,0.033961398481102044
18771.0,12.0,1564.2486964594198,1-49,COPD,Nonprofit,Rural,Non-Teaching,Yes,Yes,0,0.006666666666666667
10002.666666666666,8.0,1250.3317704186202,1-49,COPD,Nonprofit,Rural,Non-Teaching,Yes,Yes,0,0.033961398481102044
14433.0,8.0,1804.122744846569,100-149,COPD,Investor Owned,Urban,Non-Teaching,No,No,1,0.4133393606373811
102466.66666666667,42.666666666666664,2401.561937133921,300-499,COPD,Government,Urban,Non-Teaching,No,Yes,1,0.96
36011.0,26.0,1385.0379288315658,300-499,COPD,Nonprofit,Urban,Non-Teaching,No,No,0,0.03
12317.0,17.0,724.528985571185,300-499,COPD,Investor Owned,Urban,Non-Teaching,No,No,0,0.12697569118272756
57101.0,35.0,1631.4566767266635,300-499,COPD,Nonprofit,Urban,Non-Teaching,No,No,0,0.5700263695048857
34882.0,50.5,690.7325364886066,300-499,COPD,Investor Owned,Urban,Non-Teaching,Yes,No,0,0.0
65446.0,41.0,1596.2435131113382,300-499,COPD,Nonprofit,Urban,Teaching,Yes,No,0,0.0
29986.333333333332,14.0,2141.879422467079,50-99,COPD,Investor Owned,Urban,Non-Teaching,No,Yes,1,0.9933333333333333
3751.5,4.0,937.8726553183618,100-149,COPD,Investor Owned,Urban,Non-Teaching,Yes,Yes,0,0.03333333333333333
20267.0,12.0,1688.915259237284,200-299,COPD,Investor Owned,Urban,Non-Teaching,No,No,0,0.25333333333333335
33361.5,14.0,2382.9625835981547,150-199,COPD,Investor Owned,Urban,Non-Teaching,No,No,1,0.5366666666666666
46487.666666666664,30.666666666666668,1515.9016795972782,150-199,COPD,Nonprofit,Urban,Non-Teaching,No,No,0,0.26
9859.5,8.0,1232.4359594550508,100-149,COPD,Investor Owned,Urban,Non-Teaching,Yes,Yes,0,0.043333333333333335
6710.333333333333,9.0,745.591764157299,100-149,COPD,Investor Owned,Urban,Non-Teaching,No,No,0,0.08811609058427239
16033.333333333334,21.0,763.4916999245874,200-299,COPD,Investor Owned,Urban,Non-Teaching,No,No,0,0.01
39767.5,37.0,1074.7970068116197,500+,COPD,Nonprofit,Urban,Non-Teaching,No,No,0,0.026184373531547695
18635.5,9.0,2070.608810434655,100-149,COPD,Investor Owned,Urban,Non-Teaching,Yes,No,1,0.9747497771552271
79359.66666666667,32.0,2479.9888083368305,300-499,COPD,Nonprofit,Urban,Non-Teaching,No,No,1,0.6030016031263966
68964.66666666667,30.0,2298.8214559484036,500+,COPD,Nonprofit,Urban,Non-Teaching,Yes,No,1,0.9833333333333333
53635.333333333336,57.0,940.9705951513575,300-499,COPD,Nonprofit,Urban,Teaching,Yes,No,0,0.0
62426.5,49.5,1261.1411593654223,200-299,COPD,Nonprofit,Urban,Non-Teaching,Yes,No,0,0.043333333333333335
61938.666666666664,41.0,1510.6988185287432,200-299,COPD,Nonprofit,Urban,Non-Teaching,No,No,0,0.0
79005.0,53.0,1490.6600961018685,200-299,COPD,Nonprofit,Urban,Non-Teaching,No,No,0,0.5883365977398495
40703.0,29.0,1403.5512401547448,300-499,COPD,Nonprofit,Urban,Non-Teaching,No,No,0,0.0033333333333333335
32344.666666666668,18.0,1796.9249276342996,100-149,COPD,Nonprofit,Urban,Non-Teaching,No,No,1,0.9133333333333333
36378.0,15.0,2425.198383201078,200-299,COPD,Investor Owned,Urban,Non-Teaching,No,No,1,0.89
29577.0,10.666666666666666,2772.841150461422,150-199,COPD,Investor Owned,Urban,Non-Teaching,Yes,No,1,0.8333333333333334
72059.5,64.0,1125.9295115735138,300-499,COPD,Nonprofit,Urban,Teaching,No,No,0,0.0
35037.666666666664,29.0,1208.19498567989,300-499,COPD,Nonprofit,Urban,Non-Teaching,No,No,0,0.0033333333333333335
16074.666666666666,5.666666666666667,2836.700876410218,100-149,COPD,Investor Owned,Urban,Non-Teaching,No,No,1,0.8976443215427042
54946.0,55.5,990.0178396364253,500+,COPD,Nonprofit,Urban,Teaching,No,No,0,0.016666666666666666
47234.0,37.0,1276.5942495691215,300-499,COPD,Nonprofit,Urban,Non-Teaching,No,No,0,0.09173611775374477
4946.5,4.0,1236.621908445229,50-99,COPD,Investor Owned,Urban,Non-Teaching,No,No,0,0.01
6297.5,7.0,899.6415719406116,100-149,COPD,Investor Owned,Urban,Non-Teaching,No,No,0,0.33311971674317975
77714.0,71.0,1094.5632261178555,300-499,COPD,Nonprofit,Urban,Non-Teaching,No,No,0,0.0
57211.0,61.0,937.8850921499849,500+,COPD,Nonprofit,Urban,Non-Teaching,No,No,0,0.006666666666666667
12230.666666666666,8.0,1528.8314222940555,100-149,COPD,Investor Owned,Urban,Non-Teaching,No,No,0,0.4133393606373811
32363.666666666668,15.333333333333334,2110.672536517911,200-299,COPD,Nonprofit,Urban,Non-Teaching,No,No,1,0.7966666666666666
31796.5,21.0,1514.1183266103208,200-299,COPD,Government,Urban,Non-Teaching,No,No,0,0.07333333333333333
6826.0,7.0,975.1414640836227,200-299,COPD,Investor Owned,Urban,Non-Teaching,Yes,No,0,0.016666666666666666
18475.333333333332,12.0,1539.609828102921,150-199,COPD,Nonprofit,Urban,Non-Teaching,No,No,0,0.0033333333333333335
46827.333333333336,41.333333333333336,1132.9190807453836,300-499,COPD,Investor Owned,Urban,Non-Teaching,Yes,Yes,0,0.013333333333333334
23936.333333333332,27.0,886.530535852888,200-299,COPD,Nonprofit,Urban,Non-Teaching,No,No,0,0.01
50359.333333333336,40.0,1258.9830185875787,300-499,COPD,Nonprofit,Urban,Non-Teaching,No,No,0,0.5355639243529094
9195.333333333334,8.0,1149.4152298976294,100-149,COPD,Investor Owned,Urban,Non-Teaching,No,No,0,0.4133393606373811
43418.0,32.0,1356.8120759962262,300-499,COPD,Nonprofit,Urban,Non-Teaching,No,No,0,0.6030016031263966
21073.5,13.0,1621.037214586758,150-199,COPD,Nonprofit,Urban,Non-Teaching,No,No,0,0.006666666666666667
46270.0,30.0,1542.3328192223937,200-299,COPD,Investor Owned,Urban,Non-Teaching,No,No,0,0.0033333333333333335
49428.0,28.0,1765.285083826756,300-499,COPD,Nonprofit,Urban,Teaching,No,No,1,0.85
23054.5,13.0,1773.4217127525287,150-199,COPD,Investor Owned,Urban,Non-Teaching,No,No,1,0.53
52035.666666666664,30.0,1734.5216440483407,300-499,COPD,Nonprofit,Urban,Non-Teaching,No,No,0,0.04275414419210138
73969.0,72.66666666666667,1017.9218782676313,300-499,COPD,Government,Urban,Teaching,Yes,No,0,0.0
105955.5,80.5,1316.2172277991021,500+,COPD,Government,Urban,Teaching,No,No,0,0.0
99493.0,29.0,3430.791920416579,100-149,COPD,Nonprofit,Urban,Teaching,Yes,Yes,1,1.0
50463.666666666664,50.666666666666664,995.9932244750214,300-499,COPD,Government,Urban,Teaching,No,No,0,0.0
40780.666666666664,37.333333333333336,1092.3389931234838,200-299,COPD,Nonprofit,Urban,Non-Teaching,No,No,0,0.09
67262.0,33.0,2038.2418065933919,200-299,COPD,Nonprofit,Urban,Non-Teaching,Yes,No,1,0.9533333333333334
92182.33333333333,80.0,1152.2790226317886,300-499,COPD,Nonprofit,Urban,Non-Teaching,No,No,0,0.0
64397.333333333336,35.0,1839.9232838314426,150-199,COPD,Investor Owned,Urban,Non-Teaching,Yes,Yes,1,0.94
77745.33333333333,38.0,2045.9292861589595,300-499,COPD,Nonprofit,Rural,Non-Teaching,Yes,Yes,1,0.9066666666666666
27449.0,19.0,1444.683450166605,100-149,COPD,Nonprofit,Urban,Non-Teaching,No,No,0,0.6995464726043283
29936.333333333332,31.0,965.6878605307977,300-499,COPD,Nonprofit,Urban,Non-Teaching,No,No,0,0.5666412101625309
14621.0,9.0,1624.553750495833,1-49,COPD,Nonprofit,Urban,Non-Teaching,No,No,0,0.01
6284.0,3.6666666666666665,1713.8135077813424,1-49,COPD,Government,Rural,Non-Teaching,Yes,Yes,0,0.0033333333333333335
9094.0,6.0,1515.6641405597659,1-49,COPD,Nonprofit,Rural,Non-Teaching,Yes,Yes,0,0.03666666666666667
28163.666666666668,19.0,1482.2974654574743,50-99,COPD,Nonprofit,Rural,Non-Teaching,Yes,Yes,0,0.0
13366.0,9.0,1485.1094609894878,1-49,COPD,Nonprofit,Rural,Non-Teaching,Yes,Yes,0,0.02249067024929094
25567.333333333332,10.0,2556.7307766025565,1-49,COPD,Nonprofit,Rural,Non-Teaching,Yes,Yes,1,0.8966666666666666
57461.0,26.0,2210.0376115239956,150-199,COPD,Nonprofit,Urban,Non-Teaching,Yes,Yes,1,0.9866666666666667
511.0,1.0,510.99489005109945,1-49,COPD,Government,Frontier,Non-Teaching,Yes,Yes,0,0.0
41278.666666666664,30.666666666666668,1346.0430393337915,200-299,COPD,Nonprofit,Urban,Non-Teaching,No,No,0,0.0
14553.0,6.0,2425.495957506738,50-99,COPD,Nonprofit,Rural,Non-Teaching,No,Yes,1,0.6933333333333334
50028.333333333336,16.0,3126.768879102784,200-299,COPD,Government,Urban,Non-Teaching,Yes,Yes,1,0.9866666666666667
51527.5,19.0,2711.972256856707,150-199,COPD,Government,Urban,Non-Teaching,Yes,Yes,1,0.9066666666666666
24487.0,18.0,1360.3881331177038,150-199,COPD,Investor Owned,Urban,Non-Teaching,No,No,0,0.01
6034.5,8.0,754.3115571105536,100-149,COPD,Nonprofit,Rural,Non-Teaching,No,No,0,0.021654273250049573
12749.5,15.0,849.9661000226,50-99,COPD,Government,Rural,Non-Teaching,Yes,Yes,0,0.02
92289.0,35.666666666666664,2587.5413305958887,300-499,COPD,Nonprofit,Urban,Non-Teaching,No,No,1,0.8145199083322242
27767.5,26.0,1067.9803584690928,200-299,COPD,Nonprofit,Urban,Non-Teaching,No,No,0,0.0
23505.0,30.0,783.4997388334205,200-299,COPD,Investor Owned,Urban,Teaching,No,Yes,0,0.01
5063.0,8.0,632.8742089072389,100-149,COPD,Investor Owned,Urban,Non-Teaching,No,No,0,0.4133393606373811
12153.0,11.0,1104.8171774389295,150-199,COPD,Investor Owned,Urban,Non-Teaching,No,Yes,0,0.10333333333333333
100965.66666666667,80.5,1254.2317282527874,300-499,COPD,Nonprofit,Urban,Non-Teaching,No,No,0,0.0
11960.0,12.0,996.6658361118033,100-149,COPD,Investor Owned,Urban,Non-Teaching,No,No,0,0.02674959552021072
11887.333333333334,11.0,1080.6656842433174,100-149,COPD,Investor Owned,Urban,Non-Teaching,No,No,0,0.025070535436926958
25199.5,23.0,1095.6299584217572,150-199,COPD,Investor Owned,Urban,Non-Teaching,No,No,0,0.016666666666666666
11411.0,10.0,1141.098858901141,150-199,COPD,Investor Owned,Urban,Non-Teaching,Yes,No,0,0.29
34495.5,44.5,775.1796010832356,300-499,COPD,Nonprofit,Urban,Non-Teaching,No,No,0,0.022513218534539914
42020.0,50.666666666666664,829.3419415772483,300-499,COPD,Government,Urban,Teaching,Yes,No,0,0.0
19240.0,12.0,1603.3319972233357,150-199,COPD,Investor Owned,Urban,Non-Teaching,Yes,No,0,0.15333333333333332
27262.5,31.0,879.4352001821935,200-299,COPD,Nonprofit,Urban,Non-Teaching,No,No,0,0.0033333333333333335
14340.0,20.0,716.9996415001792,150-199,COPD,Nonprofit,Urban,Non-Teaching,No,No,0,0.0033333333333333335
53749.666666666664,36.0,1493.045881561329,300-499,COPD,Nonprofit,Urban,Non-Teaching,No,No,0,0.18971183645270037
4135.333333333333,8.0,516.916020521641,150-199,COPD,Investor Owned,Urban,Non-Teaching,No,No,0,0.038061573517030114
24221.0,24.0,1009.2079128300363,200-299,COPD,Investor Owned,Urban,Non-Teaching,Yes,No,0,0.006666666666666667
17550.0,17.5,1002.8565697962458,200-299,COPD,Investor Owned,Urban,Non-Teaching,No,No,0,0.05
109291.5,72.0,1517.9372891753765,200-299,COPD,Nonprofit,Urban,Non-Teaching,No,No,0,0.027248276034535182
26386.333333333332,14.0,1884.7367489975602,50-99,COPD,Nonprofit,Urban,Non-Teaching,No,Yes,1,0.78
69937.5,69.0,1013.5868096251,300-499,COPD,Nonprofit,Urban,Non-Teaching,No,No,0,0.0
112998.5,62.0,1822.5561576522325,300-499,COPD,Nonprofit,Urban,Non-Teaching,No,No,1,0.49
3495.0,3.0,1164.996116679611,1-49,COPD,Government,Frontier,Non-Teaching,Yes,Yes,0,0.0
2546.6666666666665,2.0,1273.3269666984997,1-49,COPD,Government,Frontier,Non-Teaching,Yes,Yes,0,0.0
44698.666666666664,30.0,1489.9550589038693,150-199,COPD,Investor Owned,Urban,Non-Teaching,No,Yes,0,0.043333333333333335
54417.5,28.0,1943.4814487566255,300-499,COPD,Investor Owned,Urban,Non-Teaching,No,Yes,1,0.97
39938.5,29.0,1377.189180279593,300-499,COPD,Investor Owned,Urban,Non-Teaching,Yes,Yes,0,0.11333333333333333
45627.5,12.0,3802.2884980929184,100-149,COPD,Investor Owned,Urban,Non-Teaching,No,Yes,1,0.9733333333333334
7767.0,7.0,1109.5698434716523,1-49,COPD,Government,Rural,Non-Teaching,Yes,Yes,0,0.0033333333333333335
45660.666666666664,41.0,1113.6745251200343,150-199,COPD,Investor Owned,Urban,Non-Teaching,No,Yes,0,0.006666666666666667
37046.333333333336,28.0,1323.0828608037402,50-99,COPD,Government,Urban,Non-Teaching,No,Yes,0,0.12
15067.333333333334,12.0,1255.6100647693906,50-99,COPD,Investor Owned,Urban,Non-Teaching,Yes,No,0,0.03
54291.666666666664,41.0,1324.1866688975604,200-299,COPD,Nonprofit,Urban,Non-Teaching,No,Yes,0,0.0
47474.5,26.0,1825.9416054070748,50-99,COPD,Nonprofit,Urban,Non-Teaching,No,Yes,1,0.9266666666666666
90694.33333333333,53.0,1711.213513607513,100-149,COPD,Investor Owned,Urban,Non-Teaching,No,Yes,0,0.016666666666666666
35054.666666666664,21.0,1669.2690463798192,100-149,COPD,Investor Owned,Urban,Non-Teaching,No,No,0,0.0033333333333333335
47299.5,58.5,808.5383233267823,100-149,COPD,Nonprofit,Urban,Non-Teaching,No,Yes,0,0.0033333333333333335
95381.5,59.0,1616.6353192143526,200-299,COPD,Nonprofit,Urban,Non-Teaching,No,No,0,0.09181771270112381
63503.666666666664,70.0,907.1951084959368,500+,COPD,Government,Urban,Teaching,No,No,0,0.0
84523.33333333333,51.333333333333336,1646.5581208003657,500+,COPD,Nonprofit,Urban,Non-Teaching,No,No,0,0.0033333333333333335
106119.0,53.0,2002.2449052368102,200-299,COPD,Nonprofit,Urban,Non-Teaching,No,No,1,0.5883365977398495
21385.333333333332,18.0,1188.0734140332884,50-99,COPD,Government,Rural,Non-Teaching,Yes,No,0,0.01
11297.666666666666,7.0,1613.9500753094162,1-49,COPD,Government,Rural,Non-Teaching,Yes,Yes,0,0.0033333333333333335
33224.0,15.0,2214.9318567120954,100-149,COPD,Investor Owned,Urban,Non-Teaching,No,No,1,0.4766666666666667
22289.0,12.0,1857.4151188207343,100-149,COPD,Investor Owned,Urban,Non-Teaching,No,Yes,1,0.9733333333333334
112998.5,80.5,1403.7079001605093,300-499,COPD,Nonprofit,Urban,Non-Teaching,Yes,No,0,0.0
40403.0,40.0,1010.074747481313,300-499,COPD,Nonprofit,Urban,Teaching,No,No,0,0.006666666666666667
8291.666666666666,6.0,1381.9421412075424,1-49,COPD,Government,Rural,Non-Teaching,Yes,Yes,0,0.0033333333333333335
75626.66666666667,52.0,1454.35869467461,300-499,COPD,Nonprofit,Urban,Non-Teaching,No,Yes,0,0.01
53317.333333333336,18.0,2962.0724284782805,300-499,COPD,Nonprofit,Urban,Non-Teaching,No,Yes,1,0.98
62192.333333333336,43.0,1446.3329969768224,200-299,COPD,Nonprofit,Urban,Non-Teaching,No,Yes,0,0.0033333333333333335
30790.0,16.0,1924.3737972663766,100-149,COPD,Investor Owned,Urban,Non-Teaching,Yes,Yes,1,0.9666666666666667
22806.333333333332,15.333333333333334,1487.3685951943944,150-199,COPD,Investor Owned,Rural,Non-Teaching,Yes,Yes,0,0.006666666666666667
35471.0,20.333333333333332,1744.4745518977616,100-149,COPD,Investor Owned,Urban,Non-Teaching,Yes,Yes,1,0.9666666666666667
57942.0,47.0,1232.8082483386704,300-499,COPD,Government,Urban,Teaching,Yes,No,0,0.0
25407.666666666668,16.0,1587.9781741803079,1-49,COPD,Investor Owned,Rural,Non-Teaching,Yes,Yes,0,0.0
23200.666666666668,15.0,1546.710079971058,50-99,COPD,Nonprofit,Urban,Non-Teaching,No,Yes,0,0.32666666666666666
79146.5,63.0,1256.2934513819919,500+,COPD,Nonprofit,Urban,Non-Teaching,No,No,0,0.0033333333333333335
86469.0,80.5,1074.148934888331,500+,COPD,Nonprofit,Urban,Non-Teaching,No,Yes,0,0.006666666666666667
112241.5,80.5,1394.3041746205993,300-499,COPD,Nonprofit,Urban,Non-Teaching,No,No,0,0.0
96961.66666666667,77.33333333333333,1253.8144930412295,300-499,COPD,Nonprofit,Urban,Teaching,No,No,0,0.0
17293.0,20.0,864.6495676752162,200-299,COPD,Investor Owned,Urban,Non-Teaching,Yes,Yes,0,0.08
37200.666666666664,47.0,791.5033776943167,300-499,COPD,Nonprofit,Urban,Non-Teaching,No,No,0,0.019517706864881027
39953.666666666664,40.0,998.8414169563123,300-499,COPD,Government,Urban,Non-Teaching,No,No,0,0.019662178336325553
60332.5,80.5,749.4719565873346,300-499,COPD,Government,Urban,Teaching,No,No,0,0.0
63761.0,48.0,1328.3538899262728,300-499,COPD,Nonprofit,Urban,Non-Teaching,No,No,0,0.019517706864881027
26922.5,8.0,3365.3082933646333,200-299,COPD,Government,Urban,Non-Teaching,No,No,1,0.9233333333333333
44178.666666666664,38.0,1162.5961852817054,150-199,COPD,Nonprofit,Urban,Non-Teaching,No,No,0,0.056666666666666664
77978.0,72.0,1083.027627357274,200-299,COPD,Government,Urban,Non-Teaching,No,Yes,0,0.013333333333333334
31841.333333333332,28.666666666666668,1110.7437985777447,200-299,COPD,Nonprofit,Urban,Teaching,No,No,0,0.21
10480.666666666666,12.0,873.3881610654213,200-299,COPD,Nonprofit,Urban,Non-Teaching,No,No,0,0.13333333333333333
43609.0,59.0,739.135467943141,300-499,COPD,Government,Urban,Teaching,No,No,0,0.0
20186.666666666668,19.0,1062.4555811637292,200-299,COPD,Nonprofit,Urban,Non-Teaching,No,No,0,0.00865475126601132
11045.666666666666,12.0,920.4714551626762,200-299,COPD,Nonprofit,Urban,Teaching,No,No,0,0.08
26493.666666666668,35.0,756.9616884871366,200-299,COPD,Nonprofit,Urban,Non-Teaching,No,Yes,0,0.006666666666666667
17995.0,16.0,1124.686797070752,100-149,COPD,Nonprofit,Urban,Non-Teaching,No,No,0,0.08532141793267799
49033.666666666664,28.0,1751.2017555231826,150-199,COPD,Nonprofit,Urban,Non-Teaching,No,Yes,1,0.98
41087.333333333336,25.333333333333332,1621.8677808416658,150-199,COPD,Government,Urban,Non-Teaching,Yes,Yes,0,0.11
29388.666666666668,14.0,2099.1889767697785,50-99,COPD,Nonprofit,Urban,Non-Teaching,No,Yes,1,0.78
25987.0,11.0,2362.4523977705476,50-99,COPD,Investor Owned,Urban,Non-Teaching,No,Yes,1,0.9933333333333333
103851.33333333333,46.666666666666664,2225.385237417449,50-99,COPD,Nonprofit,Urban,Non-Teaching,No,Yes,1,0.9666666666666667
25632.666666666668,18.0,1424.0362459057894,50-99,COPD,Nonprofit,Rural,Non-Teaching,No,Yes,0,0.0033333333333333335
20801.333333333332,22.0,945.5147217357325,50-99,COPD,Nonprofit,Rural,Non-Teaching,No,Yes,0,0.0033333333333333335
19784.666666666668,11.0,1798.6044255111285,150-199,COPD,Investor Owned,Rural,Non-Teaching,No,Yes,1,0.8933333333333333
27192.666666666668,23.0,1182.2893410336198,100-149,COPD,Investor Owned,Urban,Non-Teaching,No,No,0,0.006666666666666667
33189.666666666664,15.0,2212.6429693491314,150-199,COPD,Government,Urban,Non-Teaching,No,No,1,0.9533333333333334
39927.666666666664,19.0,2101.4550343219116,100-149,COPD,Nonprofit,Urban,Non-Teaching,No,No,1,0.6995464726043283
13136.0,22.0,597.0906376860738,300-499,COPD,Investor Owned,Urban,Non-Teaching,No,No,0,0.27666666666666667
1620.0,7.0,231.42824081679885,100-149,COPD,Investor Owned,Rural,Non-Teaching,No,No,0,0.030307337199573136
41904.5,26.0,1611.7109185727236,200-299,COPD,Nonprofit,Urban,Non-Teaching,No,No,0,0.0
14532.0,17.0,854.8230265746903,200-299,COPD,Nonprofit,Urban,Non-Teaching,No,No,0,0.056666666666666664
32738.0,24.0,1364.0827649655146,150-199,COPD,Nonprofit,Urban,Non-Teaching,No,No,0,0.07
22042.666666666668,22.0,1001.9389385126037,1-49,COPD,Nonprofit,Urban,Non-Teaching,No,Yes,0,0.11
18819.5,10.0,1881.948118051882,50-99,COPD,Government,Rural,Non-Teaching,No,Yes,1,0.9566666666666667
48621.0,41.0,1185.8777595420097,200-299,COPD,Nonprofit,Urban,Non-Teaching,Yes,Yes,0,0.006666666666666667
35892.0,40.5,886.2220034019743,300-499,COPD,Nonprofit,Urban,Non-Teaching,No,No,0,0.11356278071782941
9330.0,8.0,1166.2485421893223,1-49,COPD,Nonprofit,Rural,Non-Teaching,No,Yes,0,0.016666666666666666
52909.5,40.0,1322.7371693157077,300-499,COPD,Nonprofit,Urban,Non-Teaching,No,No,0,0.5355639243529094
47574.333333333336,35.0,1359.266278304873,300-499,COPD,Investor Owned,Urban,Non-Teaching,No,No,0,0.15333333333333332
49958.666666666664,25.0,1998.3458673283196,300-499,COPD,Government,Urban,Non-Teaching,No,No,1,0.93
73416.5,80.5,912.0060978874412,200-299,COPD,Nonprofit,Urban,Teaching,No,No,0,0.03666666666666667
65069.0,36.0,1807.4717201467442,200-299,COPD,Nonprofit,Urban,Non-Teaching,No,No,1,0.87
33380.333333333336,8.0,4172.536450996104,50-99,COPD,Government,Rural,Non-Teaching,No,No,1,0.9466666666666667
67463.5,30.0,2248.7825837391388,300-499,COPD,Nonprofit,Urban,Non-Teaching,No,No,1,0.04275414419210138
28103.666666666668,13.333333333333334,2107.7734191699356,100-149,COPD,Nonprofit,Urban,Non-Teaching,Yes,No,1,0.9933333333333333
3986.3333333333335,6.0,664.3877815759197,100-149,COPD,Government,Frontier,Non-Teaching,Yes,Yes,0,0.0
24901.0,28.0,889.3211109567461,200-299,COPD,Investor Owned,Urban,Non-Teaching,No,Yes,0,0.013333333333333334
42502.0,26.0,1634.691678964739,200-299,COPD,Nonprofit,Urban,Non-Teaching,No,Yes,0,0.01
9721.666666666666,11.0,883.7870753450829,1-49,COPD,Nonprofit,Rural,Non-Teaching,Yes,Yes,0,0.09666666666666666
9916.0,7.0,1416.5694049008503,1-49,COPD,Nonprofit,Rural,Non-Teaching,Yes,Yes,0,0.016666666666666666
57303.333333333336,51.0,1123.594550929173,200-299,COPD,Nonprofit,Urban,Non-Teaching,No,No,0,0.031888952930265176
24714.666666666668,13.0,1901.1267427230187,100-149,COPD,Nonprofit,Urban,Non-Teaching,No,No,1,0.7433333333333333
57780.0,45.0,1283.99971466673,150-199,COPD,Nonprofit,Urban,Non-Teaching,No,No,0,0.0033333333333333335
48864.0,27.0,1809.7771074899601,100-149,COPD,Nonprofit,Urban,Non-Teaching,No,No,1,0.7566666666666667
8867.0,9.0,985.2211275320806,1-49,COPD,Investor Owned,Rural,Non-Teaching,No,No,0,0.006053196402858152
17207.5,15.0,1147.1659018893988,50-99,COPD,Investor Owned,Urban,Non-Teaching,No,No,0,0.02249067024929094
35628.0,29.5,1207.728404159863,200-299,COPD,Investor Owned,Urban,Non-Teaching,No,Yes,0,0.006666666666666667
8424.666666666666,8.333333333333334,1010.9587868494557,50-99,COPD,Government,Urban,Non-Teaching,Yes,No,0,0.01
53276.0,30.0,1775.8660747113086,150-199,COPD,Nonprofit,Urban,Teaching,No,Yes,1,0.98
31739.5,34.0,933.5144313192848,100-149,COPD,Nonprofit,Urban,Non-Teaching,No,Yes,0,0.01
77669.33333333333,33.0,2353.6154483993587,300-499,COPD,Investor Owned,Urban,Non-Teaching,No,No,1,0.7592975871313674
51875.333333333336,32.0,1621.1036600717728,200-299,COPD,Investor Owned,Urban,Non-Teaching,No,No,0,0.006666666666666667
72098.66666666667,40.0,1802.4662160501127,300-499,COPD,Nonprofit,Urban,Non-Teaching,No,No,1,0.5355639243529094
18690.333333333332,12.0,1557.5264798390444,1-49,COPD,Government,Rural,Non-Teaching,Yes,No,0,0.0033333333333333335
28291.666666666668,14.0,2020.8318898819837,50-99,COPD,Nonprofit,Rural,Non-Teaching,Yes,Yes,1,0.5966666666666667
59761.5,80.5,742.3787897666099,300-499,COPD,Government,Urban,Non-Teaching,Yes,Yes,0,0.0033333333333333335
33321.0,24.0,1388.3744215106578,150-199,COPD,Government,Rural,Non-Teaching,Yes,Yes,0,0.01
28867.333333333332,15.0,1924.4876058971515,100-149,COPD,Nonprofit,Rural,Non-Teaching,Yes,Yes,1,0.8366666666666667
30663.666666666668,18.0,1703.536090628098,50-99,COPD,Nonprofit,Rural,Non-Teaching,Yes,Yes,0,0.0
40721.5,38.5,1057.70102397376,200-299,COPD,Government,Urban,Non-Teaching,No,No,0,0.0033333333333333335
40176.0,28.0,1434.8566304083463,300-499,COPD,Investor Owned,Urban,Non-Teaching,No,No,0,0.24333333333333335
7952.0,6.0,1325.331124448126,1-49,COPD,Nonprofit,Rural,Non-Teaching,No,No,0,0.0
22600.333333333332,14.0,1614.3083707321161,100-149,COPD,Nonprofit,Urban,Non-Teaching,No,No,0,0.17
45771.666666666664,31.0,1476.5049000521826,200-299,COPD,Nonprofit,Urban,Non-Teaching,No,Yes,0,0.01
26971.5,11.0,2451.952316406985,1-49,COPD,Nonprofit,Urban,Non-Teaching,No,Yes,1,0.93
59699.0,44.0,1356.7951461829211,200-299,COPD,Nonprofit,Rural,Non-Teaching,Yes,Yes,0,0.0033333333333333335
36398.0,40.0,909.9497725125568,150-199,COPD,Nonprofit,Urban,Non-Teaching,No,No,0,0.006666666666666667
69248.0,54.0,1282.3701328944198,150-199,COPD,Government,Urban,Non-Teaching,No,No,0,0.0
112998.5,80.0,1412.4810734398657,300-499,COPD,Nonprofit,Urban,Teaching,No,No,0,0.0
9934.0,5.0,1986.7960264079472,1-49,COPD,Nonprofit,Rural,Non-Teaching,Yes,Yes,1,0.7633333333333333
15236.0,11.0,1385.0896499185,1-49,COPD,Nonprofit,Rural,Non-Teaching,Yes,Yes,0,0.09666666666666666
26490.0,24.0,1103.7495401043584,100-149,COPD,Nonprofit,Rural,Non-Teaching,No,No,0,0.0033333333333333335
9268.0,9.0,1029.7766335815184,50-99,COPD,Investor Owned,Rural,Non-Teaching,Yes,Yes,0,0.0
63937.0,48.0,1332.0205558290509,300-499,COPD,Nonprofit,Urban,Teaching,No,Yes,0,0.016666666666666666
11554.0,12.0,962.8325309728909,50-99,COPD,Investor Owned,Rural,Non-Teaching,Yes,Yes,0,0.0
30623.0,20.0,1531.149234425383,150-199,COPD,Government,Rural,Non-Teaching,Yes,Yes,0,0.01
74433.0,36.0,2067.582759004789,300-499,COPD,Nonprofit,Urban,Non-Teaching,No,Yes,1,0.98
45491.0,30.0,1516.3661612112796,200-299,COPD,Government,Urban,Teaching,No,Yes,0,0.016666666666666666
53560.0,40.0,1338.9996652500836,200-299,COPD,Nonprofit,Urban,Non-Teaching,No,Yes,0,0.0
2364.0,2.0,1181.9940900295499,1-49,COPD,Nonprofit,Frontier,Non-Teaching,Yes,Yes,0,0.0033333333333333335
41196.0,26.0,1584.4609290534888,300-499,COPD,Nonprofit,Urban,Teaching,No,No,0,0.15666666666666668
33564.0,14.0,2397.4268589808153,150-199,COPD,Government,Urban,Non-Teaching,No,No,1,0.9566666666666667
31471.5,22.0,1430.5220770354194,100-149,COPD,Nonprofit,Urban,Non-Teaching,No,No,0,0.09333333333333334
33640.5,16.0,2102.52993591879,300-499,COPD,Nonprofit,Urban,Non-Teaching,No,No,1,0.6058274486581046
52043.0,50.0,1040.8597918280416,500+,COPD,Nonprofit,Urban,Non-Teaching,No,No,0,0.0033333333333333335
29638.0,21.0,1411.3326612701612,150-199,COPD,Investor Owned,Urban,Non-Teaching,No,No,0,0.01
25109.5,16.0,1569.3427691607694,300-499,COPD,Nonprofit,Urban,Non-Teaching,No,No,0,0.6058274486581046
50599.5,24.0,2108.3116215368245,300-499,COPD,Investor Owned,Urban,Non-Teaching,No,No,1,0.77
109217.0,29.0,3766.1021496199482,100-149,COPD,Nonprofit,Urban,Non-Teaching,Yes,Yes,1,0.9733333333333334
10799.0,13.0,830.6916686987164,1-49,COPD,Government,Rural,Non-Teaching,No,Yes,0,0.006666666666666667
6472.0,8.0,808.998988751264,150-199,COPD,Nonprofit,Rural,Non-Teaching,No,No,0,0.0
23312.0,18.0,1295.110391605338,100-149,COPD,Nonprofit,Rural,Non-Teaching,Yes,Yes,0,0.06333333333333334
27460.0,23.0,1193.912524385859,150-199,COPD,Government,Urban,Non-Teaching,No,No,0,0.07333333333333333
112998.5,72.0,1569.4233931356398,200-299,COPD,Nonprofit,Urban,Teaching,No,No,0,0.03666666666666667
87345.0,64.0,1364.7654117554043,500+,COPD,Investor Owned,Urban,Teaching,Yes,Yes,0,0.0
51767.0,26.0,1991.0376957547323,100-149,COPD,Nonprofit,Urban,Non-Teaching,No,Yes,1,0.51
99973.0,59.0,1694.4573399224846,200-299,COPD,Nonprofit,Urban,Teaching,No,No,0,0.21249067024929094
30920.5,20.0,1546.0242269878865,300-499,COPD,Nonprofit,Urban,Non-Teaching,No,No,0,0.10825994156578744
56462.0,31.0,1821.3542511760481,300-499,COPD,Nonprofit,Urban,Non-Teaching,No,No,1,0.5666412101625309
45169.5,29.0,1557.56842842468,300-499,COPD,Nonprofit,Urban,Non-Teaching,No,No,0,0.0033333333333333335
107243.0,53.0,2023.4524484051983,200-299,COPD,Nonprofit,Urban,Teaching,No,No,1,0.9216480071652485
42886.0,25.0,1715.4393138242744,100-149,COPD,Nonprofit,Urban,Non-Teaching,No,No,0,0.36
112998.5,80.5,1403.7079001605093,300-499,COPD,Nonprofit,Urban,Teaching,Yes,No,0,0.0
62646.0,24.0,2610.2489123962864,300-499,COPD,Nonprofit,Urban,Teaching,No,Yes,1,0.97
4339.5,4.0,1084.8722878192805,1-49,COPD,Nonprofit,Frontier,Non-Teaching,Yes,Yes,0,0.0033333333333333335
14965.0,39.0,383.7178503287563,150-199,COPD,Nonprofit,Urban,Non-Teaching,No,No,0,0.006666666666666667
112998.5,80.5,1403.7079001605093,300-499,COPD,Nonprofit,Urban,Teaching,No,No,0,0.0
5637.5,7.0,805.3559923485824,50-99,COPD,Nonprofit,Urban,Non-Teaching,No,Yes,0,0.10249067024929094
82844.0,62.0,1336.1933328720431,300-499,COPD,Investor Owned,Urban,Teaching,Yes,Yes,0,0.0
13380.0,22.0,608.1815417356629,200-299,COPD,Investor Owned,Urban,Non-Teaching,No,No,0,0.01
17158.0,17.0,1009.293523944986,150-199,COPD,Nonprofit,Urban,Non-Teaching,No,No,0,0.0
43220.0,40.0,1080.4997298750675,300-499,COPD,Nonprofit,Urban,Teaching,No,No,0,0.006666666666666667
63151.0,40.0,1578.7746053063486,200-299,COPD,Nonprofit,Urban,Non-Teaching,No,No,0,0.0
73413.0,36.0,2039.249433541824,200-299,COPD,Nonprofit,Urban,Teaching,No,No,1,0.9333333333333333
74166.0,30.0,2472.199175933608,300-499,COPD,Nonprofit,Urban,Teaching,No,No,1,0.9233333333333333
39333.0,24.0,1638.8743171357012,200-299,COPD,Nonprofit,Urban,Non-Teaching,No,Yes,0,0.016666666666666666
53345.0,27.0,1975.740008985182,150-199,COPD,Nonprofit,Urban,Non-Teaching,No,No,1,0.7933333333333333
59695.0,30.0,1989.8326700557766,150-199,COPD,Nonprofit,Urban,Non-Teaching,No,Yes,1,0.9733333333333334
71708.0,73.0,982.3012353012006,300-499,COPD,Government,Urban,Teaching,Yes,Yes,0,0.0
45896.0,35.0,1311.313911053168,150-199,COPD,Government,Urban,Non-Teaching,No,No,0,0.02
34054.5,18.0,1891.9156156024358,100-149,COPD,Nonprofit,Urban,Non-Teaching,No,No,1,0.9133333333333333
23820.0,19.5,1221.5378351088025,100-149,COPD,Nonprofit,Urban,Non-Teaching,No,Yes,0,0.05333333333333334
32229.0,23.0,1401.260260321626,50-99,COPD,Nonprofit,Urban,Non-Teaching,No,Yes,0,0.38666666666666666
2837.0,2.0,1418.4929075354623,1-49,COPD,Government,Frontier,Non-Teaching,Yes,Yes,0,0.0
23943.0,20.0,1197.1494014252994,300-499,COPD,Investor Owned,Urban,Non-Teaching,Yes,No,0,0.01
32425.0,41.0,790.8534656454962,300-499,COPD,Government,Urban,Teaching,No,No,0,0.0
28244.0,16.0,1765.2488967194397,100-149,COPD,Nonprofit,Rural,Non-Teaching,Yes,Yes,1,0.8433333333333334
4834.0,4.0,1208.4969787575533,50-99,COPD,Government,Frontier,Non-Teaching,Yes,Yes,0,0.0033333333333333335
58831.0,56.0,1050.5533838297529,300-499,COPD,Nonprofit,Urban,Non-Teaching,No,No,0,0.009740047431558103
73328.0,64.0,1145.7498209765904,300-499,COPD,Investor Owned,Urban,Non-Teaching,Yes,Yes,0,0.0033333333333333335
68827.0,44.0,1564.249644488717,300-499,COPD,Government,Urban,Teaching,No,Yes,0,0.013333333333333334
51901.0,24.0,2162.540765608014,300-499,COPD,Nonprofit,Urban,Non-Teaching,No,Yes,1,0.9866666666666667
33076.0,52.0,636.0768007544614,500+,COPD,Government,Urban,Teaching,No,No,0,0.0033333333333333335
28108.0,21.0,1338.4755531068795,200-299,COPD,Nonprofit,Urban,Non-Teaching,Yes,Yes,0,0.05
67670.0,62.0,1091.4514368626715,300-499,COPD,Investor Owned,Urban,Non-Teaching,Yes,Yes,0,0.0033333333333333335
13261.0,12.0,1105.082412431323,100-149,COVID-19 History,Government,Urban,Non-Teaching,No,No,0,0.023333333333333334
29420.666666666668,22.0,1337.302422438293,300-499,COVID-19 History,Nonprofit,Urban,Non-Teaching,No,No,0,0.021134661112094357
30782.5,40.0,769.562307609423,150-199,COVID-19 History,Nonprofit,Urban,Teaching,No,No,0,0.013333333333333334
65082.0,59.0,1103.0845587992274,200-299,COVID-19 History,Government,Urban,Non-Teaching,No,No,0,0.016666666666666666
29479.0,30.0,982.633005788998,300-499,COVID-19 History,Nonprofit,Urban,Non-Teaching,No,No,0,0.45647786922037253
42180.666666666664,39.0,1081.5552782336893,300-499,COVID-19 History,Government,Urban,Non-Teaching,No,No,0,0.05
28620.0,17.0,1683.5284214538697,150-199,COVID-19 History,Nonprofit,Urban,Non-Teaching,No,No,0,0.006666666666666667
37801.333333333336,18.0,2100.0729073669036,100-149,COVID-19 History,Nonprofit,Urban,Non-Teaching,No,No,1,0.9033333333333333
31745.0,22.0,1442.9538895664139,100-149,COVID-19 History,Nonprofit,Urban,Non-Teaching,No,No,0,0.016666666666666666
110997.0,80.0,1387.4623265672092,300-499,COVID-19 History,Nonprofit,Urban,Non-Teaching,No,No,0,0.0
66977.0,40.0,1674.4245813938546,200-299,COVID-19 History,Nonprofit,Urban,Non-Teaching,No,No,0,0.0
24025.0,14.0,1716.070202806998,50-99,COVID-19 History,Nonprofit,Rural,Non-Teaching,Yes,No,0,0.04
9708.5,5.0,1941.696116607767,100-149,COVID-19 History,Nonprofit,Rural,Non-Teaching,Yes,Yes,1,0.84
8570.0,14.0,612.1424198982716,100-149,COVID-19 History,Nonprofit,Rural,Non-Teaching,Yes,Yes,0,0.15
55911.0,49.0,1141.0405834611054,200-299,COVID-19 History,Nonprofit,Urban,Non-Teaching,No,Yes,0,0.0033333333333333335
10039.0,8.0,1254.8734314082108,1-49,COVID-19 History,Nonprofit,Rural,Non-Teaching,Yes,Yes,0,0.7480458786153316
41025.0,30.0,1367.4995441668186,100-149,COVID-19 History,Nonprofit,Urban,Non-Teaching,No,No,0,0.35669833937178863
46164.333333333336,44.0,1049.1891554873132,500+,COVID-19 History,Nonprofit,Urban,Non-Teaching,No,No,0,0.0
63404.333333333336,52.0,1219.3138680806665,200-299,COVID-19 History,Nonprofit,Urban,Non-Teaching,No,No,0,0.10333333333333333
50722.333333333336,32.0,1585.072421331535,200-299,COVID-19 History,Nonprofit,Urban,Non-Teaching,No,No,0,0.021310185501574097
16929.333333333332,12.0,1410.7766021306093,100-149,COVID-19 History,Investor Owned,Urban,Non-Teaching,No,No,0,0.043333333333333335
63958.666666666664,36.0,1776.629136121536,150-199,COVID-19 History,Nonprofit,Urban,Non-Teaching,No,No,1,0.8333333333333334
16776.666666666668,12.0,1398.0543905102302,100-149,COVID-19 History,Nonprofit,Rural,Non-Teaching,Yes,Yes,0,0.06333333333333334
55450.333333333336,59.0,939.8359988978533,300-499,COVID-19 History,Nonprofit,Rural,Non-Teaching,Yes,Yes,0,0.02
80788.66666666667,73.0,1106.693912325035,500+,COVID-19 History,Nonprofit,Urban,Teaching,Yes,No,0,0.0033333333333333335
35672.666666666664,10.0,3567.263099403567,1-49,COVID-19 History,Nonprofit,Rural,Non-Teaching,Yes,Yes,1,0.9266666666666666
57338.0,48.0,1194.5414178038711,300-499,COVID-19 History,Nonprofit,Urban,Non-Teaching,No,Yes,0,0.013333333333333334
47511.333333333336,21.0,2262.4433670904605,150-199,COVID-19 History,Nonprofit,Urban,Non-Teaching,No,Yes,1,0.9933333333333333
5907.0,4.333333333333333,1363.1507004214607,1-49,COVID-19 History,Investor Owned,Frontier,Non-Teaching,Yes,Yes,0,0.0
10314.0,8.0,1289.2483884395144,1-49,COVID-19 History,Investor Owned,Rural,Non-Teaching,Yes,Yes,0,0.02
28371.0,20.0,1418.5492907253547,100-149,COVID-19 History,Investor Owned,Rural,Non-Teaching,Yes,Yes,0,0.0
39829.0,16.0,2489.31094418066,100-149,COVID-19 History,Government,Rural,Non-Teaching,Yes,Yes,1,0.8933333333333333
7991.666666666667,7.666666666666667,1042.3899447087679,1-49,COVID-19 History,Government,Rural,Non-Teaching,No,No,0,0.016666666666666666
1610.0,2.0,804.9959750201249,1-49,COVID-19 History,Government,Frontier,Non-Teaching,Yes,No,0,0.0
28485.0,10.0,2848.4971515028487,150-199,COVID-19 History,Nonprofit,Urban,Non-Teaching,Yes,Yes,1,0.9766666666666667
6546.333333333333,8.0,818.290643803362,100-149,COVID-19 History,Government,Frontier,Non-Teaching,Yes,Yes,0,0.0033333333333333335
64106.0,42.666666666666664,1502.484022855307,100-149,COVID-19 History,Nonprofit,Urban,Non-Teaching,No,Yes,0,0.02666666666666667
15535.666666666666,12.0,1294.6378100240472,50-99,COVID-19 History,Nonprofit,Rural,Non-Teaching,Yes,Yes,0,0.3933333333333333
20035.333333333332,13.0,1541.1783016577167,1-49,COVID-19 History,Nonprofit,Rural,Non-Teaching,Yes,Yes,0,0.023333333333333334
88985.33333333333,40.666666666666664,2188.163396353263,150-199,COVID-19 History,Nonprofit,Urban,Non-Teaching,Yes,Yes,1,0.9966666666666667
18720.666666666668,8.0,2340.080408232823,1-49,COVID-19 History,Nonprofit,Rural,Non-Teaching,Yes,Yes,1,0.7480458786153316
18771.0,12.0,1564.2486964594198,1-49,COVID-19 History,Nonprofit,Rural,Non-Teaching,Yes,Yes,0,0.023333333333333334
10002.666666666666,8.0,1250.3317704186202,1-49,COVID-19 History,Nonprofit,Rural,Non-Teaching,Yes,Yes,0,0.7480458786153316
14433.0,8.0,1804.122744846569,100-149,COVID-19 History,Investor Owned,Urban,Non-Teaching,No,No,1,0.007478276832673846
102466.66666666667,42.666666666666664,2401.561937133921,300-499,COVID-19 History,Government,Urban,Non-Teaching,No,Yes,1,0.9466666666666667
36011.0,26.0,1385.0379288315658,300-499,COVID-19 History,Nonprofit,Urban,Non-Teaching,No,No,0,0.015321417932677986
12317.0,17.0,724.528985571185,300-499,COVID-19 History,Investor Owned,Urban,Non-Teaching,No,No,0,0.02
57101.0,35.0,1631.4566767266635,300-499,COVID-19 History,Nonprofit,Urban,Non-Teaching,No,No,0,0.2004716062696294
34882.0,50.5,690.7325364886066,300-499,COVID-19 History,Investor Owned,Urban,Non-Teaching,Yes,No,0,0.01
65446.0,41.0,1596.2435131113382,300-499,COVID-19 History,Nonprofit,Urban,Teaching,Yes,No,0,0.005824003582624272
29986.333333333332,14.0,2141.879422467079,50-99,COVID-19 History,Investor Owned,Urban,Non-Teaching,No,Yes,1,0.9933333333333333
3751.5,4.0,937.8726553183618,100-149,COVID-19 History,Investor Owned,Urban,Non-Teaching,Yes,Yes,0,0.04
20267.0,12.0,1688.915259237284,200-299,COVID-19 History,Investor Owned,Urban,Non-Teaching,No,No,0,0.12333333333333334
33361.5,14.0,2382.9625835981547,150-199,COVID-19 History,Investor Owned,Urban,Non-Teaching,No,No,1,0.9566666666666667
46487.666666666664,30.666666666666668,1515.9016795972782,150-199,COVID-19 History,Nonprofit,Urban,Non-Teaching,No,No,0,0.18333333333333332
9859.5,8.0,1232.4359594550508,100-149,COVID-19 History,Investor Owned,Urban,Non-Teaching,Yes,Yes,0,0.043333333333333335
6710.333333333333,9.0,745.591764157299,100-149,COVID-19 History,Investor Owned,Urban,Non-Teaching,No,No,0,0.002490670249290939
16033.333333333334,21.0,763.4916999245874,200-299,COVID-19 History,Investor Owned,Urban,Non-Teaching,No,No,0,0.013333333333333334
39767.5,37.0,1074.7970068116197,500+,COVID-19 History,Nonprofit,Urban,Non-Teaching,No,No,0,0.0
18635.5,9.0,2070.608810434655,100-149,COVID-19 History,Investor Owned,Urban,Non-Teaching,Yes,No,1,0.95
79359.66666666667,32.0,2479.9888083368305,300-499,COVID-19 History,Nonprofit,Urban,Non-Teaching,No,No,1,0.6021609586430575
68964.66666666667,30.0,2298.8214559484036,500+,COVID-19 History,Nonprofit,Urban,Non-Teaching,Yes,No,1,0.9716542732500496
53635.333333333336,57.0,940.9705951513575,300-499,COVID-19 History,Nonprofit,Urban,Teaching,Yes,No,0,0.0
62426.5,49.5,1261.1411593654223,200-299,COVID-19 History,Nonprofit,Urban,Non-Teaching,Yes,No,0,0.03
61938.666666666664,41.0,1510.6988185287432,200-299,COVID-19 History,Nonprofit,Urban,Non-Teaching,No,No,0,0.0033333333333333335
79005.0,53.0,1490.6600961018685,200-299,COVID-19 History,Nonprofit,Urban,Non-Teaching,No,No,0,0.7167398455024102
40703.0,29.0,1403.5512401547448,300-499,COVID-19 History,Nonprofit,Urban,Non-Teaching,No,No,0,0.00865475126601132
32344.666666666668,18.0,1796.9249276342996,100-149,COVID-19 History,Nonprofit,Urban,Non-Teaching,No,No,1,0.9033333333333333
36378.0,15.0,2425.198383201078,200-299,COVID-19 History,Investor Owned,Urban,Non-Teaching,No,No,1,0.8766666666666667
29577.0,10.666666666666666,2772.841150461422,150-199,COVID-19 History,Investor Owned,Urban,Non-Teaching,Yes,No,1,0.8666666666666667
72059.5,64.0,1125.9295115735138,300-499,COVID-19 History,Nonprofit,Urban,Teaching,No,No,0,0.0
35037.666666666664,29.0,1208.19498567989,300-499,COVID-19 History,Nonprofit,Urban,Non-Teaching,No,No,0,0.00865475126601132
16074.666666666666,5.666666666666667,2836.700876410218,100-149,COVID-19 History,Investor Owned,Urban,Non-Teaching,No,No,1,0.8433333333333334
54946.0,55.5,990.0178396364253,500+,COVID-19 History,Nonprofit,Urban,Teaching,No,No,0,0.0033333333333333335
47234.0,37.0,1276.5942495691215,300-499,COVID-19 History,Nonprofit,Urban,Non-Teaching,No,No,0,0.10385699326879635
4946.5,4.0,1236.621908445229,50-99,COVID-19 History,Investor Owned,Urban,Non-Teaching,No,No,0,0.01
6297.5,7.0,899.6415719406116,100-149,COVID-19 History,Investor Owned,Urban,Non-Teaching,No,No,0,0.01249067024929094
77714.0,71.0,1094.5632261178555,300-499,COVID-19 History,Nonprofit,Urban,Non-Teaching,No,No,0,0.0
57211.0,61.0,937.8850921499849,500+,COVID-19 History,Nonprofit,Urban,Non-Teaching,No,No,0,0.0033333333333333335
12230.666666666666,8.0,1528.8314222940555,100-149,COVID-19 History,Investor Owned,Urban,Non-Teaching,No,No,0,0.007478276832673846
32363.666666666668,15.333333333333334,2110.672536517911,200-299,COVID-19 History,Nonprofit,Urban,Non-Teaching,No,No,1,0.7813685153939087
31796.5,21.0,1514.1183266103208,200-299,COVID-19 History,Government,Urban,Non-Teaching,No,No,0,0.023333333333333334
6871.0,7.0,981.5700263285339,200-299,COVID-19 History,Investor Owned,Urban,Non-Teaching,Yes,No,0,0.016666666666666666
18475.333333333332,12.0,1539.609828102921,150-199,COVID-19 History,Nonprofit,Urban,Non-Teaching,No,No,0,0.0033333333333333335
46827.333333333336,41.333333333333336,1132.9190807453836,300-499,COVID-19 History,Investor Owned,Urban,Non-Teaching,Yes,Yes,0,0.013333333333333334
23936.333333333332,27.0,886.530535852888,200-299,COVID-19 History,Nonprofit,Urban,Non-Teaching,No,No,0,0.01
50359.333333333336,40.0,1258.9830185875787,300-499,COVID-19 History,Nonprofit,Urban,Non-Teaching,No,No,0,0.5470832257383054
9195.333333333334,8.0,1149.4152298976294,100-149,COVID-19 History,Investor Owned,Urban,Non-Teaching,No,No,0,0.007478276832673846
43418.0,32.0,1356.8120759962262,300-499,COVID-19 History,Nonprofit,Urban,Non-Teaching,No,No,0,0.6021609586430575
21073.5,13.0,1621.037214586758,150-199,COVID-19 History,Nonprofit,Urban,Non-Teaching,No,No,0,0.013333333333333334
46270.0,30.0,1542.3328192223937,200-299,COVID-19 History,Investor Owned,Urban,Non-Teaching,No,No,0,0.02666666666666667
49428.0,28.0,1765.285083826756,300-499,COVID-19 History,Nonprofit,Urban,Teaching,No,No,1,0.93
23054.5,13.0,1773.4217127525287,150-199,COVID-19 History,Investor Owned,Urban,Non-Teaching,No,No,1,0.9466666666666667
52035.666666666664,30.0,1734.5216440483407,300-499,COVID-19 History,Nonprofit,Urban,Non-Teaching,No,No,0,0.45647786922037253
73969.0,72.66666666666667,1017.9218782676313,300-499,COVID-19 History,Government,Urban,Teaching,Yes,No,0,0.0
105955.5,80.5,1316.2172277991021,500+,COVID-19 History,Government,Urban,Teaching,No,No,0,0.0
99493.0,29.0,3430.791920416579,100-149,COVID-19 History,Nonprofit,Urban,Teaching,Yes,Yes,1,0.9933333333333333
50463.666666666664,50.666666666666664,995.9932244750214,300-499,COVID-19 History,Government,Urban,Teaching,No,No,0,0.0
40780.666666666664,37.333333333333336,1092.3389931234838,200-299,COVID-19 History,Nonprofit,Urban,Non-Teaching,No,No,0,0.0033333333333333335
67262.0,33.0,2038.2418065933919,200-299,COVID-19 History,Nonprofit,Urban,Non-Teaching,Yes,No,1,0.9333333333333333
92182.33333333333,80.0,1152.2790226317886,300-499,COVID-19 History,Nonprofit,Urban,Non-Teaching,No,No,0,0.0
64397.333333333336,35.0,1839.9232838314426,150-199,COVID-19 History,Investor Owned,Urban,Non-Teaching,Yes,Yes,1,0.9566666666666667
77745.33333333333,38.0,2045.9292861589595,300-499,COVID-19 History,Nonprofit,Rural,Non-Teaching,Yes,Yes,1,0.8866666666666667
27449.0,19.0,1444.683450166605,100-149,COVID-19 History,Nonprofit,Urban,Non-Teaching,No,No,0,0.24991070844217034
29936.333333333332,31.0,965.6878605307977,300-499,COVID-19 History,Nonprofit,Urban,Non-Teaching,No,No,0,0.8294216217246199
14621.0,9.0,1624.553750495833,1-49,COVID-19 History,Nonprofit,Urban,Non-Teaching,No,No,0,0.02
6284.0,3.6666666666666665,1713.8135077813424,1-49,COVID-19 History,Government,Rural,Non-Teaching,Yes,Yes,0,0.0
9094.0,6.0,1515.6641405597659,1-49,COVID-19 History,Nonprofit,Rural,Non-Teaching,Yes,Yes,0,0.6761843735315477
28163.666666666668,19.0,1482.2974654574743,50-99,COVID-19 History,Nonprofit,Rural,Non-Teaching,Yes,Yes,0,0.11333333333333333
13366.0,9.0,1485.1094609894878,1-49,COVID-19 History,Nonprofit,Rural,Non-Teaching,Yes,Yes,0,0.31366265036422153
25567.333333333332,10.0,2556.7307766025565,1-49,COVID-19 History,Nonprofit,Rural,Non-Teaching,Yes,Yes,1,0.9266666666666666
57461.0,26.0,2210.0376115239956,150-199,COVID-19 History,Nonprofit,Urban,Non-Teaching,Yes,Yes,1,0.97
511.0,1.0,510.99489005109945,1-49,COVID-19 History,Government,Frontier,Non-Teaching,Yes,Yes,0,0.0
41278.666666666664,30.666666666666668,1346.0430393337915,200-299,COVID-19 History,Nonprofit,Urban,Non-Teaching,No,No,0,0.021988084599344652
14553.0,6.0,2425.495957506738,50-99,COVID-19 History,Nonprofit,Rural,Non-Teaching,No,Yes,1,0.9166666666666666
50028.333333333336,16.0,3126.768879102784,200-299,COVID-19 History,Government,Urban,Non-Teaching,Yes,Yes,1,0.9566666666666667
51527.5,19.0,2711.972256856707,150-199,COVID-19 History,Government,Urban,Non-Teaching,Yes,Yes,1,0.9166666666666666
24487.0,18.0,1360.3881331177038,150-199,COVID-19 History,Investor Owned,Urban,Non-Teaching,No,No,0,0.05333333333333334
6034.5,8.0,754.3115571105536,100-149,COVID-19 History,Nonprofit,Rural,Non-Teaching,No,No,0,0.0033333333333333335
12749.5,15.0,849.9661000226,50-99,COVID-19 History,Government,Rural,Non-Teaching,Yes,Yes,0,0.06666666666666667
92289.0,35.666666666666664,2587.5413305958887,300-499,COVID-19 History,Nonprofit,Urban,Non-Teaching,No,No,1,0.7820083771141719
27767.5,26.0,1067.9803584690928,200-299,COVID-19 History,Nonprofit,Urban,Non-Teaching,No,No,0,0.006666666666666667
23505.0,30.0,783.4997388334205,200-299,COVID-19 History,Investor Owned,Urban,Teaching,No,Yes,0,0.006666666666666667
5063.0,8.0,632.8742089072389,100-149,COVID-19 History,Investor Owned,Urban,Non-Teaching,No,No,0,0.007478276832673846
12153.0,11.0,1104.8171774389295,150-199,COVID-19 History,Investor Owned,Urban,Non-Teaching,No,Yes,0,0.07666666666666666
100965.66666666667,80.5,1254.2317282527874,300-499,COVID-19 History,Nonprofit,Urban,Non-Teaching,No,No,0,0.0
11960.0,12.0,996.6658361118033,100-149,COVID-19 History,Investor Owned,Urban,Non-Teaching,No,No,0,0.043333333333333335
11887.333333333334,11.0,1080.6656842433174,100-149,COVID-19 History,Investor Owned,Urban,Non-Teaching,No,No,0,0.0033333333333333335
25199.5,23.0,1095.6299584217572,150-199,COVID-19 History,Investor Owned,Urban,Non-Teaching,No,No,0,0.043333333333333335
11411.0,10.0,1141.098858901141,150-199,COVID-19 History,Investor Owned,Urban,Non-Teaching,Yes,No,0,0.14333333333333334
34495.5,44.5,775.1796010832356,300-499,COVID-19 History,Nonprofit,Urban,Non-Teaching,No,No,0,0.013636091764593197
42020.0,50.666666666666664,829.3419415772483,300-499,COVID-19 History,Government,Urban,Teaching,Yes,No,0,0.0
19240.0,12.0,1603.3319972233357,150-199,COVID-19 History,Investor Owned,Urban,Non-Teaching,Yes,No,0,0.31666666666666665
27262.5,31.0,879.4352001821935,200-299,COVID-19 History,Nonprofit,Urban,Non-Teaching,No,No,0,0.025321417932677986
14340.0,20.0,716.9996415001792,150-199,COVID-19 History,Nonprofit,Urban,Non-Teaching,No,No,0,0.01
53749.666666666664,36.0,1493.045881561329,300-499,COVID-19 History,Nonprofit,Urban,Non-Teaching,No,No,0,0.15333333333333332
4135.333333333333,8.0,516.916020521641,150-199,COVID-19 History,Investor Owned,Urban,Non-Teaching,No,No,0,0.11666666666666667
24221.0,24.0,1009.2079128300363,200-299,COVID-19 History,Investor Owned,Urban,Non-Teaching,Yes,No,0,0.016666666666666666
17550.0,17.5,1002.8565697962458,200-299,COVID-19 History,Investor Owned,Urban,Non-Teaching,No,No,0,0.043333333333333335
109291.5,72.0,1517.9372891753765,200-299,COVID-19 History,Nonprofit,Urban,Non-Teaching,No,No,0,0.03333333333333333
26386.333333333332,14.0,1884.7367489975602,50-99,COVID-19 History,Nonprofit,Urban,Non-Teaching,No,Yes,1,0.9733333333333334
69937.5,69.0,1013.5868096251,300-499,COVID-19 History,Nonprofit,Urban,Non-Teaching,No,No,0,0.0
112998.5,62.0,1822.5561576522325,300-499,COVID-19 History,Nonprofit,Urban,Non-Teaching,No,No,1,0.51
3495.0,3.0,1164.996116679611,1-49,COVID-19 History,Government,Frontier,Non-Teaching,Yes,Yes,0,0.0
2546.6666666666665,2.0,1273.3269666984997,1-49,COVID-19 History,Government,Frontier,Non-Teaching,Yes,Yes,0,0.0
44698.666666666664,30.0,1489.9550589038693,150-199,COVID-19 History,Investor Owned,Urban,Non-Teaching,No,Yes,0,0.07666666666666666
54417.5,28.0,1943.4814487566255,300-499,COVID-19 History,Investor Owned,Urban,Non-Teaching,No,Yes,1,0.9633333333333334
39938.5,29.0,1377.189180279593,300-499,COVID-19 History,Investor Owned,Urban,Non-Teaching,Yes,Yes,0,0.013333333333333334
45627.5,12.0,3802.2884980929184,100-149,COVID-19 History,Investor Owned,Urban,Non-Teaching,No,Yes,1,0.9466666666666667
7767.0,7.0,1109.5698434716523,1-49,COVID-19 History,Government,Rural,Non-Teaching,Yes,Yes,0,0.0
45660.666666666664,41.0,1113.6745251200343,150-199,COVID-19 History,Investor Owned,Urban,Non-Teaching,No,Yes,0,0.02
37046.333333333336,28.0,1323.0828608037402,50-99,COVID-19 History,Government,Urban,Non-Teaching,No,Yes,0,0.043333333333333335
15067.333333333334,12.0,1255.6100647693906,50-99,COVID-19 History,Investor Owned,Urban,Non-Teaching,Yes,No,0,0.01
54291.666666666664,41.0,1324.1866688975604,200-299,COVID-19 History,Nonprofit,Urban,Non-Teaching,No,Yes,0,0.0
47474.5,26.0,1825.9416054070748,50-99,COVID-19 History,Nonprofit,Urban,Non-Teaching,No,Yes,1,0.9433333333333334
90694.33333333333,53.0,1711.213513607513,100-149,COVID-19 History,Investor Owned,Urban,Non-Teaching,No,Yes,0,0.016666666666666666
35054.666666666664,21.0,1669.2690463798192,100-149,COVID-19 History,Investor Owned,Urban,Non-Teaching,No,No,0,0.03666666666666667
47299.5,58.5,808.5383233267823,100-149,COVID-19 History,Nonprofit,Urban,Non-Teaching,No,Yes,0,0.0
95381.5,59.0,1616.6353192143526,200-299,COVID-19 History,Nonprofit,Urban,Non-Teaching,No,No,0,0.13333333333333333
63503.666666666664,70.0,907.1951084959368,500+,COVID-19 History,Government,Urban,Teaching,No,No,0,0.0
84523.33333333333,51.333333333333336,1646.5581208003657,500+,COVID-19 History,Nonprofit,Urban,Non-Teaching,No,No,0,0.0
106119.0,53.0,2002.2449052368102,200-299,COVID-19 History,Nonprofit,Urban,Non-Teaching,No,No,1,0.7167398455024102
21385.333333333332,18.0,1188.0734140332884,50-99,COVID-19 History,Government,Rural,Non-Teaching,Yes,No,0,0.016666666666666666
11297.666666666666,7.0,1613.9500753094162,1-49,COVID-19 History,Government,Rural,Non-Teaching,Yes,Yes,0,0.0
33224.0,15.0,2214.9318567120954,100-149,COVID-19 History,Investor Owned,Urban,Non-Teaching,No,No,1,0.8066666666666666
22289.0,12.0,1857.4151188207343,100-149,COVID-19 History,Investor Owned,Urban,Non-Teaching,No,Yes,1,0.9466666666666667
112998.5,80.5,1403.7079001605093,300-499,COVID-19 History,Nonprofit,Urban,Non-Teaching,Yes,No,0,0.0
40403.0,40.0,1010.074747481313,300-499,COVID-19 History,Nonprofit,Urban,Teaching,No,No,0,0.03498134049858187
8291.666666666666,6.0,1381.9421412075424,1-49,COVID-19 History,Government,Rural,Non-Teaching,Yes,Yes,0,0.0
75626.66666666667,52.0,1454.35869467461,300-499,COVID-19 History,Nonprofit,Urban,Non-Teaching,No,Yes,0,0.01
53317.333333333336,18.0,2962.0724284782805,300-499,COVID-19 History,Nonprofit,Urban,Non-Teaching,No,Yes,1,0.9866666666666667
62192.333333333336,43.0,1446.3329969768224,200-299,COVID-19 History,Nonprofit,Urban,Non-Teaching,No,Yes,0,0.0
30790.0,16.0,1924.3737972663766,100-149,COVID-19 History,Investor Owned,Urban,Non-Teaching,Yes,Yes,1,0.9066666666666666
22806.333333333332,15.333333333333334,1487.3685951943944,150-199,COVID-19 History,Investor Owned,Rural,Non-Teaching,Yes,Yes,0,0.023333333333333334
35471.0,20.333333333333332,1744.4745518977616,100-149,COVID-19 History,Investor Owned,Urban,Non-Teaching,Yes,Yes,1,0.9233333333333333
57942.0,47.0,1232.8082483386704,300-499,COVID-19 History,Government,Urban,Teaching,Yes,No,0,0.0
25407.666666666668,16.0,1587.9781741803079,1-49,COVID-19 History,Investor Owned,Rural,Non-Teaching,Yes,Yes,0,0.006666666666666667
23200.666666666668,15.0,1546.710079971058,50-99,COVID-19 History,Nonprofit,Urban,Non-Teaching,No,Yes,0,0.4066666666666667
79146.5,63.0,1256.2934513819919,500+,COVID-19 History,Nonprofit,Urban,Non-Teaching,No,No,0,0.0
86469.0,80.5,1074.148934888331,500+,COVID-19 History,Nonprofit,Urban,Non-Teaching,No,Yes,0,0.006666666666666667
112241.5,80.5,1394.3041746205993,300-499,COVID-19 History,Nonprofit,Urban,Non-Teaching,No,No,0,0.0
96961.66666666667,77.33333333333333,1253.8144930412295,300-499,COVID-19 History,Nonprofit,Urban,Teaching,No,No,0,0.0
17293.0,20.0,864.6495676752162,200-299,COVID-19 History,Investor Owned,Urban,Non-Teaching,Yes,Yes,0,0.013333333333333334
37200.666666666664,47.0,791.5033776943167,300-499,COVID-19 History,Nonprofit,Urban,Non-Teaching,No,No,0,0.00865475126601132
39953.666666666664,40.0,998.8414169563123,300-499,COVID-19 History,Government,Urban,Non-Teaching,No,No,0,0.05
60332.5,80.5,749.4719565873346,300-499,COVID-19 History,Government,Urban,Teaching,No,No,0,0.0
63761.0,48.0,1328.3538899262728,300-499,COVID-19 History,Nonprofit,Urban,Non-Teaching,No,No,0,0.00865475126601132
26922.5,8.0,3365.3082933646333,200-299,COVID-19 History,Government,Urban,Non-Teaching,No,No,1,0.7166666666666667
44178.666666666664,38.0,1162.5961852817054,150-199,COVID-19 History,Nonprofit,Urban,Non-Teaching,No,No,0,0.016666666666666666
77978.0,72.0,1083.027627357274,200-299,COVID-19 History,Government,Urban,Non-Teaching,No,Yes,0,0.023333333333333334
31841.333333333332,28.666666666666668,1110.7437985777447,200-299,COVID-19 History,Nonprofit,Urban,Teaching,No,No,0,0.1
10480.666666666666,12.0,873.3881610654213,200-299,COVID-19 History,Nonprofit,Urban,Non-Teaching,No,No,0,0.12554451181128448
43609.0,59.0,739.135467943141,300-499,COVID-19 History,Government,Urban,Teaching,No,No,0,0.0
20186.666666666668,19.0,1062.4555811637292,200-299,COVID-19 History,Nonprofit,Urban,Non-Teaching,No,No,0,0.06
11045.666666666666,12.0,920.4714551626762,200-299,COVID-19 History,Nonprofit,Urban,Teaching,No,No,0,0.06
26493.666666666668,35.0,756.9616884871366,200-299,COVID-19 History,Nonprofit,Urban,Non-Teaching,No,Yes,0,0.006666666666666667
17995.0,16.0,1124.686797070752,100-149,COVID-19 History,Nonprofit,Urban,Non-Teaching,No,No,0,0.08249067024929094
49033.666666666664,28.0,1751.2017555231826,150-199,COVID-19 History,Nonprofit,Urban,Non-Teaching,No,Yes,1,1.0
41087.333333333336,25.333333333333332,1621.8677808416658,150-199,COVID-19 History,Government,Urban,Non-Teaching,Yes,Yes,0,0.07333333333333333
29388.666666666668,14.0,2099.1889767697785,50-99,COVID-19 History,Nonprofit,Urban,Non-Teaching,No,Yes,1,0.9733333333333334
25987.0,11.0,2362.4523977705476,50-99,COVID-19 History,Investor Owned,Urban,Non-Teaching,No,Yes,1,0.9833333333333333
103851.33333333333,46.666666666666664,2225.385237417449,50-99,COVID-19 History,Nonprofit,Urban,Non-Teaching,No,Yes,1,0.96
25632.666666666668,18.0,1424.0362459057894,50-99,COVID-19 History,Nonprofit,Rural,Non-Teaching,No,Yes,0,0.07333333333333333
20801.333333333332,22.0,945.5147217357325,50-99,COVID-19 History,Nonprofit,Rural,Non-Teaching,No,Yes,0,0.07333333333333333
19784.666666666668,11.0,1798.6044255111285,150-199,COVID-19 History,Investor Owned,Rural,Non-Teaching,No,Yes,1,0.96
27192.666666666668,23.0,1182.2893410336198,100-149,COVID-19 History,Investor Owned,Urban,Non-Teaching,No,No,0,0.03333333333333333
33189.666666666664,15.0,2212.6429693491314,150-199,COVID-19 History,Government,Urban,Non-Teaching,No,No,1,0.97
39927.666666666664,19.0,2101.4550343219116,100-149,COVID-19 History,Nonprofit,Urban,Non-Teaching,No,No,1,0.24991070844217034
13136.0,22.0,597.0906376860738,300-499,COVID-19 History,Investor Owned,Urban,Non-Teaching,No,No,0,0.006666666666666667
1620.0,7.0,231.42824081679885,100-149,COVID-19 History,Investor Owned,Rural,Non-Teaching,No,No,0,0.006666666666666667
41904.5,26.0,1611.7109185727236,200-299,COVID-19 History,Nonprofit,Urban,Non-Teaching,No,No,0,0.006666666666666667
14532.0,17.0,854.8230265746903,200-299,COVID-19 History,Nonprofit,Urban,Non-Teaching,No,No,0,0.19136851539390878
32738.0,24.0,1364.0827649655146,150-199,COVID-19 History,Nonprofit,Urban,Non-Teaching,No,No,0,0.1
22042.666666666668,22.0,1001.9389385126037,1-49,COVID-19 History,Nonprofit,Urban,Non-Teaching,No,Yes,0,0.12
18819.5,10.0,1881.948118051882,50-99,COVID-19 History,Government,Rural,Non-Teaching,No,Yes,1,0.9666666666666667
48621.0,41.0,1185.8777595420097,200-299,COVID-19 History,Nonprofit,Urban,Non-Teaching,Yes,Yes,0,0.01
35892.0,40.5,886.2220034019743,300-499,COVID-19 History,Nonprofit,Urban,Non-Teaching,No,No,0,0.27482857996391935
9330.0,8.0,1166.2485421893223,1-49,COVID-19 History,Nonprofit,Rural,Non-Teaching,No,Yes,0,0.06333333333333334
52909.5,40.0,1322.7371693157077,300-499,COVID-19 History,Nonprofit,Urban,Non-Teaching,No,No,0,0.5470832257383054
47574.333333333336,35.0,1359.266278304873,300-499,COVID-19 History,Investor Owned,Urban,Non-Teaching,No,No,0,0.3466666666666667
49958.666666666664,25.0,1998.3458673283196,300-499,COVID-19 History,Government,Urban,Non-Teaching,No,No,1,0.9133333333333333
73416.5,80.5,912.0060978874412,200-299,COVID-19 History,Nonprofit,Urban,Teaching,No,No,0,0.006666666666666667
65069.0,36.0,1807.4717201467442,200-299,COVID-19 History,Nonprofit,Urban,Non-Teaching,No,No,1,0.6133333333333333
33380.333333333336,8.0,4172.536450996104,50-99,COVID-19 History,Government,Rural,Non-Teaching,No,No,1,0.97
67463.5,30.0,2248.7825837391388,300-499,COVID-19 History,Nonprofit,Urban,Non-Teaching,No,No,1,0.45647786922037253
28103.666666666668,13.333333333333334,2107.7734191699356,100-149,COVID-19 History,Nonprofit,Urban,Non-Teaching,Yes,No,1,0.91
3986.3333333333335,6.0,664.3877815759197,100-149,COVID-19 History,Government,Frontier,Non-Teaching,Yes,Yes,0,0.0033333333333333335
24901.0,28.0,889.3211109567461,200-299,COVID-19 History,Investor Owned,Urban,Non-Teaching,No,Yes,0,0.013333333333333334
42502.0,26.0,1634.691678964739,200-299,COVID-19 History,Nonprofit,Urban,Non-Teaching,No,Yes,0,0.0
9721.666666666666,11.0,883.7870753450829,1-49,COVID-19 History,Nonprofit,Rural,Non-Teaching,Yes,Yes,0,0.12333333333333334
9916.0,7.0,1416.5694049008503,1-49,COVID-19 History,Nonprofit,Rural,Non-Teaching,Yes,Yes,0,0.6678386467815972
57303.333333333336,51.0,1123.594550929173,200-299,COVID-19 History,Nonprofit,Urban,Non-Teaching,No,No,0,0.09333333333333334
24714.666666666668,13.0,1901.1267427230187,100-149,COVID-19 History,Nonprofit,Urban,Non-Teaching,No,No,1,0.3466666666666667
57780.0,45.0,1283.99971466673,150-199,COVID-19 History,Nonprofit,Urban,Non-Teaching,No,No,0,0.006666666666666667
48864.0,27.0,1809.7771074899601,100-149,COVID-19 History,Nonprofit,Urban,Non-Teaching,No,No,1,0.79
8867.0,9.0,985.2211275320806,1-49,COVID-19 History,Investor Owned,Rural,Non-Teaching,No,No,0,0.01
17207.5,15.0,1147.1659018893988,50-99,COVID-19 History,Investor Owned,Urban,Non-Teaching,No,No,0,0.06333333333333334
35628.0,29.5,1207.728404159863,200-299,COVID-19 History,Investor Owned,Urban,Non-Teaching,No,Yes,0,0.01
8424.666666666666,8.333333333333334,1010.9587868494557,50-99,COVID-19 History,Government,Urban,Non-Teaching,Yes,No,0,0.016666666666666666
53276.0,30.0,1775.8660747113086,150-199,COVID-19 History,Nonprofit,Urban,Teaching,No,Yes,1,0.99
31739.5,34.0,933.5144313192848,100-149,COVID-19 History,Nonprofit,Urban,Non-Teaching,No,Yes,0,0.1
77669.33333333333,33.0,2353.6154483993587,300-499,COVID-19 History,Investor Owned,Urban,Non-Teaching,No,No,1,0.7844787548486356
51875.333333333336,32.0,1621.1036600717728,200-299,COVID-19 History,Investor Owned,Urban,Non-Teaching,No,No,0,0.02666666666666667
72098.66666666667,40.0,1802.4662160501127,300-499,COVID-19 History,Nonprofit,Urban,Non-Teaching,No,No,1,0.5470832257383054
18690.333333333332,12.0,1557.5264798390444,1-49,COVID-19 History,Government,Rural,Non-Teaching,Yes,No,0,0.0
28291.666666666668,14.0,2020.8318898819837,50-99,COVID-19 History,Nonprofit,Rural,Non-Teaching,Yes,Yes,1,0.8966666666666666
59761.5,80.5,742.3787897666099,300-499,COVID-19 History,Government,Urban,Non-Teaching,Yes,Yes,0,0.006666666666666667
33321.0,24.0,1388.3744215106578,150-199,COVID-19 History,Government,Rural,Non-Teaching,Yes,Yes,0,0.0
28867.333333333332,15.0,1924.4876058971515,100-149,COVID-19 History,Nonprofit,Rural,Non-Teaching,Yes,Yes,1,0.7866666666666666
30663.666666666668,18.0,1703.536090628098,50-99,COVID-19 History,Nonprofit,Rural,Non-Teaching,Yes,Yes,0,0.11666666666666667
40721.5,38.5,1057.70102397376,200-299,COVID-19 History,Government,Urban,Non-Teaching,No,No,0,0.0033333333333333335
40176.0,28.0,1434.8566304083463,300-499,COVID-19 History,Investor Owned,Urban,Non-Teaching,No,No,0,0.15333333333333332
7952.0,6.0,1325.331124448126,1-49,COVID-19 History,Nonprofit,Rural,Non-Teaching,No,No,0,0.01
22600.333333333332,14.0,1614.3083707321161,100-149,COVID-19 History,Nonprofit,Urban,Non-Teaching,No,No,0,0.08333333333333333
45771.666666666664,31.0,1476.5049000521826,200-299,COVID-19 History,Nonprofit,Urban,Non-Teaching,No,Yes,0,0.0033333333333333335
26971.5,11.0,2451.952316406985,1-49,COVID-19 History,Nonprofit,Urban,Non-Teaching,No,Yes,1,0.9033333333333333
59699.0,44.0,1356.7951461829211,200-299,COVID-19 History,Nonprofit,Rural,Non-Teaching,Yes,Yes,0,0.016666666666666666
36398.0,40.0,909.9497725125568,150-199,COVID-19 History,Nonprofit,Urban,Non-Teaching,No,No,0,0.0033333333333333335
69248.0,54.0,1282.3701328944198,150-199,COVID-19 History,Government,Urban,Non-Teaching,No,No,0,0.0
112998.5,80.0,1412.4810734398657,300-499,COVID-19 History,Nonprofit,Urban,Teaching,No,No,0,0.0
9934.0,5.0,1986.7960264079472,1-49,COVID-19 History,Nonprofit,Rural,Non-Teaching,Yes,Yes,1,0.9466666666666667
15236.0,11.0,1385.0896499185,1-49,COVID-19 History,Nonprofit,Rural,Non-Teaching,Yes,Yes,0,0.12333333333333334
26490.0,24.0,1103.7495401043584,100-149,COVID-19 History,Nonprofit,Rural,Non-Teaching,No,No,0,0.0
9268.0,9.0,1029.7766335815184,50-99,COVID-19 History,Investor Owned,Rural,Non-Teaching,Yes,Yes,0,0.01
63937.0,48.0,1332.0205558290509,300-499,COVID-19 History,Nonprofit,Urban,Teaching,No,Yes,0,0.01
11554.0,12.0,962.8325309728909,50-99,COVID-19 History,Investor Owned,Rural,Non-Teaching,Yes,Yes,0,0.013333333333333334
30623.0,20.0,1531.149234425383,150-199,COVID-19 History,Government,Rural,Non-Teaching,Yes,Yes,0,0.006666666666666667
74433.0,36.0,2067.582759004789,300-499,COVID-19 History,Nonprofit,Urban,Non-Teaching,No,Yes,1,0.9833333333333333
45491.0,30.0,1516.3661612112796,200-299,COVID-19 History,Government,Urban,Teaching,No,Yes,0,0.0033333333333333335
53560.0,40.0,1338.9996652500836,200-299,COVID-19 History,Nonprofit,Urban,Non-Teaching,No,Yes,0,0.0
41196.0,26.0,1584.4609290534888,300-499,COVID-19 History,Nonprofit,Urban,Teaching,No,No,0,0.3
72057.0,46.0,1566.456181205178,300-499,COVID-19 History,Nonprofit,Urban,Non-Teaching,Yes,No,0,0.0
33564.0,14.0,2397.4268589808153,150-199,COVID-19 History,Government,Urban,Non-Teaching,No,No,1,0.97
31471.5,22.0,1430.5220770354194,100-149,COVID-19 History,Nonprofit,Urban,Non-Teaching,No,No,0,0.016666666666666666
33640.5,16.0,2102.52993591879,300-499,COVID-19 History,Nonprofit,Urban,Non-Teaching,No,No,1,0.5462653504921052
52043.0,50.0,1040.8597918280416,500+,COVID-19 History,Nonprofit,Urban,Non-Teaching,No,No,0,0.0
29638.0,21.0,1411.3326612701612,150-199,COVID-19 History,Investor Owned,Urban,Non-Teaching,No,No,0,0.043333333333333335
25109.5,16.0,1569.3427691607694,300-499,COVID-19 History,Nonprofit,Urban,Non-Teaching,No,No,0,0.5462653504921052
50599.5,24.0,2108.3116215368245,300-499,COVID-19 History,Investor Owned,Urban,Non-Teaching,No,No,1,0.38333333333333336
109217.0,29.0,3766.1021496199482,100-149,COVID-19 History,Nonprofit,Urban,Non-Teaching,Yes,Yes,1,0.9266666666666666
10799.0,13.0,830.6916686987164,1-49,COVID-19 History,Government,Rural,Non-Teaching,No,Yes,0,0.01
6472.0,8.0,808.998988751264,150-199,COVID-19 History,Nonprofit,Rural,Non-Teaching,No,No,0,0.0033333333333333335
23312.0,18.0,1295.110391605338,100-149,COVID-19 History,Nonprofit,Rural,Non-Teaching,Yes,Yes,0,0.06
27460.0,23.0,1193.912524385859,150-199,COVID-19 History,Government,Urban,Non-Teaching,No,No,0,0.11333333333333333
11497.0,69.0,166.62316425751243,50-99,COVID-19 History,Nonprofit,Urban,Non-Teaching,No,No,0,0.0033333333333333335
112998.5,72.0,1569.4233931356398,200-299,COVID-19 History,Nonprofit,Urban,Teaching,No,No,0,0.006666666666666667
87345.0,64.0,1364.7654117554043,500+,COVID-19 History,Investor Owned,Urban,Teaching,Yes,Yes,0,0.0
51767.0,26.0,1991.0376957547323,100-149,COVID-19 History,Nonprofit,Urban,Non-Teaching,No,Yes,1,0.87
99973.0,59.0,1694.4573399224846,200-299,COVID-19 History,Nonprofit,Urban,Teaching,No,No,0,0.04
30920.5,20.0,1546.0242269878865,300-499,COVID-19 History,Nonprofit,Urban,Non-Teaching,No,No,0,0.02446799444542769
56462.0,31.0,1821.3542511760481,300-499,COVID-19 History,Nonprofit,Urban,Non-Teaching,No,No,1,0.8294216217246199
45169.5,29.0,1557.56842842468,300-499,COVID-19 History,Nonprofit,Urban,Non-Teaching,No,No,0,0.00865475126601132
107243.0,53.0,2023.4524484051983,200-299,COVID-19 History,Nonprofit,Urban,Teaching,No,No,1,0.7866666666666666
42886.0,25.0,1715.4393138242744,100-149,COVID-19 History,Nonprofit,Urban,Non-Teaching,No,No,0,0.13666666666666666
112998.5,80.5,1403.7079001605093,300-499,COVID-19 History,Nonprofit,Urban,Teaching,Yes,No,0,0.0
62646.0,24.0,2610.2489123962864,300-499,COVID-19 History,Nonprofit,Urban,Teaching,No,Yes,1,0.9733333333333334
4339.5,4.0,1084.8722878192805,1-49,COVID-19 History,Nonprofit,Frontier,Non-Teaching,Yes,Yes,0,0.02666666666666667
14965.0,39.0,383.7178503287563,150-199,COVID-19 History,Nonprofit,Urban,Non-Teaching,No,No,0,0.0033333333333333335
112998.5,80.5,1403.7079001605093,300-499,COVID-19 History,Nonprofit,Urban,Teaching,No,No,0,0.0
5637.5,7.0,805.3559923485824,50-99,COVID-19 History,Nonprofit,Urban,Non-Teaching,No,Yes,0,0.3466666666666667
82844.0,62.0,1336.1933328720431,300-499,COVID-19 History,Investor Owned,Urban,Teaching,Yes,Yes,0,0.0
13380.0,22.0,608.1815417356629,200-299,COVID-19 History,Investor Owned,Urban,Non-Teaching,No,No,0,0.013333333333333334
17158.0,17.0,1009.293523944986,150-199,COVID-19 History,Nonprofit,Urban,Non-Teaching,No,No,0,0.006666666666666667
43220.0,40.0,1080.4997298750675,300-499,COVID-19 History,Nonprofit,Urban,Teaching,No,No,0,0.03498134049858187
63151.0,40.0,1578.7746053063486,200-299,COVID-19 History,Nonprofit,Urban,Non-Teaching,No,No,0,0.0
73413.0,36.0,2039.249433541824,200-299,COVID-19 History,Nonprofit,Urban,Teaching,No,No,1,0.8933333333333333
74166.0,30.0,2472.199175933608,300-499,COVID-19 History,Nonprofit,Urban,Teaching,No,No,1,0.9628510401982144
39333.0,24.0,1638.8743171357012,200-299,COVID-19 History,Nonprofit,Urban,Non-Teaching,No,Yes,0,0.0
53345.0,27.0,1975.740008985182,150-199,COVID-19 History,Nonprofit,Urban,Non-Teaching,No,No,1,0.7766666666666666
59695.0,30.0,1989.8326700557766,150-199,COVID-19 History,Nonprofit,Urban,Non-Teaching,No,Yes,1,1.0
71708.0,73.0,982.3012353012006,300-499,COVID-19 History,Government,Urban,Teaching,Yes,Yes,0,0.0
45896.0,35.0,1311.313911053168,150-199,COVID-19 History,Government,Urban,Non-Teaching,No,No,0,0.023333333333333334
34054.5,18.0,1891.9156156024358,100-149,COVID-19 History,Nonprofit,Urban,Non-Teaching,No,No,1,0.9033333333333333
23820.0,19.5,1221.5378351088025,100-149,COVID-19 History,Nonprofit,Urban,Non-Teaching,No,Yes,0,0.37
32229.0,23.0,1401.260260321626,50-99,COVID-19 History,Nonprofit,Urban,Non-Teaching,No,Yes,0,0.38
6307.0,9.0,700.7769991366677,100-149,COVID-19 History,Investor Owned,Rural,Non-Teaching,Yes,Yes,0,0.0033333333333333335
2837.0,2.0,1418.4929075354623,1-49,COVID-19 History,Government,Frontier,Non-Teaching,Yes,Yes,0,0.0
23943.0,20.0,1197.1494014252994,300-499,COVID-19 History,Investor Owned,Urban,Non-Teaching,Yes,No,0,0.03666666666666667
32425.0,41.0,790.8534656454962,300-499,COVID-19 History,Government,Urban,Teaching,No,No,0,0.0033333333333333335
28244.0,16.0,1765.2488967194397,100-149,COVID-19 History,Nonprofit,Rural,Non-Teaching,Yes,Yes,1,0.79
4834.0,4.0,1208.4969787575533,50-99,COVID-19 History,Government,Frontier,Non-Teaching,Yes,Yes,0,0.013333333333333334
58831.0,56.0,1050.5533838297529,300-499,COVID-19 History,Nonprofit,Urban,Non-Teaching,No,No,0,0.025321417932677986
73328.0,64.0,1145.7498209765904,300-499,COVID-19 History,Investor Owned,Urban,Non-Teaching,Yes,Yes,0,0.0
68827.0,44.0,1564.249644488717,300-499,COVID-19 History,Government,Urban,Teaching,No,Yes,0,0.013333333333333334
51901.0,24.0,2162.540765608014,300-499,COVID-19 History,Nonprofit,Urban,Non-Teaching,No,Yes,1,0.99
33076.0,52.0,636.0768007544614,500+,COVID-19 History,Government,Urban,Teaching,No,No,0,0.0
28108.0,21.0,1338.4755531068795,200-299,COVID-19 History,Nonprofit,Urban,Non-Teaching,Yes,Yes,0,0.03
67670.0,62.0,1091.4514368626715,300-499,COVID-19 History,Investor Owned,Urban,Non-Teaching,Yes,Yes,0,0.0
13261.0,12.0,1105.082412431323,100-149,Cancer,Government,Urban,Non-Teaching,No,No,0,0.10333333333333333
29420.666666666668,22.0,1337.302422438293,300-499,Cancer,Nonprofit,Urban,Non-Teaching,No,No,0,0.012851040198214363
30782.5,40.0,769.562307609423,150-199,Cancer,Nonprofit,Urban,Teaching,No,No,0,0.016666666666666666
65082.0,59.0,1103.0845587992274,200-299,Cancer,Government,Urban,Non-Teaching,No,No,0,0.006184373531547696
29479.0,30.0,982.633005788998,300-499,Cancer,Nonprofit,Urban,Non-Teaching,No,No,0,0.4422542097565729
42180.666666666664,39.0,1081.5552782336893,300-499,Cancer,Government,Urban,Non-Teaching,No,No,0,0.0033333333333333335
28620.0,17.0,1683.5284214538697,150-199,Cancer,Nonprofit,Urban,Non-Teaching,No,No,0,0.02
37801.333333333336,18.0,2100.0729073669036,100-149,Cancer,Nonprofit,Urban,Non-Teaching,No,No,1,0.9754361370272924
31745.0,22.0,1442.9538895664139,100-149,Cancer,Nonprofit,Urban,Non-Teaching,No,No,0,0.0376015005600746
110997.0,80.0,1387.4623265672092,300-499,Cancer,Nonprofit,Urban,Non-Teaching,No,No,0,0.0
66977.0,40.0,1674.4245813938546,200-299,Cancer,Nonprofit,Urban,Non-Teaching,No,No,0,0.0
24025.0,14.0,1716.070202806998,50-99,Cancer,Nonprofit,Rural,Non-Teaching,Yes,No,0,0.013333333333333334
9708.5,5.0,1941.696116607767,100-149,Cancer,Nonprofit,Rural,Non-Teaching,Yes,Yes,1,0.8633333333333333
8570.0,14.0,612.1424198982716,100-149,Cancer,Nonprofit,Rural,Non-Teaching,Yes,Yes,0,0.39
55911.0,49.0,1141.0405834611054,200-299,Cancer,Nonprofit,Urban,Non-Teaching,No,Yes,0,0.0
10039.0,8.0,1254.8734314082108,1-49,Cancer,Nonprofit,Rural,Non-Teaching,Yes,Yes,0,0.42494369337807825
41025.0,30.0,1367.4995441668186,100-149,Cancer,Nonprofit,Urban,Non-Teaching,No,No,0,0.11180588251210866
46164.333333333336,44.0,1049.1891554873132,500+,Cancer,Nonprofit,Urban,Non-Teaching,No,No,0,0.0
63404.333333333336,52.0,1219.3138680806665,200-299,Cancer,Nonprofit,Urban,Non-Teaching,No,No,0,0.07277015333017728
50722.333333333336,32.0,1585.072421331535,200-299,Cancer,Nonprofit,Urban,Non-Teaching,No,No,0,0.02666666666666667
16929.333333333332,12.0,1410.7766021306093,100-149,Cancer,Investor Owned,Urban,Non-Teaching,No,No,0,0.016666666666666666
63958.666666666664,36.0,1776.629136121536,150-199,Cancer,Nonprofit,Urban,Non-Teaching,No,No,1,0.8233333333333334
16776.666666666668,12.0,1398.0543905102302,100-149,Cancer,Nonprofit,Rural,Non-Teaching,Yes,Yes,0,0.18333333333333332
55450.333333333336,59.0,939.8359988978533,300-499,Cancer,Nonprofit,Rural,Non-Teaching,Yes,Yes,0,0.02
7588.5,9.0,843.1657298158558,100-149,Cancer,Investor Owned,Rural,Non-Teaching,Yes,Yes,0,0.01
80788.66666666667,73.0,1106.693912325035,500+,Cancer,Nonprofit,Urban,Teaching,Yes,No,0,0.006666666666666667
35672.666666666664,10.0,3567.263099403567,1-49,Cancer,Nonprofit,Rural,Non-Teaching,Yes,Yes,1,0.8134052044605627
57338.0,48.0,1194.5414178038711,300-499,Cancer,Nonprofit,Urban,Non-Teaching,No,Yes,0,0.03
47511.333333333336,21.0,2262.4433670904605,150-199,Cancer,Nonprofit,Urban,Non-Teaching,No,Yes,1,0.95
5907.0,4.333333333333333,1363.1507004214607,1-49,Cancer,Investor Owned,Frontier,Non-Teaching,Yes,Yes,0,0.0
10314.0,8.0,1289.2483884395144,1-49,Cancer,Investor Owned,Rural,Non-Teaching,Yes,Yes,0,0.01337689250808074
28371.0,20.0,1418.5492907253547,100-149,Cancer,Investor Owned,Rural,Non-Teaching,Yes,Yes,0,0.016666666666666666
39829.0,16.0,2489.31094418066,100-149,Cancer,Government,Rural,Non-Teaching,Yes,Yes,1,0.9733333333333334
7991.666666666667,7.666666666666667,1042.3899447087679,1-49,Cancer,Government,Rural,Non-Teaching,No,No,0,0.0
1610.0,2.0,804.9959750201249,1-49,Cancer,Government,Frontier,Non-Teaching,Yes,No,0,0.0
28485.0,10.0,2848.4971515028487,150-199,Cancer,Nonprofit,Urban,Non-Teaching,Yes,Yes,1,0.9866666666666667
6546.333333333333,8.0,818.290643803362,100-149,Cancer,Government,Frontier,Non-Teaching,Yes,Yes,0,0.02
64106.0,42.666666666666664,1502.484022855307,100-149,Cancer,Nonprofit,Urban,Non-Teaching,No,Yes,0,0.006666666666666667
15535.666666666666,12.0,1294.6378100240472,50-99,Cancer,Nonprofit,Rural,Non-Teaching,Yes,Yes,0,0.13666666666666666
20035.333333333332,13.0,1541.1783016577167,1-49,Cancer,Nonprofit,Rural,Non-Teaching,Yes,Yes,0,0.006666666666666667
88985.33333333333,40.666666666666664,2188.163396353263,150-199,Cancer,Nonprofit,Urban,Non-Teaching,Yes,Yes,1,0.9966666666666667
18720.666666666668,8.0,2340.080408232823,1-49,Cancer,Nonprofit,Rural,Non-Teaching,Yes,Yes,1,0.42494369337807825
18771.0,12.0,1564.2486964594198,1-49,Cancer,Nonprofit,Rural,Non-Teaching,Yes,Yes,0,0.0033333333333333335
10002.666666666666,8.0,1250.3317704186202,1-49,Cancer,Nonprofit,Rural,Non-Teaching,Yes,Yes,0,0.42494369337807825
14433.0,8.0,1804.122744846569,100-149,Cancer,Investor Owned,Urban,Non-Teaching,No,No,1,0.010532118394667405
102466.66666666667,42.666666666666664,2401.561937133921,300-499,Cancer,Government,Urban,Non-Teaching,No,Yes,1,0.9533333333333334
36011.0,26.0,1385.0379288315658,300-499,Cancer,Nonprofit,Urban,Non-Teaching,No,No,0,0.014216138587245802
12317.0,17.0,724.528985571185,300-499,Cancer,Investor Owned,Urban,Non-Teaching,No,No,0,0.10333333333333333
57101.0,35.0,1631.4566767266635,300-499,Cancer,Nonprofit,Urban,Non-Teaching,No,No,0,0.24127534021186903
34882.0,50.5,690.7325364886066,300-499,Cancer,Investor Owned,Urban,Non-Teaching,Yes,No,0,0.0
65446.0,41.0,1596.2435131113382,300-499,Cancer,Nonprofit,Urban,Teaching,Yes,No,0,0.0
29986.333333333332,14.0,2141.879422467079,50-99,Cancer,Investor Owned,Urban,Non-Teaching,No,Yes,1,0.98
3751.5,4.0,937.8726553183618,100-149,Cancer,Investor Owned,Urban,Non-Teaching,Yes,Yes,0,0.08666666666666667
20267.0,12.0,1688.915259237284,200-299,Cancer,Investor Owned,Urban,Non-Teaching,No,No,0,0.11
33361.5,14.0,2382.9625835981547,150-199,Cancer,Investor Owned,Urban,Non-Teaching,No,No,1,0.8333333333333334
46487.666666666664,30.666666666666668,1515.9016795972782,150-199,Cancer,Nonprofit,Urban,Non-Teaching,No,No,0,0.21333333333333335
9859.5,8.0,1232.4359594550508,100-149,Cancer,Investor Owned,Urban,Non-Teaching,Yes,Yes,0,0.09
6710.333333333333,9.0,745.591764157299,100-149,Cancer,Investor Owned,Urban,Non-Teaching,No,No,0,0.0
16033.333333333334,21.0,763.4916999245874,200-299,Cancer,Investor Owned,Urban,Non-Teaching,No,No,0,0.0033333333333333335
39767.5,37.0,1074.7970068116197,500+,Cancer,Nonprofit,Urban,Non-Teaching,No,No,0,0.013333333333333334
18635.5,9.0,2070.608810434655,100-149,Cancer,Investor Owned,Urban,Non-Teaching,Yes,No,1,0.9633333333333334
79359.66666666667,32.0,2479.9888083368305,300-499,Cancer,Nonprofit,Urban,Non-Teaching,No,No,1,0.5348776737364144
68964.66666666667,30.0,2298.8214559484036,500+,Cancer,Nonprofit,Urban,Non-Teaching,Yes,No,1,0.972490670249291
53635.333333333336,57.0,940.9705951513575,300-499,Cancer,Nonprofit,Urban,Teaching,Yes,No,0,0.006666666666666667
62426.5,49.5,1261.1411593654223,200-299,Cancer,Nonprofit,Urban,Non-Teaching,Yes,No,0,0.0841449434993405
61938.666666666664,41.0,1510.6988185287432,200-299,Cancer,Nonprofit,Urban,Non-Teaching,No,No,0,0.0
79005.0,53.0,1490.6600961018685,200-299,Cancer,Nonprofit,Urban,Non-Teaching,No,No,0,0.6000001371214904
40703.0,29.0,1403.5512401547448,300-499,Cancer,Nonprofit,Urban,Non-Teaching,No,No,0,0.03768391858592332
32344.666666666668,18.0,1796.9249276342996,100-149,Cancer,Nonprofit,Urban,Non-Teaching,No,No,1,0.9754361370272924
36378.0,15.0,2425.198383201078,200-299,Cancer,Investor Owned,Urban,Non-Teaching,No,No,1,0.83
29577.0,10.666666666666666,2772.841150461422,150-199,Cancer,Investor Owned,Urban,Non-Teaching,Yes,No,1,0.9433333333333334
72059.5,64.0,1125.9295115735138,300-499,Cancer,Nonprofit,Urban,Teaching,No,No,0,0.0033333333333333335
35037.666666666664,29.0,1208.19498567989,300-499,Cancer,Nonprofit,Urban,Non-Teaching,No,No,0,0.03768391858592332
16074.666666666666,5.666666666666667,2836.700876410218,100-149,Cancer,Investor Owned,Urban,Non-Teaching,No,No,1,0.86
54946.0,55.5,990.0178396364253,500+,Cancer,Nonprofit,Urban,Teaching,No,No,0,0.006666666666666667
47234.0,37.0,1276.5942495691215,300-499,Cancer,Nonprofit,Urban,Non-Teaching,No,No,0,0.21890643692109127
4946.5,4.0,1236.621908445229,50-99,Cancer,Investor Owned,Urban,Non-Teaching,No,No,0,0.013333333333333334
6297.5,7.0,899.6415719406116,100-149,Cancer,Investor Owned,Urban,Non-Teaching,No,No,0,0.01
77714.0,71.0,1094.5632261178555,300-499,Cancer,Nonprofit,Urban,Non-Teaching,No,No,0,0.02
57211.0,61.0,937.8850921499849,500+,Cancer,Nonprofit,Urban,Non-Teaching,No,No,0,0.0
12230.666666666666,8.0,1528.8314222940555,100-149,Cancer,Investor Owned,Urban,Non-Teaching,No,No,0,0.010532118394667405
32363.666666666668,15.333333333333334,2110.672536517911,200-299,Cancer,Nonprofit,Urban,Non-Teaching,No,No,1,0.5353417104475053
31796.5,21.0,1514.1183266103208,200-299,Cancer,Government,Urban,Non-Teaching,No,No,0,0.07
6826.0,7.0,975.1414640836227,200-299,Cancer,Investor Owned,Urban,Non-Teaching,Yes,No,0,0.023333333333333334
18475.333333333332,12.0,1539.609828102921,150-199,Cancer,Nonprofit,Urban,Non-Teaching,No,No,0,0.02666666666666667
46827.333333333336,41.333333333333336,1132.9190807453836,300-499,Cancer,Investor Owned,Urban,Non-Teaching,Yes,Yes,0,0.023333333333333334
23936.333333333332,27.0,886.530535852888,200-299,Cancer,Nonprofit,Urban,Non-Teaching,No,No,0,0.016666666666666666
50359.333333333336,40.0,1258.9830185875787,300-499,Cancer,Nonprofit,Urban,Non-Teaching,No,No,0,0.4682475826084389
9195.333333333334,8.0,1149.4152298976294,100-149,Cancer,Investor Owned,Urban,Non-Teaching,No,No,0,0.010532118394667405
43418.0,32.0,1356.8120759962262,300-499,Cancer,Nonprofit,Urban,Non-Teaching,No,No,0,0.5348776737364144
21073.5,13.0,1621.037214586758,150-199,Cancer,Nonprofit,Urban,Non-Teaching,No,No,0,0.05582400358262427
46270.0,30.0,1542.3328192223937,200-299,Cancer,Investor Owned,Urban,Non-Teaching,No,No,0,0.0
49428.0,28.0,1765.285083826756,300-499,Cancer,Nonprofit,Urban,Teaching,No,No,1,0.9033333333333333
23054.5,13.0,1773.4217127525287,150-199,Cancer,Investor Owned,Urban,Non-Teaching,No,No,1,0.8266666666666667
52035.666666666664,30.0,1734.5216440483407,300-499,Cancer,Nonprofit,Urban,Non-Teaching,No,No,0,0.4422542097565729
73969.0,72.66666666666667,1017.9218782676313,300-499,Cancer,Government,Urban,Teaching,Yes,No,0,0.0
105955.5,80.5,1316.2172277991021,500+,Cancer,Government,Urban,Teaching,No,No,0,0.0
99493.0,29.0,3430.791920416579,100-149,Cancer,Nonprofit,Urban,Teaching,Yes,Yes,1,0.9933333333333333
50463.666666666664,50.666666666666664,995.9932244750214,300-499,Cancer,Government,Urban,Teaching,No,No,0,0.0
40780.666666666664,37.333333333333336,1092.3389931234838,200-299,Cancer,Nonprofit,Urban,Non-Teaching,No,No,0,0.056666666666666664
67262.0,33.0,2038.2418065933919,200-299,Cancer,Nonprofit,Urban,Non-Teaching,Yes,No,1,0.94
92182.33333333333,80.0,1152.2790226317886,300-499,Cancer,Nonprofit,Urban,Non-Teaching,No,No,0,0.0
64397.333333333336,35.0,1839.9232838314426,150-199,Cancer,Investor Owned,Urban,Non-Teaching,Yes,Yes,1,0.9266666666666666
77745.33333333333,38.0,2045.9292861589595,300-499,Cancer,Nonprofit,Rural,Non-Teaching,Yes,Yes,1,0.9433333333333334
27449.0,19.0,1444.683450166605,100-149,Cancer,Nonprofit,Urban,Non-Teaching,No,No,0,0.6323983755008769
29936.333333333332,31.0,965.6878605307977,300-499,Cancer,Nonprofit,Urban,Non-Teaching,No,No,0,0.191902054016787
14621.0,9.0,1624.553750495833,1-49,Cancer,Nonprofit,Urban,Non-Teaching,No,No,0,0.02644205261474606
6284.0,3.6666666666666665,1713.8135077813424,1-49,Cancer,Government,Rural,Non-Teaching,Yes,Yes,0,0.006666666666666667
9094.0,6.0,1515.6641405597659,1-49,Cancer,Nonprofit,Rural,Non-Teaching,Yes,Yes,0,0.19885293588145714
28163.666666666668,19.0,1482.2974654574743,50-99,Cancer,Nonprofit,Rural,Non-Teaching,Yes,Yes,0,0.02666666666666667
13366.0,9.0,1485.1094609894878,1-49,Cancer,Nonprofit,Rural,Non-Teaching,Yes,Yes,0,0.1312716997192842
25567.333333333332,10.0,2556.7307766025565,1-49,Cancer,Nonprofit,Rural,Non-Teaching,Yes,Yes,1,0.8134052044605627
57461.0,26.0,2210.0376115239956,150-199,Cancer,Nonprofit,Urban,Non-Teaching,Yes,Yes,1,0.9966666666666667
511.0,1.0,510.99489005109945,1-49,Cancer,Government,Frontier,Non-Teaching,Yes,Yes,0,0.0
41278.666666666664,30.666666666666668,1346.0430393337915,200-299,Cancer,Nonprofit,Urban,Non-Teaching,No,No,0,0.0033333333333333335
14553.0,6.0,2425.495957506738,50-99,Cancer,Nonprofit,Rural,Non-Teaching,No,Yes,1,0.9233333333333333
50028.333333333336,16.0,3126.768879102784,200-299,Cancer,Government,Urban,Non-Teaching,Yes,Yes,1,0.9766666666666667
51527.5,19.0,2711.972256856707,150-199,Cancer,Government,Urban,Non-Teaching,Yes,Yes,1,0.89
24487.0,18.0,1360.3881331177038,150-199,Cancer,Investor Owned,Urban,Non-Teaching,No,No,0,0.02666666666666667
6034.5,8.0,754.3115571105536,100-149,Cancer,Nonprofit,Rural,Non-Teaching,No,No,0,0.016666666666666666
12749.5,15.0,849.9661000226,50-99,Cancer,Government,Rural,Non-Teaching,Yes,Yes,0,0.013333333333333334
92289.0,35.666666666666664,2587.5413305958887,300-499,Cancer,Nonprofit,Urban,Non-Teaching,No,No,1,0.792651212979528
27767.5,26.0,1067.9803584690928,200-299,Cancer,Nonprofit,Urban,Non-Teaching,No,No,0,0.0
23505.0,30.0,783.4997388334205,200-299,Cancer,Investor Owned,Urban,Teaching,No,Yes,0,0.0
5063.0,8.0,632.8742089072389,100-149,Cancer,Investor Owned,Urban,Non-Teaching,No,No,0,0.010532118394667405
12153.0,11.0,1104.8171774389295,150-199,Cancer,Investor Owned,Urban,Non-Teaching,No,Yes,0,0.04
100965.66666666667,80.5,1254.2317282527874,300-499,Cancer,Nonprofit,Urban,Non-Teaching,No,No,0,0.0
11960.0,12.0,996.6658361118033,100-149,Cancer,Investor Owned,Urban,Non-Teaching,No,No,0,0.016666666666666666
11887.333333333334,11.0,1080.6656842433174,100-149,Cancer,Investor Owned,Urban,Non-Teaching,No,No,0,0.0
25199.5,23.0,1095.6299584217572,150-199,Cancer,Investor Owned,Urban,Non-Teaching,No,No,0,0.006666666666666667
11411.0,10.0,1141.098858901141,150-199,Cancer,Investor Owned,Urban,Non-Teaching,Yes,No,0,0.35
34495.5,44.5,775.1796010832356,300-499,Cancer,Nonprofit,Urban,Non-Teaching,No,No,0,0.0
42020.0,50.666666666666664,829.3419415772483,300-499,Cancer,Government,Urban,Teaching,Yes,No,0,0.0
19240.0,12.0,1603.3319972233357,150-199,Cancer,Investor Owned,Urban,Non-Teaching,Yes,No,0,0.3466666666666667
27262.5,31.0,879.4352001821935,200-299,Cancer,Nonprofit,Urban,Non-Teaching,No,No,0,0.01
14340.0,20.0,716.9996415001792,150-199,Cancer,Nonprofit,Urban,Non-Teaching,No,No,0,0.023333333333333334
53749.666666666664,36.0,1493.045881561329,300-499,Cancer,Nonprofit,Urban,Non-Teaching,No,No,0,0.16435683166244006
4135.333333333333,8.0,516.916020521641,150-199,Cancer,Investor Owned,Urban,Non-Teaching,No,No,0,0.11
24221.0,24.0,1009.2079128300363,200-299,Cancer,Investor Owned,Urban,Non-Teaching,Yes,No,0,0.0033333333333333335
17550.0,17.5,1002.8565697962458,200-299,Cancer,Investor Owned,Urban,Non-Teaching,No,No,0,0.03
109291.5,72.0,1517.9372891753765,200-299,Cancer,Nonprofit,Urban,Non-Teaching,No,No,0,0.05939577498823206
26386.333333333332,14.0,1884.7367489975602,50-99,Cancer,Nonprofit,Urban,Non-Teaching,No,Yes,1,0.9233333333333333
69937.5,69.0,1013.5868096251,300-499,Cancer,Nonprofit,Urban,Non-Teaching,No,No,0,0.02
112998.5,62.0,1822.5561576522325,300-499,Cancer,Nonprofit,Urban,Non-Teaching,No,No,1,0.82
3495.0,3.0,1164.996116679611,1-49,Cancer,Government,Frontier,Non-Teaching,Yes,Yes,0,0.0
2546.6666666666665,2.0,1273.3269666984997,1-49,Cancer,Government,Frontier,Non-Teaching,Yes,Yes,0,0.0
44698.666666666664,30.0,1489.9550589038693,150-199,Cancer,Investor Owned,Urban,Non-Teaching,No,Yes,0,0.04
54417.5,28.0,1943.4814487566255,300-499,Cancer,Investor Owned,Urban,Non-Teaching,No,Yes,1,0.89
39938.5,29.0,1377.189180279593,300-499,Cancer,Investor Owned,Urban,Non-Teaching,Yes,Yes,0,0.04
45627.5,12.0,3802.2884980929184,100-149,Cancer,Investor Owned,Urban,Non-Teaching,No,Yes,1,0.9333333333333333
7767.0,7.0,1109.5698434716523,1-49,Cancer,Government,Rural,Non-Teaching,Yes,Yes,0,0.0
45660.666666666664,41.0,1113.6745251200343,150-199,Cancer,Investor Owned,Urban,Non-Teaching,No,Yes,0,0.016666666666666666
37046.333333333336,28.0,1323.0828608037402,50-99,Cancer,Government,Urban,Non-Teaching,No,Yes,0,0.05
15067.333333333334,12.0,1255.6100647693906,50-99,Cancer,Investor Owned,Urban,Non-Teaching,Yes,No,0,0.02666666666666667
54291.666666666664,41.0,1324.1866688975604,200-299,Cancer,Nonprofit,Urban,Non-Teaching,No,Yes,0,0.0
47474.5,26.0,1825.9416054070748,50-99,Cancer,Nonprofit,Urban,Non-Teaching,No,Yes,1,0.82
90694.33333333333,53.0,1711.213513607513,100-149,Cancer,Investor Owned,Urban,Non-Teaching,No,Yes,0,0.006666666666666667
35054.666666666664,21.0,1669.2690463798192,100-149,Cancer,Investor Owned,Urban,Non-Teaching,No,No,0,0.11333333333333333
47299.5,58.5,808.5383233267823,100-149,Cancer,Nonprofit,Urban,Non-Teaching,No,Yes,0,0.0
95381.5,59.0,1616.6353192143526,200-299,Cancer,Nonprofit,Urban,Non-Teaching,No,No,0,0.3041973013653177
63503.666666666664,70.0,907.1951084959368,500+,Cancer,Government,Urban,Teaching,No,No,0,0.0
84523.33333333333,51.333333333333336,1646.5581208003657,500+,Cancer,Nonprofit,Urban,Non-Teaching,No,No,0,0.0
106119.0,53.0,2002.2449052368102,200-299,Cancer,Nonprofit,Urban,Non-Teaching,No,No,1,0.6000001371214904
21385.333333333332,18.0,1188.0734140332884,50-99,Cancer,Government,Rural,Non-Teaching,Yes,No,0,0.01
11297.666666666666,7.0,1613.9500753094162,1-49,Cancer,Government,Rural,Non-Teaching,Yes,Yes,0,0.0
33224.0,15.0,2214.9318567120954,100-149,Cancer,Investor Owned,Urban,Non-Teaching,No,No,1,0.8233333333333334
22289.0,12.0,1857.4151188207343,100-149,Cancer,Investor Owned,Urban,Non-Teaching,No,Yes,1,0.9333333333333333
112998.5,80.5,1403.7079001605093,300-499,Cancer,Nonprofit,Urban,Non-Teaching,Yes,No,0,0.0
40403.0,40.0,1010.074747481313,300-499,Cancer,Nonprofit,Urban,Teaching,No,No,0,0.031654273250049575
8291.666666666666,6.0,1381.9421412075424,1-49,Cancer,Government,Rural,Non-Teaching,Yes,Yes,0,0.0
75626.66666666667,52.0,1454.35869467461,300-499,Cancer,Nonprofit,Urban,Non-Teaching,No,Yes,0,0.03
53317.333333333336,18.0,2962.0724284782805,300-499,Cancer,Nonprofit,Urban,Non-Teaching,No,Yes,1,0.9766666666666667
62192.333333333336,43.0,1446.3329969768224,200-299,Cancer,Nonprofit,Urban,Non-Teaching,No,Yes,0,0.0
30790.0,16.0,1924.3737972663766,100-149,Cancer,Investor Owned,Urban,Non-Teaching,Yes,Yes,1,0.98
22806.333333333332,15.333333333333334,1487.3685951943944,150-199,Cancer,Investor Owned,Rural,Non-Teaching,Yes,Yes,0,0.01
35471.0,20.333333333333332,1744.4745518977616,100-149,Cancer,Investor Owned,Urban,Non-Teaching,Yes,Yes,1,0.9733333333333334
57942.0,47.0,1232.8082483386704,300-499,Cancer,Government,Urban,Teaching,Yes,No,0,0.0
25407.666666666668,16.0,1587.9781741803079,1-49,Cancer,Investor Owned,Rural,Non-Teaching,Yes,Yes,0,0.006666666666666667
23200.666666666668,15.0,1546.710079971058,50-99,Cancer,Nonprofit,Urban,Non-Teaching,No,Yes,0,0.15666666666666668
79146.5,63.0,1256.2934513819919,500+,Cancer,Nonprofit,Urban,Non-Teaching,No,No,0,0.006666666666666667
86469.0,80.5,1074.148934888331,500+,Cancer,Nonprofit,Urban,Non-Teaching,No,Yes,0,0.0
112241.5,80.5,1394.3041746205993,300-499,Cancer,Nonprofit,Urban,Non-Teaching,No,No,0,0.0
96961.66666666667,77.33333333333333,1253.8144930412295,300-499,Cancer,Nonprofit,Urban,Teaching,No,No,0,0.0
17293.0,20.0,864.6495676752162,200-299,Cancer,Investor Owned,Urban,Non-Teaching,Yes,Yes,0,0.016666666666666666
37200.666666666664,47.0,791.5033776943167,300-499,Cancer,Nonprofit,Urban,Non-Teaching,No,No,0,0.0
39953.666666666664,40.0,998.8414169563123,300-499,Cancer,Government,Urban,Non-Teaching,No,No,0,0.005824003582624272
60332.5,80.5,749.4719565873346,300-499,Cancer,Government,Urban,Teaching,No,No,0,0.0
63761.0,48.0,1328.3538899262728,300-499,Cancer,Nonprofit,Urban,Non-Teaching,No,No,0,0.0
26922.5,8.0,3365.3082933646333,200-299,Cancer,Government,Urban,Non-Teaching,No,No,1,0.9133333333333333
44178.666666666664,38.0,1162.5961852817054,150-199,Cancer,Nonprofit,Urban,Non-Teaching,No,No,0,0.032490670249290934
77978.0,72.0,1083.027627357274,200-299,Cancer,Government,Urban,Non-Teaching,No,Yes,0,0.01
31841.333333333332,28.666666666666668,1110.7437985777447,200-299,Cancer,Nonprofit,Urban,Teaching,No,No,0,0.08333333333333333
10480.666666666666,12.0,873.3881610654213,200-299,Cancer,Nonprofit,Urban,Non-Teaching,No,No,0,0.03
43609.0,59.0,739.135467943141,300-499,Cancer,Government,Urban,Teaching,No,No,0,0.0
20186.666666666668,19.0,1062.4555811637292,200-299,Cancer,Nonprofit,Urban,Non-Teaching,No,No,0,0.0
11045.666666666666,12.0,920.4714551626762,200-299,Cancer,Nonprofit,Urban,Teaching,No,No,0,0.04
26493.666666666668,35.0,756.9616884871366,200-299,Cancer,Nonprofit,Urban,Non-Teaching,No,Yes,0,0.0
17995.0,16.0,1124.686797070752,100-149,Cancer,Nonprofit,Urban,Non-Teaching,No,No,0,0.2603027584312599
49033.666666666664,28.0,1751.2017555231826,150-199,Cancer,Nonprofit,Urban,Non-Teaching,No,Yes,1,0.99
41087.333333333336,25.333333333333332,1621.8677808416658,150-199,Cancer,Government,Urban,Non-Teaching,Yes,Yes,0,0.09
29388.666666666668,14.0,2099.1889767697785,50-99,Cancer,Nonprofit,Urban,Non-Teaching,No,Yes,1,0.9233333333333333
25987.0,11.0,2362.4523977705476,50-99,Cancer,Investor Owned,Urban,Non-Teaching,No,Yes,1,0.9866666666666667
103851.33333333333,46.666666666666664,2225.385237417449,50-99,Cancer,Nonprofit,Urban,Non-Teaching,No,Yes,1,0.8866666666666667
25632.666666666668,18.0,1424.0362459057894,50-99,Cancer,Nonprofit,Rural,Non-Teaching,No,Yes,0,0.0033333333333333335
20801.333333333332,22.0,945.5147217357325,50-99,Cancer,Nonprofit,Rural,Non-Teaching,No,Yes,0,0.0033333333333333335
19784.666666666668,11.0,1798.6044255111285,150-199,Cancer,Investor Owned,Rural,Non-Teaching,No,Yes,1,0.9633333333333334
27192.666666666668,23.0,1182.2893410336198,100-149,Cancer,Investor Owned,Urban,Non-Teaching,No,No,0,0.11
33189.666666666664,15.0,2212.6429693491314,150-199,Cancer,Government,Urban,Non-Teaching,No,No,1,0.9633333333333334
39927.666666666664,19.0,2101.4550343219116,100-149,Cancer,Nonprofit,Urban,Non-Teaching,No,No,1,0.6323983755008769
13136.0,22.0,597.0906376860738,300-499,Cancer,Investor Owned,Urban,Non-Teaching,No,No,0,0.21666666666666667
1620.0,7.0,231.42824081679885,100-149,Cancer,Investor Owned,Rural,Non-Teaching,No,No,0,0.013333333333333334
41904.5,26.0,1611.7109185727236,200-299,Cancer,Nonprofit,Urban,Non-Teaching,No,No,0,0.0
14532.0,17.0,854.8230265746903,200-299,Cancer,Nonprofit,Urban,Non-Teaching,No,No,0,0.0033333333333333335
32738.0,24.0,1364.0827649655146,150-199,Cancer,Nonprofit,Urban,Non-Teaching,No,No,0,0.22666666666666666
22042.666666666668,22.0,1001.9389385126037,1-49,Cancer,Nonprofit,Urban,Non-Teaching,No,Yes,0,0.03666666666666667
18819.5,10.0,1881.948118051882,50-99,Cancer,Government,Rural,Non-Teaching,No,Yes,1,0.96
48621.0,41.0,1185.8777595420097,200-299,Cancer,Nonprofit,Urban,Non-Teaching,Yes,Yes,0,0.01
35892.0,40.5,886.2220034019743,300-499,Cancer,Nonprofit,Urban,Non-Teaching,No,No,0,0.06982246433795265
9330.0,8.0,1166.2485421893223,1-49,Cancer,Nonprofit,Rural,Non-Teaching,No,Yes,0,0.04339851392951765
52909.5,40.0,1322.7371693157077,300-499,Cancer,Nonprofit,Urban,Non-Teaching,No,No,0,0.4682475826084389
47574.333333333336,35.0,1359.266278304873,300-499,Cancer,Investor Owned,Urban,Non-Teaching,No,No,0,0.06333333333333334
49958.666666666664,25.0,1998.3458673283196,300-499,Cancer,Government,Urban,Non-Teaching,No,No,1,0.9366666666666666
73416.5,80.5,912.0060978874412,200-299,Cancer,Nonprofit,Urban,Teaching,No,No,0,0.03666666666666667
65069.0,36.0,1807.4717201467442,200-299,Cancer,Nonprofit,Urban,Non-Teaching,No,No,1,0.86
33380.333333333336,8.0,4172.536450996104,50-99,Cancer,Government,Rural,Non-Teaching,No,No,1,0.97
67463.5,30.0,2248.7825837391388,300-499,Cancer,Nonprofit,Urban,Non-Teaching,No,No,1,0.4422542097565729
28103.666666666668,13.333333333333334,2107.7734191699356,100-149,Cancer,Nonprofit,Urban,Non-Teaching,Yes,No,1,0.9833333333333333
3986.3333333333335,6.0,664.3877815759197,100-149,Cancer,Government,Frontier,Non-Teaching,Yes,Yes,0,0.02
24901.0,28.0,889.3211109567461,200-299,Cancer,Investor Owned,Urban,Non-Teaching,No,Yes,0,0.0
42502.0,26.0,1634.691678964739,200-299,Cancer,Nonprofit,Urban,Non-Teaching,No,Yes,0,0.0033333333333333335
9721.666666666666,11.0,883.7870753450829,1-49,Cancer,Nonprofit,Rural,Non-Teaching,Yes,Yes,0,0.03333333333333333
9916.0,7.0,1416.5694049008503,1-49,Cancer,Nonprofit,Rural,Non-Teaching,Yes,Yes,0,0.13208232829424063
57303.333333333336,51.0,1123.594550929173,200-299,Cancer,Nonprofit,Urban,Non-Teaching,No,No,0,0.07277015333017728
24714.666666666668,13.0,1901.1267427230187,100-149,Cancer,Nonprofit,Urban,Non-Teaching,No,No,1,0.8483146738319153
57780.0,45.0,1283.99971466673,150-199,Cancer,Nonprofit,Urban,Non-Teaching,No,No,0,0.0
48864.0,27.0,1809.7771074899601,100-149,Cancer,Nonprofit,Urban,Non-Teaching,No,No,1,0.7733333333333333
8867.0,9.0,985.2211275320806,1-49,Cancer,Investor Owned,Rural,Non-Teaching,No,No,0,0.006666666666666667
17207.5,15.0,1147.1659018893988,50-99,Cancer,Investor Owned,Urban,Non-Teaching,No,No,0,0.03333333333333333
35628.0,29.5,1207.728404159863,200-299,Cancer,Investor Owned,Urban,Non-Teaching,No,Yes,0,0.0
8424.666666666666,8.333333333333334,1010.9587868494557,50-99,Cancer,Government,Urban,Non-Teaching,Yes,No,0,0.016666666666666666
53276.0,30.0,1775.8660747113086,150-199,Cancer,Nonprofit,Urban,Teaching,No,Yes,1,0.99
31739.5,34.0,933.5144313192848,100-149,Cancer,Nonprofit,Urban,Non-Teaching,No,Yes,0,0.016666666666666666
77669.33333333333,33.0,2353.6154483993587,300-499,Cancer,Investor Owned,Urban,Non-Teaching,No,No,1,0.38279342868055083
51875.333333333336,32.0,1621.1036600717728,200-299,Cancer,Investor Owned,Urban,Non-Teaching,No,No,0,0.0
72098.66666666667,40.0,1802.4662160501127,300-499,Cancer,Nonprofit,Urban,Non-Teaching,No,No,1,0.4682475826084389
18690.333333333332,12.0,1557.5264798390444,1-49,Cancer,Government,Rural,Non-Teaching,Yes,No,0,0.0033333333333333335
28291.666666666668,14.0,2020.8318898819837,50-99,Cancer,Nonprofit,Rural,Non-Teaching,Yes,Yes,1,0.8233333333333334
59761.5,80.5,742.3787897666099,300-499,Cancer,Government,Urban,Non-Teaching,Yes,Yes,0,0.01
33321.0,24.0,1388.3744215106578,150-199,Cancer,Government,Rural,Non-Teaching,Yes,Yes,0,0.0
28867.333333333332,15.0,1924.4876058971515,100-149,Cancer,Nonprofit,Rural,Non-Teaching,Yes,Yes,1,0.96
30663.666666666668,18.0,1703.536090628098,50-99,Cancer,Nonprofit,Rural,Non-Teaching,Yes,Yes,0,0.02666666666666667
40721.5,38.5,1057.70102397376,200-299,Cancer,Government,Urban,Non-Teaching,No,No,0,0.0
40176.0,28.0,1434.8566304083463,300-499,Cancer,Investor Owned,Urban,Non-Teaching,No,No,0,0.16666666666666666
7952.0,6.0,1325.331124448126,1-49,Cancer,Nonprofit,Rural,Non-Teaching,No,No,0,0.01
22600.333333333332,14.0,1614.3083707321161,100-149,Cancer,Nonprofit,Urban,Non-Teaching,No,No,0,0.5483146738319152
45771.666666666664,31.0,1476.5049000521826,200-299,Cancer,Nonprofit,Urban,Non-Teaching,No,Yes,0,0.0
26971.5,11.0,2451.952316406985,1-49,Cancer,Nonprofit,Urban,Non-Teaching,No,Yes,1,0.7
59699.0,44.0,1356.7951461829211,200-299,Cancer,Nonprofit,Rural,Non-Teaching,Yes,Yes,0,0.006666666666666667
36398.0,40.0,909.9497725125568,150-199,Cancer,Nonprofit,Urban,Non-Teaching,No,No,0,0.009157336915957605
69248.0,54.0,1282.3701328944198,150-199,Cancer,Government,Urban,Non-Teaching,No,No,0,0.006666666666666667
112998.5,80.0,1412.4810734398657,300-499,Cancer,Nonprofit,Urban,Teaching,No,No,0,0.0
9934.0,5.0,1986.7960264079472,1-49,Cancer,Nonprofit,Rural,Non-Teaching,Yes,Yes,1,0.8661199942102339
15236.0,11.0,1385.0896499185,1-49,Cancer,Nonprofit,Rural,Non-Teaching,Yes,Yes,0,0.03333333333333333
26490.0,24.0,1103.7495401043584,100-149,Cancer,Nonprofit,Rural,Non-Teaching,No,No,0,0.01
9268.0,9.0,1029.7766335815184,50-99,Cancer,Investor Owned,Rural,Non-Teaching,Yes,Yes,0,0.0033333333333333335
63937.0,48.0,1332.0205558290509,300-499,Cancer,Nonprofit,Urban,Teaching,No,Yes,0,0.01
11554.0,12.0,962.8325309728909,50-99,Cancer,Investor Owned,Rural,Non-Teaching,Yes,Yes,0,0.0
30623.0,20.0,1531.149234425383,150-199,Cancer,Government,Rural,Non-Teaching,Yes,Yes,0,0.0
74433.0,36.0,2067.582759004789,300-499,Cancer,Nonprofit,Urban,Non-Teaching,No,Yes,1,0.9833333333333333
45491.0,30.0,1516.3661612112796,200-299,Cancer,Government,Urban,Teaching,No,Yes,0,0.006666666666666667
53560.0,40.0,1338.9996652500836,200-299,Cancer,Nonprofit,Urban,Non-Teaching,No,Yes,0,0.0
2364.0,2.0,1181.9940900295499,1-49,Cancer,Nonprofit,Frontier,Non-Teaching,Yes,Yes,0,0.006666666666666667
41196.0,26.0,1584.4609290534888,300-499,Cancer,Nonprofit,Urban,Teaching,No,No,0,0.10333333333333333
72057.0,46.0,1566.456181205178,300-499,Cancer,Nonprofit,Urban,Non-Teaching,Yes,No,0,0.0
33564.0,14.0,2397.4268589808153,150-199,Cancer,Government,Urban,Non-Teaching,No,No,1,0.9633333333333334
31471.5,22.0,1430.5220770354194,100-149,Cancer,Nonprofit,Urban,Non-Teaching,No,No,0,0.0376015005600746
33640.5,16.0,2102.52993591879,300-499,Cancer,Nonprofit,Urban,Non-Teaching,No,No,1,0.5821228693239757
52043.0,50.0,1040.8597918280416,500+,Cancer,Nonprofit,Urban,Non-Teaching,No,No,0,0.0
29638.0,21.0,1411.3326612701612,150-199,Cancer,Investor Owned,Urban,Non-Teaching,No,No,0,0.006666666666666667
25109.5,16.0,1569.3427691607694,300-499,Cancer,Nonprofit,Urban,Non-Teaching,No,No,0,0.5821228693239757
50599.5,24.0,2108.3116215368245,300-499,Cancer,Investor Owned,Urban,Non-Teaching,No,No,1,0.7466666666666667
109217.0,29.0,3766.1021496199482,100-149,Cancer,Nonprofit,Urban,Non-Teaching,Yes,Yes,1,0.97
10799.0,13.0,830.6916686987164,1-49,Cancer,Government,Rural,Non-Teaching,No,Yes,0,0.006666666666666667
6472.0,8.0,808.998988751264,150-199,Cancer,Nonprofit,Rural,Non-Teaching,No,No,0,0.02
23312.0,18.0,1295.110391605338,100-149,Cancer,Nonprofit,Rural,Non-Teaching,Yes,Yes,0,0.3
27460.0,23.0,1193.912524385859,150-199,Cancer,Government,Urban,Non-Teaching,No,No,0,0.23666666666666666
112998.5,72.0,1569.4233931356398,200-299,Cancer,Nonprofit,Urban,Teaching,No,No,0,0.03666666666666667
87345.0,64.0,1364.7654117554043,500+,Cancer,Investor Owned,Urban,Teaching,Yes,Yes,0,0.0
51767.0,26.0,1991.0376957547323,100-149,Cancer,Nonprofit,Urban,Non-Teaching,No,Yes,1,0.5733333333333334
99973.0,59.0,1694.4573399224846,200-299,Cancer,Nonprofit,Urban,Teaching,No,No,0,0.16081161016600717
30920.5,20.0,1546.0242269878865,300-499,Cancer,Nonprofit,Urban,Non-Teaching,No,No,0,0.03450130313388457
56462.0,31.0,1821.3542511760481,300-499,Cancer,Nonprofit,Urban,Non-Teaching,No,No,1,0.191902054016787
45169.5,29.0,1557.56842842468,300-499,Cancer,Nonprofit,Urban,Non-Teaching,No,No,0,0.03768391858592332
107243.0,53.0,2023.4524484051983,200-299,Cancer,Nonprofit,Urban,Teaching,No,No,1,0.9216775399099697
42886.0,25.0,1715.4393138242744,100-149,Cancer,Nonprofit,Urban,Non-Teaching,No,No,0,0.13333333333333333
112998.5,80.5,1403.7079001605093,300-499,Cancer,Nonprofit,Urban,Teaching,Yes,No,0,0.0
62646.0,24.0,2610.2489123962864,300-499,Cancer,Nonprofit,Urban,Teaching,No,Yes,1,0.96
4339.5,4.0,1084.8722878192805,1-49,Cancer,Nonprofit,Frontier,Non-Teaching,Yes,Yes,0,0.006666666666666667
14965.0,39.0,383.7178503287563,150-199,Cancer,Nonprofit,Urban,Non-Teaching,No,No,0,0.009157336915957605
112998.5,80.5,1403.7079001605093,300-499,Cancer,Nonprofit,Urban,Teaching,No,No,0,0.0
5637.5,7.0,805.3559923485824,50-99,Cancer,Nonprofit,Urban,Non-Teaching,No,Yes,0,0.12333333333333334
82844.0,62.0,1336.1933328720431,300-499,Cancer,Investor Owned,Urban,Teaching,Yes,Yes,0,0.0
13380.0,22.0,608.1815417356629,200-299,Cancer,Investor Owned,Urban,Non-Teaching,No,No,0,0.0033333333333333335
17158.0,17.0,1009.293523944986,150-199,Cancer,Nonprofit,Urban,Non-Teaching,No,No,0,0.02
43220.0,40.0,1080.4997298750675,300-499,Cancer,Nonprofit,Urban,Teaching,No,No,0,0.031654273250049575
63151.0,40.0,1578.7746053063486,200-299,Cancer,Nonprofit,Urban,Non-Teaching,No,No,0,0.0
73413.0,36.0,2039.249433541824,200-299,Cancer,Nonprofit,Urban,Teaching,No,No,1,0.91
74166.0,30.0,2472.199175933608,300-499,Cancer,Nonprofit,Urban,Teaching,No,No,1,0.94
39333.0,24.0,1638.8743171357012,200-299,Cancer,Nonprofit,Urban,Non-Teaching,No,Yes,0,0.0033333333333333335
53345.0,27.0,1975.740008985182,150-199,Cancer,Nonprofit,Urban,Non-Teaching,No,No,1,0.7533333333333333
59695.0,30.0,1989.8326700557766,150-199,Cancer,Nonprofit,Urban,Non-Teaching,No,Yes,1,0.9933333333333333
71708.0,73.0,982.3012353012006,300-499,Cancer,Government,Urban,Teaching,Yes,Yes,0,0.0
45896.0,35.0,1311.313911053168,150-199,Cancer,Government,Urban,Non-Teaching,No,No,0,0.07
34054.5,18.0,1891.9156156024358,100-149,Cancer,Nonprofit,Urban,Non-Teaching,No,No,1,0.9754361370272924
23820.0,19.5,1221.5378351088025,100-149,Cancer,Nonprofit,Urban,Non-Teaching,No,Yes,0,0.05333333333333334
32229.0,23.0,1401.260260321626,50-99,Cancer,Nonprofit,Urban,Non-Teaching,No,Yes,0,0.11333333333333333
2837.0,2.0,1418.4929075354623,1-49,Cancer,Government,Frontier,Non-Teaching,Yes,Yes,0,0.0
23943.0,20.0,1197.1494014252994,300-499,Cancer,Investor Owned,Urban,Non-Teaching,Yes,No,0,0.02666666666666667
32425.0,41.0,790.8534656454962,300-499,Cancer,Government,Urban,Teaching,No,No,0,0.0
28244.0,16.0,1765.2488967194397,100-149,Cancer,Nonprofit,Rural,Non-Teaching,Yes,Yes,1,0.9633333333333334
4834.0,4.0,1208.4969787575533,50-99,Cancer,Government,Frontier,Non-Teaching,Yes,Yes,0,0.0033333333333333335
58831.0,56.0,1050.5533838297529,300-499,Cancer,Nonprofit,Urban,Non-Teaching,No,No,0,0.11582400358262428
73328.0,64.0,1145.7498209765904,300-499,Cancer,Investor Owned,Urban,Non-Teaching,Yes,Yes,0,0.0
68827.0,44.0,1564.249644488717,300-499,Cancer,Government,Urban,Teaching,No,Yes,0,0.006666666666666667
51901.0,24.0,2162.540765608014,300-499,Cancer,Nonprofit,Urban,Non-Teaching,No,Yes,1,0.9933333333333333
33076.0,52.0,636.0768007544614,500+,Cancer,Government,Urban,Teaching,No,No,0,0.0
28108.0,21.0,1338.4755531068795,200-299,Cancer,Nonprofit,Urban,Non-Teaching,Yes,Yes,0,0.02666666666666667
67670.0,62.0,1091.4514368626715,300-499,Cancer,Investor Owned,Urban,Non-Teaching,Yes,Yes,0,0.0
13261.0,12.0,1105.082412431323,100-149,Cardiac,Government,Urban,Non-Teaching,No,No,0,0.03333333333333333
29420.666666666668,22.0,1337.302422438293,300-499,Cardiac,Nonprofit,Urban,Non-Teaching,No,No,0,0.0391573369159576
30782.5,40.0,769.562307609423,150-199,Cardiac,Nonprofit,Urban,Teaching,No,No,0,0.04
65082.0,59.0,1103.0845587992274,200-299,Cardiac,Government,Urban,Non-Teaching,No,No,0,0.0033333333333333335
29479.0,30.0,982.633005788998,300-499,Cardiac,Nonprofit,Urban,Non-Teaching,No,No,0,0.6217363434022329
42180.666666666664,39.0,1081.5552782336893,300-499,Cardiac,Government,Urban,Non-Teaching,No,No,0,0.006666666666666667
28620.0,17.0,1683.5284214538697,150-199,Cardiac,Nonprofit,Urban,Non-Teaching,No,No,0,0.05333333333333334
37801.333333333336,18.0,2100.0729073669036,100-149,Cardiac,Nonprofit,Urban,Non-Teaching,No,No,1,0.9866666666666667
31745.0,22.0,1442.9538895664139,100-149,Cardiac,Nonprofit,Urban,Non-Teaching,No,No,0,0.12333333333333334
110997.0,80.0,1387.4623265672092,300-499,Cardiac,Nonprofit,Urban,Non-Teaching,No,No,0,0.0
66977.0,40.0,1674.4245813938546,200-299,Cardiac,Nonprofit,Urban,Non-Teaching,No,No,0,0.0
24025.0,14.0,1716.070202806998,50-99,Cardiac,Nonprofit,Rural,Non-Teaching,Yes,No,0,0.01
9708.5,5.0,1941.696116607767,100-149,Cardiac,Nonprofit,Rural,Non-Teaching,Yes,Yes,1,0.5
8570.0,14.0,612.1424198982716,100-149,Cardiac,Nonprofit,Rural,Non-Teaching,Yes,Yes,0,0.05333333333333334
55911.0,49.0,1141.0405834611054,200-299,Cardiac,Nonprofit,Urban,Non-Teaching,No,Yes,0,0.0033333333333333335
10039.0,8.0,1254.8734314082108,1-49,Cardiac,Nonprofit,Rural,Non-Teaching,Yes,Yes,0,0.5480673030822429
41025.0,30.0,1367.4995441668186,100-149,Cardiac,Nonprofit,Urban,Non-Teaching,No,No,0,0.14
46164.333333333336,44.0,1049.1891554873132,500+,Cardiac,Nonprofit,Urban,Non-Teaching,No,No,0,0.0
63404.333333333336,52.0,1219.3138680806665,200-299,Cardiac,Nonprofit,Urban,Non-Teaching,No,No,0,0.0
50722.333333333336,32.0,1585.072421331535,200-299,Cardiac,Nonprofit,Urban,Non-Teaching,No,No,0,0.005321417932677986
16929.333333333332,12.0,1410.7766021306093,100-149,Cardiac,Investor Owned,Urban,Non-Teaching,No,No,0,0.023333333333333334
63958.666666666664,36.0,1776.629136121536,150-199,Cardiac,Nonprofit,Urban,Non-Teaching,No,No,1,0.77
16776.666666666668,12.0,1398.0543905102302,100-149,Cardiac,Nonprofit,Rural,Non-Teaching,Yes,Yes,0,0.03333333333333333
55450.333333333336,59.0,939.8359988978533,300-499,Cardiac,Nonprofit,Rural,Non-Teaching,Yes,Yes,0,0.023333333333333334
7588.5,9.0,843.1657298158558,100-149,Cardiac,Investor Owned,Rural,Non-Teaching,Yes,Yes,0,0.0
80788.66666666667,73.0,1106.693912325035,500+,Cardiac,Nonprofit,Urban,Teaching,Yes,No,0,0.0033333333333333335
35672.666666666664,10.0,3567.263099403567,1-49,Cardiac,Nonprofit,Rural,Non-Teaching,Yes,Yes,1,0.9766666666666667
57338.0,48.0,1194.5414178038711,300-499,Cardiac,Nonprofit,Urban,Non-Teaching,No,Yes,0,0.03
47511.333333333336,21.0,2262.4433670904605,150-199,Cardiac,Nonprofit,Urban,Non-Teaching,No,Yes,1,0.9933333333333333
5907.0,4.333333333333333,1363.1507004214607,1-49,Cardiac,Investor Owned,Frontier,Non-Teaching,Yes,Yes,0,0.0
10314.0,8.0,1289.2483884395144,1-49,Cardiac,Investor Owned,Rural,Non-Teaching,Yes,Yes,0,0.0030707170719435416
28371.0,20.0,1418.5492907253547,100-149,Cardiac,Investor Owned,Rural,Non-Teaching,Yes,Yes,0,0.016666666666666666
39829.0,16.0,2489.31094418066,100-149,Cardiac,Government,Rural,Non-Teaching,Yes,Yes,1,0.8866666666666667
7991.666666666667,7.666666666666667,1042.3899447087679,1-49,Cardiac,Government,Rural,Non-Teaching,No,No,0,0.013333333333333334
1610.0,2.0,804.9959750201249,1-49,Cardiac,Government,Frontier,Non-Teaching,Yes,No,0,0.0
28485.0,10.0,2848.4971515028487,150-199,Cardiac,Nonprofit,Urban,Non-Teaching,Yes,Yes,1,0.9866666666666667
6546.333333333333,8.0,818.290643803362,100-149,Cardiac,Government,Frontier,Non-Teaching,Yes,Yes,0,0.0
64106.0,42.666666666666664,1502.484022855307,100-149,Cardiac,Nonprofit,Urban,Non-Teaching,No,Yes,0,0.05
15535.666666666666,12.0,1294.6378100240472,50-99,Cardiac,Nonprofit,Rural,Non-Teaching,Yes,Yes,0,0.15666666666666668
20035.333333333332,13.0,1541.1783016577167,1-49,Cardiac,Nonprofit,Rural,Non-Teaching,Yes,Yes,0,0.06333333333333334
88985.33333333333,40.666666666666664,2188.163396353263,150-199,Cardiac,Nonprofit,Urban,Non-Teaching,Yes,Yes,1,0.97
18720.666666666668,8.0,2340.080408232823,1-49,Cardiac,Nonprofit,Rural,Non-Teaching,Yes,Yes,1,0.5480673030822429
18771.0,12.0,1564.2486964594198,1-49,Cardiac,Nonprofit,Rural,Non-Teaching,Yes,Yes,0,0.06
10002.666666666666,8.0,1250.3317704186202,1-49,Cardiac,Nonprofit,Rural,Non-Teaching,Yes,Yes,0,0.5480673030822429
14433.0,8.0,1804.122744846569,100-149,Cardiac,Investor Owned,Urban,Non-Teaching,No,No,1,0.013297682418638644
102466.66666666667,42.666666666666664,2401.561937133921,300-499,Cardiac,Government,Urban,Non-Teaching,No,Yes,1,0.8566666666666667
36011.0,26.0,1385.0379288315658,300-499,Cardiac,Nonprofit,Urban,Non-Teaching,No,No,0,0.01582400358262427
12317.0,17.0,724.528985571185,300-499,Cardiac,Investor Owned,Urban,Non-Teaching,No,No,0,0.023333333333333334
57101.0,35.0,1631.4566767266635,300-499,Cardiac,Nonprofit,Urban,Non-Teaching,No,No,0,0.17898731660889608
34882.0,50.5,690.7325364886066,300-499,Cardiac,Investor Owned,Urban,Non-Teaching,Yes,No,0,0.0
65446.0,41.0,1596.2435131113382,300-499,Cardiac,Nonprofit,Urban,Teaching,Yes,No,0,0.0033333333333333335
29986.333333333332,14.0,2141.879422467079,50-99,Cardiac,Investor Owned,Urban,Non-Teaching,No,Yes,1,0.99
20267.0,12.0,1688.915259237284,200-299,Cardiac,Investor Owned,Urban,Non-Teaching,No,No,0,0.07333333333333333
33361.5,14.0,2382.9625835981547,150-199,Cardiac,Investor Owned,Urban,Non-Teaching,No,No,1,0.82
46487.666666666664,30.666666666666668,1515.9016795972782,150-199,Cardiac,Nonprofit,Urban,Non-Teaching,No,No,0,0.20221117847795117
9859.5,8.0,1232.4359594550508,100-149,Cardiac,Investor Owned,Urban,Non-Teaching,Yes,Yes,0,0.04666666666666667
6710.333333333333,9.0,745.591764157299,100-149,Cardiac,Investor Owned,Urban,Non-Teaching,No,No,0,0.013333333333333334
16033.333333333334,21.0,763.4916999245874,200-299,Cardiac,Investor Owned,Urban,Non-Teaching,No,No,0,0.006666666666666667
39767.5,37.0,1074.7970068116197,500+,Cardiac,Nonprofit,Urban,Non-Teaching,No,No,0,0.006666666666666667
18635.5,9.0,2070.608810434655,100-149,Cardiac,Investor Owned,Urban,Non-Teaching,Yes,No,1,0.9266666666666666
79359.66666666667,32.0,2479.9888083368305,300-499,Cardiac,Nonprofit,Urban,Non-Teaching,No,No,1,0.5829147247218867
68964.66666666667,30.0,2298.8214559484036,500+,Cardiac,Nonprofit,Urban,Non-Teaching,Yes,No,1,0.9791573369159577
53635.333333333336,57.0,940.9705951513575,300-499,Cardiac,Nonprofit,Urban,Teaching,Yes,No,0,0.0033333333333333335
62426.5,49.5,1261.1411593654223,200-299,Cardiac,Nonprofit,Urban,Non-Teaching,Yes,No,0,0.10666666666666667
61938.666666666664,41.0,1510.6988185287432,200-299,Cardiac,Nonprofit,Urban,Non-Teaching,No,No,0,0.0
79005.0,53.0,1490.6600961018685,200-299,Cardiac,Nonprofit,Urban,Non-Teaching,No,No,0,0.10083542405520303
40703.0,29.0,1403.5512401547448,300-499,Cardiac,Nonprofit,Urban,Non-Teaching,No,No,0,0.06662319005400603
32344.666666666668,18.0,1796.9249276342996,100-149,Cardiac,Nonprofit,Urban,Non-Teaching,No,No,1,0.9866666666666667
36378.0,15.0,2425.198383201078,200-299,Cardiac,Investor Owned,Urban,Non-Teaching,No,No,1,0.8
29577.0,10.666666666666666,2772.841150461422,150-199,Cardiac,Investor Owned,Urban,Non-Teaching,Yes,No,1,0.58
72059.5,64.0,1125.9295115735138,300-499,Cardiac,Nonprofit,Urban,Teaching,No,No,0,0.0
35037.666666666664,29.0,1208.19498567989,300-499,Cardiac,Nonprofit,Urban,Non-Teaching,No,No,0,0.06662319005400603
16074.666666666666,5.666666666666667,2836.700876410218,100-149,Cardiac,Investor Owned,Urban,Non-Teaching,No,No,1,0.5666666666666667
54946.0,55.5,990.0178396364253,500+,Cardiac,Nonprofit,Urban,Teaching,No,No,0,0.013333333333333334
47234.0,37.0,1276.5942495691215,300-499,Cardiac,Nonprofit,Urban,Non-Teaching,No,No,0,0.02447875484863559
4946.5,4.0,1236.621908445229,50-99,Cardiac,Investor Owned,Urban,Non-Teaching,No,No,0,0.006666666666666667
6297.5,7.0,899.6415719406116,100-149,Cardiac,Investor Owned,Urban,Non-Teaching,No,No,0,0.008083110488560636
77714.0,71.0,1094.5632261178555,300-499,Cardiac,Nonprofit,Urban,Non-Teaching,No,No,0,0.04
57211.0,61.0,937.8850921499849,500+,Cardiac,Nonprofit,Urban,Non-Teaching,No,No,0,0.0
12230.666666666666,8.0,1528.8314222940555,100-149,Cardiac,Investor Owned,Urban,Non-Teaching,No,No,0,0.013297682418638644
32363.666666666668,15.333333333333334,2110.672536517911,200-299,Cardiac,Nonprofit,Urban,Non-Teaching,No,No,1,0.48333333333333334
31796.5,21.0,1514.1183266103208,200-299,Cardiac,Government,Urban,Non-Teaching,No,No,0,0.04666666666666667
6826.0,7.0,975.1414640836227,200-299,Cardiac,Investor Owned,Urban,Non-Teaching,Yes,No,0,0.0
18475.333333333332,12.0,1539.609828102921,150-199,Cardiac,Nonprofit,Urban,Non-Teaching,No,No,0,0.06333333333333334
46827.333333333336,41.333333333333336,1132.9190807453836,300-499,Cardiac,Investor Owned,Urban,Non-Teaching,Yes,Yes,0,0.01
23936.333333333332,27.0,886.530535852888,200-299,Cardiac,Nonprofit,Urban,Non-Teaching,No,No,0,0.008877845144617832
50359.333333333336,40.0,1258.9830185875787,300-499,Cardiac,Nonprofit,Urban,Non-Teaching,No,No,0,0.062155626142589106
9195.333333333334,8.0,1149.4152298976294,100-149,Cardiac,Investor Owned,Urban,Non-Teaching,No,No,0,0.013297682418638644
43418.0,32.0,1356.8120759962262,300-499,Cardiac,Nonprofit,Urban,Non-Teaching,No,No,0,0.5829147247218867
21073.5,13.0,1621.037214586758,150-199,Cardiac,Nonprofit,Urban,Non-Teaching,No,No,0,0.10333333333333333
46270.0,30.0,1542.3328192223937,200-299,Cardiac,Investor Owned,Urban,Non-Teaching,No,No,0,0.0
49428.0,28.0,1765.285083826756,300-499,Cardiac,Nonprofit,Urban,Teaching,No,No,1,0.9166666666666666
23054.5,13.0,1773.4217127525287,150-199,Cardiac,Investor Owned,Urban,Non-Teaching,No,No,1,0.8166666666666667
52035.666666666664,30.0,1734.5216440483407,300-499,Cardiac,Nonprofit,Urban,Non-Teaching,No,No,0,0.6217363434022329
73969.0,72.66666666666667,1017.9218782676313,300-499,Cardiac,Government,Urban,Teaching,Yes,No,0,0.0
105955.5,80.5,1316.2172277991021,500+,Cardiac,Government,Urban,Teaching,No,No,0,0.0
99493.0,29.0,3430.791920416579,100-149,Cardiac,Nonprofit,Urban,Teaching,Yes,Yes,1,0.9966666666666667
50463.666666666664,50.666666666666664,995.9932244750214,300-499,Cardiac,Government,Urban,Teaching,No,No,0,0.0
40780.666666666664,37.333333333333336,1092.3389931234838,200-299,Cardiac,Nonprofit,Urban,Non-Teaching,No,No,0,0.006666666666666667
67262.0,33.0,2038.2418065933919,200-299,Cardiac,Nonprofit,Urban,Non-Teaching,Yes,No,1,0.9433333333333334
92182.33333333333,80.0,1152.2790226317886,300-499,Cardiac,Nonprofit,Urban,Non-Teaching,No,No,0,0.0
64397.333333333336,35.0,1839.9232838314426,150-199,Cardiac,Investor Owned,Urban,Non-Teaching,Yes,Yes,1,0.9366666666666666
77745.33333333333,38.0,2045.9292861589595,300-499,Cardiac,Nonprofit,Rural,Non-Teaching,Yes,Yes,1,0.9033333333333333
27449.0,19.0,1444.683450166605,100-149,Cardiac,Nonprofit,Urban,Non-Teaching,No,No,0,0.8973457127926933
29936.333333333332,31.0,965.6878605307977,300-499,Cardiac,Nonprofit,Urban,Non-Teaching,No,No,0,0.8554438763614284
14621.0,9.0,1624.553750495833,1-49,Cardiac,Nonprofit,Urban,Non-Teaching,No,No,0,0.013333333333333334
6284.0,3.6666666666666665,1713.8135077813424,1-49,Cardiac,Government,Rural,Non-Teaching,Yes,Yes,0,0.0033333333333333335
9094.0,6.0,1515.6641405597659,1-49,Cardiac,Nonprofit,Rural,Non-Teaching,Yes,Yes,0,0.06552254569256961
28163.666666666668,19.0,1482.2974654574743,50-99,Cardiac,Nonprofit,Rural,Non-Teaching,Yes,Yes,0,0.013333333333333334
13366.0,9.0,1485.1094609894878,1-49,Cardiac,Nonprofit,Rural,Non-Teaching,Yes,Yes,0,0.222448853520611
25567.333333333332,10.0,2556.7307766025565,1-49,Cardiac,Nonprofit,Rural,Non-Teaching,Yes,Yes,1,0.9766666666666667
57461.0,26.0,2210.0376115239956,150-199,Cardiac,Nonprofit,Urban,Non-Teaching,Yes,Yes,1,0.9866666666666667
41278.666666666664,30.666666666666668,1346.0430393337915,200-299,Cardiac,Nonprofit,Urban,Non-Teaching,No,No,0,0.01
14553.0,6.0,2425.495957506738,50-99,Cardiac,Nonprofit,Rural,Non-Teaching,No,Yes,1,0.9266666666666666
50028.333333333336,16.0,3126.768879102784,200-299,Cardiac,Government,Urban,Non-Teaching,Yes,Yes,1,0.9366666666666666
51527.5,19.0,2711.972256856707,150-199,Cardiac,Government,Urban,Non-Teaching,Yes,Yes,1,0.9
24487.0,18.0,1360.3881331177038,150-199,Cardiac,Investor Owned,Urban,Non-Teaching,No,No,0,0.03666666666666667
6034.5,8.0,754.3115571105536,100-149,Cardiac,Nonprofit,Rural,Non-Teaching,No,No,0,0.016666666666666666
12749.5,15.0,849.9661000226,50-99,Cardiac,Government,Rural,Non-Teaching,Yes,Yes,0,0.01
92289.0,35.666666666666664,2587.5413305958887,300-499,Cardiac,Nonprofit,Urban,Non-Teaching,No,No,1,0.7457952064350107
27767.5,26.0,1067.9803584690928,200-299,Cardiac,Nonprofit,Urban,Non-Teaching,No,No,0,0.0
23505.0,30.0,783.4997388334205,200-299,Cardiac,Investor Owned,Urban,Teaching,No,Yes,0,0.0
5063.0,8.0,632.8742089072389,100-149,Cardiac,Investor Owned,Urban,Non-Teaching,No,No,0,0.013297682418638644
12153.0,11.0,1104.8171774389295,150-199,Cardiac,Investor Owned,Urban,Non-Teaching,No,Yes,0,0.03
100965.66666666667,80.5,1254.2317282527874,300-499,Cardiac,Nonprofit,Urban,Non-Teaching,No,No,0,0.0
11960.0,12.0,996.6658361118033,100-149,Cardiac,Investor Owned,Urban,Non-Teaching,No,No,0,0.023333333333333334
11887.333333333334,11.0,1080.6656842433174,100-149,Cardiac,Investor Owned,Urban,Non-Teaching,No,No,0,0.0033333333333333335
25199.5,23.0,1095.6299584217572,150-199,Cardiac,Investor Owned,Urban,Non-Teaching,No,No,0,0.01
11411.0,10.0,1141.098858901141,150-199,Cardiac,Investor Owned,Urban,Non-Teaching,Yes,No,0,0.043333333333333335
34495.5,44.5,775.1796010832356,300-499,Cardiac,Nonprofit,Urban,Non-Teaching,No,No,0,0.0033333333333333335
42020.0,50.666666666666664,829.3419415772483,300-499,Cardiac,Government,Urban,Teaching,Yes,No,0,0.0
19240.0,12.0,1603.3319972233357,150-199,Cardiac,Investor Owned,Urban,Non-Teaching,Yes,No,0,0.11
27262.5,31.0,879.4352001821935,200-299,Cardiac,Nonprofit,Urban,Non-Teaching,No,No,0,0.01
14340.0,20.0,716.9996415001792,150-199,Cardiac,Nonprofit,Urban,Non-Teaching,No,No,0,0.03666666666666667
53749.666666666664,36.0,1493.045881561329,300-499,Cardiac,Nonprofit,Urban,Non-Teaching,No,No,0,0.1403090245160609
4135.333333333333,8.0,516.916020521641,150-199,Cardiac,Investor Owned,Urban,Non-Teaching,No,No,0,0.1
24221.0,24.0,1009.2079128300363,200-299,Cardiac,Investor Owned,Urban,Non-Teaching,Yes,No,0,0.006666666666666667
17550.0,17.5,1002.8565697962458,200-299,Cardiac,Investor Owned,Urban,Non-Teaching,No,No,0,0.04
109291.5,72.0,1517.9372891753765,200-299,Cardiac,Nonprofit,Urban,Non-Teaching,No,No,0,0.0
26386.333333333332,14.0,1884.7367489975602,50-99,Cardiac,Nonprofit,Urban,Non-Teaching,No,Yes,1,0.9533333333333334
69937.5,69.0,1013.5868096251,300-499,Cardiac,Nonprofit,Urban,Non-Teaching,No,No,0,0.04
112998.5,62.0,1822.5561576522325,300-499,Cardiac,Nonprofit,Urban,Non-Teaching,No,No,1,0.7933333333333333
3495.0,3.0,1164.996116679611,1-49,Cardiac,Government,Frontier,Non-Teaching,Yes,Yes,0,0.0
2546.6666666666665,2.0,1273.3269666984997,1-49,Cardiac,Government,Frontier,Non-Teaching,Yes,Yes,0,0.0
44698.666666666664,30.0,1489.9550589038693,150-199,Cardiac,Investor Owned,Urban,Non-Teaching,No,Yes,0,0.016666666666666666
54417.5,28.0,1943.4814487566255,300-499,Cardiac,Investor Owned,Urban,Non-Teaching,No,Yes,1,0.9466666666666667
39938.5,29.0,1377.189180279593,300-499,Cardiac,Investor Owned,Urban,Non-Teaching,Yes,Yes,0,0.023333333333333334
45627.5,12.0,3802.2884980929184,100-149,Cardiac,Investor Owned,Urban,Non-Teaching,No,Yes,1,0.9666666666666667
7767.0,7.0,1109.5698434716523,1-49,Cardiac,Government,Rural,Non-Teaching,Yes,Yes,0,0.0
45660.666666666664,41.0,1113.6745251200343,150-199,Cardiac,Investor Owned,Urban,Non-Teaching,No,Yes,0,0.006666666666666667
37046.333333333336,28.0,1323.0828608037402,50-99,Cardiac,Government,Urban,Non-Teaching,No,Yes,0,0.08666666666666667
15067.333333333334,12.0,1255.6100647693906,50-99,Cardiac,Investor Owned,Urban,Non-Teaching,Yes,No,0,0.01
54291.666666666664,41.0,1324.1866688975604,200-299,Cardiac,Nonprofit,Urban,Non-Teaching,No,Yes,0,0.0033333333333333335
47474.5,26.0,1825.9416054070748,50-99,Cardiac,Nonprofit,Urban,Non-Teaching,No,Yes,1,0.9166666666666666
90694.33333333333,53.0,1711.213513607513,100-149,Cardiac,Investor Owned,Urban,Non-Teaching,No,Yes,0,0.03333333333333333
35054.666666666664,21.0,1669.2690463798192,100-149,Cardiac,Investor Owned,Urban,Non-Teaching,No,No,0,0.28
47299.5,58.5,808.5383233267823,100-149,Cardiac,Nonprofit,Urban,Non-Teaching,No,Yes,0,0.013333333333333334
95381.5,59.0,1616.6353192143526,200-299,Cardiac,Nonprofit,Urban,Non-Teaching,No,No,0,0.0
63503.666666666664,70.0,907.1951084959368,500+,Cardiac,Government,Urban,Teaching,No,No,0,0.0
84523.33333333333,51.333333333333336,1646.5581208003657,500+,Cardiac,Nonprofit,Urban,Non-Teaching,No,No,0,0.0
106119.0,53.0,2002.2449052368102,200-299,Cardiac,Nonprofit,Urban,Non-Teaching,No,No,1,0.10083542405520303
21385.333333333332,18.0,1188.0734140332884,50-99,Cardiac,Government,Rural,Non-Teaching,Yes,No,0,0.006666666666666667
11297.666666666666,7.0,1613.9500753094162,1-49,Cardiac,Government,Rural,Non-Teaching,Yes,Yes,0,0.0
33224.0,15.0,2214.9318567120954,100-149,Cardiac,Investor Owned,Urban,Non-Teaching,No,No,1,0.8133333333333334
22289.0,12.0,1857.4151188207343,100-149,Cardiac,Investor Owned,Urban,Non-Teaching,No,Yes,1,0.9666666666666667
112998.5,80.5,1403.7079001605093,300-499,Cardiac,Nonprofit,Urban,Non-Teaching,Yes,No,0,0.0
40403.0,40.0,1010.074747481313,300-499,Cardiac,Nonprofit,Urban,Teaching,No,No,0,0.10666666666666667
8291.666666666666,6.0,1381.9421412075424,1-49,Cardiac,Government,Rural,Non-Teaching,Yes,Yes,0,0.0
75626.66666666667,52.0,1454.35869467461,300-499,Cardiac,Nonprofit,Urban,Non-Teaching,No,Yes,0,0.023333333333333334
53317.333333333336,18.0,2962.0724284782805,300-499,Cardiac,Nonprofit,Urban,Non-Teaching,No,Yes,1,0.9533333333333334
62192.333333333336,43.0,1446.3329969768224,200-299,Cardiac,Nonprofit,Urban,Non-Teaching,No,Yes,0,0.0033333333333333335
30790.0,16.0,1924.3737972663766,100-149,Cardiac,Investor Owned,Urban,Non-Teaching,Yes,Yes,1,0.9366666666666666
22806.333333333332,15.333333333333334,1487.3685951943944,150-199,Cardiac,Investor Owned,Rural,Non-Teaching,Yes,Yes,0,0.013333333333333334
35471.0,20.333333333333332,1744.4745518977616,100-149,Cardiac,Investor Owned,Urban,Non-Teaching,Yes,Yes,1,0.95
57942.0,47.0,1232.8082483386704,300-499,Cardiac,Government,Urban,Teaching,Yes,No,0,0.0
25407.666666666668,16.0,1587.9781741803079,1-49,Cardiac,Investor Owned,Rural,Non-Teaching,Yes,Yes,0,0.01
23200.666666666668,15.0,1546.710079971058,50-99,Cardiac,Nonprofit,Urban,Non-Teaching,No,Yes,0,0.15333333333333332
79146.5,63.0,1256.2934513819919,500+,Cardiac,Nonprofit,Urban,Non-Teaching,No,No,0,0.0033333333333333335
86469.0,80.5,1074.148934888331,500+,Cardiac,Nonprofit,Urban,Non-Teaching,No,Yes,0,0.0
112241.5,80.5,1394.3041746205993,300-499,Cardiac,Nonprofit,Urban,Non-Teaching,No,No,0,0.0
96961.66666666667,77.33333333333333,1253.8144930412295,300-499,Cardiac,Nonprofit,Urban,Teaching,No,No,0,0.0
17293.0,20.0,864.6495676752162,200-299,Cardiac,Investor Owned,Urban,Non-Teaching,Yes,Yes,0,0.01
37200.666666666664,47.0,791.5033776943167,300-499,Cardiac,Nonprofit,Urban,Non-Teaching,No,No,0,0.0033333333333333335
39953.666666666664,40.0,998.8414169563123,300-499,Cardiac,Government,Urban,Non-Teaching,No,No,0,0.006666666666666667
60332.5,80.5,749.4719565873346,300-499,Cardiac,Government,Urban,Teaching,No,No,0,0.0
63761.0,48.0,1328.3538899262728,300-499,Cardiac,Nonprofit,Urban,Non-Teaching,No,No,0,0.0033333333333333335
26922.5,8.0,3365.3082933646333,200-299,Cardiac,Government,Urban,Non-Teaching,No,No,1,0.8866666666666667
44178.666666666664,38.0,1162.5961852817054,150-199,Cardiac,Nonprofit,Urban,Non-Teaching,No,No,0,0.03
77978.0,72.0,1083.027627357274,200-299,Cardiac,Government,Urban,Non-Teaching,No,Yes,0,0.006666666666666667
31841.333333333332,28.666666666666668,1110.7437985777447,200-299,Cardiac,Nonprofit,Urban,Teaching,No,No,0,0.10333333333333333
43609.0,59.0,739.135467943141,300-499,Cardiac,Government,Urban,Teaching,No,No,0,0.0
20186.666666666668,19.0,1062.4555811637292,200-299,Cardiac,Nonprofit,Urban,Non-Teaching,No,No,0,0.0033333333333333335
11045.666666666666,12.0,920.4714551626762,200-299,Cardiac,Nonprofit,Urban,Teaching,No,No,0,0.03
26493.666666666668,35.0,756.9616884871366,200-299,Cardiac,Nonprofit,Urban,Non-Teaching,No,Yes,0,0.0
17995.0,16.0,1124.686797070752,100-149,Cardiac,Nonprofit,Urban,Non-Teaching,No,No,0,0.08333333333333333
49033.666666666664,28.0,1751.2017555231826,150-199,Cardiac,Nonprofit,Urban,Non-Teaching,No,Yes,1,0.9966666666666667
41087.333333333336,25.333333333333332,1621.8677808416658,150-199,Cardiac,Government,Urban,Non-Teaching,Yes,Yes,0,0.07666666666666666
29388.666666666668,14.0,2099.1889767697785,50-99,Cardiac,Nonprofit,Urban,Non-Teaching,No,Yes,1,0.9533333333333334
25987.0,11.0,2362.4523977705476,50-99,Cardiac,Investor Owned,Urban,Non-Teaching,No,Yes,1,0.9833333333333333
103851.33333333333,46.666666666666664,2225.385237417449,50-99,Cardiac,Nonprofit,Urban,Non-Teaching,No,Yes,1,0.9466666666666667
25632.666666666668,18.0,1424.0362459057894,50-99,Cardiac,Nonprofit,Rural,Non-Teaching,No,Yes,0,0.013333333333333334
20801.333333333332,22.0,945.5147217357325,50-99,Cardiac,Nonprofit,Rural,Non-Teaching,No,Yes,0,0.006666666666666667
19784.666666666668,11.0,1798.6044255111285,150-199,Cardiac,Investor Owned,Rural,Non-Teaching,No,Yes,1,0.9566666666666667
27192.666666666668,23.0,1182.2893410336198,100-149,Cardiac,Investor Owned,Urban,Non-Teaching,No,No,0,0.2733333333333333
33189.666666666664,15.0,2212.6429693491314,150-199,Cardiac,Government,Urban,Non-Teaching,No,No,1,0.9633333333333334
39927.666666666664,19.0,2101.4550343219116,100-149,Cardiac,Nonprofit,Urban,Non-Teaching,No,No,1,0.8973457127926933
13136.0,22.0,597.0906376860738,300-499,Cardiac,Investor Owned,Urban,Non-Teaching,No,No,0,0.013333333333333334
41904.5,26.0,1611.7109185727236,200-299,Cardiac,Nonprofit,Urban,Non-Teaching,No,No,0,0.0
14532.0,17.0,854.8230265746903,200-299,Cardiac,Nonprofit,Urban,Non-Teaching,No,No,0,0.0033333333333333335
32738.0,24.0,1364.0827649655146,150-199,Cardiac,Nonprofit,Urban,Non-Teaching,No,No,0,0.08666666666666667
22042.666666666668,22.0,1001.9389385126037,1-49,Cardiac,Nonprofit,Urban,Non-Teaching,No,Yes,0,0.25666666666666665
18819.5,10.0,1881.948118051882,50-99,Cardiac,Government,Rural,Non-Teaching,No,Yes,1,0.9866666666666667
48621.0,41.0,1185.8777595420097,200-299,Cardiac,Nonprofit,Urban,Non-Teaching,Yes,Yes,0,0.02
35892.0,40.5,886.2220034019743,300-499,Cardiac,Nonprofit,Urban,Non-Teaching,No,No,0,0.0033333333333333335
9330.0,8.0,1166.2485421893223,1-49,Cardiac,Nonprofit,Rural,Non-Teaching,No,Yes,0,0.02675815426939927
52909.5,40.0,1322.7371693157077,300-499,Cardiac,Nonprofit,Urban,Non-Teaching,No,No,0,0.062155626142589106
47574.333333333336,35.0,1359.266278304873,300-499,Cardiac,Investor Owned,Urban,Non-Teaching,No,No,0,0.03666666666666667
49958.666666666664,25.0,1998.3458673283196,300-499,Cardiac,Government,Urban,Non-Teaching,No,No,1,0.9133333333333333
73416.5,80.5,912.0060978874412,200-299,Cardiac,Nonprofit,Urban,Teaching,No,No,0,0.06666666666666667
65069.0,36.0,1807.4717201467442,200-299,Cardiac,Nonprofit,Urban,Non-Teaching,No,No,1,0.5866666666666667
33380.333333333336,8.0,4172.536450996104,50-99,Cardiac,Government,Rural,Non-Teaching,No,No,1,0.9766666666666667
67463.5,30.0,2248.7825837391388,300-499,Cardiac,Nonprofit,Urban,Non-Teaching,No,No,1,0.6217363434022329
28103.666666666668,13.333333333333334,2107.7734191699356,100-149,Cardiac,Nonprofit,Urban,Non-Teaching,Yes,No,1,0.9866666666666667
3986.3333333333335,6.0,664.3877815759197,100-149,Cardiac,Government,Frontier,Non-Teaching,Yes,Yes,0,0.0
24901.0,28.0,889.3211109567461,200-299,Cardiac,Investor Owned,Urban,Non-Teaching,No,Yes,0,0.006666666666666667
42502.0,26.0,1634.691678964739,200-299,Cardiac,Nonprofit,Urban,Non-Teaching,No,Yes,0,0.0033333333333333335
9721.666666666666,11.0,883.7870753450829,1-49,Cardiac,Nonprofit,Rural,Non-Teaching,Yes,Yes,0,0.16333333333333333
9916.0,7.0,1416.5694049008503,1-49,Cardiac,Nonprofit,Rural,Non-Teaching,Yes,Yes,0,0.05349939786081038
57303.333333333336,51.0,1123.594550929173,200-299,Cardiac,Nonprofit,Urban,Non-Teaching,No,No,0,0.0
24714.666666666668,13.0,1901.1267427230187,100-149,Cardiac,Nonprofit,Urban,Non-Teaching,No,No,1,0.7766666666666666
57780.0,45.0,1283.99971466673,150-199,Cardiac,Nonprofit,Urban,Non-Teaching,No,No,0,0.0033333333333333335
48864.0,27.0,1809.7771074899601,100-149,Cardiac,Nonprofit,Urban,Non-Teaching,No,No,1,0.7533333333333333
8867.0,9.0,985.2211275320806,1-49,Cardiac,Investor Owned,Rural,Non-Teaching,No,No,0,0.0
17207.5,15.0,1147.1659018893988,50-99,Cardiac,Investor Owned,Urban,Non-Teaching,No,No,0,0.03666666666666667
35628.0,29.5,1207.728404159863,200-299,Cardiac,Investor Owned,Urban,Non-Teaching,No,Yes,0,0.0033333333333333335
8424.666666666666,8.333333333333334,1010.9587868494557,50-99,Cardiac,Government,Urban,Non-Teaching,Yes,No,0,0.006666666666666667
53276.0,30.0,1775.8660747113086,150-199,Cardiac,Nonprofit,Urban,Teaching,No,Yes,1,0.98
31739.5,34.0,933.5144313192848,100-149,Cardiac,Nonprofit,Urban,Non-Teaching,No,Yes,0,0.25
77669.33333333333,33.0,2353.6154483993587,300-499,Cardiac,Investor Owned,Urban,Non-Teaching,No,No,1,0.45247589953170364
51875.333333333336,32.0,1621.1036600717728,200-299,Cardiac,Investor Owned,Urban,Non-Teaching,No,No,0,0.0
72098.66666666667,40.0,1802.4662160501127,300-499,Cardiac,Nonprofit,Urban,Non-Teaching,No,No,1,0.062155626142589106
18690.333333333332,12.0,1557.5264798390444,1-49,Cardiac,Government,Rural,Non-Teaching,Yes,No,0,0.0033333333333333335
28291.666666666668,14.0,2020.8318898819837,50-99,Cardiac,Nonprofit,Rural,Non-Teaching,Yes,Yes,1,0.8
59761.5,80.5,742.3787897666099,300-499,Cardiac,Government,Urban,Non-Teaching,Yes,Yes,0,0.0
33321.0,24.0,1388.3744215106578,150-199,Cardiac,Government,Rural,Non-Teaching,Yes,Yes,0,0.0
28867.333333333332,15.0,1924.4876058971515,100-149,Cardiac,Nonprofit,Rural,Non-Teaching,Yes,Yes,1,0.64
30663.666666666668,18.0,1703.536090628098,50-99,Cardiac,Nonprofit,Rural,Non-Teaching,Yes,Yes,0,0.013333333333333334
40721.5,38.5,1057.70102397376,200-299,Cardiac,Government,Urban,Non-Teaching,No,No,0,0.0033333333333333335
40176.0,28.0,1434.8566304083463,300-499,Cardiac,Investor Owned,Urban,Non-Teaching,No,No,0,0.05333333333333334
7952.0,6.0,1325.331124448126,1-49,Cardiac,Nonprofit,Rural,Non-Teaching,No,No,0,0.0033333333333333335
22600.333333333332,14.0,1614.3083707321161,100-149,Cardiac,Nonprofit,Urban,Non-Teaching,No,No,0,0.22333333333333333
45771.666666666664,31.0,1476.5049000521826,200-299,Cardiac,Nonprofit,Urban,Non-Teaching,No,Yes,0,0.0
26971.5,11.0,2451.952316406985,1-49,Cardiac,Nonprofit,Urban,Non-Teaching,No,Yes,1,0.9666666666666667
59699.0,44.0,1356.7951461829211,200-299,Cardiac,Nonprofit,Rural,Non-Teaching,Yes,Yes,0,0.006666666666666667
36398.0,40.0,909.9497725125568,150-199,Cardiac,Nonprofit,Urban,Non-Teaching,No,No,0,0.0033333333333333335
69248.0,54.0,1282.3701328944198,150-199,Cardiac,Government,Urban,Non-Teaching,No,No,0,0.023333333333333334
112998.5,80.0,1412.4810734398657,300-499,Cardiac,Nonprofit,Urban,Teaching,No,No,0,0.0
9934.0,5.0,1986.7960264079472,1-49,Cardiac,Nonprofit,Rural,Non-Teaching,Yes,Yes,1,0.8281927506457196
15236.0,11.0,1385.0896499185,1-49,Cardiac,Nonprofit,Rural,Non-Teaching,Yes,Yes,0,0.16333333333333333
26490.0,24.0,1103.7495401043584,100-149,Cardiac,Nonprofit,Rural,Non-Teaching,No,No,0,0.006666666666666667
9268.0,9.0,1029.7766335815184,50-99,Cardiac,Investor Owned,Rural,Non-Teaching,Yes,Yes,0,0.0033333333333333335
63937.0,48.0,1332.0205558290509,300-499,Cardiac,Nonprofit,Urban,Teaching,No,Yes,0,0.013333333333333334
11554.0,12.0,962.8325309728909,50-99,Cardiac,Investor Owned,Rural,Non-Teaching,Yes,Yes,0,0.01
30623.0,20.0,1531.149234425383,150-199,Cardiac,Government,Rural,Non-Teaching,Yes,Yes,0,0.0
74433.0,36.0,2067.582759004789,300-499,Cardiac,Nonprofit,Urban,Non-Teaching,No,Yes,1,0.9366666666666666
45491.0,30.0,1516.3661612112796,200-299,Cardiac,Government,Urban,Teaching,No,Yes,0,0.0
53560.0,40.0,1338.9996652500836,200-299,Cardiac,Nonprofit,Urban,Non-Teaching,No,Yes,0,0.0
2364.0,2.0,1181.9940900295499,1-49,Cardiac,Nonprofit,Frontier,Non-Teaching,Yes,Yes,0,0.0033333333333333335
41196.0,26.0,1584.4609290534888,300-499,Cardiac,Nonprofit,Urban,Teaching,No,No,0,0.14666666666666667
72057.0,46.0,1566.456181205178,300-499,Cardiac,Nonprofit,Urban,Non-Teaching,Yes,No,0,0.0
3646.0,4.0,911.497721255697,100-149,Cardiac,Investor Owned,Urban,Non-Teaching,Yes,Yes,0,0.043333333333333335
33564.0,14.0,2397.4268589808153,150-199,Cardiac,Government,Urban,Non-Teaching,No,No,1,0.97
31471.5,22.0,1430.5220770354194,100-149,Cardiac,Nonprofit,Urban,Non-Teaching,No,No,0,0.12333333333333334
33640.5,16.0,2102.52993591879,300-499,Cardiac,Nonprofit,Urban,Non-Teaching,No,No,1,0.7805126603026099
52043.0,50.0,1040.8597918280416,500+,Cardiac,Nonprofit,Urban,Non-Teaching,No,No,0,0.0
29638.0,21.0,1411.3326612701612,150-199,Cardiac,Investor Owned,Urban,Non-Teaching,No,No,0,0.01
25109.5,16.0,1569.3427691607694,300-499,Cardiac,Nonprofit,Urban,Non-Teaching,No,No,0,0.7805126603026099
50599.5,24.0,2108.3116215368245,300-499,Cardiac,Investor Owned,Urban,Non-Teaching,No,No,1,0.37333333333333335
109217.0,29.0,3766.1021496199482,100-149,Cardiac,Nonprofit,Urban,Non-Teaching,Yes,Yes,1,0.9633333333333334
10799.0,13.0,830.6916686987164,1-49,Cardiac,Government,Rural,Non-Teaching,No,Yes,0,0.02666666666666667
6472.0,8.0,808.998988751264,150-199,Cardiac,Nonprofit,Rural,Non-Teaching,No,No,0,0.006666666666666667
23312.0,18.0,1295.110391605338,100-149,Cardiac,Nonprofit,Rural,Non-Teaching,Yes,Yes,0,0.06666666666666667
27460.0,23.0,1193.912524385859,150-199,Cardiac,Government,Urban,Non-Teaching,No,No,0,0.21333333333333335
11497.0,69.0,166.62316425751243,50-99,Cardiac,Nonprofit,Urban,Non-Teaching,No,No,0,0.02
112998.5,72.0,1569.4233931356398,200-299,Cardiac,Nonprofit,Urban,Teaching,No,No,0,0.06666666666666667
87345.0,64.0,1364.7654117554043,500+,Cardiac,Investor Owned,Urban,Teaching,Yes,Yes,0,0.0033333333333333335
51767.0,26.0,1991.0376957547323,100-149,Cardiac,Nonprofit,Urban,Non-Teaching,No,Yes,1,0.9066666666666666
99973.0,59.0,1694.4573399224846,200-299,Cardiac,Nonprofit,Urban,Teaching,No,No,0,0.22666666666666666
30920.5,20.0,1546.0242269878865,300-499,Cardiac,Nonprofit,Urban,Non-Teaching,No,No,0,0.14249067024929093
56462.0,31.0,1821.3542511760481,300-499,Cardiac,Nonprofit,Urban,Non-Teaching,No,No,1,0.8554438763614284
45169.5,29.0,1557.56842842468,300-499,Cardiac,Nonprofit,Urban,Non-Teaching,No,No,0,0.06662319005400603
107243.0,53.0,2023.4524484051983,200-299,Cardiac,Nonprofit,Urban,Teaching,No,No,1,0.9033333333333333
42886.0,25.0,1715.4393138242744,100-149,Cardiac,Nonprofit,Urban,Non-Teaching,No,No,0,0.13333333333333333
112998.5,80.5,1403.7079001605093,300-499,Cardiac,Nonprofit,Urban,Teaching,Yes,No,0,0.0
62646.0,24.0,2610.2489123962864,300-499,Cardiac,Nonprofit,Urban,Teaching,No,Yes,1,0.9666666666666667
4339.5,4.0,1084.8722878192805,1-49,Cardiac,Nonprofit,Frontier,Non-Teaching,Yes,Yes,0,0.006666666666666667
14965.0,39.0,383.7178503287563,150-199,Cardiac,Nonprofit,Urban,Non-Teaching,No,No,0,0.006666666666666667
112998.5,80.5,1403.7079001605093,300-499,Cardiac,Nonprofit,Urban,Teaching,No,No,0,0.0
10395.5,12.0,866.2909447575461,200-299,Cardiac,Nonprofit,Urban,Non-Teaching,No,No,0,0.02666666666666667
5637.5,7.0,805.3559923485824,50-99,Cardiac,Nonprofit,Urban,Non-Teaching,No,Yes,0,0.30666666666666664
82844.0,62.0,1336.1933328720431,300-499,Cardiac,Investor Owned,Urban,Teaching,Yes,Yes,0,0.0033333333333333335
13380.0,22.0,608.1815417356629,200-299,Cardiac,Investor Owned,Urban,Non-Teaching,No,No,0,0.006666666666666667
17158.0,17.0,1009.293523944986,150-199,Cardiac,Nonprofit,Urban,Non-Teaching,No,No,0,0.05333333333333334
43220.0,40.0,1080.4997298750675,300-499,Cardiac,Nonprofit,Urban,Teaching,No,No,0,0.10666666666666667
63151.0,40.0,1578.7746053063486,200-299,Cardiac,Nonprofit,Urban,Non-Teaching,No,No,0,0.0
73413.0,36.0,2039.249433541824,200-299,Cardiac,Nonprofit,Urban,Teaching,No,No,1,0.89
74166.0,30.0,2472.199175933608,300-499,Cardiac,Nonprofit,Urban,Teaching,No,No,1,0.9700232666599201
39333.0,24.0,1638.8743171357012,200-299,Cardiac,Nonprofit,Urban,Non-Teaching,No,Yes,0,0.0033333333333333335
53345.0,27.0,1975.740008985182,150-199,Cardiac,Nonprofit,Urban,Non-Teaching,No,No,1,0.7566666666666667
59695.0,30.0,1989.8326700557766,150-199,Cardiac,Nonprofit,Urban,Non-Teaching,No,Yes,1,0.9966666666666667
71708.0,73.0,982.3012353012006,300-499,Cardiac,Government,Urban,Teaching,Yes,Yes,0,0.0
45896.0,35.0,1311.313911053168,150-199,Cardiac,Government,Urban,Non-Teaching,No,No,0,0.10666666666666667
34054.5,18.0,1891.9156156024358,100-149,Cardiac,Nonprofit,Urban,Non-Teaching,No,No,1,0.9866666666666667
23820.0,19.5,1221.5378351088025,100-149,Cardiac,Nonprofit,Urban,Non-Teaching,No,Yes,0,0.38
32229.0,23.0,1401.260260321626,50-99,Cardiac,Nonprofit,Urban,Non-Teaching,No,Yes,0,0.3233333333333333
2837.0,2.0,1418.4929075354623,1-49,Cardiac,Government,Frontier,Non-Teaching,Yes,Yes,0,0.0
23943.0,20.0,1197.1494014252994,300-499,Cardiac,Investor Owned,Urban,Non-Teaching,Yes,No,0,0.023333333333333334
32425.0,41.0,790.8534656454962,300-499,Cardiac,Government,Urban,Teaching,No,No,0,0.0
28244.0,16.0,1765.2488967194397,100-149,Cardiac,Nonprofit,Rural,Non-Teaching,Yes,Yes,1,0.8166666666666667
4834.0,4.0,1208.4969787575533,50-99,Cardiac,Government,Frontier,Non-Teaching,Yes,Yes,0,0.0
58831.0,56.0,1050.5533838297529,300-499,Cardiac,Nonprofit,Urban,Non-Teaching,No,No,0,0.11666666666666667
73328.0,64.0,1145.7498209765904,300-499,Cardiac,Investor Owned,Urban,Non-Teaching,Yes,Yes,0,0.0033333333333333335
68827.0,44.0,1564.249644488717,300-499,Cardiac,Government,Urban,Teaching,No,Yes,0,0.0033333333333333335
51901.0,24.0,2162.540765608014,300-499,Cardiac,Nonprofit,Urban,Non-Teaching,No,Yes,1,0.97
33076.0,52.0,636.0768007544614,500+,Cardiac,Government,Urban,Teaching,No,No,0,0.0
28108.0,21.0,1338.4755531068795,200-299,Cardiac,Nonprofit,Urban,Non-Teaching,Yes,Yes,0,0.02
67670.0,62.0,1091.4514368626715,300-499,Cardiac,Investor Owned,Urban,Non-Teaching,Yes,Yes,0,0.006666666666666667
13261.0,12.0,1105.082412431323,100-149,Diabetes,Government,Urban,Non-Teaching,No,No,0,0.049157336915957604
29420.666666666668,22.0,1337.302422438293,300-499,Diabetes,Nonprofit,Urban,Non-Teaching,No,No,0,0.03416804301608694
30782.5,40.0,769.562307609423,150-199,Diabetes,Nonprofit,Urban,Teaching,No,No,0,0.013333333333333334
65082.0,59.0,1103.0845587992274,200-299,Diabetes,Government,Urban,Non-Teaching,No,No,0,0.0
29479.0,30.0,982.633005788998,300-499,Diabetes,Nonprofit,Urban,Non-Teaching,No,No,0,0.5021129962890838
42180.666666666664,39.0,1081.5552782336893,300-499,Diabetes,Government,Urban,Non-Teaching,No,No,0,0.01
28620.0,17.0,1683.5284214538697,150-199,Diabetes,Nonprofit,Urban,Non-Teaching,No,No,0,0.0033333333333333335
37801.333333333336,18.0,2100.0729073669036,100-149,Diabetes,Nonprofit,Urban,Non-Teaching,No,No,1,0.8639139712833431
31745.0,22.0,1442.9538895664139,100-149,Diabetes,Nonprofit,Urban,Non-Teaching,No,No,0,0.0677132806776345
110997.0,80.0,1387.4623265672092,300-499,Diabetes,Nonprofit,Urban,Non-Teaching,No,No,0,0.0
66977.0,40.0,1674.4245813938546,200-299,Diabetes,Nonprofit,Urban,Non-Teaching,No,No,0,0.006666666666666667
24025.0,14.0,1716.070202806998,50-99,Diabetes,Nonprofit,Rural,Non-Teaching,Yes,No,0,0.023333333333333334
9708.5,5.0,1941.696116607767,100-149,Diabetes,Nonprofit,Rural,Non-Teaching,Yes,Yes,1,0.7966666666666666
8570.0,14.0,612.1424198982716,100-149,Diabetes,Nonprofit,Rural,Non-Teaching,Yes,Yes,0,0.12666666666666668
55911.0,49.0,1141.0405834611054,200-299,Diabetes,Nonprofit,Urban,Non-Teaching,No,Yes,0,0.0
10039.0,8.0,1254.8734314082108,1-49,Diabetes,Nonprofit,Rural,Non-Teaching,Yes,Yes,0,0.48034697702558427
41025.0,30.0,1367.4995441668186,100-149,Diabetes,Nonprofit,Urban,Non-Teaching,No,No,0,0.12666666666666668
46164.333333333336,44.0,1049.1891554873132,500+,Diabetes,Nonprofit,Urban,Non-Teaching,No,No,0,0.0
63404.333333333336,52.0,1219.3138680806665,200-299,Diabetes,Nonprofit,Urban,Non-Teaching,No,No,0,0.09033840913532958
50722.333333333336,32.0,1585.072421331535,200-299,Diabetes,Nonprofit,Urban,Non-Teaching,No,No,0,0.043333333333333335
16929.333333333332,12.0,1410.7766021306093,100-149,Diabetes,Investor Owned,Urban,Non-Teaching,No,No,0,0.11450596309193287
63958.666666666664,36.0,1776.629136121536,150-199,Diabetes,Nonprofit,Urban,Non-Teaching,No,No,1,0.9133333333333333
16776.666666666668,12.0,1398.0543905102302,100-149,Diabetes,Nonprofit,Rural,Non-Teaching,Yes,Yes,0,0.06
55450.333333333336,59.0,939.8359988978533,300-499,Diabetes,Nonprofit,Rural,Non-Teaching,Yes,Yes,0,0.03666666666666667
7588.5,9.0,843.1657298158558,100-149,Diabetes,Investor Owned,Rural,Non-Teaching,Yes,Yes,0,0.01
80788.66666666667,73.0,1106.693912325035,500+,Diabetes,Nonprofit,Urban,Teaching,Yes,No,0,0.0033333333333333335
35672.666666666664,10.0,3567.263099403567,1-49,Diabetes,Nonprofit,Rural,Non-Teaching,Yes,Yes,1,0.9403027584312599
57338.0,48.0,1194.5414178038711,300-499,Diabetes,Nonprofit,Urban,Non-Teaching,No,Yes,0,0.013333333333333334
47511.333333333336,21.0,2262.4433670904605,150-199,Diabetes,Nonprofit,Urban,Non-Teaching,No,Yes,1,0.9466666666666667
5907.0,4.333333333333333,1363.1507004214607,1-49,Diabetes,Investor Owned,Frontier,Non-Teaching,Yes,Yes,0,0.0
10314.0,8.0,1289.2483884395144,1-49,Diabetes,Investor Owned,Rural,Non-Teaching,Yes,Yes,0,0.007812088181968925
28371.0,20.0,1418.5492907253547,100-149,Diabetes,Investor Owned,Rural,Non-Teaching,Yes,Yes,0,0.02
39829.0,16.0,2489.31094418066,100-149,Diabetes,Government,Rural,Non-Teaching,Yes,Yes,1,0.96
7991.666666666667,7.666666666666667,1042.3899447087679,1-49,Diabetes,Government,Rural,Non-Teaching,No,No,0,0.02
1610.0,2.0,804.9959750201249,1-49,Diabetes,Government,Frontier,Non-Teaching,Yes,No,0,0.0
28485.0,10.0,2848.4971515028487,150-199,Diabetes,Nonprofit,Urban,Non-Teaching,Yes,Yes,1,0.9766666666666667
6546.333333333333,8.0,818.290643803362,100-149,Diabetes,Government,Frontier,Non-Teaching,Yes,Yes,0,0.006666666666666667
64106.0,42.666666666666664,1502.484022855307,100-149,Diabetes,Nonprofit,Urban,Non-Teaching,No,Yes,0,0.01
15535.666666666666,12.0,1294.6378100240472,50-99,Diabetes,Nonprofit,Rural,Non-Teaching,Yes,Yes,0,0.12
20035.333333333332,13.0,1541.1783016577167,1-49,Diabetes,Nonprofit,Rural,Non-Teaching,Yes,Yes,0,0.01
88985.33333333333,40.666666666666664,2188.163396353263,150-199,Diabetes,Nonprofit,Urban,Non-Teaching,Yes,Yes,1,0.98
18720.666666666668,8.0,2340.080408232823,1-49,Diabetes,Nonprofit,Rural,Non-Teaching,Yes,Yes,1,0.48034697702558427
18771.0,12.0,1564.2486964594198,1-49,Diabetes,Nonprofit,Rural,Non-Teaching,Yes,Yes,0,0.0033333333333333335
10002.666666666666,8.0,1250.3317704186202,1-49,Diabetes,Nonprofit,Rural,Non-Teaching,Yes,Yes,0,0.48034697702558427
14433.0,8.0,1804.122744846569,100-149,Diabetes,Investor Owned,Urban,Non-Teaching,No,No,1,0.3845870681710272
102466.66666666667,42.666666666666664,2401.561937133921,300-499,Diabetes,Government,Urban,Non-Teaching,No,Yes,1,0.9666666666666667
36011.0,26.0,1385.0379288315658,300-499,Diabetes,Nonprofit,Urban,Non-Teaching,No,No,0,0.019228532003862896
12317.0,17.0,724.528985571185,300-499,Diabetes,Investor Owned,Urban,Non-Teaching,No,No,0,0.04666666666666667
57101.0,35.0,1631.4566767266635,300-499,Diabetes,Nonprofit,Urban,Non-Teaching,No,No,0,0.2038591856431997
34882.0,50.5,690.7325364886066,300-499,Diabetes,Investor Owned,Urban,Non-Teaching,Yes,No,0,0.0
65446.0,41.0,1596.2435131113382,300-499,Diabetes,Nonprofit,Urban,Teaching,Yes,No,0,0.006666666666666667
29986.333333333332,14.0,2141.879422467079,50-99,Diabetes,Investor Owned,Urban,Non-Teaching,No,Yes,1,0.99
3751.5,4.0,937.8726553183618,100-149,Diabetes,Investor Owned,Urban,Non-Teaching,Yes,Yes,0,0.07666666666666666
20267.0,12.0,1688.915259237284,200-299,Diabetes,Investor Owned,Urban,Non-Teaching,No,No,0,0.29333333333333333
33361.5,14.0,2382.9625835981547,150-199,Diabetes,Investor Owned,Urban,Non-Teaching,No,No,1,0.9366666666666666
46487.666666666664,30.666666666666668,1515.9016795972782,150-199,Diabetes,Nonprofit,Urban,Non-Teaching,No,No,0,0.5853417104475053
9859.5,8.0,1232.4359594550508,100-149,Diabetes,Investor Owned,Urban,Non-Teaching,Yes,Yes,0,0.09333333333333334
6710.333333333333,9.0,745.591764157299,100-149,Diabetes,Investor Owned,Urban,Non-Teaching,No,No,0,0.10155928160244475
16033.333333333334,21.0,763.4916999245874,200-299,Diabetes,Investor Owned,Urban,Non-Teaching,No,No,0,0.006666666666666667
39767.5,37.0,1074.7970068116197,500+,Diabetes,Nonprofit,Urban,Non-Teaching,No,No,0,0.01
18635.5,9.0,2070.608810434655,100-149,Diabetes,Investor Owned,Urban,Non-Teaching,Yes,No,1,0.8584573131643765
79359.66666666667,32.0,2479.9888083368305,300-499,Diabetes,Nonprofit,Urban,Non-Teaching,No,No,1,0.2777041690227461
68964.66666666667,30.0,2298.8214559484036,500+,Diabetes,Nonprofit,Urban,Non-Teaching,Yes,No,1,0.9833333333333333
53635.333333333336,57.0,940.9705951513575,300-499,Diabetes,Nonprofit,Urban,Teaching,Yes,No,0,0.0
62426.5,49.5,1261.1411593654223,200-299,Diabetes,Nonprofit,Urban,Non-Teaching,Yes,No,0,0.018654751266011318
61938.666666666664,41.0,1510.6988185287432,200-299,Diabetes,Nonprofit,Urban,Non-Teaching,No,No,0,0.006666666666666667
79005.0,53.0,1490.6600961018685,200-299,Diabetes,Nonprofit,Urban,Non-Teaching,No,No,0,0.5756638163047405
40703.0,29.0,1403.5512401547448,300-499,Diabetes,Nonprofit,Urban,Non-Teaching,No,No,0,0.012870889853257121
32344.666666666668,18.0,1796.9249276342996,100-149,Diabetes,Nonprofit,Urban,Non-Teaching,No,No,1,0.8639139712833431
36378.0,15.0,2425.198383201078,200-299,Diabetes,Investor Owned,Urban,Non-Teaching,No,No,1,0.9033333333333333
29577.0,10.666666666666666,2772.841150461422,150-199,Diabetes,Investor Owned,Urban,Non-Teaching,Yes,No,1,0.8766666666666667
72059.5,64.0,1125.9295115735138,300-499,Diabetes,Nonprofit,Urban,Teaching,No,No,0,0.0033333333333333335
35037.666666666664,29.0,1208.19498567989,300-499,Diabetes,Nonprofit,Urban,Non-Teaching,No,No,0,0.012870889853257121
16074.666666666666,5.666666666666667,2836.700876410218,100-149,Diabetes,Investor Owned,Urban,Non-Teaching,No,No,1,0.9040206273425743
54946.0,55.5,990.0178396364253,500+,Diabetes,Nonprofit,Urban,Teaching,No,No,0,0.0033333333333333335
47234.0,37.0,1276.5942495691215,300-499,Diabetes,Nonprofit,Urban,Non-Teaching,No,No,0,0.06755288892545647
4946.5,4.0,1236.621908445229,50-99,Diabetes,Investor Owned,Urban,Non-Teaching,No,No,0,0.019517706864881027
6297.5,7.0,899.6415719406116,100-149,Diabetes,Investor Owned,Urban,Non-Teaching,No,No,0,0.32437630422032665
77714.0,71.0,1094.5632261178555,300-499,Diabetes,Nonprofit,Urban,Non-Teaching,No,No,0,0.02
57211.0,61.0,937.8850921499849,500+,Diabetes,Nonprofit,Urban,Non-Teaching,No,No,0,0.0
12230.666666666666,8.0,1528.8314222940555,100-149,Diabetes,Investor Owned,Urban,Non-Teaching,No,No,0,0.3845870681710272
32363.666666666668,15.333333333333334,2110.672536517911,200-299,Diabetes,Nonprofit,Urban,Non-Teaching,No,No,1,0.9049813404985819
31796.5,21.0,1514.1183266103208,200-299,Diabetes,Government,Urban,Non-Teaching,No,No,0,0.04666666666666667
6826.0,7.0,975.1414640836227,200-299,Diabetes,Investor Owned,Urban,Non-Teaching,Yes,No,0,0.05333333333333334
18475.333333333332,12.0,1539.609828102921,150-199,Diabetes,Nonprofit,Urban,Non-Teaching,No,No,0,0.022995511669658887
46827.333333333336,41.333333333333336,1132.9190807453836,300-499,Diabetes,Investor Owned,Urban,Non-Teaching,Yes,Yes,0,0.01
23936.333333333332,27.0,886.530535852888,200-299,Diabetes,Nonprofit,Urban,Non-Teaching,No,No,0,0.013333333333333334
50359.333333333336,40.0,1258.9830185875787,300-499,Diabetes,Nonprofit,Urban,Non-Teaching,No,No,0,0.09546036034902756
9195.333333333334,8.0,1149.4152298976294,100-149,Diabetes,Investor Owned,Urban,Non-Teaching,No,No,0,0.3845870681710272
43418.0,32.0,1356.8120759962262,300-499,Diabetes,Nonprofit,Urban,Non-Teaching,No,No,0,0.2777041690227461
21073.5,13.0,1621.037214586758,150-199,Diabetes,Nonprofit,Urban,Non-Teaching,No,No,0,0.059662178336325554
46270.0,30.0,1542.3328192223937,200-299,Diabetes,Investor Owned,Urban,Non-Teaching,No,No,0,0.0033333333333333335
49428.0,28.0,1765.285083826756,300-499,Diabetes,Nonprofit,Urban,Teaching,No,No,1,0.8033333333333333
23054.5,13.0,1773.4217127525287,150-199,Diabetes,Investor Owned,Urban,Non-Teaching,No,No,1,0.9366666666666666
52035.666666666664,30.0,1734.5216440483407,300-499,Diabetes,Nonprofit,Urban,Non-Teaching,No,No,0,0.5021129962890838
73969.0,72.66666666666667,1017.9218782676313,300-499,Diabetes,Government,Urban,Teaching,Yes,No,0,0.0
105955.5,80.5,1316.2172277991021,500+,Diabetes,Government,Urban,Teaching,No,No,0,0.0
99493.0,29.0,3430.791920416579,100-149,Diabetes,Nonprofit,Urban,Teaching,Yes,Yes,1,0.9966666666666667
50463.666666666664,50.666666666666664,995.9932244750214,300-499,Diabetes,Government,Urban,Teaching,No,No,0,0.0
40780.666666666664,37.333333333333336,1092.3389931234838,200-299,Diabetes,Nonprofit,Urban,Non-Teaching,No,No,0,0.06
67262.0,33.0,2038.2418065933919,200-299,Diabetes,Nonprofit,Urban,Non-Teaching,Yes,No,1,0.9266666666666666
92182.33333333333,80.0,1152.2790226317886,300-499,Diabetes,Nonprofit,Urban,Non-Teaching,No,No,0,0.0
64397.333333333336,35.0,1839.9232838314426,150-199,Diabetes,Investor Owned,Urban,Non-Teaching,Yes,Yes,1,0.95
77745.33333333333,38.0,2045.9292861589595,300-499,Diabetes,Nonprofit,Rural,Non-Teaching,Yes,Yes,1,0.94
27449.0,19.0,1444.683450166605,100-149,Diabetes,Nonprofit,Urban,Non-Teaching,No,No,0,0.6047079236174085
29936.333333333332,31.0,965.6878605307977,300-499,Diabetes,Nonprofit,Urban,Non-Teaching,No,No,0,0.7606636205237703
14621.0,9.0,1624.553750495833,1-49,Diabetes,Nonprofit,Urban,Non-Teaching,No,No,0,0.019517706864881027
6284.0,3.6666666666666665,1713.8135077813424,1-49,Diabetes,Government,Rural,Non-Teaching,Yes,Yes,0,0.0033333333333333335
9094.0,6.0,1515.6641405597659,1-49,Diabetes,Nonprofit,Rural,Non-Teaching,Yes,Yes,0,0.08118057158161623
28163.666666666668,19.0,1482.2974654574743,50-99,Diabetes,Nonprofit,Rural,Non-Teaching,Yes,Yes,0,0.03
13366.0,9.0,1485.1094609894878,1-49,Diabetes,Nonprofit,Rural,Non-Teaching,Yes,Yes,0,0.42676452130912623
25567.333333333332,10.0,2556.7307766025565,1-49,Diabetes,Nonprofit,Rural,Non-Teaching,Yes,Yes,1,0.9403027584312599
57461.0,26.0,2210.0376115239956,150-199,Diabetes,Nonprofit,Urban,Non-Teaching,Yes,Yes,1,0.97
511.0,1.0,510.99489005109945,1-49,Diabetes,Government,Frontier,Non-Teaching,Yes,Yes,0,0.0
41278.666666666664,30.666666666666668,1346.0430393337915,200-299,Diabetes,Nonprofit,Urban,Non-Teaching,No,No,0,0.012851040198214363
14553.0,6.0,2425.495957506738,50-99,Diabetes,Nonprofit,Rural,Non-Teaching,No,Yes,1,0.8966666666666666
50028.333333333336,16.0,3126.768879102784,200-299,Diabetes,Government,Urban,Non-Teaching,Yes,Yes,1,0.95
51527.5,19.0,2711.972256856707,150-199,Diabetes,Government,Urban,Non-Teaching,Yes,Yes,1,0.9133333333333333
24487.0,18.0,1360.3881331177038,150-199,Diabetes,Investor Owned,Urban,Non-Teaching,No,No,0,0.09
6034.5,8.0,754.3115571105536,100-149,Diabetes,Nonprofit,Rural,Non-Teaching,No,No,0,0.0033333333333333335
12749.5,15.0,849.9661000226,50-99,Diabetes,Government,Rural,Non-Teaching,Yes,Yes,0,0.02
92289.0,35.666666666666664,2587.5413305958887,300-499,Diabetes,Nonprofit,Urban,Non-Teaching,No,No,1,0.7538591856431998
27767.5,26.0,1067.9803584690928,200-299,Diabetes,Nonprofit,Urban,Non-Teaching,No,No,0,0.0033333333333333335
23505.0,30.0,783.4997388334205,200-299,Diabetes,Investor Owned,Urban,Teaching,No,Yes,0,0.0033333333333333335
5063.0,8.0,632.8742089072389,100-149,Diabetes,Investor Owned,Urban,Non-Teaching,No,No,0,0.3845870681710272
12153.0,11.0,1104.8171774389295,150-199,Diabetes,Investor Owned,Urban,Non-Teaching,No,Yes,0,0.06333333333333334
100965.66666666667,80.5,1254.2317282527874,300-499,Diabetes,Nonprofit,Urban,Non-Teaching,No,No,0,0.0
11960.0,12.0,996.6658361118033,100-149,Diabetes,Investor Owned,Urban,Non-Teaching,No,No,0,0.11450596309193287
11887.333333333334,11.0,1080.6656842433174,100-149,Diabetes,Investor Owned,Urban,Non-Teaching,No,No,0,0.04114647608319369
25199.5,23.0,1095.6299584217572,150-199,Diabetes,Investor Owned,Urban,Non-Teaching,No,No,0,0.04666666666666667
11411.0,10.0,1141.098858901141,150-199,Diabetes,Investor Owned,Urban,Non-Teaching,Yes,No,0,0.13333333333333333
34495.5,44.5,775.1796010832356,300-499,Diabetes,Nonprofit,Urban,Non-Teaching,No,No,0,0.0033333333333333335
42020.0,50.666666666666664,829.3419415772483,300-499,Diabetes,Government,Urban,Teaching,Yes,No,0,0.0
19240.0,12.0,1603.3319972233357,150-199,Diabetes,Investor Owned,Urban,Non-Teaching,Yes,No,0,0.3466666666666667
27262.5,31.0,879.4352001821935,200-299,Diabetes,Nonprofit,Urban,Non-Teaching,No,No,0,0.04
14340.0,20.0,716.9996415001792,150-199,Diabetes,Nonprofit,Urban,Non-Teaching,No,No,0,0.01
53749.666666666664,36.0,1493.045881561329,300-499,Diabetes,Nonprofit,Urban,Non-Teaching,No,No,0,0.38052585230986635
4135.333333333333,8.0,516.916020521641,150-199,Diabetes,Investor Owned,Urban,Non-Teaching,No,No,0,0.11834420657663636
24221.0,24.0,1009.2079128300363,200-299,Diabetes,Investor Owned,Urban,Non-Teaching,Yes,No,0,0.03
17550.0,17.5,1002.8565697962458,200-299,Diabetes,Investor Owned,Urban,Non-Teaching,No,No,0,0.05
109291.5,72.0,1517.9372891753765,200-299,Diabetes,Nonprofit,Urban,Non-Teaching,No,No,0,0.1008376539127348
26386.333333333332,14.0,1884.7367489975602,50-99,Diabetes,Nonprofit,Urban,Non-Teaching,No,Yes,1,0.8433333333333334
69937.5,69.0,1013.5868096251,300-499,Diabetes,Nonprofit,Urban,Non-Teaching,No,No,0,0.02
112998.5,62.0,1822.5561576522325,300-499,Diabetes,Nonprofit,Urban,Non-Teaching,No,No,1,0.7933333333333333
3495.0,3.0,1164.996116679611,1-49,Diabetes,Government,Frontier,Non-Teaching,Yes,Yes,0,0.0
2546.6666666666665,2.0,1273.3269666984997,1-49,Diabetes,Government,Frontier,Non-Teaching,Yes,Yes,0,0.0
44698.666666666664,30.0,1489.9550589038693,150-199,Diabetes,Investor Owned,Urban,Non-Teaching,No,Yes,0,0.07
54417.5,28.0,1943.4814487566255,300-499,Diabetes,Investor Owned,Urban,Non-Teaching,No,Yes,1,0.9733333333333334
39938.5,29.0,1377.189180279593,300-499,Diabetes,Investor Owned,Urban,Non-Teaching,Yes,Yes,0,0.03666666666666667
45627.5,12.0,3802.2884980929184,100-149,Diabetes,Investor Owned,Urban,Non-Teaching,No,Yes,1,0.9533333333333334
7767.0,7.0,1109.5698434716523,1-49,Diabetes,Government,Rural,Non-Teaching,Yes,Yes,0,0.0
45660.666666666664,41.0,1113.6745251200343,150-199,Diabetes,Investor Owned,Urban,Non-Teaching,No,Yes,0,0.03
37046.333333333336,28.0,1323.0828608037402,50-99,Diabetes,Government,Urban,Non-Teaching,No,Yes,0,0.02
15067.333333333334,12.0,1255.6100647693906,50-99,Diabetes,Investor Owned,Urban,Non-Teaching,Yes,No,0,0.013333333333333334
54291.666666666664,41.0,1324.1866688975604,200-299,Diabetes,Nonprofit,Urban,Non-Teaching,No,Yes,0,0.0
47474.5,26.0,1825.9416054070748,50-99,Diabetes,Nonprofit,Urban,Non-Teaching,No,Yes,1,0.8366666666666667
90694.33333333333,53.0,1711.213513607513,100-149,Diabetes,Investor Owned,Urban,Non-Teaching,No,Yes,0,0.013333333333333334
35054.666666666664,21.0,1669.2690463798192,100-149,Diabetes,Investor Owned,Urban,Non-Teaching,No,No,0,0.03
47299.5,58.5,808.5383233267823,100-149,Diabetes,Nonprofit,Urban,Non-Teaching,No,Yes,0,0.0033333333333333335
95381.5,59.0,1616.6353192143526,200-299,Diabetes,Nonprofit,Urban,Non-Teaching,No,No,0,0.1410077287545913
63503.666666666664,70.0,907.1951084959368,500+,Diabetes,Government,Urban,Teaching,No,No,0,0.0
84523.33333333333,51.333333333333336,1646.5581208003657,500+,Diabetes,Nonprofit,Urban,Non-Teaching,No,No,0,0.0
106119.0,53.0,2002.2449052368102,200-299,Diabetes,Nonprofit,Urban,Non-Teaching,No,No,1,0.5756638163047405
21385.333333333332,18.0,1188.0734140332884,50-99,Diabetes,Government,Rural,Non-Teaching,Yes,No,0,0.01
11297.666666666666,7.0,1613.9500753094162,1-49,Diabetes,Government,Rural,Non-Teaching,Yes,Yes,0,0.0
33224.0,15.0,2214.9318567120954,100-149,Diabetes,Investor Owned,Urban,Non-Teaching,No,No,1,0.7881211055307209
22289.0,12.0,1857.4151188207343,100-149,Diabetes,Investor Owned,Urban,Non-Teaching,No,Yes,1,0.9533333333333334
112998.5,80.5,1403.7079001605093,300-499,Diabetes,Nonprofit,Urban,Non-Teaching,Yes,No,0,0.0
40403.0,40.0,1010.074747481313,300-499,Diabetes,Nonprofit,Urban,Teaching,No,No,0,0.05
8291.666666666666,6.0,1381.9421412075424,1-49,Diabetes,Government,Rural,Non-Teaching,Yes,Yes,0,0.0
75626.66666666667,52.0,1454.35869467461,300-499,Diabetes,Nonprofit,Urban,Non-Teaching,No,Yes,0,0.013333333333333334
53317.333333333336,18.0,2962.0724284782805,300-499,Diabetes,Nonprofit,Urban,Non-Teaching,No,Yes,1,0.98
62192.333333333336,43.0,1446.3329969768224,200-299,Diabetes,Nonprofit,Urban,Non-Teaching,No,Yes,0,0.0
30790.0,16.0,1924.3737972663766,100-149,Diabetes,Investor Owned,Urban,Non-Teaching,Yes,Yes,1,0.97
22806.333333333332,15.333333333333334,1487.3685951943944,150-199,Diabetes,Investor Owned,Rural,Non-Teaching,Yes,Yes,0,0.013333333333333334
35471.0,20.333333333333332,1744.4745518977616,100-149,Diabetes,Investor Owned,Urban,Non-Teaching,Yes,Yes,1,0.9766666666666667
57942.0,47.0,1232.8082483386704,300-499,Diabetes,Government,Urban,Teaching,Yes,No,0,0.0
25407.666666666668,16.0,1587.9781741803079,1-49,Diabetes,Investor Owned,Rural,Non-Teaching,Yes,Yes,0,0.0
23200.666666666668,15.0,1546.710079971058,50-99,Diabetes,Nonprofit,Urban,Non-Teaching,No,Yes,0,0.11333333333333333
79146.5,63.0,1256.2934513819919,500+,Diabetes,Nonprofit,Urban,Non-Teaching,No,No,0,0.0
86469.0,80.5,1074.148934888331,500+,Diabetes,Nonprofit,Urban,Non-Teaching,No,Yes,0,0.016666666666666666
112241.5,80.5,1394.3041746205993,300-499,Diabetes,Nonprofit,Urban,Non-Teaching,No,No,0,0.0
96961.66666666667,77.33333333333333,1253.8144930412295,300-499,Diabetes,Nonprofit,Urban,Teaching,No,No,0,0.0
17293.0,20.0,864.6495676752162,200-299,Diabetes,Investor Owned,Urban,Non-Teaching,Yes,Yes,0,0.023333333333333334
37200.666666666664,47.0,791.5033776943167,300-499,Diabetes,Nonprofit,Urban,Non-Teaching,No,No,0,0.006666666666666667
39953.666666666664,40.0,998.8414169563123,300-499,Diabetes,Government,Urban,Non-Teaching,No,No,0,0.01
60332.5,80.5,749.4719565873346,300-499,Diabetes,Government,Urban,Teaching,No,No,0,0.0
63761.0,48.0,1328.3538899262728,300-499,Diabetes,Nonprofit,Urban,Non-Teaching,No,No,0,0.006666666666666667
26922.5,8.0,3365.3082933646333,200-299,Diabetes,Government,Urban,Non-Teaching,No,No,1,0.9433333333333334
44178.666666666664,38.0,1162.5961852817054,150-199,Diabetes,Nonprofit,Urban,Non-Teaching,No,No,0,0.03
77978.0,72.0,1083.027627357274,200-299,Diabetes,Government,Urban,Non-Teaching,No,Yes,0,0.0033333333333333335
31841.333333333332,28.666666666666668,1110.7437985777447,200-299,Diabetes,Nonprofit,Urban,Teaching,No,No,0,0.13
10480.666666666666,12.0,873.3881610654213,200-299,Diabetes,Nonprofit,Urban,Non-Teaching,No,No,0,0.40249067024929097
43609.0,59.0,739.135467943141,300-499,Diabetes,Government,Urban,Teaching,No,No,0,0.0
20186.666666666668,19.0,1062.4555811637292,200-299,Diabetes,Nonprofit,Urban,Non-Teaching,No,No,0,0.03
11045.666666666666,12.0,920.4714551626762,200-299,Diabetes,Nonprofit,Urban,Teaching,No,No,0,0.07666666666666666
26493.666666666668,35.0,756.9616884871366,200-299,Diabetes,Nonprofit,Urban,Non-Teaching,No,Yes,0,0.0033333333333333335
17995.0,16.0,1124.686797070752,100-149,Diabetes,Nonprofit,Urban,Non-Teaching,No,No,0,0.08699598369755487
49033.666666666664,28.0,1751.2017555231826,150-199,Diabetes,Nonprofit,Urban,Non-Teaching,No,Yes,1,0.9866666666666667
41087.333333333336,25.333333333333332,1621.8677808416658,150-199,Diabetes,Government,Urban,Non-Teaching,Yes,Yes,0,0.11666666666666667
29388.666666666668,14.0,2099.1889767697785,50-99,Diabetes,Nonprofit,Urban,Non-Teaching,No,Yes,1,0.8433333333333334
25987.0,11.0,2362.4523977705476,50-99,Diabetes,Investor Owned,Urban,Non-Teaching,No,Yes,1,0.9833333333333333
103851.33333333333,46.666666666666664,2225.385237417449,50-99,Diabetes,Nonprofit,Urban,Non-Teaching,No,Yes,1,0.9433333333333334
25632.666666666668,18.0,1424.0362459057894,50-99,Diabetes,Nonprofit,Rural,Non-Teaching,No,Yes,0,0.03666666666666667
20801.333333333332,22.0,945.5147217357325,50-99,Diabetes,Nonprofit,Rural,Non-Teaching,No,Yes,0,0.03666666666666667
19784.666666666668,11.0,1798.6044255111285,150-199,Diabetes,Investor Owned,Rural,Non-Teaching,No,Yes,1,0.9633333333333334
27192.666666666668,23.0,1182.2893410336198,100-149,Diabetes,Investor Owned,Urban,Non-Teaching,No,No,0,0.03
33189.666666666664,15.0,2212.6429693491314,150-199,Diabetes,Government,Urban,Non-Teaching,No,No,1,0.96
39927.666666666664,19.0,2101.4550343219116,100-149,Diabetes,Nonprofit,Urban,Non-Teaching,No,No,1,0.6047079236174085
13136.0,22.0,597.0906376860738,300-499,Diabetes,Investor Owned,Urban,Non-Teaching,No,No,0,0.1
1620.0,7.0,231.42824081679885,100-149,Diabetes,Investor Owned,Rural,Non-Teaching,No,No,0,0.01103441451597156
41904.5,26.0,1611.7109185727236,200-299,Diabetes,Nonprofit,Urban,Non-Teaching,No,No,0,0.0033333333333333335
14532.0,17.0,854.8230265746903,200-299,Diabetes,Nonprofit,Urban,Non-Teaching,No,No,0,0.09666666666666666
32738.0,24.0,1364.0827649655146,150-199,Diabetes,Nonprofit,Urban,Non-Teaching,No,No,0,0.09666666666666666
22042.666666666668,22.0,1001.9389385126037,1-49,Diabetes,Nonprofit,Urban,Non-Teaching,No,Yes,0,0.08
18819.5,10.0,1881.948118051882,50-99,Diabetes,Government,Rural,Non-Teaching,No,Yes,1,0.97
48621.0,41.0,1185.8777595420097,200-299,Diabetes,Nonprofit,Urban,Non-Teaching,Yes,Yes,0,0.01
35892.0,40.5,886.2220034019743,300-499,Diabetes,Nonprofit,Urban,Non-Teaching,No,No,0,0.014749777155227302
9330.0,8.0,1166.2485421893223,1-49,Diabetes,Nonprofit,Rural,Non-Teaching,No,Yes,0,0.09747974079030543
52909.5,40.0,1322.7371693157077,300-499,Diabetes,Nonprofit,Urban,Non-Teaching,No,No,0,0.09546036034902756
47574.333333333336,35.0,1359.266278304873,300-499,Diabetes,Investor Owned,Urban,Non-Teaching,No,No,0,0.16333333333333333
49958.666666666664,25.0,1998.3458673283196,300-499,Diabetes,Government,Urban,Non-Teaching,No,No,1,0.92
73416.5,80.5,912.0060978874412,200-299,Diabetes,Nonprofit,Urban,Teaching,No,No,0,0.06865475126601132
65069.0,36.0,1807.4717201467442,200-299,Diabetes,Nonprofit,Urban,Non-Teaching,No,No,1,0.87
33380.333333333336,8.0,4172.536450996104,50-99,Diabetes,Government,Rural,Non-Teaching,No,No,1,0.9433333333333334
67463.5,30.0,2248.7825837391388,300-499,Diabetes,Nonprofit,Urban,Non-Teaching,No,No,1,0.5021129962890838
28103.666666666668,13.333333333333334,2107.7734191699356,100-149,Diabetes,Nonprofit,Urban,Non-Teaching,Yes,No,1,0.99
3986.3333333333335,6.0,664.3877815759197,100-149,Diabetes,Government,Frontier,Non-Teaching,Yes,Yes,0,0.006666666666666667
24901.0,28.0,889.3211109567461,200-299,Diabetes,Investor Owned,Urban,Non-Teaching,No,Yes,0,0.0
42502.0,26.0,1634.691678964739,200-299,Diabetes,Nonprofit,Urban,Non-Teaching,No,Yes,0,0.0033333333333333335
9721.666666666666,11.0,883.7870753450829,1-49,Diabetes,Nonprofit,Rural,Non-Teaching,Yes,Yes,0,0.05
9916.0,7.0,1416.5694049008503,1-49,Diabetes,Nonprofit,Rural,Non-Teaching,Yes,Yes,0,0.06399429277699437
57303.333333333336,51.0,1123.594550929173,200-299,Diabetes,Nonprofit,Urban,Non-Teaching,No,No,0,0.08700507580199625
24714.666666666668,13.0,1901.1267427230187,100-149,Diabetes,Nonprofit,Urban,Non-Teaching,No,No,1,0.7224906702492909
57780.0,45.0,1283.99971466673,150-199,Diabetes,Nonprofit,Urban,Non-Teaching,No,No,0,0.0033333333333333335
48864.0,27.0,1809.7771074899601,100-149,Diabetes,Nonprofit,Urban,Non-Teaching,No,No,1,0.7333333333333333
8867.0,9.0,985.2211275320806,1-49,Diabetes,Investor Owned,Rural,Non-Teaching,No,No,0,0.0033333333333333335
17207.5,15.0,1147.1659018893988,50-99,Diabetes,Investor Owned,Urban,Non-Teaching,No,No,0,0.03333333333333333
35628.0,29.5,1207.728404159863,200-299,Diabetes,Investor Owned,Urban,Non-Teaching,No,Yes,0,0.0
8424.666666666666,8.333333333333334,1010.9587868494557,50-99,Diabetes,Government,Urban,Non-Teaching,Yes,No,0,0.03
53276.0,30.0,1775.8660747113086,150-199,Diabetes,Nonprofit,Urban,Teaching,No,Yes,1,0.9733333333333334
31739.5,34.0,933.5144313192848,100-149,Diabetes,Nonprofit,Urban,Non-Teaching,No,Yes,0,0.12333333333333334
77669.33333333333,33.0,2353.6154483993587,300-499,Diabetes,Investor Owned,Urban,Non-Teaching,No,No,1,0.8533333333333334
51875.333333333336,32.0,1621.1036600717728,200-299,Diabetes,Investor Owned,Urban,Non-Teaching,No,No,0,0.006666666666666667
72098.66666666667,40.0,1802.4662160501127,300-499,Diabetes,Nonprofit,Urban,Non-Teaching,No,No,1,0.09546036034902756
18690.333333333332,12.0,1557.5264798390444,1-49,Diabetes,Government,Rural,Non-Teaching,Yes,No,0,0.006666666666666667
28291.666666666668,14.0,2020.8318898819837,50-99,Diabetes,Nonprofit,Rural,Non-Teaching,Yes,Yes,1,0.81
59761.5,80.5,742.3787897666099,300-499,Diabetes,Government,Urban,Non-Teaching,Yes,Yes,0,0.006666666666666667
33321.0,24.0,1388.3744215106578,150-199,Diabetes,Government,Rural,Non-Teaching,Yes,Yes,0,0.01
28867.333333333332,15.0,1924.4876058971515,100-149,Diabetes,Nonprofit,Rural,Non-Teaching,Yes,Yes,1,0.8533333333333334
30663.666666666668,18.0,1703.536090628098,50-99,Diabetes,Nonprofit,Rural,Non-Teaching,Yes,Yes,0,0.03
40721.5,38.5,1057.70102397376,200-299,Diabetes,Government,Urban,Non-Teaching,No,No,0,0.0
40176.0,28.0,1434.8566304083463,300-499,Diabetes,Investor Owned,Urban,Non-Teaching,No,No,0,0.5758240035826243
7952.0,6.0,1325.331124448126,1-49,Diabetes,Nonprofit,Rural,Non-Teaching,No,No,0,0.0
22600.333333333332,14.0,1614.3083707321161,100-149,Diabetes,Nonprofit,Urban,Non-Teaching,No,No,0,0.1853417104475053
45771.666666666664,31.0,1476.5049000521826,200-299,Diabetes,Nonprofit,Urban,Non-Teaching,No,Yes,0,0.0
26971.5,11.0,2451.952316406985,1-49,Diabetes,Nonprofit,Urban,Non-Teaching,No,Yes,1,0.92
59699.0,44.0,1356.7951461829211,200-299,Diabetes,Nonprofit,Rural,Non-Teaching,Yes,Yes,0,0.016666666666666666
36398.0,40.0,909.9497725125568,150-199,Diabetes,Nonprofit,Urban,Non-Teaching,No,No,0,0.006666666666666667
69248.0,54.0,1282.3701328944198,150-199,Diabetes,Government,Urban,Non-Teaching,No,No,0,0.0
112998.5,80.0,1412.4810734398657,300-499,Diabetes,Nonprofit,Urban,Teaching,No,No,0,0.0
9934.0,5.0,1986.7960264079472,1-49,Diabetes,Nonprofit,Rural,Non-Teaching,Yes,Yes,1,0.8346701729588887
15236.0,11.0,1385.0896499185,1-49,Diabetes,Nonprofit,Rural,Non-Teaching,Yes,Yes,0,0.05
26490.0,24.0,1103.7495401043584,100-149,Diabetes,Nonprofit,Rural,Non-Teaching,No,No,0,0.0
9268.0,9.0,1029.7766335815184,50-99,Diabetes,Investor Owned,Rural,Non-Teaching,Yes,Yes,0,0.005824003582624272
63937.0,48.0,1332.0205558290509,300-499,Diabetes,Nonprofit,Urban,Teaching,No,Yes,0,0.006666666666666667
11554.0,12.0,962.8325309728909,50-99,Diabetes,Investor Owned,Rural,Non-Teaching,Yes,Yes,0,0.013333333333333334
30623.0,20.0,1531.149234425383,150-199,Diabetes,Government,Rural,Non-Teaching,Yes,Yes,0,0.01
74433.0,36.0,2067.582759004789,300-499,Diabetes,Nonprofit,Urban,Non-Teaching,No,Yes,1,0.98
45491.0,30.0,1516.3661612112796,200-299,Diabetes,Government,Urban,Teaching,No,Yes,0,0.0033333333333333335
53560.0,40.0,1338.9996652500836,200-299,Diabetes,Nonprofit,Urban,Non-Teaching,No,Yes,0,0.0
2364.0,2.0,1181.9940900295499,1-49,Diabetes,Nonprofit,Frontier,Non-Teaching,Yes,Yes,0,0.013333333333333334
41196.0,26.0,1584.4609290534888,300-499,Diabetes,Nonprofit,Urban,Teaching,No,No,0,0.1
72057.0,46.0,1566.456181205178,300-499,Diabetes,Nonprofit,Urban,Non-Teaching,Yes,No,0,0.0
33564.0,14.0,2397.4268589808153,150-199,Diabetes,Government,Urban,Non-Teaching,No,No,1,0.9633333333333334
31471.5,22.0,1430.5220770354194,100-149,Diabetes,Nonprofit,Urban,Non-Teaching,No,No,0,0.0677132806776345
33640.5,16.0,2102.52993591879,300-499,Diabetes,Nonprofit,Urban,Non-Teaching,No,No,1,0.5863179836289234
52043.0,50.0,1040.8597918280416,500+,Diabetes,Nonprofit,Urban,Non-Teaching,No,No,0,0.0
29638.0,21.0,1411.3326612701612,150-199,Diabetes,Investor Owned,Urban,Non-Teaching,No,No,0,0.043333333333333335
25109.5,16.0,1569.3427691607694,300-499,Diabetes,Nonprofit,Urban,Non-Teaching,No,No,0,0.5863179836289234
50599.5,24.0,2108.3116215368245,300-499,Diabetes,Investor Owned,Urban,Non-Teaching,No,No,1,0.8566666666666667
109217.0,29.0,3766.1021496199482,100-149,Diabetes,Nonprofit,Urban,Non-Teaching,Yes,Yes,1,0.96
10799.0,13.0,830.6916686987164,1-49,Diabetes,Government,Rural,Non-Teaching,No,Yes,0,0.02
6472.0,8.0,808.998988751264,150-199,Diabetes,Nonprofit,Rural,Non-Teaching,No,No,0,0.0
23312.0,18.0,1295.110391605338,100-149,Diabetes,Nonprofit,Rural,Non-Teaching,Yes,Yes,0,0.09666666666666666
27460.0,23.0,1193.912524385859,150-199,Diabetes,Government,Urban,Non-Teaching,No,No,0,0.07
11497.0,69.0,166.62316425751243,50-99,Diabetes,Nonprofit,Urban,Non-Teaching,No,No,0,0.012995511669658887
112998.5,72.0,1569.4233931356398,200-299,Diabetes,Nonprofit,Urban,Teaching,No,No,0,0.06865475126601132
87345.0,64.0,1364.7654117554043,500+,Diabetes,Investor Owned,Urban,Teaching,Yes,Yes,0,0.0
51767.0,26.0,1991.0376957547323,100-149,Diabetes,Nonprofit,Urban,Non-Teaching,No,Yes,1,0.8566666666666667
99973.0,59.0,1694.4573399224846,200-299,Diabetes,Nonprofit,Urban,Teaching,No,No,0,0.09865475126601132
30920.5,20.0,1546.0242269878865,300-499,Diabetes,Nonprofit,Urban,Non-Teaching,No,No,0,0.03615612761543159
56462.0,31.0,1821.3542511760481,300-499,Diabetes,Nonprofit,Urban,Non-Teaching,No,No,1,0.7606636205237703
45169.5,29.0,1557.56842842468,300-499,Diabetes,Nonprofit,Urban,Non-Teaching,No,No,0,0.012870889853257121
107243.0,53.0,2023.4524484051983,200-299,Diabetes,Nonprofit,Urban,Teaching,No,No,1,0.8898204652961408
42886.0,25.0,1715.4393138242744,100-149,Diabetes,Nonprofit,Urban,Non-Teaching,No,No,0,0.1486547512660113
112998.5,80.5,1403.7079001605093,300-499,Diabetes,Nonprofit,Urban,Teaching,Yes,No,0,0.0
62646.0,24.0,2610.2489123962864,300-499,Diabetes,Nonprofit,Urban,Teaching,No,Yes,1,0.9233333333333333
4339.5,4.0,1084.8722878192805,1-49,Diabetes,Nonprofit,Frontier,Non-Teaching,Yes,Yes,0,0.013333333333333334
14965.0,39.0,383.7178503287563,150-199,Diabetes,Nonprofit,Urban,Non-Teaching,No,No,0,0.006666666666666667
112998.5,80.5,1403.7079001605093,300-499,Diabetes,Nonprofit,Urban,Teaching,No,No,0,0.0
5637.5,7.0,805.3559923485824,50-99,Diabetes,Nonprofit,Urban,Non-Teaching,No,Yes,0,0.11198808459934464
82844.0,62.0,1336.1933328720431,300-499,Diabetes,Investor Owned,Urban,Teaching,Yes,Yes,0,0.0
13380.0,22.0,608.1815417356629,200-299,Diabetes,Investor Owned,Urban,Non-Teaching,No,No,0,0.006666666666666667
17158.0,17.0,1009.293523944986,150-199,Diabetes,Nonprofit,Urban,Non-Teaching,No,No,0,0.0033333333333333335
43220.0,40.0,1080.4997298750675,300-499,Diabetes,Nonprofit,Urban,Teaching,No,No,0,0.05
63151.0,40.0,1578.7746053063486,200-299,Diabetes,Nonprofit,Urban,Non-Teaching,No,No,0,0.006666666666666667
73413.0,36.0,2039.249433541824,200-299,Diabetes,Nonprofit,Urban,Teaching,No,No,1,0.9066666666666666
74166.0,30.0,2472.199175933608,300-499,Diabetes,Nonprofit,Urban,Teaching,No,No,1,0.8179831182530418
39333.0,24.0,1638.8743171357012,200-299,Diabetes,Nonprofit,Urban,Non-Teaching,No,Yes,0,0.0033333333333333335
53345.0,27.0,1975.740008985182,150-199,Diabetes,Nonprofit,Urban,Non-Teaching,No,No,1,0.87
59695.0,30.0,1989.8326700557766,150-199,Diabetes,Nonprofit,Urban,Non-Teaching,No,Yes,1,0.9866666666666667
71708.0,73.0,982.3012353012006,300-499,Diabetes,Government,Urban,Teaching,Yes,Yes,0,0.0033333333333333335
45896.0,35.0,1311.313911053168,150-199,Diabetes,Government,Urban,Non-Teaching,No,No,0,0.013333333333333334
34054.5,18.0,1891.9156156024358,100-149,Diabetes,Nonprofit,Urban,Non-Teaching,No,No,1,0.8639139712833431
23820.0,19.5,1221.5378351088025,100-149,Diabetes,Nonprofit,Urban,Non-Teaching,No,Yes,0,0.17249067024929096
32229.0,23.0,1401.260260321626,50-99,Diabetes,Nonprofit,Urban,Non-Teaching,No,Yes,0,0.12333333333333334
2837.0,2.0,1418.4929075354623,1-49,Diabetes,Government,Frontier,Non-Teaching,Yes,Yes,0,0.0
23943.0,20.0,1197.1494014252994,300-499,Diabetes,Investor Owned,Urban,Non-Teaching,Yes,No,0,0.023333333333333334
32425.0,41.0,790.8534656454962,300-499,Diabetes,Government,Urban,Teaching,No,No,0,0.0033333333333333335
28244.0,16.0,1765.2488967194397,100-149,Diabetes,Nonprofit,Rural,Non-Teaching,Yes,Yes,1,0.9166666666666666
4834.0,4.0,1208.4969787575533,50-99,Diabetes,Government,Frontier,Non-Teaching,Yes,Yes,0,0.0
58831.0,56.0,1050.5533838297529,300-499,Diabetes,Nonprofit,Urban,Non-Teaching,No,No,0,0.07582400358262427
73328.0,64.0,1145.7498209765904,300-499,Diabetes,Investor Owned,Urban,Non-Teaching,Yes,Yes,0,0.0
68827.0,44.0,1564.249644488717,300-499,Diabetes,Government,Urban,Teaching,No,Yes,0,0.02
51901.0,24.0,2162.540765608014,300-499,Diabetes,Nonprofit,Urban,Non-Teaching,No,Yes,1,0.99
33076.0,52.0,636.0768007544614,500+,Diabetes,Government,Urban,Teaching,No,No,0,0.0
28108.0,21.0,1338.4755531068795,200-299,Diabetes,Nonprofit,Urban,Non-Teaching,Yes,Yes,0,0.02
67670.0,62.0,1091.4514368626715,300-499,Diabetes,Investor Owned,Urban,Non-Teaching,Yes,Yes,0,0.0
13261.0,12.0,1105.082412431323,100-149,Homeless,Government,Urban,Non-Teaching,No,No,0,0.02
29420.666666666668,22.0,1337.302422438293,300-499,Homeless,Nonprofit,Urban,Non-Teaching,No,No,0,0.009800172781313577
30782.5,40.0,769.562307609423,150-199,Homeless,Nonprofit,Urban,Teaching,No,No,0,0.013333333333333334
65082.0,59.0,1103.0845587992274,200-299,Homeless,Government,Urban,Non-Teaching,No,No,0,0.006666666666666667
29479.0,30.0,982.633005788998,300-499,Homeless,Nonprofit,Urban,Non-Teaching,No,No,0,0.4652554515184327
42180.666666666664,39.0,1081.5552782336893,300-499,Homeless,Government,Urban,Non-Teaching,No,No,0,0.023073380764891436
28620.0,17.0,1683.5284214538697,150-199,Homeless,Nonprofit,Urban,Non-Teaching,No,No,0,0.006666666666666667
37801.333333333336,18.0,2100.0729073669036,100-149,Homeless,Nonprofit,Urban,Non-Teaching,No,No,1,0.7333333333333333
31745.0,22.0,1442.9538895664139,100-149,Homeless,Nonprofit,Urban,Non-Teaching,No,No,0,0.03333333333333333
110997.0,80.0,1387.4623265672092,300-499,Homeless,Nonprofit,Urban,Non-Teaching,No,No,0,0.0
66977.0,40.0,1674.4245813938546,200-299,Homeless,Nonprofit,Urban,Non-Teaching,No,No,0,0.0033333333333333335
24025.0,14.0,1716.070202806998,50-99,Homeless,Nonprofit,Rural,Non-Teaching,Yes,No,0,0.0
9708.5,5.0,1941.696116607767,100-149,Homeless,Nonprofit,Rural,Non-Teaching,Yes,Yes,1,0.8666666666666667
8570.0,14.0,612.1424198982716,100-149,Homeless,Nonprofit,Rural,Non-Teaching,Yes,Yes,0,0.17333333333333334
55911.0,49.0,1141.0405834611054,200-299,Homeless,Nonprofit,Urban,Non-Teaching,No,Yes,0,0.0033333333333333335
10039.0,8.0,1254.8734314082108,1-49,Homeless,Nonprofit,Rural,Non-Teaching,Yes,Yes,0,0.4456536088857729
41025.0,30.0,1367.4995441668186,100-149,Homeless,Nonprofit,Urban,Non-Teaching,No,No,0,0.1263288450029922
46164.333333333336,44.0,1049.1891554873132,500+,Homeless,Nonprofit,Urban,Non-Teaching,No,No,0,0.0
63404.333333333336,52.0,1219.3138680806665,200-299,Homeless,Nonprofit,Urban,Non-Teaching,No,No,0,0.04508291250175308
50722.333333333336,32.0,1585.072421331535,200-299,Homeless,Nonprofit,Urban,Non-Teaching,No,No,0,0.03
16929.333333333332,12.0,1410.7766021306093,100-149,Homeless,Investor Owned,Urban,Non-Teaching,No,No,0,0.016666666666666666
63958.666666666664,36.0,1776.629136121536,150-199,Homeless,Nonprofit,Urban,Non-Teaching,No,No,1,0.8333333333333334
16776.666666666668,12.0,1398.0543905102302,100-149,Homeless,Nonprofit,Rural,Non-Teaching,Yes,Yes,0,0.17
55450.333333333336,59.0,939.8359988978533,300-499,Homeless,Nonprofit,Rural,Non-Teaching,Yes,Yes,0,0.12666666666666668
80788.66666666667,73.0,1106.693912325035,500+,Homeless,Nonprofit,Urban,Teaching,Yes,No,0,0.0
35672.666666666664,10.0,3567.263099403567,1-49,Homeless,Nonprofit,Rural,Non-Teaching,Yes,Yes,1,0.925321417932678
57338.0,48.0,1194.5414178038711,300-499,Homeless,Nonprofit,Urban,Non-Teaching,No,Yes,0,0.023333333333333334
47511.333333333336,21.0,2262.4433670904605,150-199,Homeless,Nonprofit,Urban,Non-Teaching,No,Yes,1,0.9433333333333334
5907.0,4.333333333333333,1363.1507004214607,1-49,Homeless,Investor Owned,Frontier,Non-Teaching,Yes,Yes,0,0.0
10314.0,8.0,1289.2483884395144,1-49,Homeless,Investor Owned,Rural,Non-Teaching,Yes,Yes,0,0.015286474318207979
28371.0,20.0,1418.5492907253547,100-149,Homeless,Investor Owned,Rural,Non-Teaching,Yes,Yes,0,0.03333333333333333
39829.0,16.0,2489.31094418066,100-149,Homeless,Government,Rural,Non-Teaching,Yes,Yes,1,0.9633333333333334
7991.666666666667,7.666666666666667,1042.3899447087679,1-49,Homeless,Government,Rural,Non-Teaching,No,No,0,0.01
28485.0,10.0,2848.4971515028487,150-199,Homeless,Nonprofit,Urban,Non-Teaching,Yes,Yes,1,0.9833333333333333
6546.333333333333,8.0,818.290643803362,100-149,Homeless,Government,Frontier,Non-Teaching,Yes,Yes,0,0.0033333333333333335
64106.0,42.666666666666664,1502.484022855307,100-149,Homeless,Nonprofit,Urban,Non-Teaching,No,Yes,0,0.02
15535.666666666666,12.0,1294.6378100240472,50-99,Homeless,Nonprofit,Rural,Non-Teaching,Yes,Yes,0,0.02666666666666667
20035.333333333332,13.0,1541.1783016577167,1-49,Homeless,Nonprofit,Rural,Non-Teaching,Yes,Yes,0,0.0033333333333333335
88985.33333333333,40.666666666666664,2188.163396353263,150-199,Homeless,Nonprofit,Urban,Non-Teaching,Yes,Yes,1,0.99
18720.666666666668,8.0,2340.080408232823,1-49,Homeless,Nonprofit,Rural,Non-Teaching,Yes,Yes,1,0.4456536088857729
18771.0,12.0,1564.2486964594198,1-49,Homeless,Nonprofit,Rural,Non-Teaching,Yes,Yes,0,0.0033333333333333335
10002.666666666666,8.0,1250.3317704186202,1-49,Homeless,Nonprofit,Rural,Non-Teaching,Yes,Yes,0,0.4456536088857729
14433.0,8.0,1804.122744846569,100-149,Homeless,Investor Owned,Urban,Non-Teaching,No,No,1,0.023642357849394228
102466.66666666667,42.666666666666664,2401.561937133921,300-499,Homeless,Government,Urban,Non-Teaching,No,Yes,1,0.9466666666666667
36011.0,26.0,1385.0379288315658,300-499,Homeless,Nonprofit,Urban,Non-Teaching,No,No,0,0.006666666666666667
12317.0,17.0,724.528985571185,300-499,Homeless,Investor Owned,Urban,Non-Teaching,No,No,0,0.08
57101.0,35.0,1631.4566767266635,300-499,Homeless,Nonprofit,Urban,Non-Teaching,No,No,0,0.18823006095810246
34882.0,50.5,690.7325364886066,300-499,Homeless,Investor Owned,Urban,Non-Teaching,Yes,No,0,0.006666666666666667
65446.0,41.0,1596.2435131113382,300-499,Homeless,Nonprofit,Urban,Teaching,Yes,No,0,0.0
29986.333333333332,14.0,2141.879422467079,50-99,Homeless,Investor Owned,Urban,Non-Teaching,No,Yes,1,0.9766666666666667
3751.5,4.0,937.8726553183618,100-149,Homeless,Investor Owned,Urban,Non-Teaching,Yes,Yes,0,0.01
20267.0,12.0,1688.915259237284,200-299,Homeless,Investor Owned,Urban,Non-Teaching,No,No,0,0.09666666666666666
33361.5,14.0,2382.9625835981547,150-199,Homeless,Investor Owned,Urban,Non-Teaching,No,No,1,0.96
46487.666666666664,30.666666666666668,1515.9016795972782,150-199,Homeless,Nonprofit,Urban,Non-Teaching,No,No,0,0.2583209399167163
9859.5,8.0,1232.4359594550508,100-149,Homeless,Investor Owned,Urban,Non-Teaching,Yes,Yes,0,0.02
6710.333333333333,9.0,745.591764157299,100-149,Homeless,Investor Owned,Urban,Non-Teaching,No,No,0,0.006666666666666667
16033.333333333334,21.0,763.4916999245874,200-299,Homeless,Investor Owned,Urban,Non-Teaching,No,No,0,0.006666666666666667
39767.5,37.0,1074.7970068116197,500+,Homeless,Nonprofit,Urban,Non-Teaching,No,No,0,0.011877199985482425
18635.5,9.0,2070.608810434655,100-149,Homeless,Investor Owned,Urban,Non-Teaching,Yes,No,1,0.9633333333333334
79359.66666666667,32.0,2479.9888083368305,300-499,Homeless,Nonprofit,Urban,Non-Teaching,No,No,1,0.6497012245621147
68964.66666666667,30.0,2298.8214559484036,500+,Homeless,Nonprofit,Urban,Non-Teaching,Yes,No,1,0.9516542732500496
53635.333333333336,57.0,940.9705951513575,300-499,Homeless,Nonprofit,Urban,Teaching,Yes,No,0,0.0
62426.5,49.5,1261.1411593654223,200-299,Homeless,Nonprofit,Urban,Non-Teaching,Yes,No,0,0.011988084599344653
61938.666666666664,41.0,1510.6988185287432,200-299,Homeless,Nonprofit,Urban,Non-Teaching,No,No,0,0.0033333333333333335
79005.0,53.0,1490.6600961018685,200-299,Homeless,Nonprofit,Urban,Non-Teaching,No,No,0,0.5613960959113129
40703.0,29.0,1403.5512401547448,300-499,Homeless,Nonprofit,Urban,Non-Teaching,No,No,0,0.01584727024254436
32344.666666666668,18.0,1796.9249276342996,100-149,Homeless,Nonprofit,Urban,Non-Teaching,No,No,1,0.7333333333333333
36378.0,15.0,2425.198383201078,200-299,Homeless,Investor Owned,Urban,Non-Teaching,No,No,1,0.8466666666666667
29577.0,10.666666666666666,2772.841150461422,150-199,Homeless,Investor Owned,Urban,Non-Teaching,Yes,No,1,0.82
72059.5,64.0,1125.9295115735138,300-499,Homeless,Nonprofit,Urban,Teaching,No,No,0,0.0
35037.666666666664,29.0,1208.19498567989,300-499,Homeless,Nonprofit,Urban,Non-Teaching,No,No,0,0.01584727024254436
16074.666666666666,5.666666666666667,2836.700876410218,100-149,Homeless,Investor Owned,Urban,Non-Teaching,No,No,1,0.83
54946.0,55.5,990.0178396364253,500+,Homeless,Nonprofit,Urban,Teaching,No,No,0,0.006666666666666667
47234.0,37.0,1276.5942495691215,300-499,Homeless,Nonprofit,Urban,Non-Teaching,No,No,0,0.06608766741944584
4946.5,4.0,1236.621908445229,50-99,Homeless,Investor Owned,Urban,Non-Teaching,No,No,0,0.01
6297.5,7.0,899.6415719406116,100-149,Homeless,Investor Owned,Urban,Non-Teaching,No,No,0,0.02
77714.0,71.0,1094.5632261178555,300-499,Homeless,Nonprofit,Urban,Non-Teaching,No,No,0,0.023333333333333334
57211.0,61.0,937.8850921499849,500+,Homeless,Nonprofit,Urban,Non-Teaching,No,No,0,0.0033333333333333335
12230.666666666666,8.0,1528.8314222940555,100-149,Homeless,Investor Owned,Urban,Non-Teaching,No,No,0,0.023642357849394228
32363.666666666668,15.333333333333334,2110.672536517911,200-299,Homeless,Nonprofit,Urban,Non-Teaching,No,No,1,0.8379768521682408
31796.5,21.0,1514.1183266103208,200-299,Homeless,Government,Urban,Non-Teaching,No,No,0,0.043333333333333335
6826.0,7.0,975.1414640836227,200-299,Homeless,Investor Owned,Urban,Non-Teaching,Yes,No,0,0.023333333333333334
18475.333333333332,12.0,1539.609828102921,150-199,Homeless,Nonprofit,Urban,Non-Teaching,No,No,0,0.006666666666666667
46827.333333333336,41.333333333333336,1132.9190807453836,300-499,Homeless,Investor Owned,Urban,Non-Teaching,Yes,Yes,0,0.006666666666666667
23936.333333333332,27.0,886.530535852888,200-299,Homeless,Nonprofit,Urban,Non-Teaching,No,No,0,0.013333333333333334
50359.333333333336,40.0,1258.9830185875787,300-499,Homeless,Nonprofit,Urban,Non-Teaching,No,No,0,0.43604047748981545
9195.333333333334,8.0,1149.4152298976294,100-149,Homeless,Investor Owned,Urban,Non-Teaching,No,No,0,0.023642357849394228
43418.0,32.0,1356.8120759962262,300-499,Homeless,Nonprofit,Urban,Non-Teaching,No,No,0,0.6497012245621147
21073.5,13.0,1621.037214586758,150-199,Homeless,Nonprofit,Urban,Non-Teaching,No,No,0,0.016666666666666666
46270.0,30.0,1542.3328192223937,200-299,Homeless,Investor Owned,Urban,Non-Teaching,No,No,0,0.006666666666666667
49428.0,28.0,1765.285083826756,300-499,Homeless,Nonprofit,Urban,Teaching,No,No,1,0.87
23054.5,13.0,1773.4217127525287,150-199,Homeless,Investor Owned,Urban,Non-Teaching,No,No,1,0.9566666666666667
52035.666666666664,30.0,1734.5216440483407,300-499,Homeless,Nonprofit,Urban,Non-Teaching,No,No,0,0.4652554515184327
73969.0,72.66666666666667,1017.9218782676313,300-499,Homeless,Government,Urban,Teaching,Yes,No,0,0.0
105955.5,80.5,1316.2172277991021,500+,Homeless,Government,Urban,Teaching,No,No,0,0.0
99493.0,29.0,3430.791920416579,100-149,Homeless,Nonprofit,Urban,Teaching,Yes,Yes,1,0.9966666666666667
50463.666666666664,50.666666666666664,995.9932244750214,300-499,Homeless,Government,Urban,Teaching,No,No,0,0.0
40780.666666666664,37.333333333333336,1092.3389931234838,200-299,Homeless,Nonprofit,Urban,Non-Teaching,No,No,0,0.08666666666666667
67262.0,33.0,2038.2418065933919,200-299,Homeless,Nonprofit,Urban,Non-Teaching,Yes,No,1,0.94
92182.33333333333,80.0,1152.2790226317886,300-499,Homeless,Nonprofit,Urban,Non-Teaching,No,No,0,0.0
64397.333333333336,35.0,1839.9232838314426,150-199,Homeless,Investor Owned,Urban,Non-Teaching,Yes,Yes,1,0.82
77745.33333333333,38.0,2045.9292861589595,300-499,Homeless,Nonprofit,Rural,Non-Teaching,Yes,Yes,1,0.9666666666666667
27449.0,19.0,1444.683450166605,100-149,Homeless,Nonprofit,Urban,Non-Teaching,No,No,0,0.23438776880700923
29936.333333333332,31.0,965.6878605307977,300-499,Homeless,Nonprofit,Urban,Non-Teaching,No,No,0,0.8177767914851355
14621.0,9.0,1624.553750495833,1-49,Homeless,Nonprofit,Urban,Non-Teaching,No,No,0,0.01697569118272756
6284.0,3.6666666666666665,1713.8135077813424,1-49,Homeless,Government,Rural,Non-Teaching,Yes,Yes,0,0.006666666666666667
9094.0,6.0,1515.6641405597659,1-49,Homeless,Nonprofit,Rural,Non-Teaching,Yes,Yes,0,0.18268920495845678
28163.666666666668,19.0,1482.2974654574743,50-99,Homeless,Nonprofit,Rural,Non-Teaching,Yes,Yes,0,0.0033333333333333335
13366.0,9.0,1485.1094609894878,1-49,Homeless,Nonprofit,Rural,Non-Teaching,Yes,Yes,0,0.1619981795168707
25567.333333333332,10.0,2556.7307766025565,1-49,Homeless,Nonprofit,Rural,Non-Teaching,Yes,Yes,1,0.925321417932678
57461.0,26.0,2210.0376115239956,150-199,Homeless,Nonprofit,Urban,Non-Teaching,Yes,Yes,1,0.9833333333333333
511.0,1.0,510.99489005109945,1-49,Homeless,Government,Frontier,Non-Teaching,Yes,Yes,0,0.0
41278.666666666664,30.666666666666668,1346.0430393337915,200-299,Homeless,Nonprofit,Urban,Non-Teaching,No,No,0,0.005824003582624272
14553.0,6.0,2425.495957506738,50-99,Homeless,Nonprofit,Rural,Non-Teaching,No,Yes,1,0.89
50028.333333333336,16.0,3126.768879102784,200-299,Homeless,Government,Urban,Non-Teaching,Yes,Yes,1,0.99
51527.5,19.0,2711.972256856707,150-199,Homeless,Government,Urban,Non-Teaching,Yes,Yes,1,0.9033333333333333
24487.0,18.0,1360.3881331177038,150-199,Homeless,Investor Owned,Urban,Non-Teaching,No,No,0,0.023333333333333334
6034.5,8.0,754.3115571105536,100-149,Homeless,Nonprofit,Rural,Non-Teaching,No,No,0,0.03
12749.5,15.0,849.9661000226,50-99,Homeless,Government,Rural,Non-Teaching,Yes,Yes,0,0.006666666666666667
92289.0,35.666666666666664,2587.5413305958887,300-499,Homeless,Nonprofit,Urban,Non-Teaching,No,No,1,0.749344438245823
27767.5,26.0,1067.9803584690928,200-299,Homeless,Nonprofit,Urban,Non-Teaching,No,No,0,0.0033333333333333335
23505.0,30.0,783.4997388334205,200-299,Homeless,Investor Owned,Urban,Teaching,No,Yes,0,0.0033333333333333335
5063.0,8.0,632.8742089072389,100-149,Homeless,Investor Owned,Urban,Non-Teaching,No,No,0,0.023642357849394228
12153.0,11.0,1104.8171774389295,150-199,Homeless,Investor Owned,Urban,Non-Teaching,No,Yes,0,0.03666666666666667
100965.66666666667,80.5,1254.2317282527874,300-499,Homeless,Nonprofit,Urban,Non-Teaching,No,No,0,0.0
11960.0,12.0,996.6658361118033,100-149,Homeless,Investor Owned,Urban,Non-Teaching,No,No,0,0.016666666666666666
11887.333333333334,11.0,1080.6656842433174,100-149,Homeless,Investor Owned,Urban,Non-Teaching,No,No,0,0.0033333333333333335
25199.5,23.0,1095.6299584217572,150-199,Homeless,Investor Owned,Urban,Non-Teaching,No,No,0,0.02666666666666667
11411.0,10.0,1141.098858901141,150-199,Homeless,Investor Owned,Urban,Non-Teaching,Yes,No,0,0.12
34495.5,44.5,775.1796010832356,300-499,Homeless,Nonprofit,Urban,Non-Teaching,No,No,0,0.01251393690921103
42020.0,50.666666666666664,829.3419415772483,300-499,Homeless,Government,Urban,Teaching,Yes,No,0,0.0
19240.0,12.0,1603.3319972233357,150-199,Homeless,Investor Owned,Urban,Non-Teaching,Yes,No,0,0.10333333333333333
27262.5,31.0,879.4352001821935,200-299,Homeless,Nonprofit,Urban,Non-Teaching,No,No,0,0.019157336915957605
14340.0,20.0,716.9996415001792,150-199,Homeless,Nonprofit,Urban,Non-Teaching,No,No,0,0.013333333333333334
53749.666666666664,36.0,1493.045881561329,300-499,Homeless,Nonprofit,Urban,Non-Teaching,No,No,0,0.12089232120041717
4135.333333333333,8.0,516.916020521641,150-199,Homeless,Investor Owned,Urban,Non-Teaching,No,No,0,0.12
24221.0,24.0,1009.2079128300363,200-299,Homeless,Investor Owned,Urban,Non-Teaching,Yes,No,0,0.016666666666666666
17550.0,17.5,1002.8565697962458,200-299,Homeless,Investor Owned,Urban,Non-Teaching,No,No,0,0.04
109291.5,72.0,1517.9372891753765,200-299,Homeless,Nonprofit,Urban,Non-Teaching,No,No,0,0.024781513279895456
26386.333333333332,14.0,1884.7367489975602,50-99,Homeless,Nonprofit,Urban,Non-Teaching,No,Yes,1,0.95
69937.5,69.0,1013.5868096251,300-499,Homeless,Nonprofit,Urban,Non-Teaching,No,No,0,0.023333333333333334
112998.5,62.0,1822.5561576522325,300-499,Homeless,Nonprofit,Urban,Non-Teaching,No,No,1,0.81
3495.0,3.0,1164.996116679611,1-49,Homeless,Government,Frontier,Non-Teaching,Yes,Yes,0,0.0
2546.6666666666665,2.0,1273.3269666984997,1-49,Homeless,Government,Frontier,Non-Teaching,Yes,Yes,0,0.0
44698.666666666664,30.0,1489.9550589038693,150-199,Homeless,Investor Owned,Urban,Non-Teaching,No,Yes,0,0.006666666666666667
54417.5,28.0,1943.4814487566255,300-499,Homeless,Investor Owned,Urban,Non-Teaching,No,Yes,1,0.8866666666666667
39938.5,29.0,1377.189180279593,300-499,Homeless,Investor Owned,Urban,Non-Teaching,Yes,Yes,0,0.023333333333333334
45627.5,12.0,3802.2884980929184,100-149,Homeless,Investor Owned,Urban,Non-Teaching,No,Yes,1,0.92
7767.0,7.0,1109.5698434716523,1-49,Homeless,Government,Rural,Non-Teaching,Yes,Yes,0,0.005824003582624272
45660.666666666664,41.0,1113.6745251200343,150-199,Homeless,Investor Owned,Urban,Non-Teaching,No,Yes,0,0.013333333333333334
37046.333333333336,28.0,1323.0828608037402,50-99,Homeless,Government,Urban,Non-Teaching,No,Yes,0,0.02666666666666667
15067.333333333334,12.0,1255.6100647693906,50-99,Homeless,Investor Owned,Urban,Non-Teaching,Yes,No,0,0.02
54291.666666666664,41.0,1324.1866688975604,200-299,Homeless,Nonprofit,Urban,Non-Teaching,No,Yes,0,0.0033333333333333335
47474.5,26.0,1825.9416054070748,50-99,Homeless,Nonprofit,Urban,Non-Teaching,No,Yes,1,0.6833333333333333
90694.33333333333,53.0,1711.213513607513,100-149,Homeless,Investor Owned,Urban,Non-Teaching,No,Yes,0,0.023333333333333334
35054.666666666664,21.0,1669.2690463798192,100-149,Homeless,Investor Owned,Urban,Non-Teaching,No,No,0,0.03
47299.5,58.5,808.5383233267823,100-149,Homeless,Nonprofit,Urban,Non-Teaching,No,Yes,0,0.0033333333333333335
95381.5,59.0,1616.6353192143526,200-299,Homeless,Nonprofit,Urban,Non-Teaching,No,No,0,0.12852984174016238
63503.666666666664,70.0,907.1951084959368,500+,Homeless,Government,Urban,Teaching,No,No,0,0.0
84523.33333333333,51.333333333333336,1646.5581208003657,500+,Homeless,Nonprofit,Urban,Non-Teaching,No,No,0,0.0
106119.0,53.0,2002.2449052368102,200-299,Homeless,Nonprofit,Urban,Non-Teaching,No,No,1,0.5613960959113129
21385.333333333332,18.0,1188.0734140332884,50-99,Homeless,Government,Rural,Non-Teaching,Yes,No,0,0.013333333333333334
11297.666666666666,7.0,1613.9500753094162,1-49,Homeless,Government,Rural,Non-Teaching,Yes,Yes,0,0.005824003582624272
33224.0,15.0,2214.9318567120954,100-149,Homeless,Investor Owned,Urban,Non-Teaching,No,No,1,0.7666666666666667
22289.0,12.0,1857.4151188207343,100-149,Homeless,Investor Owned,Urban,Non-Teaching,No,Yes,1,0.92
112998.5,80.5,1403.7079001605093,300-499,Homeless,Nonprofit,Urban,Non-Teaching,Yes,No,0,0.0
40403.0,40.0,1010.074747481313,300-499,Homeless,Nonprofit,Urban,Teaching,No,No,0,0.01
8291.666666666666,6.0,1381.9421412075424,1-49,Homeless,Government,Rural,Non-Teaching,Yes,Yes,0,0.006666666666666667
75626.66666666667,52.0,1454.35869467461,300-499,Homeless,Nonprofit,Urban,Non-Teaching,No,Yes,0,0.023333333333333334
53317.333333333336,18.0,2962.0724284782805,300-499,Homeless,Nonprofit,Urban,Non-Teaching,No,Yes,1,0.9733333333333334
62192.333333333336,43.0,1446.3329969768224,200-299,Homeless,Nonprofit,Urban,Non-Teaching,No,Yes,0,0.0033333333333333335
30790.0,16.0,1924.3737972663766,100-149,Homeless,Investor Owned,Urban,Non-Teaching,Yes,Yes,1,0.94
22806.333333333332,15.333333333333334,1487.3685951943944,150-199,Homeless,Investor Owned,Rural,Non-Teaching,Yes,Yes,0,0.0033333333333333335
35471.0,20.333333333333332,1744.4745518977616,100-149,Homeless,Investor Owned,Urban,Non-Teaching,Yes,Yes,1,0.94
57942.0,47.0,1232.8082483386704,300-499,Homeless,Government,Urban,Teaching,Yes,No,0,0.0
25407.666666666668,16.0,1587.9781741803079,1-49,Homeless,Investor Owned,Rural,Non-Teaching,Yes,Yes,0,0.0033333333333333335
23200.666666666668,15.0,1546.710079971058,50-99,Homeless,Nonprofit,Urban,Non-Teaching,No,Yes,0,0.4033333333333333
79146.5,63.0,1256.2934513819919,500+,Homeless,Nonprofit,Urban,Non-Teaching,No,No,0,0.0
86469.0,80.5,1074.148934888331,500+,Homeless,Nonprofit,Urban,Non-Teaching,No,Yes,0,0.0033333333333333335
112241.5,80.5,1394.3041746205993,300-499,Homeless,Nonprofit,Urban,Non-Teaching,No,No,0,0.0
96961.66666666667,77.33333333333333,1253.8144930412295,300-499,Homeless,Nonprofit,Urban,Teaching,No,No,0,0.0
17293.0,20.0,864.6495676752162,200-299,Homeless,Investor Owned,Urban,Non-Teaching,Yes,Yes,0,0.02
37200.666666666664,47.0,791.5033776943167,300-499,Homeless,Nonprofit,Urban,Non-Teaching,No,No,0,0.008035182060575437
39953.666666666664,40.0,998.8414169563123,300-499,Homeless,Government,Urban,Non-Teaching,No,No,0,0.03091500169158148
60332.5,80.5,749.4719565873346,300-499,Homeless,Government,Urban,Teaching,No,No,0,0.0
63761.0,48.0,1328.3538899262728,300-499,Homeless,Nonprofit,Urban,Non-Teaching,No,No,0,0.008035182060575437
26922.5,8.0,3365.3082933646333,200-299,Homeless,Government,Urban,Non-Teaching,No,No,1,0.9066666666666666
44178.666666666664,38.0,1162.5961852817054,150-199,Homeless,Nonprofit,Urban,Non-Teaching,No,No,0,0.03
77978.0,72.0,1083.027627357274,200-299,Homeless,Government,Urban,Non-Teaching,No,Yes,0,0.01
31841.333333333332,28.666666666666668,1110.7437985777447,200-299,Homeless,Nonprofit,Urban,Teaching,No,No,0,0.07333333333333333
10480.666666666666,12.0,873.3881610654213,200-299,Homeless,Nonprofit,Urban,Non-Teaching,No,No,0,0.1263288450029922
43609.0,59.0,739.135467943141,300-499,Homeless,Government,Urban,Teaching,No,No,0,0.0
20186.666666666668,19.0,1062.4555811637292,200-299,Homeless,Nonprofit,Urban,Non-Teaching,No,No,0,0.07532141793267799
11045.666666666666,12.0,920.4714551626762,200-299,Homeless,Nonprofit,Urban,Teaching,No,No,0,0.03
26493.666666666668,35.0,756.9616884871366,200-299,Homeless,Nonprofit,Urban,Non-Teaching,No,Yes,0,0.0033333333333333335
17995.0,16.0,1124.686797070752,100-149,Homeless,Nonprofit,Urban,Non-Teaching,No,No,0,0.0991573369159576
49033.666666666664,28.0,1751.2017555231826,150-199,Homeless,Nonprofit,Urban,Non-Teaching,No,Yes,1,0.98
41087.333333333336,25.333333333333332,1621.8677808416658,150-199,Homeless,Government,Urban,Non-Teaching,Yes,Yes,0,0.11666666666666667
29388.666666666668,14.0,2099.1889767697785,50-99,Homeless,Nonprofit,Urban,Non-Teaching,No,Yes,1,0.95
25987.0,11.0,2362.4523977705476,50-99,Homeless,Investor Owned,Urban,Non-Teaching,No,Yes,1,0.98
103851.33333333333,46.666666666666664,2225.385237417449,50-99,Homeless,Nonprofit,Urban,Non-Teaching,No,Yes,1,0.8933333333333333
25632.666666666668,18.0,1424.0362459057894,50-99,Homeless,Nonprofit,Rural,Non-Teaching,No,Yes,0,0.02666666666666667
20801.333333333332,22.0,945.5147217357325,50-99,Homeless,Nonprofit,Rural,Non-Teaching,No,Yes,0,0.023333333333333334
19784.666666666668,11.0,1798.6044255111285,150-199,Homeless,Investor Owned,Rural,Non-Teaching,No,Yes,1,0.8666666666666667
27192.666666666668,23.0,1182.2893410336198,100-149,Homeless,Investor Owned,Urban,Non-Teaching,No,No,0,0.03
33189.666666666664,15.0,2212.6429693491314,150-199,Homeless,Government,Urban,Non-Teaching,No,No,1,0.9566666666666667
39927.666666666664,19.0,2101.4550343219116,100-149,Homeless,Nonprofit,Urban,Non-Teaching,No,No,1,0.23438776880700923
13136.0,22.0,597.0906376860738,300-499,Homeless,Investor Owned,Urban,Non-Teaching,No,No,0,0.09333333333333334
1620.0,7.0,231.42824081679885,100-149,Homeless,Investor Owned,Rural,Non-Teaching,No,No,0,0.0
41904.5,26.0,1611.7109185727236,200-299,Homeless,Nonprofit,Urban,Non-Teaching,No,No,0,0.0033333333333333335
14532.0,17.0,854.8230265746903,200-299,Homeless,Nonprofit,Urban,Non-Teaching,No,No,0,0.09333333333333334
32738.0,24.0,1364.0827649655146,150-199,Homeless,Nonprofit,Urban,Non-Teaching,No,No,0,0.07666666666666666
22042.666666666668,22.0,1001.9389385126037,1-49,Homeless,Nonprofit,Urban,Non-Teaching,No,Yes,0,0.08
18819.5,10.0,1881.948118051882,50-99,Homeless,Government,Rural,Non-Teaching,No,Yes,1,0.9633333333333334
48621.0,41.0,1185.8777595420097,200-299,Homeless,Nonprofit,Urban,Non-Teaching,Yes,Yes,0,0.006666666666666667
35892.0,40.5,886.2220034019743,300-499,Homeless,Nonprofit,Urban,Non-Teaching,No,No,0,0.07458786234711583
9330.0,8.0,1166.2485421893223,1-49,Homeless,Nonprofit,Rural,Non-Teaching,No,Yes,0,0.030811610166007183
52909.5,40.0,1322.7371693157077,300-499,Homeless,Nonprofit,Urban,Non-Teaching,No,No,0,0.43604047748981545
47574.333333333336,35.0,1359.266278304873,300-499,Homeless,Investor Owned,Urban,Non-Teaching,No,No,0,0.04
49958.666666666664,25.0,1998.3458673283196,300-499,Homeless,Government,Urban,Non-Teaching,No,No,1,0.9433333333333334
73416.5,80.5,912.0060978874412,200-299,Homeless,Nonprofit,Urban,Teaching,No,No,0,0.019157336915957605
65069.0,36.0,1807.4717201467442,200-299,Homeless,Nonprofit,Urban,Non-Teaching,No,No,1,0.8333333333333334
33380.333333333336,8.0,4172.536450996104,50-99,Homeless,Government,Rural,Non-Teaching,No,No,1,0.9733333333333334
67463.5,30.0,2248.7825837391388,300-499,Homeless,Nonprofit,Urban,Non-Teaching,No,No,1,0.4652554515184327
28103.666666666668,13.333333333333334,2107.7734191699356,100-149,Homeless,Nonprofit,Urban,Non-Teaching,Yes,No,1,0.99
3986.3333333333335,6.0,664.3877815759197,100-149,Homeless,Government,Frontier,Non-Teaching,Yes,Yes,0,0.0033333333333333335
24901.0,28.0,889.3211109567461,200-299,Homeless,Investor Owned,Urban,Non-Teaching,No,Yes,0,0.0
42502.0,26.0,1634.691678964739,200-299,Homeless,Nonprofit,Urban,Non-Teaching,No,Yes,0,0.0033333333333333335
9721.666666666666,11.0,883.7870753450829,1-49,Homeless,Nonprofit,Rural,Non-Teaching,Yes,Yes,0,0.05333333333333334
9916.0,7.0,1416.5694049008503,1-49,Homeless,Nonprofit,Rural,Non-Teaching,Yes,Yes,0,0.12910340566912115
57303.333333333336,51.0,1123.594550929173,200-299,Homeless,Nonprofit,Urban,Non-Teaching,No,No,0,0.042592242252462144
24714.666666666668,13.0,1901.1267427230187,100-149,Homeless,Nonprofit,Urban,Non-Teaching,No,No,1,0.76
57780.0,45.0,1283.99971466673,150-199,Homeless,Nonprofit,Urban,Non-Teaching,No,No,0,0.0033333333333333335
48864.0,27.0,1809.7771074899601,100-149,Homeless,Nonprofit,Urban,Non-Teaching,No,No,1,0.77
8867.0,9.0,985.2211275320806,1-49,Homeless,Investor Owned,Rural,Non-Teaching,No,No,0,0.0
17207.5,15.0,1147.1659018893988,50-99,Homeless,Investor Owned,Urban,Non-Teaching,No,No,0,0.02
35628.0,29.5,1207.728404159863,200-299,Homeless,Investor Owned,Urban,Non-Teaching,No,Yes,0,0.0
8424.666666666666,8.333333333333334,1010.9587868494557,50-99,Homeless,Government,Urban,Non-Teaching,Yes,No,0,0.01
53276.0,30.0,1775.8660747113086,150-199,Homeless,Nonprofit,Urban,Teaching,No,Yes,1,0.9866666666666667
31739.5,34.0,933.5144313192848,100-149,Homeless,Nonprofit,Urban,Non-Teaching,No,Yes,0,0.03
77669.33333333333,33.0,2353.6154483993587,300-499,Homeless,Investor Owned,Urban,Non-Teaching,No,No,1,0.38470184872724206
51875.333333333336,32.0,1621.1036600717728,200-299,Homeless,Investor Owned,Urban,Non-Teaching,No,No,0,0.013333333333333334
72098.66666666667,40.0,1802.4662160501127,300-499,Homeless,Nonprofit,Urban,Non-Teaching,No,No,1,0.43604047748981545
18690.333333333332,12.0,1557.5264798390444,1-49,Homeless,Government,Rural,Non-Teaching,Yes,No,0,0.0033333333333333335
28291.666666666668,14.0,2020.8318898819837,50-99,Homeless,Nonprofit,Rural,Non-Teaching,Yes,Yes,1,0.49333333333333335
59761.5,80.5,742.3787897666099,300-499,Homeless,Government,Urban,Non-Teaching,Yes,Yes,0,0.02
33321.0,24.0,1388.3744215106578,150-199,Homeless,Government,Rural,Non-Teaching,Yes,Yes,0,0.006666666666666667
28867.333333333332,15.0,1924.4876058971515,100-149,Homeless,Nonprofit,Rural,Non-Teaching,Yes,Yes,1,0.8966666666666666
30663.666666666668,18.0,1703.536090628098,50-99,Homeless,Nonprofit,Rural,Non-Teaching,Yes,Yes,0,0.0033333333333333335
40721.5,38.5,1057.70102397376,200-299,Homeless,Government,Urban,Non-Teaching,No,No,0,0.006666666666666667
40176.0,28.0,1434.8566304083463,300-499,Homeless,Investor Owned,Urban,Non-Teaching,No,No,0,0.17666666666666667
7952.0,6.0,1325.331124448126,1-49,Homeless,Nonprofit,Rural,Non-Teaching,No,No,0,0.0033333333333333335
22600.333333333332,14.0,1614.3083707321161,100-149,Homeless,Nonprofit,Urban,Non-Teaching,No,No,0,0.18666666666666668
45771.666666666664,31.0,1476.5049000521826,200-299,Homeless,Nonprofit,Urban,Non-Teaching,No,Yes,0,0.0033333333333333335
26971.5,11.0,2451.952316406985,1-49,Homeless,Nonprofit,Urban,Non-Teaching,No,Yes,1,0.9066666666666666
59699.0,44.0,1356.7951461829211,200-299,Homeless,Nonprofit,Rural,Non-Teaching,Yes,Yes,0,0.006666666666666667
36398.0,40.0,909.9497725125568,150-199,Homeless,Nonprofit,Urban,Non-Teaching,No,No,0,0.01
69248.0,54.0,1282.3701328944198,150-199,Homeless,Government,Urban,Non-Teaching,No,No,0,0.0033333333333333335
112998.5,80.0,1412.4810734398657,300-499,Homeless,Nonprofit,Urban,Teaching,No,No,0,0.0
9934.0,5.0,1986.7960264079472,1-49,Homeless,Nonprofit,Rural,Non-Teaching,Yes,Yes,1,0.8341923741421765
15236.0,11.0,1385.0896499185,1-49,Homeless,Nonprofit,Rural,Non-Teaching,Yes,Yes,0,0.05333333333333334
26490.0,24.0,1103.7495401043584,100-149,Homeless,Nonprofit,Rural,Non-Teaching,No,No,0,0.0033333333333333335
9268.0,9.0,1029.7766335815184,50-99,Homeless,Investor Owned,Rural,Non-Teaching,Yes,Yes,0,0.00865475126601132
63937.0,48.0,1332.0205558290509,300-499,Homeless,Nonprofit,Urban,Teaching,No,Yes,0,0.023333333333333334
11554.0,12.0,962.8325309728909,50-99,Homeless,Investor Owned,Rural,Non-Teaching,Yes,Yes,0,0.0
30623.0,20.0,1531.149234425383,150-199,Homeless,Government,Rural,Non-Teaching,Yes,Yes,0,0.016666666666666666
74433.0,36.0,2067.582759004789,300-499,Homeless,Nonprofit,Urban,Non-Teaching,No,Yes,1,0.9633333333333334
45491.0,30.0,1516.3661612112796,200-299,Homeless,Government,Urban,Teaching,No,Yes,0,0.006666666666666667
53560.0,40.0,1338.9996652500836,200-299,Homeless,Nonprofit,Urban,Non-Teaching,No,Yes,0,0.006666666666666667
2364.0,2.0,1181.9940900295499,1-49,Homeless,Nonprofit,Frontier,Non-Teaching,Yes,Yes,0,0.01
41196.0,26.0,1584.4609290534888,300-499,Homeless,Nonprofit,Urban,Teaching,No,No,0,0.11666666666666667
72057.0,46.0,1566.456181205178,300-499,Homeless,Nonprofit,Urban,Non-Teaching,Yes,No,0,0.002490670249290939
33564.0,14.0,2397.4268589808153,150-199,Homeless,Government,Urban,Non-Teaching,No,No,1,0.9533333333333334
31471.5,22.0,1430.5220770354194,100-149,Homeless,Nonprofit,Urban,Non-Teaching,No,No,0,0.03333333333333333
33640.5,16.0,2102.52993591879,300-499,Homeless,Nonprofit,Urban,Non-Teaching,No,No,1,0.5966526979780292
52043.0,50.0,1040.8597918280416,500+,Homeless,Nonprofit,Urban,Non-Teaching,No,No,0,0.0
29638.0,21.0,1411.3326612701612,150-199,Homeless,Investor Owned,Urban,Non-Teaching,No,No,0,0.023333333333333334
25109.5,16.0,1569.3427691607694,300-499,Homeless,Nonprofit,Urban,Non-Teaching,No,No,0,0.5966526979780292
50599.5,24.0,2108.3116215368245,300-499,Homeless,Investor Owned,Urban,Non-Teaching,No,No,1,0.75
109217.0,29.0,3766.1021496199482,100-149,Homeless,Nonprofit,Urban,Non-Teaching,Yes,Yes,1,0.9666666666666667
10799.0,13.0,830.6916686987164,1-49,Homeless,Government,Rural,Non-Teaching,No,Yes,0,0.016666666666666666
6472.0,8.0,808.998988751264,150-199,Homeless,Nonprofit,Rural,Non-Teaching,No,No,0,0.01
23312.0,18.0,1295.110391605338,100-149,Homeless,Nonprofit,Rural,Non-Teaching,Yes,Yes,0,0.09666666666666666
27460.0,23.0,1193.912524385859,150-199,Homeless,Government,Urban,Non-Teaching,No,No,0,0.1
11497.0,69.0,166.62316425751243,50-99,Homeless,Nonprofit,Urban,Non-Teaching,No,No,0,0.01
112998.5,72.0,1569.4233931356398,200-299,Homeless,Nonprofit,Urban,Teaching,No,No,0,0.019157336915957605
87345.0,64.0,1364.7654117554043,500+,Homeless,Investor Owned,Urban,Teaching,Yes,Yes,0,0.0
51767.0,26.0,1991.0376957547323,100-149,Homeless,Nonprofit,Urban,Non-Teaching,No,Yes,1,0.52
99973.0,59.0,1694.4573399224846,200-299,Homeless,Nonprofit,Urban,Teaching,No,No,0,0.0988973843475157
30920.5,20.0,1546.0242269878865,300-499,Homeless,Nonprofit,Urban,Non-Teaching,No,No,0,0.02265121297952794
56462.0,31.0,1821.3542511760481,300-499,Homeless,Nonprofit,Urban,Non-Teaching,No,No,1,0.8177767914851355
45169.5,29.0,1557.56842842468,300-499,Homeless,Nonprofit,Urban,Non-Teaching,No,No,0,0.01584727024254436
107243.0,53.0,2023.4524484051983,200-299,Homeless,Nonprofit,Urban,Teaching,No,No,1,0.8755640510141823
42886.0,25.0,1715.4393138242744,100-149,Homeless,Nonprofit,Urban,Non-Teaching,No,No,0,0.10666666666666667
112998.5,80.5,1403.7079001605093,300-499,Homeless,Nonprofit,Urban,Teaching,Yes,No,0,0.0
62646.0,24.0,2610.2489123962864,300-499,Homeless,Nonprofit,Urban,Teaching,No,Yes,1,0.96
4339.5,4.0,1084.8722878192805,1-49,Homeless,Nonprofit,Frontier,Non-Teaching,Yes,Yes,0,0.016666666666666666
14965.0,39.0,383.7178503287563,150-199,Homeless,Nonprofit,Urban,Non-Teaching,No,No,0,0.01
112998.5,80.5,1403.7079001605093,300-499,Homeless,Nonprofit,Urban,Teaching,No,No,0,0.0
5637.5,7.0,805.3559923485824,50-99,Homeless,Nonprofit,Urban,Non-Teaching,No,Yes,0,0.14666666666666667
82844.0,62.0,1336.1933328720431,300-499,Homeless,Investor Owned,Urban,Teaching,Yes,Yes,0,0.0
13380.0,22.0,608.1815417356629,200-299,Homeless,Investor Owned,Urban,Non-Teaching,No,No,0,0.006666666666666667
17158.0,17.0,1009.293523944986,150-199,Homeless,Nonprofit,Urban,Non-Teaching,No,No,0,0.006666666666666667
43220.0,40.0,1080.4997298750675,300-499,Homeless,Nonprofit,Urban,Teaching,No,No,0,0.01
63151.0,40.0,1578.7746053063486,200-299,Homeless,Nonprofit,Urban,Non-Teaching,No,No,0,0.0033333333333333335
73413.0,36.0,2039.249433541824,200-299,Homeless,Nonprofit,Urban,Teaching,No,No,1,0.9033333333333333
74166.0,30.0,2472.199175933608,300-499,Homeless,Nonprofit,Urban,Teaching,No,No,1,0.9383209399167163
39333.0,24.0,1638.8743171357012,200-299,Homeless,Nonprofit,Urban,Non-Teaching,No,Yes,0,0.01
53345.0,27.0,1975.740008985182,150-199,Homeless,Nonprofit,Urban,Non-Teaching,No,No,1,0.7933333333333333
59695.0,30.0,1989.8326700557766,150-199,Homeless,Nonprofit,Urban,Non-Teaching,No,Yes,1,0.9766666666666667
71708.0,73.0,982.3012353012006,300-499,Homeless,Government,Urban,Teaching,Yes,Yes,0,0.0
45896.0,35.0,1311.313911053168,150-199,Homeless,Government,Urban,Non-Teaching,No,No,0,0.02
34054.5,18.0,1891.9156156024358,100-149,Homeless,Nonprofit,Urban,Non-Teaching,No,No,1,0.7333333333333333
23820.0,19.5,1221.5378351088025,100-149,Homeless,Nonprofit,Urban,Non-Teaching,No,Yes,0,0.03333333333333333
32229.0,23.0,1401.260260321626,50-99,Homeless,Nonprofit,Urban,Non-Teaching,No,Yes,0,0.14
6307.0,9.0,700.7769991366677,100-149,Homeless,Investor Owned,Rural,Non-Teaching,Yes,Yes,0,0.01
2837.0,2.0,1418.4929075354623,1-49,Homeless,Government,Frontier,Non-Teaching,Yes,Yes,0,0.0
23943.0,20.0,1197.1494014252994,300-499,Homeless,Investor Owned,Urban,Non-Teaching,Yes,No,0,0.05
32425.0,41.0,790.8534656454962,300-499,Homeless,Government,Urban,Teaching,No,No,0,0.0
28244.0,16.0,1765.2488967194397,100-149,Homeless,Nonprofit,Rural,Non-Teaching,Yes,Yes,1,0.95
4834.0,4.0,1208.4969787575533,50-99,Homeless,Government,Frontier,Non-Teaching,Yes,Yes,0,0.006666666666666667
58831.0,56.0,1050.5533838297529,300-499,Homeless,Nonprofit,Urban,Non-Teaching,No,No,0,0.09584655186787326
73328.0,64.0,1145.7498209765904,300-499,Homeless,Investor Owned,Urban,Non-Teaching,Yes,Yes,0,0.0
68827.0,44.0,1564.249644488717,300-499,Homeless,Government,Urban,Teaching,No,Yes,0,0.01
51901.0,24.0,2162.540765608014,300-499,Homeless,Nonprofit,Urban,Non-Teaching,No,Yes,1,0.98
33076.0,52.0,636.0768007544614,500+,Homeless,Government,Urban,Teaching,No,No,0,0.0
28108.0,21.0,1338.4755531068795,200-299,Homeless,Nonprofit,Urban,Non-Teaching,Yes,Yes,0,0.05
67670.0,62.0,1091.4514368626715,300-499,Homeless,Investor Owned,Urban,Non-Teaching,Yes,Yes,0,0.0
13261.0,12.0,1105.082412431323,100-149,Hypertension,Government,Urban,Non-Teaching,No,No,0,0.07666666666666666
29420.666666666668,22.0,1337.302422438293,300-499,Hypertension,Nonprofit,Urban,Non-Teaching,No,No,0,0.0033333333333333335
30782.5,40.0,769.562307609423,150-199,Hypertension,Nonprofit,Urban,Teaching,No,No,0,0.013333333333333334
65082.0,59.0,1103.0845587992274,200-299,Hypertension,Government,Urban,Non-Teaching,No,No,0,0.0016542732500495734
29479.0,30.0,982.633005788998,300-499,Hypertension,Nonprofit,Urban,Non-Teaching,No,No,0,0.5528586282870431
42180.666666666664,39.0,1081.5552782336893,300-499,Hypertension,Government,Urban,Non-Teaching,No,No,0,0.013865284584827078
28620.0,17.0,1683.5284214538697,150-199,Hypertension,Nonprofit,Urban,Non-Teaching,No,No,0,0.0033333333333333335
37801.333333333336,18.0,2100.0729073669036,100-149,Hypertension,Nonprofit,Urban,Non-Teaching,No,No,1,0.9803027584312599
31745.0,22.0,1442.9538895664139,100-149,Hypertension,Nonprofit,Urban,Non-Teaching,No,No,0,0.11908399945149033
110997.0,80.0,1387.4623265672092,300-499,Hypertension,Nonprofit,Urban,Non-Teaching,No,No,0,0.0033333333333333335
66977.0,40.0,1674.4245813938546,200-299,Hypertension,Nonprofit,Urban,Non-Teaching,No,No,0,0.0
24025.0,14.0,1716.070202806998,50-99,Hypertension,Nonprofit,Rural,Non-Teaching,Yes,No,0,0.056666666666666664
9708.5,5.0,1941.696116607767,100-149,Hypertension,Nonprofit,Rural,Non-Teaching,Yes,Yes,1,0.82
8570.0,14.0,612.1424198982716,100-149,Hypertension,Nonprofit,Rural,Non-Teaching,Yes,Yes,0,0.15333333333333332
55911.0,49.0,1141.0405834611054,200-299,Hypertension,Nonprofit,Urban,Non-Teaching,No,Yes,0,0.0
10039.0,8.0,1254.8734314082108,1-49,Hypertension,Nonprofit,Rural,Non-Teaching,Yes,Yes,0,0.5638181196353859
41025.0,30.0,1367.4995441668186,100-149,Hypertension,Nonprofit,Urban,Non-Teaching,No,No,0,0.12
46164.333333333336,44.0,1049.1891554873132,500+,Hypertension,Nonprofit,Urban,Non-Teaching,No,No,0,0.0
63404.333333333336,52.0,1219.3138680806665,200-299,Hypertension,Nonprofit,Urban,Non-Teaching,No,No,0,0.006715738614285664
50722.333333333336,32.0,1585.072421331535,200-299,Hypertension,Nonprofit,Urban,Non-Teaching,No,No,0,0.03675815426939927
16929.333333333332,12.0,1410.7766021306093,100-149,Hypertension,Investor Owned,Urban,Non-Teaching,No,No,0,0.056666666666666664
63958.666666666664,36.0,1776.629136121536,150-199,Hypertension,Nonprofit,Urban,Non-Teaching,No,No,1,0.8233333333333334
16776.666666666668,12.0,1398.0543905102302,100-149,Hypertension,Nonprofit,Rural,Non-Teaching,Yes,Yes,0,0.07666666666666666
55450.333333333336,59.0,939.8359988978533,300-499,Hypertension,Nonprofit,Rural,Non-Teaching,Yes,Yes,0,0.056666666666666664
7588.5,9.0,843.1657298158558,100-149,Hypertension,Investor Owned,Rural,Non-Teaching,Yes,Yes,0,0.0033333333333333335
80788.66666666667,73.0,1106.693912325035,500+,Hypertension,Nonprofit,Urban,Teaching,Yes,No,0,0.0
35672.666666666664,10.0,3567.263099403567,1-49,Hypertension,Nonprofit,Rural,Non-Teaching,Yes,Yes,1,0.8003230509460871
57338.0,48.0,1194.5414178038711,300-499,Hypertension,Nonprofit,Urban,Non-Teaching,No,Yes,0,0.03
47511.333333333336,21.0,2262.4433670904605,150-199,Hypertension,Nonprofit,Urban,Non-Teaching,No,Yes,1,0.9766666666666667
5907.0,4.333333333333333,1363.1507004214607,1-49,Hypertension,Investor Owned,Frontier,Non-Teaching,Yes,Yes,0,0.0
10314.0,8.0,1289.2483884395144,1-49,Hypertension,Investor Owned,Rural,Non-Teaching,Yes,Yes,0,0.005824003582624272
28371.0,20.0,1418.5492907253547,100-149,Hypertension,Investor Owned,Rural,Non-Teaching,Yes,Yes,0,0.01
39829.0,16.0,2489.31094418066,100-149,Hypertension,Government,Rural,Non-Teaching,Yes,Yes,1,0.8833333333333333
7991.666666666667,7.666666666666667,1042.3899447087679,1-49,Hypertension,Government,Rural,Non-Teaching,No,No,0,0.0033333333333333335
1610.0,2.0,804.9959750201249,1-49,Hypertension,Government,Frontier,Non-Teaching,Yes,No,0,0.0
28485.0,10.0,2848.4971515028487,150-199,Hypertension,Nonprofit,Urban,Non-Teaching,Yes,Yes,1,0.99
6546.333333333333,8.0,818.290643803362,100-149,Hypertension,Government,Frontier,Non-Teaching,Yes,Yes,0,0.0
64106.0,42.666666666666664,1502.484022855307,100-149,Hypertension,Nonprofit,Urban,Non-Teaching,No,Yes,0,0.056666666666666664
15535.666666666666,12.0,1294.6378100240472,50-99,Hypertension,Nonprofit,Rural,Non-Teaching,Yes,Yes,0,0.13333333333333333
20035.333333333332,13.0,1541.1783016577167,1-49,Hypertension,Nonprofit,Rural,Non-Teaching,Yes,Yes,0,0.03666666666666667
88985.33333333333,40.666666666666664,2188.163396353263,150-199,Hypertension,Nonprofit,Urban,Non-Teaching,Yes,Yes,1,0.9866666666666667
18720.666666666668,8.0,2340.080408232823,1-49,Hypertension,Nonprofit,Rural,Non-Teaching,Yes,Yes,1,0.5638181196353859
18771.0,12.0,1564.2486964594198,1-49,Hypertension,Nonprofit,Rural,Non-Teaching,Yes,Yes,0,0.02
10002.666666666666,8.0,1250.3317704186202,1-49,Hypertension,Nonprofit,Rural,Non-Teaching,Yes,Yes,0,0.5638181196353859
14433.0,8.0,1804.122744846569,100-149,Hypertension,Investor Owned,Urban,Non-Teaching,No,No,1,0.025686104661989083
102466.66666666667,42.666666666666664,2401.561937133921,300-499,Hypertension,Government,Urban,Non-Teaching,No,Yes,1,0.96
36011.0,26.0,1385.0379288315658,300-499,Hypertension,Nonprofit,Urban,Non-Teaching,No,No,0,0.01
12317.0,17.0,724.528985571185,300-499,Hypertension,Investor Owned,Urban,Non-Teaching,No,No,0,0.016666666666666666
57101.0,35.0,1631.4566767266635,300-499,Hypertension,Nonprofit,Urban,Non-Teaching,No,No,0,0.21376157126241566
34882.0,50.5,690.7325364886066,300-499,Hypertension,Investor Owned,Urban,Non-Teaching,Yes,No,0,0.006666666666666667
65446.0,41.0,1596.2435131113382,300-499,Hypertension,Nonprofit,Urban,Teaching,Yes,No,0,0.0
29986.333333333332,14.0,2141.879422467079,50-99,Hypertension,Investor Owned,Urban,Non-Teaching,No,Yes,1,0.9766666666666667
3751.5,4.0,937.8726553183618,100-149,Hypertension,Investor Owned,Urban,Non-Teaching,Yes,Yes,0,0.016666666666666666
20267.0,12.0,1688.915259237284,200-299,Hypertension,Investor Owned,Urban,Non-Teaching,No,No,0,0.13
33361.5,14.0,2382.9625835981547,150-199,Hypertension,Investor Owned,Urban,Non-Teaching,No,No,1,0.8666666666666667
46487.666666666664,30.666666666666668,1515.9016795972782,150-199,Hypertension,Nonprofit,Urban,Non-Teaching,No,No,0,0.10249067024929094
9859.5,8.0,1232.4359594550508,100-149,Hypertension,Investor Owned,Urban,Non-Teaching,Yes,Yes,0,0.016666666666666666
6710.333333333333,9.0,745.591764157299,100-149,Hypertension,Investor Owned,Urban,Non-Teaching,No,No,0,0.02
16033.333333333334,21.0,763.4916999245874,200-299,Hypertension,Investor Owned,Urban,Non-Teaching,No,No,0,0.01
39767.5,37.0,1074.7970068116197,500+,Hypertension,Nonprofit,Urban,Non-Teaching,No,No,0,0.0
18635.5,9.0,2070.608810434655,100-149,Hypertension,Investor Owned,Urban,Non-Teaching,Yes,No,1,0.9466666666666667
79359.66666666667,32.0,2479.9888083368305,300-499,Hypertension,Nonprofit,Urban,Non-Teaching,No,No,1,0.5667883687334878
68964.66666666667,30.0,2298.8214559484036,500+,Hypertension,Nonprofit,Urban,Non-Teaching,Yes,No,1,0.934981340498582
53635.333333333336,57.0,940.9705951513575,300-499,Hypertension,Nonprofit,Urban,Teaching,Yes,No,0,0.0
62426.5,49.5,1261.1411593654223,200-299,Hypertension,Nonprofit,Urban,Non-Teaching,Yes,No,0,0.06666666666666667
61938.666666666664,41.0,1510.6988185287432,200-299,Hypertension,Nonprofit,Urban,Non-Teaching,No,No,0,0.0
79005.0,53.0,1490.6600961018685,200-299,Hypertension,Nonprofit,Urban,Non-Teaching,No,No,0,0.5465910006306437
40703.0,29.0,1403.5512401547448,300-499,Hypertension,Nonprofit,Urban,Non-Teaching,No,No,0,0.00798011726541377
32344.666666666668,18.0,1796.9249276342996,100-149,Hypertension,Nonprofit,Urban,Non-Teaching,No,No,1,0.9803027584312599
36378.0,15.0,2425.198383201078,200-299,Hypertension,Investor Owned,Urban,Non-Teaching,No,No,1,0.8466666666666667
29577.0,10.666666666666666,2772.841150461422,150-199,Hypertension,Investor Owned,Urban,Non-Teaching,Yes,No,1,0.8233333333333334
72059.5,64.0,1125.9295115735138,300-499,Hypertension,Nonprofit,Urban,Teaching,No,No,0,0.0
35037.666666666664,29.0,1208.19498567989,300-499,Hypertension,Nonprofit,Urban,Non-Teaching,No,No,0,0.00798011726541377
16074.666666666666,5.666666666666667,2836.700876410218,100-149,Hypertension,Investor Owned,Urban,Non-Teaching,No,No,1,0.5466666666666666
54946.0,55.5,990.0178396364253,500+,Hypertension,Nonprofit,Urban,Teaching,No,No,0,0.0033333333333333335
47234.0,37.0,1276.5942495691215,300-499,Hypertension,Nonprofit,Urban,Non-Teaching,No,No,0,0.07474043354985016
4946.5,4.0,1236.621908445229,50-99,Hypertension,Investor Owned,Urban,Non-Teaching,No,No,0,0.0
6297.5,7.0,899.6415719406116,100-149,Hypertension,Investor Owned,Urban,Non-Teaching,No,No,0,0.01582400358262427
77714.0,71.0,1094.5632261178555,300-499,Hypertension,Nonprofit,Urban,Non-Teaching,No,No,0,0.05
57211.0,61.0,937.8850921499849,500+,Hypertension,Nonprofit,Urban,Non-Teaching,No,No,0,0.0
12230.666666666666,8.0,1528.8314222940555,100-149,Hypertension,Investor Owned,Urban,Non-Teaching,No,No,0,0.025686104661989083
32363.666666666668,15.333333333333334,2110.672536517911,200-299,Hypertension,Nonprofit,Urban,Non-Teaching,No,No,1,0.81
31796.5,21.0,1514.1183266103208,200-299,Hypertension,Government,Urban,Non-Teaching,No,No,0,0.04666666666666667
6826.0,7.0,975.1414640836227,200-299,Hypertension,Investor Owned,Urban,Non-Teaching,Yes,No,0,0.013333333333333334
18475.333333333332,12.0,1539.609828102921,150-199,Hypertension,Nonprofit,Urban,Non-Teaching,No,No,0,0.013333333333333334
46827.333333333336,41.333333333333336,1132.9190807453836,300-499,Hypertension,Investor Owned,Urban,Non-Teaching,Yes,Yes,0,0.01
23936.333333333332,27.0,886.530535852888,200-299,Hypertension,Nonprofit,Urban,Non-Teaching,No,No,0,0.0
50359.333333333336,40.0,1258.9830185875787,300-499,Hypertension,Nonprofit,Urban,Non-Teaching,No,No,0,0.47969413760930296
9195.333333333334,8.0,1149.4152298976294,100-149,Hypertension,Investor Owned,Urban,Non-Teaching,No,No,0,0.025686104661989083
43418.0,32.0,1356.8120759962262,300-499,Hypertension,Nonprofit,Urban,Non-Teaching,No,No,0,0.5667883687334878
21073.5,13.0,1621.037214586758,150-199,Hypertension,Nonprofit,Urban,Non-Teaching,No,No,0,0.023333333333333334
46270.0,30.0,1542.3328192223937,200-299,Hypertension,Investor Owned,Urban,Non-Teaching,No,No,0,0.016666666666666666
49428.0,28.0,1765.285083826756,300-499,Hypertension,Nonprofit,Urban,Teaching,No,No,1,0.82
23054.5,13.0,1773.4217127525287,150-199,Hypertension,Investor Owned,Urban,Non-Teaching,No,No,1,0.86
52035.666666666664,30.0,1734.5216440483407,300-499,Hypertension,Nonprofit,Urban,Non-Teaching,No,No,0,0.5528586282870431
73969.0,72.66666666666667,1017.9218782676313,300-499,Hypertension,Government,Urban,Teaching,Yes,No,0,0.0
105955.5,80.5,1316.2172277991021,500+,Hypertension,Government,Urban,Teaching,No,No,0,0.0
99493.0,29.0,3430.791920416579,100-149,Hypertension,Nonprofit,Urban,Teaching,Yes,Yes,1,1.0
50463.666666666664,50.666666666666664,995.9932244750214,300-499,Hypertension,Government,Urban,Teaching,No,No,0,0.0
40780.666666666664,37.333333333333336,1092.3389931234838,200-299,Hypertension,Nonprofit,Urban,Non-Teaching,No,No,0,0.0033333333333333335
67262.0,33.0,2038.2418065933919,200-299,Hypertension,Nonprofit,Urban,Non-Teaching,Yes,No,1,0.9533333333333334
92182.33333333333,80.0,1152.2790226317886,300-499,Hypertension,Nonprofit,Urban,Non-Teaching,No,No,0,0.0033333333333333335
64397.333333333336,35.0,1839.9232838314426,150-199,Hypertension,Investor Owned,Urban,Non-Teaching,Yes,Yes,1,0.9433333333333334
77745.33333333333,38.0,2045.9292861589595,300-499,Hypertension,Nonprofit,Rural,Non-Teaching,Yes,Yes,1,0.9333333333333333
27449.0,19.0,1444.683450166605,100-149,Hypertension,Nonprofit,Urban,Non-Teaching,No,No,0,0.5875828466972493
29936.333333333332,31.0,965.6878605307977,300-499,Hypertension,Nonprofit,Urban,Non-Teaching,No,No,0,0.24107493689709572
14621.0,9.0,1624.553750495833,1-49,Hypertension,Nonprofit,Urban,Non-Teaching,No,No,0,0.0
6284.0,3.6666666666666665,1713.8135077813424,1-49,Hypertension,Government,Rural,Non-Teaching,Yes,Yes,0,0.0
9094.0,6.0,1515.6641405597659,1-49,Hypertension,Nonprofit,Rural,Non-Teaching,Yes,Yes,0,0.06114092719689539
28163.666666666668,19.0,1482.2974654574743,50-99,Hypertension,Nonprofit,Rural,Non-Teaching,Yes,Yes,0,0.04666666666666667
13366.0,9.0,1485.1094609894878,1-49,Hypertension,Nonprofit,Rural,Non-Teaching,Yes,Yes,0,0.18390507012373697
25567.333333333332,10.0,2556.7307766025565,1-49,Hypertension,Nonprofit,Rural,Non-Teaching,Yes,Yes,1,0.8003230509460871
57461.0,26.0,2210.0376115239956,150-199,Hypertension,Nonprofit,Urban,Non-Teaching,Yes,Yes,1,0.9966666666666667
511.0,1.0,510.99489005109945,1-49,Hypertension,Government,Frontier,Non-Teaching,Yes,Yes,0,0.0
41278.666666666664,30.666666666666668,1346.0430393337915,200-299,Hypertension,Nonprofit,Urban,Non-Teaching,No,No,0,0.0
14553.0,6.0,2425.495957506738,50-99,Hypertension,Nonprofit,Rural,Non-Teaching,No,Yes,1,0.92
50028.333333333336,16.0,3126.768879102784,200-299,Hypertension,Government,Urban,Non-Teaching,Yes,Yes,1,0.9133333333333333
51527.5,19.0,2711.972256856707,150-199,Hypertension,Government,Urban,Non-Teaching,Yes,Yes,1,0.8933333333333333
24487.0,18.0,1360.3881331177038,150-199,Hypertension,Investor Owned,Urban,Non-Teaching,No,No,0,0.043333333333333335
6034.5,8.0,754.3115571105536,100-149,Hypertension,Nonprofit,Rural,Non-Teaching,No,No,0,0.03333333333333333
12749.5,15.0,849.9661000226,50-99,Hypertension,Government,Rural,Non-Teaching,Yes,Yes,0,0.016666666666666666
92289.0,35.666666666666664,2587.5413305958887,300-499,Hypertension,Nonprofit,Urban,Non-Teaching,No,No,1,0.7191573369159576
27767.5,26.0,1067.9803584690928,200-299,Hypertension,Nonprofit,Urban,Non-Teaching,No,No,0,0.0
23505.0,30.0,783.4997388334205,200-299,Hypertension,Investor Owned,Urban,Teaching,No,Yes,0,0.0
5063.0,8.0,632.8742089072389,100-149,Hypertension,Investor Owned,Urban,Non-Teaching,No,No,0,0.025686104661989083
12153.0,11.0,1104.8171774389295,150-199,Hypertension,Investor Owned,Urban,Non-Teaching,No,Yes,0,0.03333333333333333
100965.66666666667,80.5,1254.2317282527874,300-499,Hypertension,Nonprofit,Urban,Non-Teaching,No,No,0,0.0033333333333333335
11960.0,12.0,996.6658361118033,100-149,Hypertension,Investor Owned,Urban,Non-Teaching,No,No,0,0.056666666666666664
11887.333333333334,11.0,1080.6656842433174,100-149,Hypertension,Investor Owned,Urban,Non-Teaching,No,No,0,0.013333333333333334
25199.5,23.0,1095.6299584217572,150-199,Hypertension,Investor Owned,Urban,Non-Teaching,No,No,0,0.013333333333333334
11411.0,10.0,1141.098858901141,150-199,Hypertension,Investor Owned,Urban,Non-Teaching,Yes,No,0,0.15666666666666668
34495.5,44.5,775.1796010832356,300-499,Hypertension,Nonprofit,Urban,Non-Teaching,No,No,0,0.01567328324881517
42020.0,50.666666666666664,829.3419415772483,300-499,Hypertension,Government,Urban,Teaching,Yes,No,0,0.0
19240.0,12.0,1603.3319972233357,150-199,Hypertension,Investor Owned,Urban,Non-Teaching,Yes,No,0,0.08333333333333333
27262.5,31.0,879.4352001821935,200-299,Hypertension,Nonprofit,Urban,Non-Teaching,No,No,0,0.0033333333333333335
14340.0,20.0,716.9996415001792,150-199,Hypertension,Nonprofit,Urban,Non-Teaching,No,No,0,0.009517706864881029
53749.666666666664,36.0,1493.045881561329,300-499,Hypertension,Nonprofit,Urban,Non-Teaching,No,No,0,0.13165427325004958
4135.333333333333,8.0,516.916020521641,150-199,Hypertension,Investor Owned,Urban,Non-Teaching,No,No,0,0.25666666666666665
24221.0,24.0,1009.2079128300363,200-299,Hypertension,Investor Owned,Urban,Non-Teaching,Yes,No,0,0.0033333333333333335
17550.0,17.5,1002.8565697962458,200-299,Hypertension,Investor Owned,Urban,Non-Teaching,No,No,0,0.04
109291.5,72.0,1517.9372891753765,200-299,Hypertension,Nonprofit,Urban,Non-Teaching,No,No,0,0.036505904304320776
26386.333333333332,14.0,1884.7367489975602,50-99,Hypertension,Nonprofit,Urban,Non-Teaching,No,Yes,1,0.9366666666666666
69937.5,69.0,1013.5868096251,300-499,Hypertension,Nonprofit,Urban,Non-Teaching,No,No,0,0.05
112998.5,62.0,1822.5561576522325,300-499,Hypertension,Nonprofit,Urban,Non-Teaching,No,No,1,0.84
3495.0,3.0,1164.996116679611,1-49,Hypertension,Government,Frontier,Non-Teaching,Yes,Yes,0,0.0
2546.6666666666665,2.0,1273.3269666984997,1-49,Hypertension,Government,Frontier,Non-Teaching,Yes,Yes,0,0.0
44698.666666666664,30.0,1489.9550589038693,150-199,Hypertension,Investor Owned,Urban,Non-Teaching,No,Yes,0,0.023333333333333334
54417.5,28.0,1943.4814487566255,300-499,Hypertension,Investor Owned,Urban,Non-Teaching,No,Yes,1,0.9533333333333334
39938.5,29.0,1377.189180279593,300-499,Hypertension,Investor Owned,Urban,Non-Teaching,Yes,Yes,0,0.023333333333333334
45627.5,12.0,3802.2884980929184,100-149,Hypertension,Investor Owned,Urban,Non-Teaching,No,Yes,1,0.9866666666666667
7767.0,7.0,1109.5698434716523,1-49,Hypertension,Government,Rural,Non-Teaching,Yes,Yes,0,0.0
45660.666666666664,41.0,1113.6745251200343,150-199,Hypertension,Investor Owned,Urban,Non-Teaching,No,Yes,0,0.016666666666666666
37046.333333333336,28.0,1323.0828608037402,50-99,Hypertension,Government,Urban,Non-Teaching,No,Yes,0,0.02666666666666667
15067.333333333334,12.0,1255.6100647693906,50-99,Hypertension,Investor Owned,Urban,Non-Teaching,Yes,No,0,0.006666666666666667
54291.666666666664,41.0,1324.1866688975604,200-299,Hypertension,Nonprofit,Urban,Non-Teaching,No,Yes,0,0.0
47474.5,26.0,1825.9416054070748,50-99,Hypertension,Nonprofit,Urban,Non-Teaching,No,Yes,1,0.6533333333333333
90694.33333333333,53.0,1711.213513607513,100-149,Hypertension,Investor Owned,Urban,Non-Teaching,No,Yes,0,0.03333333333333333
35054.666666666664,21.0,1669.2690463798192,100-149,Hypertension,Investor Owned,Urban,Non-Teaching,No,No,0,0.31198808459934463
47299.5,58.5,808.5383233267823,100-149,Hypertension,Nonprofit,Urban,Non-Teaching,No,Yes,0,0.016666666666666666
95381.5,59.0,1616.6353192143526,200-299,Hypertension,Nonprofit,Urban,Non-Teaching,No,No,0,0.13273924927205344
63503.666666666664,70.0,907.1951084959368,500+,Hypertension,Government,Urban,Teaching,No,No,0,0.0
84523.33333333333,51.333333333333336,1646.5581208003657,500+,Hypertension,Nonprofit,Urban,Non-Teaching,No,No,0,0.0
106119.0,53.0,2002.2449052368102,200-299,Hypertension,Nonprofit,Urban,Non-Teaching,No,No,1,0.5465910006306437
21385.333333333332,18.0,1188.0734140332884,50-99,Hypertension,Government,Rural,Non-Teaching,Yes,No,0,0.03666666666666667
11297.666666666666,7.0,1613.9500753094162,1-49,Hypertension,Government,Rural,Non-Teaching,Yes,Yes,0,0.0
33224.0,15.0,2214.9318567120954,100-149,Hypertension,Investor Owned,Urban,Non-Teaching,No,No,1,0.8366666666666667
22289.0,12.0,1857.4151188207343,100-149,Hypertension,Investor Owned,Urban,Non-Teaching,No,Yes,1,0.9866666666666667
112998.5,80.5,1403.7079001605093,300-499,Hypertension,Nonprofit,Urban,Non-Teaching,Yes,No,0,0.0
40403.0,40.0,1010.074747481313,300-499,Hypertension,Nonprofit,Urban,Teaching,No,No,0,0.00865475126601132
8291.666666666666,6.0,1381.9421412075424,1-49,Hypertension,Government,Rural,Non-Teaching,Yes,Yes,0,0.0
75626.66666666667,52.0,1454.35869467461,300-499,Hypertension,Nonprofit,Urban,Non-Teaching,No,Yes,0,0.02666666666666667
53317.333333333336,18.0,2962.0724284782805,300-499,Hypertension,Nonprofit,Urban,Non-Teaching,No,Yes,1,0.9766666666666667
62192.333333333336,43.0,1446.3329969768224,200-299,Hypertension,Nonprofit,Urban,Non-Teaching,No,Yes,0,0.0
30790.0,16.0,1924.3737972663766,100-149,Hypertension,Investor Owned,Urban,Non-Teaching,Yes,Yes,1,0.9633333333333334
22806.333333333332,15.333333333333334,1487.3685951943944,150-199,Hypertension,Investor Owned,Rural,Non-Teaching,Yes,Yes,0,0.023333333333333334
35471.0,20.333333333333332,1744.4745518977616,100-149,Hypertension,Investor Owned,Urban,Non-Teaching,Yes,Yes,1,0.9733333333333334
57942.0,47.0,1232.8082483386704,300-499,Hypertension,Government,Urban,Teaching,Yes,No,0,0.0
25407.666666666668,16.0,1587.9781741803079,1-49,Hypertension,Investor Owned,Rural,Non-Teaching,Yes,Yes,0,0.0033333333333333335
23200.666666666668,15.0,1546.710079971058,50-99,Hypertension,Nonprofit,Urban,Non-Teaching,No,Yes,0,0.15333333333333332
79146.5,63.0,1256.2934513819919,500+,Hypertension,Nonprofit,Urban,Non-Teaching,No,No,0,0.0
86469.0,80.5,1074.148934888331,500+,Hypertension,Nonprofit,Urban,Non-Teaching,No,Yes,0,0.0
112241.5,80.5,1394.3041746205993,300-499,Hypertension,Nonprofit,Urban,Non-Teaching,No,No,0,0.0033333333333333335
96961.66666666667,77.33333333333333,1253.8144930412295,300-499,Hypertension,Nonprofit,Urban,Teaching,No,No,0,0.0
17293.0,20.0,864.6495676752162,200-299,Hypertension,Investor Owned,Urban,Non-Teaching,Yes,Yes,0,0.0033333333333333335
37200.666666666664,47.0,791.5033776943167,300-499,Hypertension,Nonprofit,Urban,Non-Teaching,No,No,0,0.012822243050600809
39953.666666666664,40.0,998.8414169563123,300-499,Hypertension,Government,Urban,Non-Teaching,No,No,0,0.01719861791816041
60332.5,80.5,749.4719565873346,300-499,Hypertension,Government,Urban,Teaching,No,No,0,0.0
63761.0,48.0,1328.3538899262728,300-499,Hypertension,Nonprofit,Urban,Non-Teaching,No,No,0,0.012822243050600809
26922.5,8.0,3365.3082933646333,200-299,Hypertension,Government,Urban,Non-Teaching,No,No,1,0.9066666666666666
44178.666666666664,38.0,1162.5961852817054,150-199,Hypertension,Nonprofit,Urban,Non-Teaching,No,No,0,0.02666666666666667
77978.0,72.0,1083.027627357274,200-299,Hypertension,Government,Urban,Non-Teaching,No,Yes,0,0.016666666666666666
31841.333333333332,28.666666666666668,1110.7437985777447,200-299,Hypertension,Nonprofit,Urban,Teaching,No,No,0,0.1
10480.666666666666,12.0,873.3881610654213,200-299,Hypertension,Nonprofit,Urban,Non-Teaching,No,No,0,0.13333333333333333
43609.0,59.0,739.135467943141,300-499,Hypertension,Government,Urban,Teaching,No,No,0,0.0
20186.666666666668,19.0,1062.4555811637292,200-299,Hypertension,Nonprofit,Urban,Non-Teaching,No,No,0,0.006666666666666667
11045.666666666666,12.0,920.4714551626762,200-299,Hypertension,Nonprofit,Urban,Teaching,No,No,0,0.03333333333333333
26493.666666666668,35.0,756.9616884871366,200-299,Hypertension,Nonprofit,Urban,Non-Teaching,No,Yes,0,0.0
17995.0,16.0,1124.686797070752,100-149,Hypertension,Nonprofit,Urban,Non-Teaching,No,No,0,0.08666666666666667
49033.666666666664,28.0,1751.2017555231826,150-199,Hypertension,Nonprofit,Urban,Non-Teaching,No,Yes,1,0.9966666666666667
41087.333333333336,25.333333333333332,1621.8677808416658,150-199,Hypertension,Government,Urban,Non-Teaching,Yes,Yes,0,0.11
29388.666666666668,14.0,2099.1889767697785,50-99,Hypertension,Nonprofit,Urban,Non-Teaching,No,Yes,1,0.9366666666666666
25987.0,11.0,2362.4523977705476,50-99,Hypertension,Investor Owned,Urban,Non-Teaching,No,Yes,1,0.97
103851.33333333333,46.666666666666664,2225.385237417449,50-99,Hypertension,Nonprofit,Urban,Non-Teaching,No,Yes,1,0.9066666666666666
25632.666666666668,18.0,1424.0362459057894,50-99,Hypertension,Nonprofit,Rural,Non-Teaching,No,Yes,0,0.04
20801.333333333332,22.0,945.5147217357325,50-99,Hypertension,Nonprofit,Rural,Non-Teaching,No,Yes,0,0.03333333333333333
19784.666666666668,11.0,1798.6044255111285,150-199,Hypertension,Investor Owned,Rural,Non-Teaching,No,Yes,1,0.9466666666666667
27192.666666666668,23.0,1182.2893410336198,100-149,Hypertension,Investor Owned,Urban,Non-Teaching,No,No,0,0.31198808459934463
33189.666666666664,15.0,2212.6429693491314,150-199,Hypertension,Government,Urban,Non-Teaching,No,No,1,0.9533333333333334
39927.666666666664,19.0,2101.4550343219116,100-149,Hypertension,Nonprofit,Urban,Non-Teaching,No,No,1,0.5875828466972493
13136.0,22.0,597.0906376860738,300-499,Hypertension,Investor Owned,Urban,Non-Teaching,No,No,0,0.05
1620.0,7.0,231.42824081679885,100-149,Hypertension,Investor Owned,Rural,Non-Teaching,No,No,0,0.01
41904.5,26.0,1611.7109185727236,200-299,Hypertension,Nonprofit,Urban,Non-Teaching,No,No,0,0.0
14532.0,17.0,854.8230265746903,200-299,Hypertension,Nonprofit,Urban,Non-Teaching,No,No,0,0.08333333333333333
32738.0,24.0,1364.0827649655146,150-199,Hypertension,Nonprofit,Urban,Non-Teaching,No,No,0,0.009517706864881029
22042.666666666668,22.0,1001.9389385126037,1-49,Hypertension,Nonprofit,Urban,Non-Teaching,No,Yes,0,0.1
18819.5,10.0,1881.948118051882,50-99,Hypertension,Government,Rural,Non-Teaching,No,Yes,1,0.96
48621.0,41.0,1185.8777595420097,200-299,Hypertension,Nonprofit,Urban,Non-Teaching,Yes,Yes,0,0.006666666666666667
35892.0,40.5,886.2220034019743,300-499,Hypertension,Nonprofit,Urban,Non-Teaching,No,No,0,0.1101951981122454
9330.0,8.0,1166.2485421893223,1-49,Hypertension,Nonprofit,Rural,Non-Teaching,No,Yes,0,0.054219555592123145
52909.5,40.0,1322.7371693157077,300-499,Hypertension,Nonprofit,Urban,Non-Teaching,No,No,0,0.47969413760930296
47574.333333333336,35.0,1359.266278304873,300-499,Hypertension,Investor Owned,Urban,Non-Teaching,No,No,0,0.14333333333333334
49958.666666666664,25.0,1998.3458673283196,300-499,Hypertension,Government,Urban,Non-Teaching,No,No,1,0.9333333333333333
73416.5,80.5,912.0060978874412,200-299,Hypertension,Nonprofit,Urban,Teaching,No,No,0,0.006666666666666667
65069.0,36.0,1807.4717201467442,200-299,Hypertension,Nonprofit,Urban,Non-Teaching,No,No,1,0.5833333333333334
33380.333333333336,8.0,4172.536450996104,50-99,Hypertension,Government,Rural,Non-Teaching,No,No,1,0.9766666666666667
67463.5,30.0,2248.7825837391388,300-499,Hypertension,Nonprofit,Urban,Non-Teaching,No,No,1,0.5528586282870431
28103.666666666668,13.333333333333334,2107.7734191699356,100-149,Hypertension,Nonprofit,Urban,Non-Teaching,Yes,No,1,0.9833333333333333
3986.3333333333335,6.0,664.3877815759197,100-149,Hypertension,Government,Frontier,Non-Teaching,Yes,Yes,0,0.0
24901.0,28.0,889.3211109567461,200-299,Hypertension,Investor Owned,Urban,Non-Teaching,No,Yes,0,0.02
42502.0,26.0,1634.691678964739,200-299,Hypertension,Nonprofit,Urban,Non-Teaching,No,Yes,0,0.006666666666666667
9721.666666666666,11.0,883.7870753450829,1-49,Hypertension,Nonprofit,Rural,Non-Teaching,Yes,Yes,0,0.04
9916.0,7.0,1416.5694049008503,1-49,Hypertension,Nonprofit,Rural,Non-Teaching,Yes,Yes,0,0.04981597097773403
57303.333333333336,51.0,1123.594550929173,200-299,Hypertension,Nonprofit,Urban,Non-Teaching,No,No,0,0.006715738614285664
24714.666666666668,13.0,1901.1267427230187,100-149,Hypertension,Nonprofit,Urban,Non-Teaching,No,No,1,0.7366666666666667
57780.0,45.0,1283.99971466673,150-199,Hypertension,Nonprofit,Urban,Non-Teaching,No,No,0,0.0
48864.0,27.0,1809.7771074899601,100-149,Hypertension,Nonprofit,Urban,Non-Teaching,No,No,1,0.7633333333333333
8867.0,9.0,985.2211275320806,1-49,Hypertension,Investor Owned,Rural,Non-Teaching,No,No,0,0.0033333333333333335
17207.5,15.0,1147.1659018893988,50-99,Hypertension,Investor Owned,Urban,Non-Teaching,No,No,0,0.013333333333333334
35628.0,29.5,1207.728404159863,200-299,Hypertension,Investor Owned,Urban,Non-Teaching,No,Yes,0,0.02
8424.666666666666,8.333333333333334,1010.9587868494557,50-99,Hypertension,Government,Urban,Non-Teaching,Yes,No,0,0.03333333333333333
53276.0,30.0,1775.8660747113086,150-199,Hypertension,Nonprofit,Urban,Teaching,No,Yes,1,0.9866666666666667
31739.5,34.0,933.5144313192848,100-149,Hypertension,Nonprofit,Urban,Non-Teaching,No,Yes,0,0.10333333333333333
77669.33333333333,33.0,2353.6154483993587,300-499,Hypertension,Investor Owned,Urban,Non-Teaching,No,No,1,0.7896892881674514
51875.333333333336,32.0,1621.1036600717728,200-299,Hypertension,Investor Owned,Urban,Non-Teaching,No,No,0,0.023333333333333334
72098.66666666667,40.0,1802.4662160501127,300-499,Hypertension,Nonprofit,Urban,Non-Teaching,No,No,1,0.47969413760930296
18690.333333333332,12.0,1557.5264798390444,1-49,Hypertension,Government,Rural,Non-Teaching,Yes,No,0,0.0033333333333333335
28291.666666666668,14.0,2020.8318898819837,50-99,Hypertension,Nonprofit,Rural,Non-Teaching,Yes,Yes,1,0.81
59761.5,80.5,742.3787897666099,300-499,Hypertension,Government,Urban,Non-Teaching,Yes,Yes,0,0.0
33321.0,24.0,1388.3744215106578,150-199,Hypertension,Government,Rural,Non-Teaching,Yes,Yes,0,0.01
28867.333333333332,15.0,1924.4876058971515,100-149,Hypertension,Nonprofit,Rural,Non-Teaching,Yes,Yes,1,0.8533333333333334
30663.666666666668,18.0,1703.536090628098,50-99,Hypertension,Nonprofit,Rural,Non-Teaching,Yes,Yes,0,0.04666666666666667
40721.5,38.5,1057.70102397376,200-299,Hypertension,Government,Urban,Non-Teaching,No,No,0,0.01
40176.0,28.0,1434.8566304083463,300-499,Hypertension,Investor Owned,Urban,Non-Teaching,No,No,0,0.25
7952.0,6.0,1325.331124448126,1-49,Hypertension,Nonprofit,Rural,Non-Teaching,No,No,0,0.0033333333333333335
22600.333333333332,14.0,1614.3083707321161,100-149,Hypertension,Nonprofit,Urban,Non-Teaching,No,No,0,0.17666666666666667
45771.666666666664,31.0,1476.5049000521826,200-299,Hypertension,Nonprofit,Urban,Non-Teaching,No,Yes,0,0.0
26971.5,11.0,2451.952316406985,1-49,Hypertension,Nonprofit,Urban,Non-Teaching,No,Yes,1,0.91
59699.0,44.0,1356.7951461829211,200-299,Hypertension,Nonprofit,Rural,Non-Teaching,Yes,Yes,0,0.006666666666666667
36398.0,40.0,909.9497725125568,150-199,Hypertension,Nonprofit,Urban,Non-Teaching,No,No,0,0.012995511669658887
69248.0,54.0,1282.3701328944198,150-199,Hypertension,Government,Urban,Non-Teaching,No,No,0,0.0
112998.5,80.0,1412.4810734398657,300-499,Hypertension,Nonprofit,Urban,Teaching,No,No,0,0.0
9934.0,5.0,1986.7960264079472,1-49,Hypertension,Nonprofit,Rural,Non-Teaching,Yes,Yes,1,0.8066356137486315
15236.0,11.0,1385.0896499185,1-49,Hypertension,Nonprofit,Rural,Non-Teaching,Yes,Yes,0,0.04
26490.0,24.0,1103.7495401043584,100-149,Hypertension,Nonprofit,Rural,Non-Teaching,No,No,0,0.005824003582624272
9268.0,9.0,1029.7766335815184,50-99,Hypertension,Investor Owned,Rural,Non-Teaching,Yes,Yes,0,0.006666666666666667
63937.0,48.0,1332.0205558290509,300-499,Hypertension,Nonprofit,Urban,Teaching,No,Yes,0,0.02
11554.0,12.0,962.8325309728909,50-99,Hypertension,Investor Owned,Rural,Non-Teaching,Yes,Yes,0,0.01
30623.0,20.0,1531.149234425383,150-199,Hypertension,Government,Rural,Non-Teaching,Yes,Yes,0,0.01
74433.0,36.0,2067.582759004789,300-499,Hypertension,Nonprofit,Urban,Non-Teaching,No,Yes,1,0.9766666666666667
45491.0,30.0,1516.3661612112796,200-299,Hypertension,Government,Urban,Teaching,No,Yes,0,0.0033333333333333335
53560.0,40.0,1338.9996652500836,200-299,Hypertension,Nonprofit,Urban,Non-Teaching,No,Yes,0,0.0
2364.0,2.0,1181.9940900295499,1-49,Hypertension,Nonprofit,Frontier,Non-Teaching,Yes,Yes,0,0.0
41196.0,26.0,1584.4609290534888,300-499,Hypertension,Nonprofit,Urban,Teaching,No,No,0,0.06333333333333334
72057.0,46.0,1566.456181205178,300-499,Hypertension,Nonprofit,Urban,Non-Teaching,Yes,No,0,0.0
33564.0,14.0,2397.4268589808153,150-199,Hypertension,Government,Urban,Non-Teaching,No,No,1,0.9533333333333334
31471.5,22.0,1430.5220770354194,100-149,Hypertension,Nonprofit,Urban,Non-Teaching,No,No,0,0.11908399945149033
33640.5,16.0,2102.52993591879,300-499,Hypertension,Nonprofit,Urban,Non-Teaching,No,No,1,0.1426204843970079
52043.0,50.0,1040.8597918280416,500+,Hypertension,Nonprofit,Urban,Non-Teaching,No,No,0,0.0
29638.0,21.0,1411.3326612701612,150-199,Hypertension,Investor Owned,Urban,Non-Teaching,No,No,0,0.013333333333333334
25109.5,16.0,1569.3427691607694,300-499,Hypertension,Nonprofit,Urban,Non-Teaching,No,No,0,0.1426204843970079
50599.5,24.0,2108.3116215368245,300-499,Hypertension,Investor Owned,Urban,Non-Teaching,No,No,1,0.7133333333333334
109217.0,29.0,3766.1021496199482,100-149,Hypertension,Nonprofit,Urban,Non-Teaching,Yes,Yes,1,0.9733333333333334
10799.0,13.0,830.6916686987164,1-49,Hypertension,Government,Rural,Non-Teaching,No,Yes,0,0.0033333333333333335
6472.0,8.0,808.998988751264,150-199,Hypertension,Nonprofit,Rural,Non-Teaching,No,No,0,0.006666666666666667
23312.0,18.0,1295.110391605338,100-149,Hypertension,Nonprofit,Rural,Non-Teaching,Yes,Yes,0,0.09333333333333334
27460.0,23.0,1193.912524385859,150-199,Hypertension,Government,Urban,Non-Teaching,No,No,0,0.056666666666666664
11497.0,69.0,166.62316425751243,50-99,Hypertension,Nonprofit,Urban,Non-Teaching,No,No,0,0.01
112998.5,72.0,1569.4233931356398,200-299,Hypertension,Nonprofit,Urban,Teaching,No,No,0,0.006666666666666667
87345.0,64.0,1364.7654117554043,500+,Hypertension,Investor Owned,Urban,Teaching,Yes,Yes,0,0.0033333333333333335
51767.0,26.0,1991.0376957547323,100-149,Hypertension,Nonprofit,Urban,Non-Teaching,No,Yes,1,0.8666666666666667
99973.0,59.0,1694.4573399224846,200-299,Hypertension,Nonprofit,Urban,Teaching,No,No,0,0.06271986306952483
30920.5,20.0,1546.0242269878865,300-499,Hypertension,Nonprofit,Urban,Non-Teaching,No,No,0,0.009517706864881029
56462.0,31.0,1821.3542511760481,300-499,Hypertension,Nonprofit,Urban,Non-Teaching,No,No,1,0.24107493689709572
45169.5,29.0,1557.56842842468,300-499,Hypertension,Nonprofit,Urban,Non-Teaching,No,No,0,0.00798011726541377
107243.0,53.0,2023.4524484051983,200-299,Hypertension,Nonprofit,Urban,Teaching,No,No,1,0.9249505807503737
42886.0,25.0,1715.4393138242744,100-149,Hypertension,Nonprofit,Urban,Non-Teaching,No,No,0,0.3928137211953781
112998.5,80.5,1403.7079001605093,300-499,Hypertension,Nonprofit,Urban,Teaching,Yes,No,0,0.0
62646.0,24.0,2610.2489123962864,300-499,Hypertension,Nonprofit,Urban,Teaching,No,Yes,1,0.9733333333333334
4339.5,4.0,1084.8722878192805,1-49,Hypertension,Nonprofit,Frontier,Non-Teaching,Yes,Yes,0,0.0
14965.0,39.0,383.7178503287563,150-199,Hypertension,Nonprofit,Urban,Non-Teaching,No,No,0,0.006666666666666667
112998.5,80.5,1403.7079001605093,300-499,Hypertension,Nonprofit,Urban,Teaching,No,No,0,0.0
5637.5,7.0,805.3559923485824,50-99,Hypertension,Nonprofit,Urban,Non-Teaching,No,Yes,0,0.32666666666666666
82844.0,62.0,1336.1933328720431,300-499,Hypertension,Investor Owned,Urban,Teaching,Yes,Yes,0,0.0
13380.0,22.0,608.1815417356629,200-299,Hypertension,Investor Owned,Urban,Non-Teaching,No,No,0,0.01
17158.0,17.0,1009.293523944986,150-199,Hypertension,Nonprofit,Urban,Non-Teaching,No,No,0,0.0033333333333333335
43220.0,40.0,1080.4997298750675,300-499,Hypertension,Nonprofit,Urban,Teaching,No,No,0,0.00865475126601132
63151.0,40.0,1578.7746053063486,200-299,Hypertension,Nonprofit,Urban,Non-Teaching,No,No,0,0.0
73413.0,36.0,2039.249433541824,200-299,Hypertension,Nonprofit,Urban,Teaching,No,No,1,0.9
74166.0,30.0,2472.199175933608,300-499,Hypertension,Nonprofit,Urban,Teaching,No,No,1,0.8447034533504626
39333.0,24.0,1638.8743171357012,200-299,Hypertension,Nonprofit,Urban,Non-Teaching,No,Yes,0,0.0033333333333333335
53345.0,27.0,1975.740008985182,150-199,Hypertension,Nonprofit,Urban,Non-Teaching,No,No,1,0.36
59695.0,30.0,1989.8326700557766,150-199,Hypertension,Nonprofit,Urban,Non-Teaching,No,Yes,1,0.9933333333333333
71708.0,73.0,982.3012353012006,300-499,Hypertension,Government,Urban,Teaching,Yes,Yes,0,0.0
45896.0,35.0,1311.313911053168,150-199,Hypertension,Government,Urban,Non-Teaching,No,No,0,0.01
34054.5,18.0,1891.9156156024358,100-149,Hypertension,Nonprofit,Urban,Non-Teaching,No,No,1,0.9803027584312599
23820.0,19.5,1221.5378351088025,100-149,Hypertension,Nonprofit,Urban,Non-Teaching,No,Yes,0,0.14333333333333334
32229.0,23.0,1401.260260321626,50-99,Hypertension,Nonprofit,Urban,Non-Teaching,No,Yes,0,0.07666666666666666
2837.0,2.0,1418.4929075354623,1-49,Hypertension,Government,Frontier,Non-Teaching,Yes,Yes,0,0.0
23943.0,20.0,1197.1494014252994,300-499,Hypertension,Investor Owned,Urban,Non-Teaching,Yes,No,0,0.013333333333333334
32425.0,41.0,790.8534656454962,300-499,Hypertension,Government,Urban,Teaching,No,No,0,0.0033333333333333335
28244.0,16.0,1765.2488967194397,100-149,Hypertension,Nonprofit,Rural,Non-Teaching,Yes,Yes,1,0.9233333333333333
4834.0,4.0,1208.4969787575533,50-99,Hypertension,Government,Frontier,Non-Teaching,Yes,Yes,0,0.0
58831.0,56.0,1050.5533838297529,300-499,Hypertension,Nonprofit,Urban,Non-Teaching,No,No,0,0.1361843735315477
73328.0,64.0,1145.7498209765904,300-499,Hypertension,Investor Owned,Urban,Non-Teaching,Yes,Yes,0,0.0
68827.0,44.0,1564.249644488717,300-499,Hypertension,Government,Urban,Teaching,No,Yes,0,0.016666666666666666
51901.0,24.0,2162.540765608014,300-499,Hypertension,Nonprofit,Urban,Non-Teaching,No,Yes,1,0.9833333333333333
33076.0,52.0,636.0768007544614,500+,Hypertension,Government,Urban,Teaching,No,No,0,0.0
28108.0,21.0,1338.4755531068795,200-299,Hypertension,Nonprofit,Urban,Non-Teaching,Yes,Yes,0,0.01
67670.0,62.0,1091.4514368626715,300-499,Hypertension,Investor Owned,Urban,Non-Teaching,Yes,Yes,0,0.0
13261.0,12.0,1105.082412431323,100-149,Mental Health,Government,Urban,Non-Teaching,No,No,0,0.03666666666666667
29420.666666666668,22.0,1337.302422438293,300-499,Mental Health,Nonprofit,Urban,Non-Teaching,No,No,0,0.037277822491856495
30782.5,40.0,769.562307609423,150-199,Mental Health,Nonprofit,Urban,Teaching,No,No,0,0.02
65082.0,59.0,1103.0845587992274,200-299,Mental Health,Government,Urban,Non-Teaching,No,No,0,0.0
29479.0,30.0,982.633005788998,300-499,Mental Health,Nonprofit,Urban,Non-Teaching,No,No,0,0.5423031152079125
42180.666666666664,39.0,1081.5552782336893,300-499,Mental Health,Government,Urban,Non-Teaching,No,No,0,0.012211178477951164
28620.0,17.0,1683.5284214538697,150-199,Mental Health,Nonprofit,Urban,Non-Teaching,No,No,0,0.015341710447505302
37801.333333333336,18.0,2100.0729073669036,100-149,Mental Health,Nonprofit,Urban,Non-Teaching,No,No,1,0.9338139441741113
31745.0,22.0,1442.9538895664139,100-149,Mental Health,Nonprofit,Urban,Non-Teaching,No,No,0,0.0343102898829263
110997.0,80.0,1387.4623265672092,300-499,Mental Health,Nonprofit,Urban,Non-Teaching,No,No,0,0.0
66977.0,40.0,1674.4245813938546,200-299,Mental Health,Nonprofit,Urban,Non-Teaching,No,No,0,0.009788742936267357
24025.0,14.0,1716.070202806998,50-99,Mental Health,Nonprofit,Rural,Non-Teaching,Yes,No,0,0.013333333333333334
9708.5,5.0,1941.696116607767,100-149,Mental Health,Nonprofit,Rural,Non-Teaching,Yes,Yes,1,0.81
8570.0,14.0,612.1424198982716,100-149,Mental Health,Nonprofit,Rural,Non-Teaching,Yes,Yes,0,0.05
55911.0,49.0,1141.0405834611054,200-299,Mental Health,Nonprofit,Urban,Non-Teaching,No,Yes,0,0.0
10039.0,8.0,1254.8734314082108,1-49,Mental Health,Nonprofit,Rural,Non-Teaching,Yes,Yes,0,0.44472106710126763
41025.0,30.0,1367.4995441668186,100-149,Mental Health,Nonprofit,Urban,Non-Teaching,No,No,0,0.12249067024929094
46164.333333333336,44.0,1049.1891554873132,500+,Mental Health,Nonprofit,Urban,Non-Teaching,No,No,0,0.0
63404.333333333336,52.0,1219.3138680806665,200-299,Mental Health,Nonprofit,Urban,Non-Teaching,No,No,0,0.0
50722.333333333336,32.0,1585.072421331535,200-299,Mental Health,Nonprofit,Urban,Non-Teaching,No,No,0,0.01
16929.333333333332,12.0,1410.7766021306093,100-149,Mental Health,Investor Owned,Urban,Non-Teaching,No,No,0,0.023333333333333334
63958.666666666664,36.0,1776.629136121536,150-199,Mental Health,Nonprofit,Urban,Non-Teaching,No,No,1,0.8533333333333334
16776.666666666668,12.0,1398.0543905102302,100-149,Mental Health,Nonprofit,Rural,Non-Teaching,Yes,Yes,0,0.04
55450.333333333336,59.0,939.8359988978533,300-499,Mental Health,Nonprofit,Rural,Non-Teaching,Yes,Yes,0,0.05
7588.5,9.0,843.1657298158558,100-149,Mental Health,Investor Owned,Rural,Non-Teaching,Yes,Yes,0,0.025824003582624273
80788.66666666667,73.0,1106.693912325035,500+,Mental Health,Nonprofit,Urban,Teaching,Yes,No,0,0.0
35672.666666666664,10.0,3567.263099403567,1-49,Mental Health,Nonprofit,Rural,Non-Teaching,Yes,Yes,1,0.9166348685314252
57338.0,48.0,1194.5414178038711,300-499,Mental Health,Nonprofit,Urban,Non-Teaching,No,Yes,0,0.0
47511.333333333336,21.0,2262.4433670904605,150-199,Mental Health,Nonprofit,Urban,Non-Teaching,No,Yes,1,0.97
5907.0,4.333333333333333,1363.1507004214607,1-49,Mental Health,Investor Owned,Frontier,Non-Teaching,Yes,Yes,0,0.0
10314.0,8.0,1289.2483884395144,1-49,Mental Health,Investor Owned,Rural,Non-Teaching,Yes,Yes,0,0.018103416768182567
28371.0,20.0,1418.5492907253547,100-149,Mental Health,Investor Owned,Rural,Non-Teaching,Yes,Yes,0,0.03666666666666667
39829.0,16.0,2489.31094418066,100-149,Mental Health,Government,Rural,Non-Teaching,Yes,Yes,1,0.9666666666666667
7991.666666666667,7.666666666666667,1042.3899447087679,1-49,Mental Health,Government,Rural,Non-Teaching,No,No,0,0.013333333333333334
1610.0,2.0,804.9959750201249,1-49,Mental Health,Government,Frontier,Non-Teaching,Yes,No,0,0.0
28485.0,10.0,2848.4971515028487,150-199,Mental Health,Nonprofit,Urban,Non-Teaching,Yes,Yes,1,0.9733333333333334
6546.333333333333,8.0,818.290643803362,100-149,Mental Health,Government,Frontier,Non-Teaching,Yes,Yes,0,0.006666666666666667
64106.0,42.666666666666664,1502.484022855307,100-149,Mental Health,Nonprofit,Urban,Non-Teaching,No,Yes,0,0.0
15535.666666666666,12.0,1294.6378100240472,50-99,Mental Health,Nonprofit,Rural,Non-Teaching,Yes,Yes,0,0.12666666666666668
20035.333333333332,13.0,1541.1783016577167,1-49,Mental Health,Nonprofit,Rural,Non-Teaching,Yes,Yes,0,0.03666666666666667
88985.33333333333,40.666666666666664,2188.163396353263,150-199,Mental Health,Nonprofit,Urban,Non-Teaching,Yes,Yes,1,0.98
18720.666666666668,8.0,2340.080408232823,1-49,Mental Health,Nonprofit,Rural,Non-Teaching,Yes,Yes,1,0.44472106710126763
18771.0,12.0,1564.2486964594198,1-49,Mental Health,Nonprofit,Rural,Non-Teaching,Yes,Yes,0,0.03
10002.666666666666,8.0,1250.3317704186202,1-49,Mental Health,Nonprofit,Rural,Non-Teaching,Yes,Yes,0,0.44472106710126763
14433.0,8.0,1804.122744846569,100-149,Mental Health,Investor Owned,Urban,Non-Teaching,No,No,1,0.02416194407445957
102466.66666666667,42.666666666666664,2401.561937133921,300-499,Mental Health,Government,Urban,Non-Teaching,No,Yes,1,0.9633333333333334
36011.0,26.0,1385.0379288315658,300-499,Mental Health,Nonprofit,Urban,Non-Teaching,No,No,0,0.025344684592598074
12317.0,17.0,724.528985571185,300-499,Mental Health,Investor Owned,Urban,Non-Teaching,No,No,0,0.16
57101.0,35.0,1631.4566767266635,300-499,Mental Health,Nonprofit,Urban,Non-Teaching,No,No,0,0.18223887047561108
34882.0,50.5,690.7325364886066,300-499,Mental Health,Investor Owned,Urban,Non-Teaching,Yes,No,0,0.006666666666666667
65446.0,41.0,1596.2435131113382,300-499,Mental Health,Nonprofit,Urban,Teaching,Yes,No,0,0.006666666666666667
29986.333333333332,14.0,2141.879422467079,50-99,Mental Health,Investor Owned,Urban,Non-Teaching,No,Yes,1,0.9133333333333333
3751.5,4.0,937.8726553183618,100-149,Mental Health,Investor Owned,Urban,Non-Teaching,Yes,Yes,0,0.016666666666666666
20267.0,12.0,1688.915259237284,200-299,Mental Health,Investor Owned,Urban,Non-Teaching,No,No,0,0.11
33361.5,14.0,2382.9625835981547,150-199,Mental Health,Investor Owned,Urban,Non-Teaching,No,No,1,0.96
46487.666666666664,30.666666666666668,1515.9016795972782,150-199,Mental Health,Nonprofit,Urban,Non-Teaching,No,No,0,0.20333333333333334
9859.5,8.0,1232.4359594550508,100-149,Mental Health,Investor Owned,Urban,Non-Teaching,Yes,Yes,0,0.023333333333333334
6710.333333333333,9.0,745.591764157299,100-149,Mental Health,Investor Owned,Urban,Non-Teaching,No,No,0,0.0
16033.333333333334,21.0,763.4916999245874,200-299,Mental Health,Investor Owned,Urban,Non-Teaching,No,No,0,0.05333333333333334
39767.5,37.0,1074.7970068116197,500+,Mental Health,Nonprofit,Urban,Non-Teaching,No,No,0,0.002490670249290939
18635.5,9.0,2070.608810434655,100-149,Mental Health,Investor Owned,Urban,Non-Teaching,Yes,No,1,0.8466666666666667
79359.66666666667,32.0,2479.9888083368305,300-499,Mental Health,Nonprofit,Urban,Non-Teaching,No,No,1,0.7994828807733269
68964.66666666667,30.0,2298.8214559484036,500+,Mental Health,Nonprofit,Urban,Non-Teaching,Yes,No,1,0.9058240035826244
53635.333333333336,57.0,940.9705951513575,300-499,Mental Health,Nonprofit,Urban,Teaching,Yes,No,0,0.0
62426.5,49.5,1261.1411593654223,200-299,Mental Health,Nonprofit,Urban,Non-Teaching,Yes,No,0,0.03333333333333333
61938.666666666664,41.0,1510.6988185287432,200-299,Mental Health,Nonprofit,Urban,Non-Teaching,No,No,0,0.009788742936267357
79005.0,53.0,1490.6600961018685,200-299,Mental Health,Nonprofit,Urban,Non-Teaching,No,No,0,0.10024417396955797
40703.0,29.0,1403.5512401547448,300-499,Mental Health,Nonprofit,Urban,Non-Teaching,No,No,0,0.06180301940779208
32344.666666666668,18.0,1796.9249276342996,100-149,Mental Health,Nonprofit,Urban,Non-Teaching,No,No,1,0.9338139441741113
36378.0,15.0,2425.198383201078,200-299,Mental Health,Investor Owned,Urban,Non-Teaching,No,No,1,0.8566666666666667
29577.0,10.666666666666666,2772.841150461422,150-199,Mental Health,Investor Owned,Urban,Non-Teaching,Yes,No,1,0.8066666666666666
72059.5,64.0,1125.9295115735138,300-499,Mental Health,Nonprofit,Urban,Teaching,No,No,0,0.0
35037.666666666664,29.0,1208.19498567989,300-499,Mental Health,Nonprofit,Urban,Non-Teaching,No,No,0,0.06180301940779208
16074.666666666666,5.666666666666667,2836.700876410218,100-149,Mental Health,Investor Owned,Urban,Non-Teaching,No,No,1,0.8191573369159576
54946.0,55.5,990.0178396364253,500+,Mental Health,Nonprofit,Urban,Teaching,No,No,0,0.006666666666666667
47234.0,37.0,1276.5942495691215,300-499,Mental Health,Nonprofit,Urban,Non-Teaching,No,No,0,0.06752133415035899
4946.5,4.0,1236.621908445229,50-99,Mental Health,Investor Owned,Urban,Non-Teaching,No,No,0,0.016666666666666666
6297.5,7.0,899.6415719406116,100-149,Mental Health,Investor Owned,Urban,Non-Teaching,No,No,0,0.0391573369159576
77714.0,71.0,1094.5632261178555,300-499,Mental Health,Nonprofit,Urban,Non-Teaching,No,No,0,0.056666666666666664
57211.0,61.0,937.8850921499849,500+,Mental Health,Nonprofit,Urban,Non-Teaching,No,No,0,0.013333333333333334
12230.666666666666,8.0,1528.8314222940555,100-149,Mental Health,Investor Owned,Urban,Non-Teaching,No,No,0,0.02416194407445957
32363.666666666668,15.333333333333334,2110.672536517911,200-299,Mental Health,Nonprofit,Urban,Non-Teaching,No,No,1,0.5074782768326738
31796.5,21.0,1514.1183266103208,200-299,Mental Health,Government,Urban,Non-Teaching,No,No,0,0.03
6826.0,7.0,975.1414640836227,200-299,Mental Health,Investor Owned,Urban,Non-Teaching,Yes,No,0,0.016666666666666666
18475.333333333332,12.0,1539.609828102921,150-199,Mental Health,Nonprofit,Urban,Non-Teaching,No,No,0,0.0
46827.333333333336,41.333333333333336,1132.9190807453836,300-499,Mental Health,Investor Owned,Urban,Non-Teaching,Yes,Yes,0,0.02
23936.333333333332,27.0,886.530535852888,200-299,Mental Health,Nonprofit,Urban,Non-Teaching,No,No,0,0.016666666666666666
50359.333333333336,40.0,1258.9830185875787,300-499,Mental Health,Nonprofit,Urban,Non-Teaching,No,No,0,0.4650663492808725
9195.333333333334,8.0,1149.4152298976294,100-149,Mental Health,Investor Owned,Urban,Non-Teaching,No,No,0,0.02416194407445957
43418.0,32.0,1356.8120759962262,300-499,Mental Health,Nonprofit,Urban,Non-Teaching,No,No,0,0.7994828807733269
21073.5,13.0,1621.037214586758,150-199,Mental Health,Nonprofit,Urban,Non-Teaching,No,No,0,0.005824003582624272
46270.0,30.0,1542.3328192223937,200-299,Mental Health,Investor Owned,Urban,Non-Teaching,No,No,0,0.03
49428.0,28.0,1765.285083826756,300-499,Mental Health,Nonprofit,Urban,Teaching,No,No,1,0.87
23054.5,13.0,1773.4217127525287,150-199,Mental Health,Investor Owned,Urban,Non-Teaching,No,No,1,0.9566666666666667
52035.666666666664,30.0,1734.5216440483407,300-499,Mental Health,Nonprofit,Urban,Non-Teaching,No,No,0,0.5423031152079125
73969.0,72.66666666666667,1017.9218782676313,300-499,Mental Health,Government,Urban,Teaching,Yes,No,0,0.0
105955.5,80.5,1316.2172277991021,500+,Mental Health,Government,Urban,Teaching,No,No,0,0.0
99493.0,29.0,3430.791920416579,100-149,Mental Health,Nonprofit,Urban,Teaching,Yes,Yes,1,0.98
50463.666666666664,50.666666666666664,995.9932244750214,300-499,Mental Health,Government,Urban,Teaching,No,No,0,0.0
40780.666666666664,37.333333333333336,1092.3389931234838,200-299,Mental Health,Nonprofit,Urban,Non-Teaching,No,No,0,0.06
67262.0,33.0,2038.2418065933919,200-299,Mental Health,Nonprofit,Urban,Non-Teaching,Yes,No,1,0.92
92182.33333333333,80.0,1152.2790226317886,300-499,Mental Health,Nonprofit,Urban,Non-Teaching,No,No,0,0.0
64397.333333333336,35.0,1839.9232838314426,150-199,Mental Health,Investor Owned,Urban,Non-Teaching,Yes,Yes,1,0.9433333333333334
77745.33333333333,38.0,2045.9292861589595,300-499,Mental Health,Nonprofit,Rural,Non-Teaching,Yes,Yes,1,0.9233333333333333
27449.0,19.0,1444.683450166605,100-149,Mental Health,Nonprofit,Urban,Non-Teaching,No,No,0,0.6285589863570229
29936.333333333332,31.0,965.6878605307977,300-499,Mental Health,Nonprofit,Urban,Non-Teaching,No,No,0,0.5802270032094211
14621.0,9.0,1624.553750495833,1-49,Mental Health,Nonprofit,Urban,Non-Teaching,No,No,0,0.016635613748631452
6284.0,3.6666666666666665,1713.8135077813424,1-49,Mental Health,Government,Rural,Non-Teaching,Yes,Yes,0,0.0033333333333333335
9094.0,6.0,1515.6641405597659,1-49,Mental Health,Nonprofit,Rural,Non-Teaching,Yes,Yes,0,0.0862564778879453
28163.666666666668,19.0,1482.2974654574743,50-99,Mental Health,Nonprofit,Rural,Non-Teaching,Yes,Yes,0,0.02666666666666667
13366.0,9.0,1485.1094609894878,1-49,Mental Health,Nonprofit,Rural,Non-Teaching,Yes,Yes,0,0.15812652239413902
25567.333333333332,10.0,2556.7307766025565,1-49,Mental Health,Nonprofit,Rural,Non-Teaching,Yes,Yes,1,0.9166348685314252
57461.0,26.0,2210.0376115239956,150-199,Mental Health,Nonprofit,Urban,Non-Teaching,Yes,Yes,1,0.9866666666666667
511.0,1.0,510.99489005109945,1-49,Mental Health,Government,Frontier,Non-Teaching,Yes,Yes,0,0.0
41278.666666666664,30.666666666666668,1346.0430393337915,200-299,Mental Health,Nonprofit,Urban,Non-Teaching,No,No,0,0.005824003582624272
14553.0,6.0,2425.495957506738,50-99,Mental Health,Nonprofit,Rural,Non-Teaching,No,Yes,1,0.6966666666666667
50028.333333333336,16.0,3126.768879102784,200-299,Mental Health,Government,Urban,Non-Teaching,Yes,Yes,1,0.9733333333333334
51527.5,19.0,2711.972256856707,150-199,Mental Health,Government,Urban,Non-Teaching,Yes,Yes,1,0.89
24487.0,18.0,1360.3881331177038,150-199,Mental Health,Investor Owned,Urban,Non-Teaching,No,No,0,0.09333333333333334
6034.5,8.0,754.3115571105536,100-149,Mental Health,Nonprofit,Rural,Non-Teaching,No,No,0,0.0033333333333333335
12749.5,15.0,849.9661000226,50-99,Mental Health,Government,Rural,Non-Teaching,Yes,Yes,0,0.016666666666666666
92289.0,35.666666666666664,2587.5413305958887,300-499,Mental Health,Nonprofit,Urban,Non-Teaching,No,No,1,0.5137966344948303
27767.5,26.0,1067.9803584690928,200-299,Mental Health,Nonprofit,Urban,Non-Teaching,No,No,0,0.006666666666666667
23505.0,30.0,783.4997388334205,200-299,Mental Health,Investor Owned,Urban,Teaching,No,Yes,0,0.006666666666666667
5063.0,8.0,632.8742089072389,100-149,Mental Health,Investor Owned,Urban,Non-Teaching,No,No,0,0.02416194407445957
12153.0,11.0,1104.8171774389295,150-199,Mental Health,Investor Owned,Urban,Non-Teaching,No,Yes,0,0.04666666666666667
100965.66666666667,80.5,1254.2317282527874,300-499,Mental Health,Nonprofit,Urban,Non-Teaching,No,No,0,0.0
11960.0,12.0,996.6658361118033,100-149,Mental Health,Investor Owned,Urban,Non-Teaching,No,No,0,0.023333333333333334
11887.333333333334,11.0,1080.6656842433174,100-149,Mental Health,Investor Owned,Urban,Non-Teaching,No,No,0,0.0
25199.5,23.0,1095.6299584217572,150-199,Mental Health,Investor Owned,Urban,Non-Teaching,No,No,0,0.03666666666666667
11411.0,10.0,1141.098858901141,150-199,Mental Health,Investor Owned,Urban,Non-Teaching,Yes,No,0,0.15333333333333332
34495.5,44.5,775.1796010832356,300-499,Mental Health,Nonprofit,Urban,Non-Teaching,No,No,0,0.011216616603207547
42020.0,50.666666666666664,829.3419415772483,300-499,Mental Health,Government,Urban,Teaching,Yes,No,0,0.0
19240.0,12.0,1603.3319972233357,150-199,Mental Health,Investor Owned,Urban,Non-Teaching,Yes,No,0,0.11666666666666667
27262.5,31.0,879.4352001821935,200-299,Mental Health,Nonprofit,Urban,Non-Teaching,No,No,0,0.005321417932677986
14340.0,20.0,716.9996415001792,150-199,Mental Health,Nonprofit,Urban,Non-Teaching,No,No,0,0.01
53749.666666666664,36.0,1493.045881561329,300-499,Mental Health,Nonprofit,Urban,Non-Teaching,No,No,0,0.13037395351916514
4135.333333333333,8.0,516.916020521641,150-199,Mental Health,Investor Owned,Urban,Non-Teaching,No,No,0,0.3333333333333333
24221.0,24.0,1009.2079128300363,200-299,Mental Health,Investor Owned,Urban,Non-Teaching,Yes,No,0,0.03666666666666667
17550.0,17.5,1002.8565697962458,200-299,Mental Health,Investor Owned,Urban,Non-Teaching,No,No,0,0.14333333333333334
109291.5,72.0,1517.9372891753765,200-299,Mental Health,Nonprofit,Urban,Non-Teaching,No,No,0,0.0
26386.333333333332,14.0,1884.7367489975602,50-99,Mental Health,Nonprofit,Urban,Non-Teaching,No,Yes,1,0.44333333333333336
69937.5,69.0,1013.5868096251,300-499,Mental Health,Nonprofit,Urban,Non-Teaching,No,No,0,0.056666666666666664
112998.5,62.0,1822.5561576522325,300-499,Mental Health,Nonprofit,Urban,Non-Teaching,No,No,1,0.83
3495.0,3.0,1164.996116679611,1-49,Mental Health,Government,Frontier,Non-Teaching,Yes,Yes,0,0.0
2546.6666666666665,2.0,1273.3269666984997,1-49,Mental Health,Government,Frontier,Non-Teaching,Yes,Yes,0,0.0
44698.666666666664,30.0,1489.9550589038693,150-199,Mental Health,Investor Owned,Urban,Non-Teaching,No,Yes,0,0.013333333333333334
54417.5,28.0,1943.4814487566255,300-499,Mental Health,Investor Owned,Urban,Non-Teaching,No,Yes,1,0.9666666666666667
39938.5,29.0,1377.189180279593,300-499,Mental Health,Investor Owned,Urban,Non-Teaching,Yes,Yes,0,0.07
45627.5,12.0,3802.2884980929184,100-149,Mental Health,Investor Owned,Urban,Non-Teaching,No,Yes,1,0.9666666666666667
7767.0,7.0,1109.5698434716523,1-49,Mental Health,Government,Rural,Non-Teaching,Yes,Yes,0,0.0033333333333333335
45660.666666666664,41.0,1113.6745251200343,150-199,Mental Health,Investor Owned,Urban,Non-Teaching,No,Yes,0,0.0033333333333333335
37046.333333333336,28.0,1323.0828608037402,50-99,Mental Health,Government,Urban,Non-Teaching,No,Yes,0,0.06333333333333334
15067.333333333334,12.0,1255.6100647693906,50-99,Mental Health,Investor Owned,Urban,Non-Teaching,Yes,No,0,0.01
54291.666666666664,41.0,1324.1866688975604,200-299,Mental Health,Nonprofit,Urban,Non-Teaching,No,Yes,0,0.0
47474.5,26.0,1825.9416054070748,50-99,Mental Health,Nonprofit,Urban,Non-Teaching,No,Yes,1,0.51
90694.33333333333,53.0,1711.213513607513,100-149,Mental Health,Investor Owned,Urban,Non-Teaching,No,Yes,0,0.02
35054.666666666664,21.0,1669.2690463798192,100-149,Mental Health,Investor Owned,Urban,Non-Teaching,No,No,0,0.1
47299.5,58.5,808.5383233267823,100-149,Mental Health,Nonprofit,Urban,Non-Teaching,No,Yes,0,0.0
95381.5,59.0,1616.6353192143526,200-299,Mental Health,Nonprofit,Urban,Non-Teaching,No,No,0,0.0033333333333333335
63503.666666666664,70.0,907.1951084959368,500+,Mental Health,Government,Urban,Teaching,No,No,0,0.0
84523.33333333333,51.333333333333336,1646.5581208003657,500+,Mental Health,Nonprofit,Urban,Non-Teaching,No,No,0,0.0
106119.0,53.0,2002.2449052368102,200-299,Mental Health,Nonprofit,Urban,Non-Teaching,No,No,1,0.10024417396955797
21385.333333333332,18.0,1188.0734140332884,50-99,Mental Health,Government,Rural,Non-Teaching,Yes,No,0,0.0033333333333333335
11297.666666666666,7.0,1613.9500753094162,1-49,Mental Health,Government,Rural,Non-Teaching,Yes,Yes,0,0.0033333333333333335
33224.0,15.0,2214.9318567120954,100-149,Mental Health,Investor Owned,Urban,Non-Teaching,No,No,1,0.7866666666666666
22289.0,12.0,1857.4151188207343,100-149,Mental Health,Investor Owned,Urban,Non-Teaching,No,Yes,1,0.9666666666666667
112998.5,80.5,1403.7079001605093,300-499,Mental Health,Nonprofit,Urban,Non-Teaching,Yes,No,0,0.0
40403.0,40.0,1010.074747481313,300-499,Mental Health,Nonprofit,Urban,Teaching,No,No,0,0.023333333333333334
8291.666666666666,6.0,1381.9421412075424,1-49,Mental Health,Government,Rural,Non-Teaching,Yes,Yes,0,0.0033333333333333335
75626.66666666667,52.0,1454.35869467461,300-499,Mental Health,Nonprofit,Urban,Non-Teaching,No,Yes,0,0.0
53317.333333333336,18.0,2962.0724284782805,300-499,Mental Health,Nonprofit,Urban,Non-Teaching,No,Yes,1,0.9691573369159577
62192.333333333336,43.0,1446.3329969768224,200-299,Mental Health,Nonprofit,Urban,Non-Teaching,No,Yes,0,0.0
30790.0,16.0,1924.3737972663766,100-149,Mental Health,Investor Owned,Urban,Non-Teaching,Yes,Yes,1,0.96
22806.333333333332,15.333333333333334,1487.3685951943944,150-199,Mental Health,Investor Owned,Rural,Non-Teaching,Yes,Yes,0,0.023333333333333334
35471.0,20.333333333333332,1744.4745518977616,100-149,Mental Health,Investor Owned,Urban,Non-Teaching,Yes,Yes,1,0.9566666666666667
57942.0,47.0,1232.8082483386704,300-499,Mental Health,Government,Urban,Teaching,Yes,No,0,0.0
25407.666666666668,16.0,1587.9781741803079,1-49,Mental Health,Investor Owned,Rural,Non-Teaching,Yes,Yes,0,0.0033333333333333335
23200.666666666668,15.0,1546.710079971058,50-99,Mental Health,Nonprofit,Urban,Non-Teaching,No,Yes,0,0.04666666666666667
79146.5,63.0,1256.2934513819919,500+,Mental Health,Nonprofit,Urban,Non-Teaching,No,No,0,0.01
86469.0,80.5,1074.148934888331,500+,Mental Health,Nonprofit,Urban,Non-Teaching,No,Yes,0,0.0
112241.5,80.5,1394.3041746205993,300-499,Mental Health,Nonprofit,Urban,Non-Teaching,No,No,0,0.0
96961.66666666667,77.33333333333333,1253.8144930412295,300-499,Mental Health,Nonprofit,Urban,Teaching,No,No,0,0.0
17293.0,20.0,864.6495676752162,200-299,Mental Health,Investor Owned,Urban,Non-Teaching,Yes,Yes,0,0.02
37200.666666666664,47.0,791.5033776943167,300-499,Mental Health,Nonprofit,Urban,Non-Teaching,No,No,0,0.010573780737851575
39953.666666666664,40.0,998.8414169563123,300-499,Mental Health,Government,Urban,Non-Teaching,No,No,0,0.012211178477951164
60332.5,80.5,749.4719565873346,300-499,Mental Health,Government,Urban,Teaching,No,No,0,0.0
63761.0,48.0,1328.3538899262728,300-499,Mental Health,Nonprofit,Urban,Non-Teaching,No,No,0,0.0072404474045182415
26922.5,8.0,3365.3082933646333,200-299,Mental Health,Government,Urban,Non-Teaching,No,No,1,0.9033333333333333
44178.666666666664,38.0,1162.5961852817054,150-199,Mental Health,Nonprofit,Urban,Non-Teaching,No,No,0,0.013333333333333334
77978.0,72.0,1083.027627357274,200-299,Mental Health,Government,Urban,Non-Teaching,No,Yes,0,0.01
31841.333333333332,28.666666666666668,1110.7437985777447,200-299,Mental Health,Nonprofit,Urban,Teaching,No,No,0,0.12333333333333334
10480.666666666666,12.0,873.3881610654213,200-299,Mental Health,Nonprofit,Urban,Non-Teaching,No,No,0,0.020811610166007178
43609.0,59.0,739.135467943141,300-499,Mental Health,Government,Urban,Teaching,No,No,0,0.0033333333333333335
20186.666666666668,19.0,1062.4555811637292,200-299,Mental Health,Nonprofit,Urban,Non-Teaching,No,No,0,0.006666666666666667
11045.666666666666,12.0,920.4714551626762,200-299,Mental Health,Nonprofit,Urban,Teaching,No,No,0,0.04
26493.666666666668,35.0,756.9616884871366,200-299,Mental Health,Nonprofit,Urban,Non-Teaching,No,Yes,0,0.006666666666666667
17995.0,16.0,1124.686797070752,100-149,Mental Health,Nonprofit,Urban,Non-Teaching,No,No,0,0.091526083979053
49033.666666666664,28.0,1751.2017555231826,150-199,Mental Health,Nonprofit,Urban,Non-Teaching,No,Yes,1,0.98
41087.333333333336,25.333333333333332,1621.8677808416658,150-199,Mental Health,Government,Urban,Non-Teaching,Yes,Yes,0,0.06666666666666667
29388.666666666668,14.0,2099.1889767697785,50-99,Mental Health,Nonprofit,Urban,Non-Teaching,No,Yes,1,0.44333333333333336
25987.0,11.0,2362.4523977705476,50-99,Mental Health,Investor Owned,Urban,Non-Teaching,No,Yes,1,0.9333333333333333
103851.33333333333,46.666666666666664,2225.385237417449,50-99,Mental Health,Nonprofit,Urban,Non-Teaching,No,Yes,1,0.8633333333333333
25632.666666666668,18.0,1424.0362459057894,50-99,Mental Health,Nonprofit,Rural,Non-Teaching,No,Yes,0,0.0033333333333333335
20801.333333333332,22.0,945.5147217357325,50-99,Mental Health,Nonprofit,Rural,Non-Teaching,No,Yes,0,0.0033333333333333335
19784.666666666668,11.0,1798.6044255111285,150-199,Mental Health,Investor Owned,Rural,Non-Teaching,No,Yes,1,0.96
27192.666666666668,23.0,1182.2893410336198,100-149,Mental Health,Investor Owned,Urban,Non-Teaching,No,No,0,0.09666666666666666
33189.666666666664,15.0,2212.6429693491314,150-199,Mental Health,Government,Urban,Non-Teaching,No,No,1,0.9
39927.666666666664,19.0,2101.4550343219116,100-149,Mental Health,Nonprofit,Urban,Non-Teaching,No,No,1,0.6285589863570229
13136.0,22.0,597.0906376860738,300-499,Mental Health,Investor Owned,Urban,Non-Teaching,No,No,0,0.15333333333333332
1620.0,7.0,231.42824081679885,100-149,Mental Health,Investor Owned,Rural,Non-Teaching,No,No,0,0.016666666666666666
41904.5,26.0,1611.7109185727236,200-299,Mental Health,Nonprofit,Urban,Non-Teaching,No,No,0,0.006666666666666667
14532.0,17.0,854.8230265746903,200-299,Mental Health,Nonprofit,Urban,Non-Teaching,No,No,0,0.01
32738.0,24.0,1364.0827649655146,150-199,Mental Health,Nonprofit,Urban,Non-Teaching,No,No,0,0.09
22042.666666666668,22.0,1001.9389385126037,1-49,Mental Health,Nonprofit,Urban,Non-Teaching,No,Yes,0,0.11
18819.5,10.0,1881.948118051882,50-99,Mental Health,Government,Rural,Non-Teaching,No,Yes,1,0.8633333333333333
48621.0,41.0,1185.8777595420097,200-299,Mental Health,Nonprofit,Urban,Non-Teaching,Yes,Yes,0,0.0033333333333333335
35892.0,40.5,886.2220034019743,300-499,Mental Health,Nonprofit,Urban,Non-Teaching,No,No,0,0.2707732971130693
9330.0,8.0,1166.2485421893223,1-49,Mental Health,Nonprofit,Rural,Non-Teaching,No,Yes,0,0.03637624734894533
52909.5,40.0,1322.7371693157077,300-499,Mental Health,Nonprofit,Urban,Non-Teaching,No,No,0,0.4650663492808725
47574.333333333336,35.0,1359.266278304873,300-499,Mental Health,Investor Owned,Urban,Non-Teaching,No,No,0,0.18
49958.666666666664,25.0,1998.3458673283196,300-499,Mental Health,Government,Urban,Non-Teaching,No,No,1,0.9233333333333333
73416.5,80.5,912.0060978874412,200-299,Mental Health,Nonprofit,Urban,Teaching,No,No,0,0.01
65069.0,36.0,1807.4717201467442,200-299,Mental Health,Nonprofit,Urban,Non-Teaching,No,No,1,0.85
33380.333333333336,8.0,4172.536450996104,50-99,Mental Health,Government,Rural,Non-Teaching,No,No,1,0.9466666666666667
67463.5,30.0,2248.7825837391388,300-499,Mental Health,Nonprofit,Urban,Non-Teaching,No,No,1,0.5423031152079125
28103.666666666668,13.333333333333334,2107.7734191699356,100-149,Mental Health,Nonprofit,Urban,Non-Teaching,Yes,No,1,0.8766666666666667
3986.3333333333335,6.0,664.3877815759197,100-149,Mental Health,Government,Frontier,Non-Teaching,Yes,Yes,0,0.006666666666666667
24901.0,28.0,889.3211109567461,200-299,Mental Health,Investor Owned,Urban,Non-Teaching,No,Yes,0,0.006666666666666667
42502.0,26.0,1634.691678964739,200-299,Mental Health,Nonprofit,Urban,Non-Teaching,No,Yes,0,0.0
9721.666666666666,11.0,883.7870753450829,1-49,Mental Health,Nonprofit,Rural,Non-Teaching,Yes,Yes,0,0.12666666666666668
9916.0,7.0,1416.5694049008503,1-49,Mental Health,Nonprofit,Rural,Non-Teaching,Yes,Yes,0,0.06813186817147149
57303.333333333336,51.0,1123.594550929173,200-299,Mental Health,Nonprofit,Urban,Non-Teaching,No,No,0,0.0
24714.666666666668,13.0,1901.1267427230187,100-149,Mental Health,Nonprofit,Urban,Non-Teaching,No,No,1,0.3361843735315477
57780.0,45.0,1283.99971466673,150-199,Mental Health,Nonprofit,Urban,Non-Teaching,No,No,0,0.0
48864.0,27.0,1809.7771074899601,100-149,Mental Health,Nonprofit,Urban,Non-Teaching,No,No,1,0.7666666666666667
8867.0,9.0,985.2211275320806,1-49,Mental Health,Investor Owned,Rural,Non-Teaching,No,No,0,0.006666666666666667
17207.5,15.0,1147.1659018893988,50-99,Mental Health,Investor Owned,Urban,Non-Teaching,No,No,0,0.023333333333333334
35628.0,29.5,1207.728404159863,200-299,Mental Health,Investor Owned,Urban,Non-Teaching,No,Yes,0,0.0
8424.666666666666,8.333333333333334,1010.9587868494557,50-99,Mental Health,Government,Urban,Non-Teaching,Yes,No,0,0.01
53276.0,30.0,1775.8660747113086,150-199,Mental Health,Nonprofit,Urban,Teaching,No,Yes,1,0.96
31739.5,34.0,933.5144313192848,100-149,Mental Health,Nonprofit,Urban,Non-Teaching,No,Yes,0,0.09666666666666666
77669.33333333333,33.0,2353.6154483993587,300-499,Mental Health,Investor Owned,Urban,Non-Teaching,No,No,1,0.8666666666666667
51875.333333333336,32.0,1621.1036600717728,200-299,Mental Health,Investor Owned,Urban,Non-Teaching,No,No,0,0.03
72098.66666666667,40.0,1802.4662160501127,300-499,Mental Health,Nonprofit,Urban,Non-Teaching,No,No,1,0.4650663492808725
18690.333333333332,12.0,1557.5264798390444,1-49,Mental Health,Government,Rural,Non-Teaching,Yes,No,0,0.01
28291.666666666668,14.0,2020.8318898819837,50-99,Mental Health,Nonprofit,Rural,Non-Teaching,Yes,Yes,1,0.7966666666666666
59761.5,80.5,742.3787897666099,300-499,Mental Health,Government,Urban,Non-Teaching,Yes,Yes,0,0.0033333333333333335
33321.0,24.0,1388.3744215106578,150-199,Mental Health,Government,Rural,Non-Teaching,Yes,Yes,0,0.0033333333333333335
28867.333333333332,15.0,1924.4876058971515,100-149,Mental Health,Nonprofit,Rural,Non-Teaching,Yes,Yes,1,0.5933333333333334
30663.666666666668,18.0,1703.536090628098,50-99,Mental Health,Nonprofit,Rural,Non-Teaching,Yes,Yes,0,0.03
40721.5,38.5,1057.70102397376,200-299,Mental Health,Government,Urban,Non-Teaching,No,No,0,0.0033333333333333335
40176.0,28.0,1434.8566304083463,300-499,Mental Health,Investor Owned,Urban,Non-Teaching,No,No,0,0.6566666666666666
7952.0,6.0,1325.331124448126,1-49,Mental Health,Nonprofit,Rural,Non-Teaching,No,No,0,0.0
22600.333333333332,14.0,1614.3083707321161,100-149,Mental Health,Nonprofit,Urban,Non-Teaching,No,No,0,0.07951770686488104
45771.666666666664,31.0,1476.5049000521826,200-299,Mental Health,Nonprofit,Urban,Non-Teaching,No,Yes,0,0.0
26971.5,11.0,2451.952316406985,1-49,Mental Health,Nonprofit,Urban,Non-Teaching,No,Yes,1,0.8966666666666666
59699.0,44.0,1356.7951461829211,200-299,Mental Health,Nonprofit,Rural,Non-Teaching,Yes,Yes,0,0.013333333333333334
36398.0,40.0,909.9497725125568,150-199,Mental Health,Nonprofit,Urban,Non-Teaching,No,No,0,0.0033333333333333335
69248.0,54.0,1282.3701328944198,150-199,Mental Health,Government,Urban,Non-Teaching,No,No,0,0.0
112998.5,80.0,1412.4810734398657,300-499,Mental Health,Nonprofit,Urban,Teaching,No,No,0,0.0
9934.0,5.0,1986.7960264079472,1-49,Mental Health,Nonprofit,Rural,Non-Teaching,Yes,Yes,1,0.7904721638312779
15236.0,11.0,1385.0896499185,1-49,Mental Health,Nonprofit,Rural,Non-Teaching,Yes,Yes,0,0.12666666666666668
26490.0,24.0,1103.7495401043584,100-149,Mental Health,Nonprofit,Rural,Non-Teaching,No,No,0,0.0
9268.0,9.0,1029.7766335815184,50-99,Mental Health,Investor Owned,Rural,Non-Teaching,Yes,Yes,0,0.006666666666666667
63937.0,48.0,1332.0205558290509,300-499,Mental Health,Nonprofit,Urban,Teaching,No,Yes,0,0.02666666666666667
11554.0,12.0,962.8325309728909,50-99,Mental Health,Investor Owned,Rural,Non-Teaching,Yes,Yes,0,0.01
30623.0,20.0,1531.149234425383,150-199,Mental Health,Government,Rural,Non-Teaching,Yes,Yes,0,0.006666666666666667
74433.0,36.0,2067.582759004789,300-499,Mental Health,Nonprofit,Urban,Non-Teaching,No,Yes,1,0.9766666666666667
45491.0,30.0,1516.3661612112796,200-299,Mental Health,Government,Urban,Teaching,No,Yes,0,0.013333333333333334
53560.0,40.0,1338.9996652500836,200-299,Mental Health,Nonprofit,Urban,Non-Teaching,No,Yes,0,0.0
2364.0,2.0,1181.9940900295499,1-49,Mental Health,Nonprofit,Frontier,Non-Teaching,Yes,Yes,0,0.006666666666666667
41196.0,26.0,1584.4609290534888,300-499,Mental Health,Nonprofit,Urban,Teaching,No,No,0,0.13
72057.0,46.0,1566.456181205178,300-499,Mental Health,Nonprofit,Urban,Non-Teaching,Yes,No,0,0.0
33564.0,14.0,2397.4268589808153,150-199,Mental Health,Government,Urban,Non-Teaching,No,No,1,0.9
31471.5,22.0,1430.5220770354194,100-149,Mental Health,Nonprofit,Urban,Non-Teaching,No,No,0,0.0343102898829263
33640.5,16.0,2102.52993591879,300-499,Mental Health,Nonprofit,Urban,Non-Teaching,No,No,1,0.5741537303949358
52043.0,50.0,1040.8597918280416,500+,Mental Health,Nonprofit,Urban,Non-Teaching,No,No,0,0.0
29638.0,21.0,1411.3326612701612,150-199,Mental Health,Investor Owned,Urban,Non-Teaching,No,No,0,0.03333333333333333
25109.5,16.0,1569.3427691607694,300-499,Mental Health,Nonprofit,Urban,Non-Teaching,No,No,0,0.5741537303949358
50599.5,24.0,2108.3116215368245,300-499,Mental Health,Investor Owned,Urban,Non-Teaching,No,No,1,0.8466666666666667
109217.0,29.0,3766.1021496199482,100-149,Mental Health,Nonprofit,Urban,Non-Teaching,Yes,Yes,1,0.93
10799.0,13.0,830.6916686987164,1-49,Mental Health,Government,Rural,Non-Teaching,No,Yes,0,0.0
6472.0,8.0,808.998988751264,150-199,Mental Health,Nonprofit,Rural,Non-Teaching,No,No,0,0.0
23312.0,18.0,1295.110391605338,100-149,Mental Health,Nonprofit,Rural,Non-Teaching,Yes,Yes,0,0.08
27460.0,23.0,1193.912524385859,150-199,Mental Health,Government,Urban,Non-Teaching,No,No,0,0.09666666666666666
11497.0,69.0,166.62316425751243,50-99,Mental Health,Nonprofit,Urban,Non-Teaching,No,No,0,0.0033333333333333335
112998.5,72.0,1569.4233931356398,200-299,Mental Health,Nonprofit,Urban,Teaching,No,No,0,0.01
87345.0,64.0,1364.7654117554043,500+,Mental Health,Investor Owned,Urban,Teaching,Yes,Yes,0,0.0
51767.0,26.0,1991.0376957547323,100-149,Mental Health,Nonprofit,Urban,Non-Teaching,No,Yes,1,0.8166666666666667
99973.0,59.0,1694.4573399224846,200-299,Mental Health,Nonprofit,Urban,Teaching,No,No,0,0.09333333333333334
30920.5,20.0,1546.0242269878865,300-499,Mental Health,Nonprofit,Urban,Non-Teaching,No,No,0,0.08855897399127166
56462.0,31.0,1821.3542511760481,300-499,Mental Health,Nonprofit,Urban,Non-Teaching,No,No,1,0.5802270032094211
45169.5,29.0,1557.56842842468,300-499,Mental Health,Nonprofit,Urban,Non-Teaching,No,No,0,0.06180301940779208
107243.0,53.0,2023.4524484051983,200-299,Mental Health,Nonprofit,Urban,Teaching,No,No,1,0.87
42886.0,25.0,1715.4393138242744,100-149,Mental Health,Nonprofit,Urban,Non-Teaching,No,No,0,0.13333333333333333
112998.5,80.5,1403.7079001605093,300-499,Mental Health,Nonprofit,Urban,Teaching,Yes,No,0,0.0
62646.0,24.0,2610.2489123962864,300-499,Mental Health,Nonprofit,Urban,Teaching,No,Yes,1,0.9566666666666667
4339.5,4.0,1084.8722878192805,1-49,Mental Health,Nonprofit,Frontier,Non-Teaching,Yes,Yes,0,0.006666666666666667
14965.0,39.0,383.7178503287563,150-199,Mental Health,Nonprofit,Urban,Non-Teaching,No,No,0,0.0033333333333333335
112998.5,80.5,1403.7079001605093,300-499,Mental Health,Nonprofit,Urban,Teaching,No,No,0,0.0
5637.5,7.0,805.3559923485824,50-99,Mental Health,Nonprofit,Urban,Non-Teaching,No,Yes,0,0.023333333333333334
82844.0,62.0,1336.1933328720431,300-499,Mental Health,Investor Owned,Urban,Teaching,Yes,Yes,0,0.0
13380.0,22.0,608.1815417356629,200-299,Mental Health,Investor Owned,Urban,Non-Teaching,No,No,0,0.05333333333333334
17158.0,17.0,1009.293523944986,150-199,Mental Health,Nonprofit,Urban,Non-Teaching,No,No,0,0.015341710447505302
43220.0,40.0,1080.4997298750675,300-499,Mental Health,Nonprofit,Urban,Teaching,No,No,0,0.023333333333333334
63151.0,40.0,1578.7746053063486,200-299,Mental Health,Nonprofit,Urban,Non-Teaching,No,No,0,0.009788742936267357
73413.0,36.0,2039.249433541824,200-299,Mental Health,Nonprofit,Urban,Teaching,No,No,1,0.8933333333333333
74166.0,30.0,2472.199175933608,300-499,Mental Health,Nonprofit,Urban,Teaching,No,No,1,0.93
39333.0,24.0,1638.8743171357012,200-299,Mental Health,Nonprofit,Urban,Non-Teaching,No,Yes,0,0.0
53345.0,27.0,1975.740008985182,150-199,Mental Health,Nonprofit,Urban,Non-Teaching,No,No,1,0.7766666666666666
59695.0,30.0,1989.8326700557766,150-199,Mental Health,Nonprofit,Urban,Non-Teaching,No,Yes,1,0.9766666666666667
71708.0,73.0,982.3012353012006,300-499,Mental Health,Government,Urban,Teaching,Yes,Yes,0,0.0
45896.0,35.0,1311.313911053168,150-199,Mental Health,Government,Urban,Non-Teaching,No,No,0,0.02666666666666667
34054.5,18.0,1891.9156156024358,100-149,Mental Health,Nonprofit,Urban,Non-Teaching,No,No,1,0.9338139441741113
23820.0,19.5,1221.5378351088025,100-149,Mental Health,Nonprofit,Urban,Non-Teaching,No,Yes,0,0.17
32229.0,23.0,1401.260260321626,50-99,Mental Health,Nonprofit,Urban,Non-Teaching,No,Yes,0,0.03666666666666667
2837.0,2.0,1418.4929075354623,1-49,Mental Health,Government,Frontier,Non-Teaching,Yes,Yes,0,0.0
23943.0,20.0,1197.1494014252994,300-499,Mental Health,Investor Owned,Urban,Non-Teaching,Yes,No,0,0.03
32425.0,41.0,790.8534656454962,300-499,Mental Health,Government,Urban,Teaching,No,No,0,0.0
28244.0,16.0,1765.2488967194397,100-149,Mental Health,Nonprofit,Rural,Non-Teaching,Yes,Yes,1,0.8133333333333334
4834.0,4.0,1208.4969787575533,50-99,Mental Health,Government,Frontier,Non-Teaching,Yes,Yes,0,0.0
58831.0,56.0,1050.5533838297529,300-499,Mental Health,Nonprofit,Urban,Non-Teaching,No,No,0,0.2947497771552273
73328.0,64.0,1145.7498209765904,300-499,Mental Health,Investor Owned,Urban,Non-Teaching,Yes,Yes,0,0.0033333333333333335
68827.0,44.0,1564.249644488717,300-499,Mental Health,Government,Urban,Teaching,No,Yes,0,0.03
51901.0,24.0,2162.540765608014,300-499,Mental Health,Nonprofit,Urban,Non-Teaching,No,Yes,1,0.9833333333333333
33076.0,52.0,636.0768007544614,500+,Mental Health,Government,Urban,Teaching,No,No,0,0.0
28108.0,21.0,1338.4755531068795,200-299,Mental Health,Nonprofit,Urban,Non-Teaching,Yes,Yes,0,0.023333333333333334
67670.0,62.0,1091.4514368626715,300-499,Mental Health,Investor Owned,Urban,Non-Teaching,Yes,Yes,0,0.0033333333333333335
13261.0,12.0,1105.082412431323,100-149,Obesity,Government,Urban,Non-Teaching,No,No,0,0.043333333333333335
29420.666666666668,22.0,1337.302422438293,300-499,Obesity,Nonprofit,Urban,Non-Teaching,No,No,0,0.03333333333333333
30782.5,40.0,769.562307609423,150-199,Obesity,Nonprofit,Urban,Teaching,No,No,0,0.02
65082.0,59.0,1103.0845587992274,200-299,Obesity,Government,Urban,Non-Teaching,No,No,0,0.01
29479.0,30.0,982.633005788998,300-499,Obesity,Nonprofit,Urban,Non-Teaching,No,No,0,0.5700954112733387
42180.666666666664,39.0,1081.5552782336893,300-499,Obesity,Government,Urban,Non-Teaching,No,No,0,0.02145444603136315
28620.0,17.0,1683.5284214538697,150-199,Obesity,Nonprofit,Urban,Non-Teaching,No,No,0,0.006666666666666667
37801.333333333336,18.0,2100.0729073669036,100-149,Obesity,Nonprofit,Urban,Non-Teaching,No,No,1,0.9872150672617821
31745.0,22.0,1442.9538895664139,100-149,Obesity,Nonprofit,Urban,Non-Teaching,No,No,0,0.05818496438760454
110997.0,80.0,1387.4623265672092,300-499,Obesity,Nonprofit,Urban,Non-Teaching,No,No,0,0.0
66977.0,40.0,1674.4245813938546,200-299,Obesity,Nonprofit,Urban,Non-Teaching,No,No,0,0.0033333333333333335
24025.0,14.0,1716.070202806998,50-99,Obesity,Nonprofit,Rural,Non-Teaching,Yes,No,0,0.006666666666666667
9708.5,5.0,1941.696116607767,100-149,Obesity,Nonprofit,Rural,Non-Teaching,Yes,Yes,1,0.68
8570.0,14.0,612.1424198982716,100-149,Obesity,Nonprofit,Rural,Non-Teaching,Yes,Yes,0,0.3233333333333333
55911.0,49.0,1141.0405834611054,200-299,Obesity,Nonprofit,Urban,Non-Teaching,No,Yes,0,0.0
10039.0,8.0,1254.8734314082108,1-49,Obesity,Nonprofit,Rural,Non-Teaching,Yes,Yes,0,0.5600648118103588
41025.0,30.0,1367.4995441668186,100-149,Obesity,Nonprofit,Urban,Non-Teaching,No,No,0,0.14249067024929093
46164.333333333336,44.0,1049.1891554873132,500+,Obesity,Nonprofit,Urban,Non-Teaching,No,No,0,0.0033333333333333335
63404.333333333336,52.0,1219.3138680806665,200-299,Obesity,Nonprofit,Urban,Non-Teaching,No,No,0,0.03154468917739255
50722.333333333336,32.0,1585.072421331535,200-299,Obesity,Nonprofit,Urban,Non-Teaching,No,No,0,0.01
16929.333333333332,12.0,1410.7766021306093,100-149,Obesity,Investor Owned,Urban,Non-Teaching,No,No,0,0.01839555200949886
63958.666666666664,36.0,1776.629136121536,150-199,Obesity,Nonprofit,Urban,Non-Teaching,No,No,1,0.8233333333333334
16776.666666666668,12.0,1398.0543905102302,100-149,Obesity,Nonprofit,Rural,Non-Teaching,Yes,Yes,0,0.15666666666666668
55450.333333333336,59.0,939.8359988978533,300-499,Obesity,Nonprofit,Rural,Non-Teaching,Yes,Yes,0,0.09666666666666666
7588.5,9.0,843.1657298158558,100-149,Obesity,Investor Owned,Rural,Non-Teaching,Yes,Yes,0,0.01
80788.66666666667,73.0,1106.693912325035,500+,Obesity,Nonprofit,Urban,Teaching,Yes,No,0,0.0
35672.666666666664,10.0,3567.263099403567,1-49,Obesity,Nonprofit,Rural,Non-Teaching,Yes,Yes,1,0.8766954551238269
57338.0,48.0,1194.5414178038711,300-499,Obesity,Nonprofit,Urban,Non-Teaching,No,Yes,0,0.006666666666666667
47511.333333333336,21.0,2262.4433670904605,150-199,Obesity,Nonprofit,Urban,Non-Teaching,No,Yes,1,0.9366666666666666
5907.0,4.333333333333333,1363.1507004214607,1-49,Obesity,Investor Owned,Frontier,Non-Teaching,Yes,Yes,0,0.0
10314.0,8.0,1289.2483884395144,1-49,Obesity,Investor Owned,Rural,Non-Teaching,Yes,Yes,0,0.0
28371.0,20.0,1418.5492907253547,100-149,Obesity,Investor Owned,Rural,Non-Teaching,Yes,Yes,0,0.03
39829.0,16.0,2489.31094418066,100-149,Obesity,Government,Rural,Non-Teaching,Yes,Yes,1,0.9466666666666667
7991.666666666667,7.666666666666667,1042.3899447087679,1-49,Obesity,Government,Rural,Non-Teaching,No,No,0,0.013333333333333334
1610.0,2.0,804.9959750201249,1-49,Obesity,Government,Frontier,Non-Teaching,Yes,No,0,0.0
28485.0,10.0,2848.4971515028487,150-199,Obesity,Nonprofit,Urban,Non-Teaching,Yes,Yes,1,0.9833333333333333
6546.333333333333,8.0,818.290643803362,100-149,Obesity,Government,Frontier,Non-Teaching,Yes,Yes,0,0.006666666666666667
64106.0,42.666666666666664,1502.484022855307,100-149,Obesity,Nonprofit,Urban,Non-Teaching,No,Yes,0,0.056666666666666664
15535.666666666666,12.0,1294.6378100240472,50-99,Obesity,Nonprofit,Rural,Non-Teaching,Yes,Yes,0,0.03
20035.333333333332,13.0,1541.1783016577167,1-49,Obesity,Nonprofit,Rural,Non-Teaching,Yes,Yes,0,0.01
88985.33333333333,40.666666666666664,2188.163396353263,150-199,Obesity,Nonprofit,Urban,Non-Teaching,Yes,Yes,1,0.9933333333333333
18720.666666666668,8.0,2340.080408232823,1-49,Obesity,Nonprofit,Rural,Non-Teaching,Yes,Yes,1,0.5600648118103588
18771.0,12.0,1564.2486964594198,1-49,Obesity,Nonprofit,Rural,Non-Teaching,Yes,Yes,0,0.01
10002.666666666666,8.0,1250.3317704186202,1-49,Obesity,Nonprofit,Rural,Non-Teaching,Yes,Yes,0,0.5600648118103588
14433.0,8.0,1804.122744846569,100-149,Obesity,Investor Owned,Urban,Non-Teaching,No,No,1,0.46241981339266347
102466.66666666667,42.666666666666664,2401.561937133921,300-499,Obesity,Government,Urban,Non-Teaching,No,Yes,1,0.9733333333333334
36011.0,26.0,1385.0379288315658,300-499,Obesity,Nonprofit,Urban,Non-Teaching,No,No,0,0.023333333333333334
12317.0,17.0,724.528985571185,300-499,Obesity,Investor Owned,Urban,Non-Teaching,No,No,0,0.12666666666666668
57101.0,35.0,1631.4566767266635,300-499,Obesity,Nonprofit,Urban,Non-Teaching,No,No,0,0.04203164377409206
34882.0,50.5,690.7325364886066,300-499,Obesity,Investor Owned,Urban,Non-Teaching,Yes,No,0,0.0033333333333333335
65446.0,41.0,1596.2435131113382,300-499,Obesity,Nonprofit,Urban,Teaching,Yes,No,0,0.009517706864881029
29986.333333333332,14.0,2141.879422467079,50-99,Obesity,Investor Owned,Urban,Non-Teaching,No,Yes,1,0.97
3751.5,4.0,937.8726553183618,100-149,Obesity,Investor Owned,Urban,Non-Teaching,Yes,Yes,0,0.043333333333333335
20267.0,12.0,1688.915259237284,200-299,Obesity,Investor Owned,Urban,Non-Teaching,No,No,0,0.11666666666666667
33361.5,14.0,2382.9625835981547,150-199,Obesity,Investor Owned,Urban,Non-Teaching,No,No,1,0.9566666666666667
46487.666666666664,30.666666666666668,1515.9016795972782,150-199,Obesity,Nonprofit,Urban,Non-Teaching,No,No,0,0.19333333333333333
9859.5,8.0,1232.4359594550508,100-149,Obesity,Investor Owned,Urban,Non-Teaching,Yes,Yes,0,0.05
6710.333333333333,9.0,745.591764157299,100-149,Obesity,Investor Owned,Urban,Non-Teaching,No,No,0,0.11646026417367708
16033.333333333334,21.0,763.4916999245874,200-299,Obesity,Investor Owned,Urban,Non-Teaching,No,No,0,0.04
39767.5,37.0,1074.7970068116197,500+,Obesity,Nonprofit,Urban,Non-Teaching,No,No,0,0.006666666666666667
18635.5,9.0,2070.608810434655,100-149,Obesity,Investor Owned,Urban,Non-Teaching,Yes,No,1,0.97
79359.66666666667,32.0,2479.9888083368305,300-499,Obesity,Nonprofit,Urban,Non-Teaching,No,No,1,0.24141806401297533
68964.66666666667,30.0,2298.8214559484036,500+,Obesity,Nonprofit,Urban,Non-Teaching,Yes,No,1,0.9833333333333333
53635.333333333336,57.0,940.9705951513575,300-499,Obesity,Nonprofit,Urban,Teaching,Yes,No,0,0.0033333333333333335
62426.5,49.5,1261.1411593654223,200-299,Obesity,Nonprofit,Urban,Non-Teaching,Yes,No,0,0.01806157351703012
61938.666666666664,41.0,1510.6988185287432,200-299,Obesity,Nonprofit,Urban,Non-Teaching,No,No,0,0.0033333333333333335
79005.0,53.0,1490.6600961018685,200-299,Obesity,Nonprofit,Urban,Non-Teaching,No,No,0,0.5764947269302918
40703.0,29.0,1403.5512401547448,300-499,Obesity,Nonprofit,Urban,Non-Teaching,No,No,0,0.0
32344.666666666668,18.0,1796.9249276342996,100-149,Obesity,Nonprofit,Urban,Non-Teaching,No,No,1,0.9872150672617821
36378.0,15.0,2425.198383201078,200-299,Obesity,Investor Owned,Urban,Non-Teaching,No,No,1,0.8666666666666667
29577.0,10.666666666666666,2772.841150461422,150-199,Obesity,Investor Owned,Urban,Non-Teaching,Yes,No,1,0.95
72059.5,64.0,1125.9295115735138,300-499,Obesity,Nonprofit,Urban,Teaching,No,No,0,0.0
35037.666666666664,29.0,1208.19498567989,300-499,Obesity,Nonprofit,Urban,Non-Teaching,No,No,0,0.0
16074.666666666666,5.666666666666667,2836.700876410218,100-149,Obesity,Investor Owned,Urban,Non-Teaching,No,No,1,0.8901393363183066
54946.0,55.5,990.0178396364253,500+,Obesity,Nonprofit,Urban,Teaching,No,No,0,0.0
47234.0,37.0,1276.5942495691215,300-499,Obesity,Nonprofit,Urban,Non-Teaching,No,No,0,0.07856951054000184
4946.5,4.0,1236.621908445229,50-99,Obesity,Investor Owned,Urban,Non-Teaching,No,No,0,0.006053196402858152
6297.5,7.0,899.6415719406116,100-149,Obesity,Investor Owned,Urban,Non-Teaching,No,No,0,0.15212893403120628
77714.0,71.0,1094.5632261178555,300-499,Obesity,Nonprofit,Urban,Non-Teaching,No,No,0,0.023333333333333334
57211.0,61.0,937.8850921499849,500+,Obesity,Nonprofit,Urban,Non-Teaching,No,No,0,0.01
12230.666666666666,8.0,1528.8314222940555,100-149,Obesity,Investor Owned,Urban,Non-Teaching,No,No,0,0.46241981339266347
32363.666666666668,15.333333333333334,2110.672536517911,200-299,Obesity,Nonprofit,Urban,Non-Teaching,No,No,1,0.76
31796.5,21.0,1514.1183266103208,200-299,Obesity,Government,Urban,Non-Teaching,No,No,0,0.056666666666666664
6826.0,7.0,975.1414640836227,200-299,Obesity,Investor Owned,Urban,Non-Teaching,Yes,No,0,0.03333333333333333
18475.333333333332,12.0,1539.609828102921,150-199,Obesity,Nonprofit,Urban,Non-Teaching,No,No,0,0.006666666666666667
46827.333333333336,41.333333333333336,1132.9190807453836,300-499,Obesity,Investor Owned,Urban,Non-Teaching,Yes,Yes,0,0.016666666666666666
23936.333333333332,27.0,886.530535852888,200-299,Obesity,Nonprofit,Urban,Non-Teaching,No,No,0,0.0
50359.333333333336,40.0,1258.9830185875787,300-499,Obesity,Nonprofit,Urban,Non-Teaching,No,No,0,0.45679311530593547
9195.333333333334,8.0,1149.4152298976294,100-149,Obesity,Investor Owned,Urban,Non-Teaching,No,No,0,0.46241981339266347
43418.0,32.0,1356.8120759962262,300-499,Obesity,Nonprofit,Urban,Non-Teaching,No,No,0,0.24141806401297533
21073.5,13.0,1621.037214586758,150-199,Obesity,Nonprofit,Urban,Non-Teaching,No,No,0,0.016666666666666666
46270.0,30.0,1542.3328192223937,200-299,Obesity,Investor Owned,Urban,Non-Teaching,No,No,0,0.0033333333333333335
49428.0,28.0,1765.285083826756,300-499,Obesity,Nonprofit,Urban,Teaching,No,No,1,0.8966666666666666
23054.5,13.0,1773.4217127525287,150-199,Obesity,Investor Owned,Urban,Non-Teaching,No,No,1,0.9566666666666667
52035.666666666664,30.0,1734.5216440483407,300-499,Obesity,Nonprofit,Urban,Non-Teaching,No,No,0,0.5700954112733387
73969.0,72.66666666666667,1017.9218782676313,300-499,Obesity,Government,Urban,Teaching,Yes,No,0,0.0
105955.5,80.5,1316.2172277991021,500+,Obesity,Government,Urban,Teaching,No,No,0,0.0
99493.0,29.0,3430.791920416579,100-149,Obesity,Nonprofit,Urban,Teaching,Yes,Yes,1,0.9966666666666667
50463.666666666664,50.666666666666664,995.9932244750214,300-499,Obesity,Government,Urban,Teaching,No,No,0,0.0
40780.666666666664,37.333333333333336,1092.3389931234838,200-299,Obesity,Nonprofit,Urban,Non-Teaching,No,No,0,0.20666666666666667
67262.0,33.0,2038.2418065933919,200-299,Obesity,Nonprofit,Urban,Non-Teaching,Yes,No,1,0.88
92182.33333333333,80.0,1152.2790226317886,300-499,Obesity,Nonprofit,Urban,Non-Teaching,No,No,0,0.0
64397.333333333336,35.0,1839.9232838314426,150-199,Obesity,Investor Owned,Urban,Non-Teaching,Yes,Yes,1,0.95
77745.33333333333,38.0,2045.9292861589595,300-499,Obesity,Nonprofit,Rural,Non-Teaching,Yes,Yes,1,0.9633333333333334
27449.0,19.0,1444.683450166605,100-149,Obesity,Nonprofit,Urban,Non-Teaching,No,No,0,0.6013768108499485
29936.333333333332,31.0,965.6878605307977,300-499,Obesity,Nonprofit,Urban,Non-Teaching,No,No,0,0.8106956577126403
14621.0,9.0,1624.553750495833,1-49,Obesity,Nonprofit,Urban,Non-Teaching,No,No,0,0.023333333333333334
6284.0,3.6666666666666665,1713.8135077813424,1-49,Obesity,Government,Rural,Non-Teaching,Yes,Yes,0,0.006666666666666667
9094.0,6.0,1515.6641405597659,1-49,Obesity,Nonprofit,Rural,Non-Teaching,Yes,Yes,0,0.0914895443718061
28163.666666666668,19.0,1482.2974654574743,50-99,Obesity,Nonprofit,Rural,Non-Teaching,Yes,Yes,0,0.006666666666666667
13366.0,9.0,1485.1094609894878,1-49,Obesity,Nonprofit,Rural,Non-Teaching,Yes,Yes,0,0.48725695654480405
25567.333333333332,10.0,2556.7307766025565,1-49,Obesity,Nonprofit,Rural,Non-Teaching,Yes,Yes,1,0.8766954551238269
57461.0,26.0,2210.0376115239956,150-199,Obesity,Nonprofit,Urban,Non-Teaching,Yes,Yes,1,0.9866666666666667
511.0,1.0,510.99489005109945,1-49,Obesity,Government,Frontier,Non-Teaching,Yes,Yes,0,0.0
41278.666666666664,30.666666666666668,1346.0430393337915,200-299,Obesity,Nonprofit,Urban,Non-Teaching,No,No,0,0.0
14553.0,6.0,2425.495957506738,50-99,Obesity,Nonprofit,Rural,Non-Teaching,No,Yes,1,0.92
50028.333333333336,16.0,3126.768879102784,200-299,Obesity,Government,Urban,Non-Teaching,Yes,Yes,1,0.9466666666666667
51527.5,19.0,2711.972256856707,150-199,Obesity,Government,Urban,Non-Teaching,Yes,Yes,1,0.8933333333333333
24487.0,18.0,1360.3881331177038,150-199,Obesity,Investor Owned,Urban,Non-Teaching,No,No,0,0.02666666666666667
6034.5,8.0,754.3115571105536,100-149,Obesity,Nonprofit,Rural,Non-Teaching,No,No,0,0.026421539912040395
12749.5,15.0,849.9661000226,50-99,Obesity,Government,Rural,Non-Teaching,Yes,Yes,0,0.02
92289.0,35.666666666666664,2587.5413305958887,300-499,Obesity,Nonprofit,Urban,Non-Teaching,No,No,1,0.37249067024929094
27767.5,26.0,1067.9803584690928,200-299,Obesity,Nonprofit,Urban,Non-Teaching,No,No,0,0.0
23505.0,30.0,783.4997388334205,200-299,Obesity,Investor Owned,Urban,Teaching,No,Yes,0,0.0033333333333333335
5063.0,8.0,632.8742089072389,100-149,Obesity,Investor Owned,Urban,Non-Teaching,No,No,0,0.46241981339266347
12153.0,11.0,1104.8171774389295,150-199,Obesity,Investor Owned,Urban,Non-Teaching,No,Yes,0,0.023333333333333334
100965.66666666667,80.5,1254.2317282527874,300-499,Obesity,Nonprofit,Urban,Non-Teaching,No,No,0,0.0
11960.0,12.0,996.6658361118033,100-149,Obesity,Investor Owned,Urban,Non-Teaching,No,No,0,0.01839555200949886
11887.333333333334,11.0,1080.6656842433174,100-149,Obesity,Investor Owned,Urban,Non-Teaching,No,No,0,0.006716491926215101
25199.5,23.0,1095.6299584217572,150-199,Obesity,Investor Owned,Urban,Non-Teaching,No,No,0,0.013333333333333334
11411.0,10.0,1141.098858901141,150-199,Obesity,Investor Owned,Urban,Non-Teaching,Yes,No,0,0.37333333333333335
34495.5,44.5,775.1796010832356,300-499,Obesity,Nonprofit,Urban,Non-Teaching,No,No,0,0.2730617956620341
42020.0,50.666666666666664,829.3419415772483,300-499,Obesity,Government,Urban,Teaching,Yes,No,0,0.0
19240.0,12.0,1603.3319972233357,150-199,Obesity,Investor Owned,Urban,Non-Teaching,Yes,No,0,0.36333333333333334
27262.5,31.0,879.4352001821935,200-299,Obesity,Nonprofit,Urban,Non-Teaching,No,No,0,0.01
14340.0,20.0,716.9996415001792,150-199,Obesity,Nonprofit,Urban,Non-Teaching,No,No,0,0.0033333333333333335
53749.666666666664,36.0,1493.045881561329,300-499,Obesity,Nonprofit,Urban,Non-Teaching,No,No,0,0.031487638909799255
4135.333333333333,8.0,516.916020521641,150-199,Obesity,Investor Owned,Urban,Non-Teaching,No,No,0,0.1464215399120404
24221.0,24.0,1009.2079128300363,200-299,Obesity,Investor Owned,Urban,Non-Teaching,Yes,No,0,0.0
17550.0,17.5,1002.8565697962458,200-299,Obesity,Investor Owned,Urban,Non-Teaching,No,No,0,0.03666666666666667
109291.5,72.0,1517.9372891753765,200-299,Obesity,Nonprofit,Urban,Non-Teaching,No,No,0,0.07229473125970488
26386.333333333332,14.0,1884.7367489975602,50-99,Obesity,Nonprofit,Urban,Non-Teaching,No,Yes,1,0.8366666666666667
69937.5,69.0,1013.5868096251,300-499,Obesity,Nonprofit,Urban,Non-Teaching,No,No,0,0.023333333333333334
112998.5,62.0,1822.5561576522325,300-499,Obesity,Nonprofit,Urban,Non-Teaching,No,No,1,0.8379746808477255
3495.0,3.0,1164.996116679611,1-49,Obesity,Government,Frontier,Non-Teaching,Yes,Yes,0,0.0
2546.6666666666665,2.0,1273.3269666984997,1-49,Obesity,Government,Frontier,Non-Teaching,Yes,Yes,0,0.0
44698.666666666664,30.0,1489.9550589038693,150-199,Obesity,Investor Owned,Urban,Non-Teaching,No,Yes,0,0.02
54417.5,28.0,1943.4814487566255,300-499,Obesity,Investor Owned,Urban,Non-Teaching,No,Yes,1,0.9966666666666667
39938.5,29.0,1377.189180279593,300-499,Obesity,Investor Owned,Urban,Non-Teaching,Yes,Yes,0,0.08666666666666667
45627.5,12.0,3802.2884980929184,100-149,Obesity,Investor Owned,Urban,Non-Teaching,No,Yes,1,0.9666666666666667
7767.0,7.0,1109.5698434716523,1-49,Obesity,Government,Rural,Non-Teaching,Yes,Yes,0,0.0
45660.666666666664,41.0,1113.6745251200343,150-199,Obesity,Investor Owned,Urban,Non-Teaching,No,Yes,0,0.0033333333333333335
37046.333333333336,28.0,1323.0828608037402,50-99,Obesity,Government,Urban,Non-Teaching,No,Yes,0,0.12
15067.333333333334,12.0,1255.6100647693906,50-99,Obesity,Investor Owned,Urban,Non-Teaching,Yes,No,0,0.02
54291.666666666664,41.0,1324.1866688975604,200-299,Obesity,Nonprofit,Urban,Non-Teaching,No,Yes,0,0.006666666666666667
47474.5,26.0,1825.9416054070748,50-99,Obesity,Nonprofit,Urban,Non-Teaching,No,Yes,1,0.8733333333333333
90694.33333333333,53.0,1711.213513607513,100-149,Obesity,Investor Owned,Urban,Non-Teaching,No,Yes,0,0.03
35054.666666666664,21.0,1669.2690463798192,100-149,Obesity,Investor Owned,Urban,Non-Teaching,No,No,0,0.03666666666666667
47299.5,58.5,808.5383233267823,100-149,Obesity,Nonprofit,Urban,Non-Teaching,No,Yes,0,0.02666666666666667
95381.5,59.0,1616.6353192143526,200-299,Obesity,Nonprofit,Urban,Non-Teaching,No,No,0,0.11947632268985639
63503.666666666664,70.0,907.1951084959368,500+,Obesity,Government,Urban,Teaching,No,No,0,0.0
84523.33333333333,51.333333333333336,1646.5581208003657,500+,Obesity,Nonprofit,Urban,Non-Teaching,No,No,0,0.0033333333333333335
106119.0,53.0,2002.2449052368102,200-299,Obesity,Nonprofit,Urban,Non-Teaching,No,No,1,0.5764947269302918
21385.333333333332,18.0,1188.0734140332884,50-99,Obesity,Government,Rural,Non-Teaching,Yes,No,0,0.006666666666666667
11297.666666666666,7.0,1613.9500753094162,1-49,Obesity,Government,Rural,Non-Teaching,Yes,Yes,0,0.0
33224.0,15.0,2214.9318567120954,100-149,Obesity,Investor Owned,Urban,Non-Teaching,No,No,1,0.84
22289.0,12.0,1857.4151188207343,100-149,Obesity,Investor Owned,Urban,Non-Teaching,No,Yes,1,0.9666666666666667
112998.5,80.5,1403.7079001605093,300-499,Obesity,Nonprofit,Urban,Non-Teaching,Yes,No,0,0.0
40403.0,40.0,1010.074747481313,300-499,Obesity,Nonprofit,Urban,Teaching,No,No,0,0.01791325887437989
8291.666666666666,6.0,1381.9421412075424,1-49,Obesity,Government,Rural,Non-Teaching,Yes,Yes,0,0.0
75626.66666666667,52.0,1454.35869467461,300-499,Obesity,Nonprofit,Urban,Non-Teaching,No,Yes,0,0.0033333333333333335
53317.333333333336,18.0,2962.0724284782805,300-499,Obesity,Nonprofit,Urban,Non-Teaching,No,Yes,1,0.9733333333333334
62192.333333333336,43.0,1446.3329969768224,200-299,Obesity,Nonprofit,Urban,Non-Teaching,No,Yes,0,0.0033333333333333335
30790.0,16.0,1924.3737972663766,100-149,Obesity,Investor Owned,Urban,Non-Teaching,Yes,Yes,1,0.9766666666666667
22806.333333333332,15.333333333333334,1487.3685951943944,150-199,Obesity,Investor Owned,Rural,Non-Teaching,Yes,Yes,0,0.013333333333333334
35471.0,20.333333333333332,1744.4745518977616,100-149,Obesity,Investor Owned,Urban,Non-Teaching,Yes,Yes,1,0.9766666666666667
57942.0,47.0,1232.8082483386704,300-499,Obesity,Government,Urban,Teaching,Yes,No,0,0.0
25407.666666666668,16.0,1587.9781741803079,1-49,Obesity,Investor Owned,Rural,Non-Teaching,Yes,Yes,0,0.0
23200.666666666668,15.0,1546.710079971058,50-99,Obesity,Nonprofit,Urban,Non-Teaching,No,Yes,0,0.12
79146.5,63.0,1256.2934513819919,500+,Obesity,Nonprofit,Urban,Non-Teaching,No,No,0,0.0033333333333333335
86469.0,80.5,1074.148934888331,500+,Obesity,Nonprofit,Urban,Non-Teaching,No,Yes,0,0.0
112241.5,80.5,1394.3041746205993,300-499,Obesity,Nonprofit,Urban,Non-Teaching,No,No,0,0.0
96961.66666666667,77.33333333333333,1253.8144930412295,300-499,Obesity,Nonprofit,Urban,Teaching,No,No,0,0.0
17293.0,20.0,864.6495676752162,200-299,Obesity,Investor Owned,Urban,Non-Teaching,Yes,Yes,0,0.04
37200.666666666664,47.0,791.5033776943167,300-499,Obesity,Nonprofit,Urban,Non-Teaching,No,No,0,0.274418550016437
39953.666666666664,40.0,998.8414169563123,300-499,Obesity,Government,Urban,Non-Teaching,No,No,0,0.02452782679625459
60332.5,80.5,749.4719565873346,300-499,Obesity,Government,Urban,Teaching,No,No,0,0.0
63761.0,48.0,1328.3538899262728,300-499,Obesity,Nonprofit,Urban,Non-Teaching,No,No,0,0.274418550016437
26922.5,8.0,3365.3082933646333,200-299,Obesity,Government,Urban,Non-Teaching,No,No,1,0.8966666666666666
44178.666666666664,38.0,1162.5961852817054,150-199,Obesity,Nonprofit,Urban,Non-Teaching,No,No,0,0.04
77978.0,72.0,1083.027627357274,200-299,Obesity,Government,Urban,Non-Teaching,No,Yes,0,0.01
31841.333333333332,28.666666666666668,1110.7437985777447,200-299,Obesity,Nonprofit,Urban,Teaching,No,No,0,0.13666666666666666
10480.666666666666,12.0,873.3881610654213,200-299,Obesity,Nonprofit,Urban,Non-Teaching,No,No,0,0.1
43609.0,59.0,739.135467943141,300-499,Obesity,Government,Urban,Teaching,No,No,0,0.0
20186.666666666668,19.0,1062.4555811637292,200-299,Obesity,Nonprofit,Urban,Non-Teaching,No,No,0,0.049157336915957604
11045.666666666666,12.0,920.4714551626762,200-299,Obesity,Nonprofit,Urban,Teaching,No,No,0,0.09666666666666666
26493.666666666668,35.0,756.9616884871366,200-299,Obesity,Nonprofit,Urban,Non-Teaching,No,Yes,0,0.0033333333333333335
17995.0,16.0,1124.686797070752,100-149,Obesity,Nonprofit,Urban,Non-Teaching,No,No,0,0.24221117847795118
49033.666666666664,28.0,1751.2017555231826,150-199,Obesity,Nonprofit,Urban,Non-Teaching,No,Yes,1,0.9733333333333334
41087.333333333336,25.333333333333332,1621.8677808416658,150-199,Obesity,Government,Urban,Non-Teaching,Yes,Yes,0,0.08666666666666667
29388.666666666668,14.0,2099.1889767697785,50-99,Obesity,Nonprofit,Urban,Non-Teaching,No,Yes,1,0.8366666666666667
25987.0,11.0,2362.4523977705476,50-99,Obesity,Investor Owned,Urban,Non-Teaching,No,Yes,1,0.9666666666666667
103851.33333333333,46.666666666666664,2225.385237417449,50-99,Obesity,Nonprofit,Urban,Non-Teaching,No,Yes,1,0.95
25632.666666666668,18.0,1424.0362459057894,50-99,Obesity,Nonprofit,Rural,Non-Teaching,No,Yes,0,0.013333333333333334
20801.333333333332,22.0,945.5147217357325,50-99,Obesity,Nonprofit,Rural,Non-Teaching,No,Yes,0,0.016666666666666666
19784.666666666668,11.0,1798.6044255111285,150-199,Obesity,Investor Owned,Rural,Non-Teaching,No,Yes,1,0.8866666666666667
27192.666666666668,23.0,1182.2893410336198,100-149,Obesity,Investor Owned,Urban,Non-Teaching,No,No,0,0.03666666666666667
33189.666666666664,15.0,2212.6429693491314,150-199,Obesity,Government,Urban,Non-Teaching,No,No,1,0.98
39927.666666666664,19.0,2101.4550343219116,100-149,Obesity,Nonprofit,Urban,Non-Teaching,No,No,1,0.6013768108499485
13136.0,22.0,597.0906376860738,300-499,Obesity,Investor Owned,Urban,Non-Teaching,No,No,0,0.11
1620.0,7.0,231.42824081679885,100-149,Obesity,Investor Owned,Rural,Non-Teaching,No,No,0,0.001988084599344653
41904.5,26.0,1611.7109185727236,200-299,Obesity,Nonprofit,Urban,Non-Teaching,No,No,0,0.0
14532.0,17.0,854.8230265746903,200-299,Obesity,Nonprofit,Urban,Non-Teaching,No,No,0,0.06666666666666667
32738.0,24.0,1364.0827649655146,150-199,Obesity,Nonprofit,Urban,Non-Teaching,No,No,0,0.06666666666666667
22042.666666666668,22.0,1001.9389385126037,1-49,Obesity,Nonprofit,Urban,Non-Teaching,No,Yes,0,0.08
18819.5,10.0,1881.948118051882,50-99,Obesity,Government,Rural,Non-Teaching,No,Yes,1,0.9566666666666667
48621.0,41.0,1185.8777595420097,200-299,Obesity,Nonprofit,Urban,Non-Teaching,Yes,Yes,0,0.0
35892.0,40.5,886.2220034019743,300-499,Obesity,Nonprofit,Urban,Non-Teaching,No,No,0,0.29545992449179165
9330.0,8.0,1166.2485421893223,1-49,Obesity,Nonprofit,Rural,Non-Teaching,No,Yes,0,0.03849550907697953
52909.5,40.0,1322.7371693157077,300-499,Obesity,Nonprofit,Urban,Non-Teaching,No,No,0,0.45679311530593547
47574.333333333336,35.0,1359.266278304873,300-499,Obesity,Investor Owned,Urban,Non-Teaching,No,No,0,0.09333333333333334
49958.666666666664,25.0,1998.3458673283196,300-499,Obesity,Government,Urban,Non-Teaching,No,No,1,0.93
73416.5,80.5,912.0060978874412,200-299,Obesity,Nonprofit,Urban,Teaching,No,No,0,0.019386529736191486
65069.0,36.0,1807.4717201467442,200-299,Obesity,Nonprofit,Urban,Non-Teaching,No,No,1,0.8566666666666667
33380.333333333336,8.0,4172.536450996104,50-99,Obesity,Government,Rural,Non-Teaching,No,No,1,0.9633333333333334
67463.5,30.0,2248.7825837391388,300-499,Obesity,Nonprofit,Urban,Non-Teaching,No,No,1,0.5700954112733387
28103.666666666668,13.333333333333334,2107.7734191699356,100-149,Obesity,Nonprofit,Urban,Non-Teaching,Yes,No,1,0.9933333333333333
3986.3333333333335,6.0,664.3877815759197,100-149,Obesity,Government,Frontier,Non-Teaching,Yes,Yes,0,0.006666666666666667
24901.0,28.0,889.3211109567461,200-299,Obesity,Investor Owned,Urban,Non-Teaching,No,Yes,0,0.02
42502.0,26.0,1634.691678964739,200-299,Obesity,Nonprofit,Urban,Non-Teaching,No,Yes,0,0.016666666666666666
9721.666666666666,11.0,883.7870753450829,1-49,Obesity,Nonprofit,Rural,Non-Teaching,Yes,Yes,0,0.03333333333333333
9916.0,7.0,1416.5694049008503,1-49,Obesity,Nonprofit,Rural,Non-Teaching,Yes,Yes,0,0.06930163255377504
57303.333333333336,51.0,1123.594550929173,200-299,Obesity,Nonprofit,Urban,Non-Teaching,No,No,0,0.03154468917739255
24714.666666666668,13.0,1901.1267427230187,100-149,Obesity,Nonprofit,Urban,Non-Teaching,No,No,1,0.8355445118112844
57780.0,45.0,1283.99971466673,150-199,Obesity,Nonprofit,Urban,Non-Teaching,No,No,0,0.006666666666666667
48864.0,27.0,1809.7771074899601,100-149,Obesity,Nonprofit,Urban,Non-Teaching,No,No,1,0.7849813404985819
8867.0,9.0,985.2211275320806,1-49,Obesity,Investor Owned,Rural,Non-Teaching,No,No,0,0.0
17207.5,15.0,1147.1659018893988,50-99,Obesity,Investor Owned,Urban,Non-Teaching,No,No,0,0.02
35628.0,29.5,1207.728404159863,200-299,Obesity,Investor Owned,Urban,Non-Teaching,No,Yes,0,0.01
8424.666666666666,8.333333333333334,1010.9587868494557,50-99,Obesity,Government,Urban,Non-Teaching,Yes,No,0,0.01
53276.0,30.0,1775.8660747113086,150-199,Obesity,Nonprofit,Urban,Teaching,No,Yes,1,0.99
31739.5,34.0,933.5144313192848,100-149,Obesity,Nonprofit,Urban,Non-Teaching,No,Yes,0,0.11666666666666667
77669.33333333333,33.0,2353.6154483993587,300-499,Obesity,Investor Owned,Urban,Non-Teaching,No,No,1,0.7766666666666666
51875.333333333336,32.0,1621.1036600717728,200-299,Obesity,Investor Owned,Urban,Non-Teaching,No,No,0,0.0033333333333333335
72098.66666666667,40.0,1802.4662160501127,300-499,Obesity,Nonprofit,Urban,Non-Teaching,No,No,1,0.45679311530593547
18690.333333333332,12.0,1557.5264798390444,1-49,Obesity,Government,Rural,Non-Teaching,Yes,No,0,0.0
28291.666666666668,14.0,2020.8318898819837,50-99,Obesity,Nonprofit,Rural,Non-Teaching,Yes,Yes,1,0.4866666666666667
59761.5,80.5,742.3787897666099,300-499,Obesity,Government,Urban,Non-Teaching,Yes,Yes,0,0.0033333333333333335
33321.0,24.0,1388.3744215106578,150-199,Obesity,Government,Rural,Non-Teaching,Yes,Yes,0,0.0
28867.333333333332,15.0,1924.4876058971515,100-149,Obesity,Nonprofit,Rural,Non-Teaching,Yes,Yes,1,0.95
30663.666666666668,18.0,1703.536090628098,50-99,Obesity,Nonprofit,Rural,Non-Teaching,Yes,Yes,0,0.006666666666666667
40721.5,38.5,1057.70102397376,200-299,Obesity,Government,Urban,Non-Teaching,No,No,0,0.006666666666666667
40176.0,28.0,1434.8566304083463,300-499,Obesity,Investor Owned,Urban,Non-Teaching,No,No,0,0.25666666666666665
7952.0,6.0,1325.331124448126,1-49,Obesity,Nonprofit,Rural,Non-Teaching,No,No,0,0.0
22600.333333333332,14.0,1614.3083707321161,100-149,Obesity,Nonprofit,Urban,Non-Teaching,No,No,0,0.5122111784779512
45771.666666666664,31.0,1476.5049000521826,200-299,Obesity,Nonprofit,Urban,Non-Teaching,No,Yes,0,0.01
26971.5,11.0,2451.952316406985,1-49,Obesity,Nonprofit,Urban,Non-Teaching,No,Yes,1,0.8766666666666667
59699.0,44.0,1356.7951461829211,200-299,Obesity,Nonprofit,Rural,Non-Teaching,Yes,Yes,0,0.006666666666666667
36398.0,40.0,909.9497725125568,150-199,Obesity,Nonprofit,Urban,Non-Teaching,No,No,0,0.006666666666666667
69248.0,54.0,1282.3701328944198,150-199,Obesity,Government,Urban,Non-Teaching,No,No,0,0.006666666666666667
112998.5,80.0,1412.4810734398657,300-499,Obesity,Nonprofit,Urban,Teaching,No,No,0,0.0
9934.0,5.0,1986.7960264079472,1-49,Obesity,Nonprofit,Rural,Non-Teaching,Yes,Yes,1,0.8301793588702321
15236.0,11.0,1385.0896499185,1-49,Obesity,Nonprofit,Rural,Non-Teaching,Yes,Yes,0,0.03333333333333333
26490.0,24.0,1103.7495401043584,100-149,Obesity,Nonprofit,Rural,Non-Teaching,No,No,0,0.0033333333333333335
9268.0,9.0,1029.7766335815184,50-99,Obesity,Investor Owned,Rural,Non-Teaching,Yes,Yes,0,0.0033333333333333335
63937.0,48.0,1332.0205558290509,300-499,Obesity,Nonprofit,Urban,Teaching,No,Yes,0,0.02
11554.0,12.0,962.8325309728909,50-99,Obesity,Investor Owned,Rural,Non-Teaching,Yes,Yes,0,0.0033333333333333335
30623.0,20.0,1531.149234425383,150-199,Obesity,Government,Rural,Non-Teaching,Yes,Yes,0,0.013333333333333334
74433.0,36.0,2067.582759004789,300-499,Obesity,Nonprofit,Urban,Non-Teaching,No,Yes,1,0.9766666666666667
45491.0,30.0,1516.3661612112796,200-299,Obesity,Government,Urban,Teaching,No,Yes,0,0.0033333333333333335
53560.0,40.0,1338.9996652500836,200-299,Obesity,Nonprofit,Urban,Non-Teaching,No,Yes,0,0.0
2364.0,2.0,1181.9940900295499,1-49,Obesity,Nonprofit,Frontier,Non-Teaching,Yes,Yes,0,0.006666666666666667
41196.0,26.0,1584.4609290534888,300-499,Obesity,Nonprofit,Urban,Teaching,No,No,0,0.12333333333333334
72057.0,46.0,1566.456181205178,300-499,Obesity,Nonprofit,Urban,Non-Teaching,Yes,No,0,0.05469255645224526
33564.0,14.0,2397.4268589808153,150-199,Obesity,Government,Urban,Non-Teaching,No,No,1,0.9733333333333334
31471.5,22.0,1430.5220770354194,100-149,Obesity,Nonprofit,Urban,Non-Teaching,No,No,0,0.05818496438760454
33640.5,16.0,2102.52993591879,300-499,Obesity,Nonprofit,Urban,Non-Teaching,No,No,1,0.7684493676467418
52043.0,50.0,1040.8597918280416,500+,Obesity,Nonprofit,Urban,Non-Teaching,No,No,0,0.0033333333333333335
29638.0,21.0,1411.3326612701612,150-199,Obesity,Investor Owned,Urban,Non-Teaching,No,No,0,0.013333333333333334
25109.5,16.0,1569.3427691607694,300-499,Obesity,Nonprofit,Urban,Non-Teaching,No,No,0,0.7684493676467418
50599.5,24.0,2108.3116215368245,300-499,Obesity,Investor Owned,Urban,Non-Teaching,No,No,1,0.79
109217.0,29.0,3766.1021496199482,100-149,Obesity,Nonprofit,Urban,Non-Teaching,Yes,Yes,1,0.98
10799.0,13.0,830.6916686987164,1-49,Obesity,Government,Rural,Non-Teaching,No,Yes,0,0.0033333333333333335
6472.0,8.0,808.998988751264,150-199,Obesity,Nonprofit,Rural,Non-Teaching,No,No,0,0.004433455312695744
23312.0,18.0,1295.110391605338,100-149,Obesity,Nonprofit,Rural,Non-Teaching,Yes,Yes,0,0.24333333333333335
27460.0,23.0,1193.912524385859,150-199,Obesity,Government,Urban,Non-Teaching,No,No,0,0.08
11497.0,69.0,166.62316425751243,50-99,Obesity,Nonprofit,Urban,Non-Teaching,No,No,0,0.002490670249290939
112998.5,72.0,1569.4233931356398,200-299,Obesity,Nonprofit,Urban,Teaching,No,No,0,0.019386529736191486
87345.0,64.0,1364.7654117554043,500+,Obesity,Investor Owned,Urban,Teaching,Yes,Yes,0,0.0
51767.0,26.0,1991.0376957547323,100-149,Obesity,Nonprofit,Urban,Non-Teaching,No,Yes,1,0.9
99973.0,59.0,1694.4573399224846,200-299,Obesity,Nonprofit,Urban,Teaching,No,No,0,0.06938652973619149
30920.5,20.0,1546.0242269878865,300-499,Obesity,Nonprofit,Urban,Non-Teaching,No,No,0,0.04
56462.0,31.0,1821.3542511760481,300-499,Obesity,Nonprofit,Urban,Non-Teaching,No,No,1,0.8106956577126403
45169.5,29.0,1557.56842842468,300-499,Obesity,Nonprofit,Urban,Non-Teaching,No,No,0,0.0
107243.0,53.0,2023.4524484051983,200-299,Obesity,Nonprofit,Urban,Teaching,No,No,1,0.9089042366010726
42886.0,25.0,1715.4393138242744,100-149,Obesity,Nonprofit,Urban,Non-Teaching,No,No,0,0.33245961733125573
112998.5,80.5,1403.7079001605093,300-499,Obesity,Nonprofit,Urban,Teaching,Yes,No,0,0.0
62646.0,24.0,2610.2489123962864,300-499,Obesity,Nonprofit,Urban,Teaching,No,Yes,1,0.9866666666666667
4339.5,4.0,1084.8722878192805,1-49,Obesity,Nonprofit,Frontier,Non-Teaching,Yes,Yes,0,0.01
14965.0,39.0,383.7178503287563,150-199,Obesity,Nonprofit,Urban,Non-Teaching,No,No,0,0.006666666666666667
112998.5,80.5,1403.7079001605093,300-499,Obesity,Nonprofit,Urban,Teaching,No,No,0,0.0
5637.5,7.0,805.3559923485824,50-99,Obesity,Nonprofit,Urban,Non-Teaching,No,Yes,0,0.09249067024929093
82844.0,62.0,1336.1933328720431,300-499,Obesity,Investor Owned,Urban,Teaching,Yes,Yes,0,0.0
13380.0,22.0,608.1815417356629,200-299,Obesity,Investor Owned,Urban,Non-Teaching,No,No,0,0.04
17158.0,17.0,1009.293523944986,150-199,Obesity,Nonprofit,Urban,Non-Teaching,No,No,0,0.006666666666666667
43220.0,40.0,1080.4997298750675,300-499,Obesity,Nonprofit,Urban,Teaching,No,No,0,0.01791325887437989
63151.0,40.0,1578.7746053063486,200-299,Obesity,Nonprofit,Urban,Non-Teaching,No,No,0,0.0033333333333333335
73413.0,36.0,2039.249433541824,200-299,Obesity,Nonprofit,Urban,Teaching,No,No,1,0.9166666666666666
74166.0,30.0,2472.199175933608,300-499,Obesity,Nonprofit,Urban,Teaching,No,No,1,0.9466666666666667
39333.0,24.0,1638.8743171357012,200-299,Obesity,Nonprofit,Urban,Non-Teaching,No,Yes,0,0.006666666666666667
53345.0,27.0,1975.740008985182,150-199,Obesity,Nonprofit,Urban,Non-Teaching,No,No,1,0.7433333333333333
59695.0,30.0,1989.8326700557766,150-199,Obesity,Nonprofit,Urban,Non-Teaching,No,Yes,1,0.9533333333333334
71708.0,73.0,982.3012353012006,300-499,Obesity,Government,Urban,Teaching,Yes,Yes,0,0.0
45896.0,35.0,1311.313911053168,150-199,Obesity,Government,Urban,Non-Teaching,No,No,0,0.02666666666666667
34054.5,18.0,1891.9156156024358,100-149,Obesity,Nonprofit,Urban,Non-Teaching,No,No,1,0.9872150672617821
23820.0,19.5,1221.5378351088025,100-149,Obesity,Nonprofit,Urban,Non-Teaching,No,Yes,0,0.3917281320309028
32229.0,23.0,1401.260260321626,50-99,Obesity,Nonprofit,Urban,Non-Teaching,No,Yes,0,0.11666666666666667
2837.0,2.0,1418.4929075354623,1-49,Obesity,Government,Frontier,Non-Teaching,Yes,Yes,0,0.0
23943.0,20.0,1197.1494014252994,300-499,Obesity,Investor Owned,Urban,Non-Teaching,Yes,No,0,0.02
32425.0,41.0,790.8534656454962,300-499,Obesity,Government,Urban,Teaching,No,No,0,0.0
28244.0,16.0,1765.2488967194397,100-149,Obesity,Nonprofit,Rural,Non-Teaching,Yes,Yes,1,0.9566666666666667
4834.0,4.0,1208.4969787575533,50-99,Obesity,Government,Frontier,Non-Teaching,Yes,Yes,0,0.0033333333333333335
58831.0,56.0,1050.5533838297529,300-499,Obesity,Nonprofit,Urban,Non-Teaching,No,No,0,0.37687158092301476
73328.0,64.0,1145.7498209765904,300-499,Obesity,Investor Owned,Urban,Non-Teaching,Yes,Yes,0,0.0033333333333333335
68827.0,44.0,1564.249644488717,300-499,Obesity,Government,Urban,Teaching,No,Yes,0,0.0033333333333333335
51901.0,24.0,2162.540765608014,300-499,Obesity,Nonprofit,Urban,Non-Teaching,No,Yes,1,0.98
33076.0,52.0,636.0768007544614,500+,Obesity,Government,Urban,Teaching,No,No,0,0.0033333333333333335
28108.0,21.0,1338.4755531068795,200-299,Obesity,Nonprofit,Urban,Non-Teaching,Yes,Yes,0,0.02
67670.0,62.0,1091.4514368626715,300-499,Obesity,Investor Owned,Urban,Non-Teaching,Yes,Yes,0,0.0033333333333333335
13261.0,12.0,1105.082412431323,100-149,Pneumonia,Government,Urban,Non-Teaching,No,No,0,0.04582400358262427
29420.666666666668,22.0,1337.302422438293,300-499,Pneumonia,Nonprofit,Urban,Non-Teaching,No,No,0,0.007812088181968925
30782.5,40.0,769.562307609423,150-199,Pneumonia,Nonprofit,Urban,Teaching,No,No,0,0.0033333333333333335
65082.0,59.0,1103.0845587992274,200-299,Pneumonia,Government,Urban,Non-Teaching,No,No,0,0.0033333333333333335
29479.0,30.0,982.633005788998,300-499,Pneumonia,Nonprofit,Urban,Non-Teaching,No,No,0,0.04416194407445957
42180.666666666664,39.0,1081.5552782336893,300-499,Pneumonia,Government,Urban,Non-Teaching,No,No,0,0.030811610166007183
28620.0,17.0,1683.5284214538697,150-199,Pneumonia,Nonprofit,Urban,Non-Teaching,No,No,0,0.0033333333333333335
37801.333333333336,18.0,2100.0729073669036,100-149,Pneumonia,Nonprofit,Urban,Non-Teaching,No,No,1,0.9880841218022792
31745.0,22.0,1442.9538895664139,100-149,Pneumonia,Nonprofit,Urban,Non-Teaching,No,No,0,0.04759523447527358
110997.0,80.0,1387.4623265672092,300-499,Pneumonia,Nonprofit,Urban,Non-Teaching,No,No,0,0.0
66977.0,40.0,1674.4245813938546,200-299,Pneumonia,Nonprofit,Urban,Non-Teaching,No,No,0,0.013333333333333334
24025.0,14.0,1716.070202806998,50-99,Pneumonia,Nonprofit,Rural,Non-Teaching,Yes,No,0,0.023333333333333334
9708.5,5.0,1941.696116607767,100-149,Pneumonia,Nonprofit,Rural,Non-Teaching,Yes,Yes,1,0.8166666666666667
8570.0,14.0,612.1424198982716,100-149,Pneumonia,Nonprofit,Rural,Non-Teaching,Yes,Yes,0,0.14333333333333334
55911.0,49.0,1141.0405834611054,200-299,Pneumonia,Nonprofit,Urban,Non-Teaching,No,Yes,0,0.0
10039.0,8.0,1254.8734314082108,1-49,Pneumonia,Nonprofit,Rural,Non-Teaching,Yes,Yes,0,0.4872420297035933
41025.0,30.0,1367.4995441668186,100-149,Pneumonia,Nonprofit,Urban,Non-Teaching,No,No,0,0.3558240035826243
46164.333333333336,44.0,1049.1891554873132,500+,Pneumonia,Nonprofit,Urban,Non-Teaching,No,No,0,0.0
63404.333333333336,52.0,1219.3138680806665,200-299,Pneumonia,Nonprofit,Urban,Non-Teaching,No,No,0,0.24666666666666667
50722.333333333336,32.0,1585.072421331535,200-299,Pneumonia,Nonprofit,Urban,Non-Teaching,No,No,0,0.02951770686488103
16929.333333333332,12.0,1410.7766021306093,100-149,Pneumonia,Investor Owned,Urban,Non-Teaching,No,No,0,0.03193659850089322
63958.666666666664,36.0,1776.629136121536,150-199,Pneumonia,Nonprofit,Urban,Non-Teaching,No,No,1,0.8466666666666667
16776.666666666668,12.0,1398.0543905102302,100-149,Pneumonia,Nonprofit,Rural,Non-Teaching,Yes,Yes,0,0.07333333333333333
55450.333333333336,59.0,939.8359988978533,300-499,Pneumonia,Nonprofit,Rural,Non-Teaching,Yes,Yes,0,0.05333333333333334
7588.5,9.0,843.1657298158558,100-149,Pneumonia,Investor Owned,Rural,Non-Teaching,Yes,Yes,0,0.006666666666666667
80788.66666666667,73.0,1106.693912325035,500+,Pneumonia,Nonprofit,Urban,Teaching,Yes,No,0,0.016666666666666666
35672.666666666664,10.0,3567.263099403567,1-49,Pneumonia,Nonprofit,Rural,Non-Teaching,Yes,Yes,1,0.49453060907918805
57338.0,48.0,1194.5414178038711,300-499,Pneumonia,Nonprofit,Urban,Non-Teaching,No,Yes,0,0.006666666666666667
47511.333333333336,21.0,2262.4433670904605,150-199,Pneumonia,Nonprofit,Urban,Non-Teaching,No,Yes,1,0.9666666666666667
5907.0,4.333333333333333,1363.1507004214607,1-49,Pneumonia,Investor Owned,Frontier,Non-Teaching,Yes,Yes,0,0.0
10314.0,8.0,1289.2483884395144,1-49,Pneumonia,Investor Owned,Rural,Non-Teaching,Yes,Yes,0,0.007098245468289995
28371.0,20.0,1418.5492907253547,100-149,Pneumonia,Investor Owned,Rural,Non-Teaching,Yes,Yes,0,0.016666666666666666
39829.0,16.0,2489.31094418066,100-149,Pneumonia,Government,Rural,Non-Teaching,Yes,Yes,1,0.9633333333333334
7991.666666666667,7.666666666666667,1042.3899447087679,1-49,Pneumonia,Government,Rural,Non-Teaching,No,No,0,0.01582400358262427
1610.0,2.0,804.9959750201249,1-49,Pneumonia,Government,Frontier,Non-Teaching,Yes,No,0,0.0
28485.0,10.0,2848.4971515028487,150-199,Pneumonia,Nonprofit,Urban,Non-Teaching,Yes,Yes,1,0.9833333333333333
6546.333333333333,8.0,818.290643803362,100-149,Pneumonia,Government,Frontier,Non-Teaching,Yes,Yes,0,0.0
64106.0,42.666666666666664,1502.484022855307,100-149,Pneumonia,Nonprofit,Urban,Non-Teaching,No,Yes,0,0.07951770686488102
15535.666666666666,12.0,1294.6378100240472,50-99,Pneumonia,Nonprofit,Rural,Non-Teaching,Yes,Yes,0,0.3233333333333333
20035.333333333332,13.0,1541.1783016577167,1-49,Pneumonia,Nonprofit,Rural,Non-Teaching,Yes,Yes,0,0.014839124797559016
88985.33333333333,40.666666666666664,2188.163396353263,150-199,Pneumonia,Nonprofit,Urban,Non-Teaching,Yes,Yes,1,0.9933333333333333
18720.666666666668,8.0,2340.080408232823,1-49,Pneumonia,Nonprofit,Rural,Non-Teaching,Yes,Yes,1,0.4872420297035933
18771.0,12.0,1564.2486964594198,1-49,Pneumonia,Nonprofit,Rural,Non-Teaching,Yes,Yes,0,0.010663128380183287
10002.666666666666,8.0,1250.3317704186202,1-49,Pneumonia,Nonprofit,Rural,Non-Teaching,Yes,Yes,0,0.4872420297035933
14433.0,8.0,1804.122744846569,100-149,Pneumonia,Investor Owned,Urban,Non-Teaching,No,No,1,0.44272218725718954
102466.66666666667,42.666666666666664,2401.561937133921,300-499,Pneumonia,Government,Urban,Non-Teaching,No,Yes,1,0.94
36011.0,26.0,1385.0379288315658,300-499,Pneumonia,Nonprofit,Urban,Non-Teaching,No,No,0,0.0033333333333333335
12317.0,17.0,724.528985571185,300-499,Pneumonia,Investor Owned,Urban,Non-Teaching,No,No,0,0.04632884500299222
57101.0,35.0,1631.4566767266635,300-499,Pneumonia,Nonprofit,Urban,Non-Teaching,No,No,0,0.5833422343122079
34882.0,50.5,690.7325364886066,300-499,Pneumonia,Investor Owned,Urban,Non-Teaching,Yes,No,0,0.0033333333333333335
65446.0,41.0,1596.2435131113382,300-499,Pneumonia,Nonprofit,Urban,Teaching,Yes,No,0,0.0
29986.333333333332,14.0,2141.879422467079,50-99,Pneumonia,Investor Owned,Urban,Non-Teaching,No,Yes,1,0.9933333333333333
3751.5,4.0,937.8726553183618,100-149,Pneumonia,Investor Owned,Urban,Non-Teaching,Yes,Yes,0,0.016666666666666666
20267.0,12.0,1688.915259237284,200-299,Pneumonia,Investor Owned,Urban,Non-Teaching,No,No,0,0.10666666666666667
33361.5,14.0,2382.9625835981547,150-199,Pneumonia,Investor Owned,Urban,Non-Teaching,No,No,1,0.81
46487.666666666664,30.666666666666668,1515.9016795972782,150-199,Pneumonia,Nonprofit,Urban,Non-Teaching,No,No,0,0.24
9859.5,8.0,1232.4359594550508,100-149,Pneumonia,Investor Owned,Urban,Non-Teaching,Yes,Yes,0,0.023333333333333334
6710.333333333333,9.0,745.591764157299,100-149,Pneumonia,Investor Owned,Urban,Non-Teaching,No,No,0,0.11906622137119051
16033.333333333334,21.0,763.4916999245874,200-299,Pneumonia,Investor Owned,Urban,Non-Teaching,No,No,0,0.0033333333333333335
39767.5,37.0,1074.7970068116197,500+,Pneumonia,Nonprofit,Urban,Non-Teaching,No,No,0,0.01249067024929094
18635.5,9.0,2070.608810434655,100-149,Pneumonia,Investor Owned,Urban,Non-Teaching,Yes,No,1,0.9337290729806795
79359.66666666667,32.0,2479.9888083368305,300-499,Pneumonia,Nonprofit,Urban,Non-Teaching,No,No,1,0.5922787804827291
68964.66666666667,30.0,2298.8214559484036,500+,Pneumonia,Nonprofit,Urban,Non-Teaching,Yes,No,1,0.9866666666666667
53635.333333333336,57.0,940.9705951513575,300-499,Pneumonia,Nonprofit,Urban,Teaching,Yes,No,0,0.0
62426.5,49.5,1261.1411593654223,200-299,Pneumonia,Nonprofit,Urban,Non-Teaching,Yes,No,0,0.10666666666666667
61938.666666666664,41.0,1510.6988185287432,200-299,Pneumonia,Nonprofit,Urban,Non-Teaching,No,No,0,0.006666666666666667
79005.0,53.0,1490.6600961018685,200-299,Pneumonia,Nonprofit,Urban,Non-Teaching,No,No,0,0.6892778680926207
40703.0,29.0,1403.5512401547448,300-499,Pneumonia,Nonprofit,Urban,Non-Teaching,No,No,0,0.0
32344.666666666668,18.0,1796.9249276342996,100-149,Pneumonia,Nonprofit,Urban,Non-Teaching,No,No,1,0.9880841218022792
36378.0,15.0,2425.198383201078,200-299,Pneumonia,Investor Owned,Urban,Non-Teaching,No,No,1,0.8366666666666667
29577.0,10.666666666666666,2772.841150461422,150-199,Pneumonia,Investor Owned,Urban,Non-Teaching,Yes,No,1,0.4666666666666667
72059.5,64.0,1125.9295115735138,300-499,Pneumonia,Nonprofit,Urban,Teaching,No,No,0,0.0
35037.666666666664,29.0,1208.19498567989,300-499,Pneumonia,Nonprofit,Urban,Non-Teaching,No,No,0,0.0
16074.666666666666,5.666666666666667,2836.700876410218,100-149,Pneumonia,Investor Owned,Urban,Non-Teaching,No,No,1,0.9050504505280166
54946.0,55.5,990.0178396364253,500+,Pneumonia,Nonprofit,Urban,Teaching,No,No,0,0.0
47234.0,37.0,1276.5942495691215,300-499,Pneumonia,Nonprofit,Urban,Non-Teaching,No,No,0,0.09640285048665902
4946.5,4.0,1236.621908445229,50-99,Pneumonia,Investor Owned,Urban,Non-Teaching,No,No,0,0.006666666666666667
6297.5,7.0,899.6415719406116,100-149,Pneumonia,Investor Owned,Urban,Non-Teaching,No,No,0,0.38947004247851796
77714.0,71.0,1094.5632261178555,300-499,Pneumonia,Nonprofit,Urban,Non-Teaching,No,No,0,0.0
57211.0,61.0,937.8850921499849,500+,Pneumonia,Nonprofit,Urban,Non-Teaching,No,No,0,0.006666666666666667
12230.666666666666,8.0,1528.8314222940555,100-149,Pneumonia,Investor Owned,Urban,Non-Teaching,No,No,0,0.44272218725718954
32363.666666666668,15.333333333333334,2110.672536517911,200-299,Pneumonia,Nonprofit,Urban,Non-Teaching,No,No,1,0.8516480071652486
31796.5,21.0,1514.1183266103208,200-299,Pneumonia,Government,Urban,Non-Teaching,No,No,0,0.043333333333333335
6826.0,7.0,975.1414640836227,200-299,Pneumonia,Investor Owned,Urban,Non-Teaching,Yes,No,0,0.01
18475.333333333332,12.0,1539.609828102921,150-199,Pneumonia,Nonprofit,Urban,Non-Teaching,No,No,0,0.01582400358262427
46827.333333333336,41.333333333333336,1132.9190807453836,300-499,Pneumonia,Investor Owned,Urban,Non-Teaching,Yes,Yes,0,0.016666666666666666
23936.333333333332,27.0,886.530535852888,200-299,Pneumonia,Nonprofit,Urban,Non-Teaching,No,No,0,0.0033333333333333335
50359.333333333336,40.0,1258.9830185875787,300-499,Pneumonia,Nonprofit,Urban,Non-Teaching,No,No,0,0.4476213001205758
9195.333333333334,8.0,1149.4152298976294,100-149,Pneumonia,Investor Owned,Urban,Non-Teaching,No,No,0,0.44272218725718954
43418.0,32.0,1356.8120759962262,300-499,Pneumonia,Nonprofit,Urban,Non-Teaching,No,No,0,0.5922787804827291
21073.5,13.0,1621.037214586758,150-199,Pneumonia,Nonprofit,Urban,Non-Teaching,No,No,0,0.029157336915957604
46270.0,30.0,1542.3328192223937,200-299,Pneumonia,Investor Owned,Urban,Non-Teaching,No,No,0,0.0
49428.0,28.0,1765.285083826756,300-499,Pneumonia,Nonprofit,Urban,Teaching,No,No,1,0.9033333333333333
23054.5,13.0,1773.4217127525287,150-199,Pneumonia,Investor Owned,Urban,Non-Teaching,No,No,1,0.7966666666666666
52035.666666666664,30.0,1734.5216440483407,300-499,Pneumonia,Nonprofit,Urban,Non-Teaching,No,No,0,0.04416194407445957
73969.0,72.66666666666667,1017.9218782676313,300-499,Pneumonia,Government,Urban,Teaching,Yes,No,0,0.0
105955.5,80.5,1316.2172277991021,500+,Pneumonia,Government,Urban,Teaching,No,No,0,0.0
99493.0,29.0,3430.791920416579,100-149,Pneumonia,Nonprofit,Urban,Teaching,Yes,Yes,1,0.9966666666666667
50463.666666666664,50.666666666666664,995.9932244750214,300-499,Pneumonia,Government,Urban,Teaching,No,No,0,0.0033333333333333335
40780.666666666664,37.333333333333336,1092.3389931234838,200-299,Pneumonia,Nonprofit,Urban,Non-Teaching,No,No,0,0.06666666666666667
67262.0,33.0,2038.2418065933919,200-299,Pneumonia,Nonprofit,Urban,Non-Teaching,Yes,No,1,0.9566666666666667
92182.33333333333,80.0,1152.2790226317886,300-499,Pneumonia,Nonprofit,Urban,Non-Teaching,No,No,0,0.0
64397.333333333336,35.0,1839.9232838314426,150-199,Pneumonia,Investor Owned,Urban,Non-Teaching,Yes,Yes,1,0.94
77745.33333333333,38.0,2045.9292861589595,300-499,Pneumonia,Nonprofit,Rural,Non-Teaching,Yes,Yes,1,0.9333333333333333
27449.0,19.0,1444.683450166605,100-149,Pneumonia,Nonprofit,Urban,Non-Teaching,No,No,0,0.6155006558034395
29936.333333333332,31.0,965.6878605307977,300-499,Pneumonia,Nonprofit,Urban,Non-Teaching,No,No,0,0.5573023167547668
14621.0,9.0,1624.553750495833,1-49,Pneumonia,Nonprofit,Urban,Non-Teaching,No,No,0,0.02
6284.0,3.6666666666666665,1713.8135077813424,1-49,Pneumonia,Government,Rural,Non-Teaching,Yes,Yes,0,0.0
9094.0,6.0,1515.6641405597659,1-49,Pneumonia,Nonprofit,Rural,Non-Teaching,Yes,Yes,0,0.21425711632186334
28163.666666666668,19.0,1482.2974654574743,50-99,Pneumonia,Nonprofit,Rural,Non-Teaching,Yes,Yes,0,0.04
13366.0,9.0,1485.1094609894878,1-49,Pneumonia,Nonprofit,Rural,Non-Teaching,Yes,Yes,0,0.14275710330747474
25567.333333333332,10.0,2556.7307766025565,1-49,Pneumonia,Nonprofit,Rural,Non-Teaching,Yes,Yes,1,0.49453060907918805
57461.0,26.0,2210.0376115239956,150-199,Pneumonia,Nonprofit,Urban,Non-Teaching,Yes,Yes,1,0.98
511.0,1.0,510.99489005109945,1-49,Pneumonia,Government,Frontier,Non-Teaching,Yes,Yes,0,0.0
41278.666666666664,30.666666666666668,1346.0430393337915,200-299,Pneumonia,Nonprofit,Urban,Non-Teaching,No,No,0,0.006666666666666667
14553.0,6.0,2425.495957506738,50-99,Pneumonia,Nonprofit,Rural,Non-Teaching,No,Yes,1,0.9433333333333334
50028.333333333336,16.0,3126.768879102784,200-299,Pneumonia,Government,Urban,Non-Teaching,Yes,Yes,1,0.98
51527.5,19.0,2711.972256856707,150-199,Pneumonia,Government,Urban,Non-Teaching,Yes,Yes,1,0.9033333333333333
24487.0,18.0,1360.3881331177038,150-199,Pneumonia,Investor Owned,Urban,Non-Teaching,No,No,0,0.02666666666666667
6034.5,8.0,754.3115571105536,100-149,Pneumonia,Nonprofit,Rural,Non-Teaching,No,No,0,0.01
12749.5,15.0,849.9661000226,50-99,Pneumonia,Government,Rural,Non-Teaching,Yes,Yes,0,0.023333333333333334
92289.0,35.666666666666664,2587.5413305958887,300-499,Pneumonia,Nonprofit,Urban,Non-Teaching,No,No,1,0.8138220910555755
27767.5,26.0,1067.9803584690928,200-299,Pneumonia,Nonprofit,Urban,Non-Teaching,No,No,0,0.0033333333333333335
23505.0,30.0,783.4997388334205,200-299,Pneumonia,Investor Owned,Urban,Teaching,No,Yes,0,0.0
5063.0,8.0,632.8742089072389,100-149,Pneumonia,Investor Owned,Urban,Non-Teaching,No,No,0,0.44272218725718954
12153.0,11.0,1104.8171774389295,150-199,Pneumonia,Investor Owned,Urban,Non-Teaching,No,Yes,0,0.03333333333333333
100965.66666666667,80.5,1254.2317282527874,300-499,Pneumonia,Nonprofit,Urban,Non-Teaching,No,No,0,0.0
11960.0,12.0,996.6658361118033,100-149,Pneumonia,Investor Owned,Urban,Non-Teaching,No,No,0,0.03193659850089322
11887.333333333334,11.0,1080.6656842433174,100-149,Pneumonia,Investor Owned,Urban,Non-Teaching,No,No,0,0.03193659850089322
25199.5,23.0,1095.6299584217572,150-199,Pneumonia,Investor Owned,Urban,Non-Teaching,No,No,0,0.01
11411.0,10.0,1141.098858901141,150-199,Pneumonia,Investor Owned,Urban,Non-Teaching,Yes,No,0,0.03666666666666667
34495.5,44.5,775.1796010832356,300-499,Pneumonia,Nonprofit,Urban,Non-Teaching,No,No,0,0.0022111784779511646
42020.0,50.666666666666664,829.3419415772483,300-499,Pneumonia,Government,Urban,Teaching,Yes,No,0,0.0
19240.0,12.0,1603.3319972233357,150-199,Pneumonia,Investor Owned,Urban,Non-Teaching,Yes,No,0,0.03666666666666667
27262.5,31.0,879.4352001821935,200-299,Pneumonia,Nonprofit,Urban,Non-Teaching,No,No,0,0.016184373531547697
14340.0,20.0,716.9996415001792,150-199,Pneumonia,Nonprofit,Urban,Non-Teaching,No,No,0,0.01249067024929094
53749.666666666664,36.0,1493.045881561329,300-499,Pneumonia,Nonprofit,Urban,Non-Teaching,No,No,0,0.1685844138595267
4135.333333333333,8.0,516.916020521641,150-199,Pneumonia,Investor Owned,Urban,Non-Teaching,No,No,0,0.11607643596290049
24221.0,24.0,1009.2079128300363,200-299,Pneumonia,Investor Owned,Urban,Non-Teaching,Yes,No,0,0.02
17550.0,17.5,1002.8565697962458,200-299,Pneumonia,Investor Owned,Urban,Non-Teaching,No,No,0,0.10666666666666667
109291.5,72.0,1517.9372891753765,200-299,Pneumonia,Nonprofit,Urban,Non-Teaching,No,No,0,0.02666666666666667
26386.333333333332,14.0,1884.7367489975602,50-99,Pneumonia,Nonprofit,Urban,Non-Teaching,No,Yes,1,0.9666666666666667
69937.5,69.0,1013.5868096251,300-499,Pneumonia,Nonprofit,Urban,Non-Teaching,No,No,0,0.0
112998.5,62.0,1822.5561576522325,300-499,Pneumonia,Nonprofit,Urban,Non-Teaching,No,No,1,0.5233333333333333
3495.0,3.0,1164.996116679611,1-49,Pneumonia,Government,Frontier,Non-Teaching,Yes,Yes,0,0.0
2546.6666666666665,2.0,1273.3269666984997,1-49,Pneumonia,Government,Frontier,Non-Teaching,Yes,Yes,0,0.0
44698.666666666664,30.0,1489.9550589038693,150-199,Pneumonia,Investor Owned,Urban,Non-Teaching,No,Yes,0,0.016666666666666666
54417.5,28.0,1943.4814487566255,300-499,Pneumonia,Investor Owned,Urban,Non-Teaching,No,Yes,1,0.9633333333333334
39938.5,29.0,1377.189180279593,300-499,Pneumonia,Investor Owned,Urban,Non-Teaching,Yes,Yes,0,0.03333333333333333
45627.5,12.0,3802.2884980929184,100-149,Pneumonia,Investor Owned,Urban,Non-Teaching,No,Yes,1,0.9829955116696589
7767.0,7.0,1109.5698434716523,1-49,Pneumonia,Government,Rural,Non-Teaching,Yes,Yes,0,0.0
45660.666666666664,41.0,1113.6745251200343,150-199,Pneumonia,Investor Owned,Urban,Non-Teaching,No,Yes,0,0.013333333333333334
37046.333333333336,28.0,1323.0828608037402,50-99,Pneumonia,Government,Urban,Non-Teaching,No,Yes,0,0.11
15067.333333333334,12.0,1255.6100647693906,50-99,Pneumonia,Investor Owned,Urban,Non-Teaching,Yes,No,0,0.02
54291.666666666664,41.0,1324.1866688975604,200-299,Pneumonia,Nonprofit,Urban,Non-Teaching,No,Yes,0,0.006666666666666667
47474.5,26.0,1825.9416054070748,50-99,Pneumonia,Nonprofit,Urban,Non-Teaching,No,Yes,1,0.8533333333333334
90694.33333333333,53.0,1711.213513607513,100-149,Pneumonia,Investor Owned,Urban,Non-Teaching,No,Yes,0,0.02666666666666667
35054.666666666664,21.0,1669.2690463798192,100-149,Pneumonia,Investor Owned,Urban,Non-Teaching,No,No,0,0.009157336915957605
47299.5,58.5,808.5383233267823,100-149,Pneumonia,Nonprofit,Urban,Non-Teaching,No,Yes,0,0.03
95381.5,59.0,1616.6353192143526,200-299,Pneumonia,Nonprofit,Urban,Non-Teaching,No,No,0,0.10951770686488103
63503.666666666664,70.0,907.1951084959368,500+,Pneumonia,Government,Urban,Teaching,No,No,0,0.0
84523.33333333333,51.333333333333336,1646.5581208003657,500+,Pneumonia,Nonprofit,Urban,Non-Teaching,No,No,0,0.013333333333333334
106119.0,53.0,2002.2449052368102,200-299,Pneumonia,Nonprofit,Urban,Non-Teaching,No,No,1,0.6892778680926207
21385.333333333332,18.0,1188.0734140332884,50-99,Pneumonia,Government,Rural,Non-Teaching,Yes,No,0,0.03
11297.666666666666,7.0,1613.9500753094162,1-49,Pneumonia,Government,Rural,Non-Teaching,Yes,Yes,0,0.0
33224.0,15.0,2214.9318567120954,100-149,Pneumonia,Investor Owned,Urban,Non-Teaching,No,No,1,0.48413867741453953
22289.0,12.0,1857.4151188207343,100-149,Pneumonia,Investor Owned,Urban,Non-Teaching,No,Yes,1,0.9829955116696589
112998.5,80.5,1403.7079001605093,300-499,Pneumonia,Nonprofit,Urban,Non-Teaching,Yes,No,0,0.0033333333333333335
40403.0,40.0,1010.074747481313,300-499,Pneumonia,Nonprofit,Urban,Teaching,No,No,0,0.043022788643958344
8291.666666666666,6.0,1381.9421412075424,1-49,Pneumonia,Government,Rural,Non-Teaching,Yes,Yes,0,0.0
75626.66666666667,52.0,1454.35869467461,300-499,Pneumonia,Nonprofit,Urban,Non-Teaching,No,Yes,0,0.006666666666666667
53317.333333333336,18.0,2962.0724284782805,300-499,Pneumonia,Nonprofit,Urban,Non-Teaching,No,Yes,1,0.9866666666666667
62192.333333333336,43.0,1446.3329969768224,200-299,Pneumonia,Nonprofit,Urban,Non-Teaching,No,Yes,0,0.006666666666666667
30790.0,16.0,1924.3737972663766,100-149,Pneumonia,Investor Owned,Urban,Non-Teaching,Yes,Yes,1,0.9633333333333334
22806.333333333332,15.333333333333334,1487.3685951943944,150-199,Pneumonia,Investor Owned,Rural,Non-Teaching,Yes,Yes,0,0.01
35471.0,20.333333333333332,1744.4745518977616,100-149,Pneumonia,Investor Owned,Urban,Non-Teaching,Yes,Yes,1,0.9666666666666667
57942.0,47.0,1232.8082483386704,300-499,Pneumonia,Government,Urban,Teaching,Yes,No,0,0.0
25407.666666666668,16.0,1587.9781741803079,1-49,Pneumonia,Investor Owned,Rural,Non-Teaching,Yes,Yes,0,0.0
23200.666666666668,15.0,1546.710079971058,50-99,Pneumonia,Nonprofit,Urban,Non-Teaching,No,Yes,0,0.15666666666666668
79146.5,63.0,1256.2934513819919,500+,Pneumonia,Nonprofit,Urban,Non-Teaching,No,No,0,0.0
86469.0,80.5,1074.148934888331,500+,Pneumonia,Nonprofit,Urban,Non-Teaching,No,Yes,0,0.006666666666666667
112241.5,80.5,1394.3041746205993,300-499,Pneumonia,Nonprofit,Urban,Non-Teaching,No,No,0,0.0
96961.66666666667,77.33333333333333,1253.8144930412295,300-499,Pneumonia,Nonprofit,Urban,Teaching,No,No,0,0.0
17293.0,20.0,864.6495676752162,200-299,Pneumonia,Investor Owned,Urban,Non-Teaching,Yes,Yes,0,0.02
37200.666666666664,47.0,791.5033776943167,300-499,Pneumonia,Nonprofit,Urban,Non-Teaching,No,No,0,0.0022111784779511646
39953.666666666664,40.0,998.8414169563123,300-499,Pneumonia,Government,Urban,Non-Teaching,No,No,0,0.030811610166007183
60332.5,80.5,749.4719565873346,300-499,Pneumonia,Government,Urban,Teaching,No,No,0,0.0
63761.0,48.0,1328.3538899262728,300-499,Pneumonia,Nonprofit,Urban,Non-Teaching,No,No,0,0.0022111784779511646
26922.5,8.0,3365.3082933646333,200-299,Pneumonia,Government,Urban,Non-Teaching,No,No,1,0.8966666666666666
44178.666666666664,38.0,1162.5961852817054,150-199,Pneumonia,Nonprofit,Urban,Non-Teaching,No,No,0,0.03198808459934465
77978.0,72.0,1083.027627357274,200-299,Pneumonia,Government,Urban,Non-Teaching,No,Yes,0,0.0033333333333333335
31841.333333333332,28.666666666666668,1110.7437985777447,200-299,Pneumonia,Nonprofit,Urban,Teaching,No,No,0,0.09
10480.666666666666,12.0,873.3881610654213,200-299,Pneumonia,Nonprofit,Urban,Non-Teaching,No,No,0,0.3616480071652486
43609.0,59.0,739.135467943141,300-499,Pneumonia,Government,Urban,Teaching,No,No,0,0.0
20186.666666666668,19.0,1062.4555811637292,200-299,Pneumonia,Nonprofit,Urban,Non-Teaching,No,No,0,0.02666666666666667
11045.666666666666,12.0,920.4714551626762,200-299,Pneumonia,Nonprofit,Urban,Teaching,No,No,0,0.03333333333333333
26493.666666666668,35.0,756.9616884871366,200-299,Pneumonia,Nonprofit,Urban,Non-Teaching,No,Yes,0,0.01
17995.0,16.0,1124.686797070752,100-149,Pneumonia,Nonprofit,Urban,Non-Teaching,No,No,0,0.2761843735315477
49033.666666666664,28.0,1751.2017555231826,150-199,Pneumonia,Nonprofit,Urban,Non-Teaching,No,Yes,1,0.9833333333333333
41087.333333333336,25.333333333333332,1621.8677808416658,150-199,Pneumonia,Government,Urban,Non-Teaching,Yes,Yes,0,0.08
29388.666666666668,14.0,2099.1889767697785,50-99,Pneumonia,Nonprofit,Urban,Non-Teaching,No,Yes,1,0.9666666666666667
25987.0,11.0,2362.4523977705476,50-99,Pneumonia,Investor Owned,Urban,Non-Teaching,No,Yes,1,0.9866666666666667
103851.33333333333,46.666666666666664,2225.385237417449,50-99,Pneumonia,Nonprofit,Urban,Non-Teaching,No,Yes,1,0.9666666666666667
25632.666666666668,18.0,1424.0362459057894,50-99,Pneumonia,Nonprofit,Rural,Non-Teaching,No,Yes,0,0.05
20801.333333333332,22.0,945.5147217357325,50-99,Pneumonia,Nonprofit,Rural,Non-Teaching,No,Yes,0,0.04666666666666667
19784.666666666668,11.0,1798.6044255111285,150-199,Pneumonia,Investor Owned,Rural,Non-Teaching,No,Yes,1,0.86
27192.666666666668,23.0,1182.2893410336198,100-149,Pneumonia,Investor Owned,Urban,Non-Teaching,No,No,0,0.005824003582624272
33189.666666666664,15.0,2212.6429693491314,150-199,Pneumonia,Government,Urban,Non-Teaching,No,No,1,0.9
39927.666666666664,19.0,2101.4550343219116,100-149,Pneumonia,Nonprofit,Urban,Non-Teaching,No,No,1,0.6155006558034395
13136.0,22.0,597.0906376860738,300-499,Pneumonia,Investor Owned,Urban,Non-Teaching,No,No,0,0.07333333333333333
1620.0,7.0,231.42824081679885,100-149,Pneumonia,Investor Owned,Rural,Non-Teaching,No,No,0,0.025597144072752046
41904.5,26.0,1611.7109185727236,200-299,Pneumonia,Nonprofit,Urban,Non-Teaching,No,No,0,0.0033333333333333335
14532.0,17.0,854.8230265746903,200-299,Pneumonia,Nonprofit,Urban,Non-Teaching,No,No,0,0.0991573369159576
32738.0,24.0,1364.0827649655146,150-199,Pneumonia,Nonprofit,Urban,Non-Teaching,No,No,0,0.09666666666666666
22042.666666666668,22.0,1001.9389385126037,1-49,Pneumonia,Nonprofit,Urban,Non-Teaching,No,Yes,0,0.04
18819.5,10.0,1881.948118051882,50-99,Pneumonia,Government,Rural,Non-Teaching,No,Yes,1,0.9666666666666667
48621.0,41.0,1185.8777595420097,200-299,Pneumonia,Nonprofit,Urban,Non-Teaching,Yes,Yes,0,0.006666666666666667
35892.0,40.5,886.2220034019743,300-499,Pneumonia,Nonprofit,Urban,Non-Teaching,No,No,0,0.09513809243171972
9330.0,8.0,1166.2485421893223,1-49,Pneumonia,Nonprofit,Rural,Non-Teaching,No,Yes,0,0.06417500639775835
52909.5,40.0,1322.7371693157077,300-499,Pneumonia,Nonprofit,Urban,Non-Teaching,No,No,0,0.4476213001205758
47574.333333333336,35.0,1359.266278304873,300-499,Pneumonia,Investor Owned,Urban,Non-Teaching,No,No,0,0.14
49958.666666666664,25.0,1998.3458673283196,300-499,Pneumonia,Government,Urban,Non-Teaching,No,No,1,0.9033333333333333
73416.5,80.5,912.0060978874412,200-299,Pneumonia,Nonprofit,Urban,Teaching,No,No,0,0.0
65069.0,36.0,1807.4717201467442,200-299,Pneumonia,Nonprofit,Urban,Non-Teaching,No,No,1,0.86
33380.333333333336,8.0,4172.536450996104,50-99,Pneumonia,Government,Rural,Non-Teaching,No,No,1,0.9624906702492908
67463.5,30.0,2248.7825837391388,300-499,Pneumonia,Nonprofit,Urban,Non-Teaching,No,No,1,0.04416194407445957
28103.666666666668,13.333333333333334,2107.7734191699356,100-149,Pneumonia,Nonprofit,Urban,Non-Teaching,Yes,No,1,0.9866666666666667
3986.3333333333335,6.0,664.3877815759197,100-149,Pneumonia,Government,Frontier,Non-Teaching,Yes,Yes,0,0.0
24901.0,28.0,889.3211109567461,200-299,Pneumonia,Investor Owned,Urban,Non-Teaching,No,Yes,0,0.0
42502.0,26.0,1634.691678964739,200-299,Pneumonia,Nonprofit,Urban,Non-Teaching,No,Yes,0,0.0033333333333333335
9721.666666666666,11.0,883.7870753450829,1-49,Pneumonia,Nonprofit,Rural,Non-Teaching,Yes,Yes,0,0.01399646171351662
9916.0,7.0,1416.5694049008503,1-49,Pneumonia,Nonprofit,Rural,Non-Teaching,Yes,Yes,0,0.16971758461037223
57303.333333333336,51.0,1123.594550929173,200-299,Pneumonia,Nonprofit,Urban,Non-Teaching,No,No,0,0.24333333333333335
24714.666666666668,13.0,1901.1267427230187,100-149,Pneumonia,Nonprofit,Urban,Non-Teaching,No,No,1,0.8466666666666667
57780.0,45.0,1283.99971466673,150-199,Pneumonia,Nonprofit,Urban,Non-Teaching,No,No,0,0.006666666666666667
48864.0,27.0,1809.7771074899601,100-149,Pneumonia,Nonprofit,Urban,Non-Teaching,No,No,1,0.7891573369159576
8867.0,9.0,985.2211275320806,1-49,Pneumonia,Investor Owned,Rural,Non-Teaching,No,No,0,0.002490670249290939
17207.5,15.0,1147.1659018893988,50-99,Pneumonia,Investor Owned,Urban,Non-Teaching,No,No,0,0.013333333333333334
35628.0,29.5,1207.728404159863,200-299,Pneumonia,Investor Owned,Urban,Non-Teaching,No,Yes,0,0.0
8424.666666666666,8.333333333333334,1010.9587868494557,50-99,Pneumonia,Government,Urban,Non-Teaching,Yes,No,0,0.056666666666666664
53276.0,30.0,1775.8660747113086,150-199,Pneumonia,Nonprofit,Urban,Teaching,No,Yes,1,0.98
31739.5,34.0,933.5144313192848,100-149,Pneumonia,Nonprofit,Urban,Non-Teaching,No,Yes,0,0.08666666666666667
77669.33333333333,33.0,2353.6154483993587,300-499,Pneumonia,Investor Owned,Urban,Non-Teaching,No,No,1,0.7358240035826242
51875.333333333336,32.0,1621.1036600717728,200-299,Pneumonia,Investor Owned,Urban,Non-Teaching,No,No,0,0.0
72098.66666666667,40.0,1802.4662160501127,300-499,Pneumonia,Nonprofit,Urban,Non-Teaching,No,No,1,0.4476213001205758
18690.333333333332,12.0,1557.5264798390444,1-49,Pneumonia,Government,Rural,Non-Teaching,Yes,No,0,0.0
28291.666666666668,14.0,2020.8318898819837,50-99,Pneumonia,Nonprofit,Rural,Non-Teaching,Yes,Yes,1,0.8633333333333333
59761.5,80.5,742.3787897666099,300-499,Pneumonia,Government,Urban,Non-Teaching,Yes,Yes,0,0.0
33321.0,24.0,1388.3744215106578,150-199,Pneumonia,Government,Rural,Non-Teaching,Yes,Yes,0,0.006666666666666667
28867.333333333332,15.0,1924.4876058971515,100-149,Pneumonia,Nonprofit,Rural,Non-Teaching,Yes,Yes,1,0.86
30663.666666666668,18.0,1703.536090628098,50-99,Pneumonia,Nonprofit,Rural,Non-Teaching,Yes,Yes,0,0.04
40721.5,38.5,1057.70102397376,200-299,Pneumonia,Government,Urban,Non-Teaching,No,No,0,0.0033333333333333335
40176.0,28.0,1434.8566304083463,300-499,Pneumonia,Investor Owned,Urban,Non-Teaching,No,No,0,0.18666666666666668
7952.0,6.0,1325.331124448126,1-49,Pneumonia,Nonprofit,Rural,Non-Teaching,No,No,0,0.01
22600.333333333332,14.0,1614.3083707321161,100-149,Pneumonia,Nonprofit,Urban,Non-Teaching,No,No,0,0.5633333333333334
45771.666666666664,31.0,1476.5049000521826,200-299,Pneumonia,Nonprofit,Urban,Non-Teaching,No,Yes,0,0.0
26971.5,11.0,2451.952316406985,1-49,Pneumonia,Nonprofit,Urban,Non-Teaching,No,Yes,1,0.7433333333333333
59699.0,44.0,1356.7951461829211,200-299,Pneumonia,Nonprofit,Rural,Non-Teaching,Yes,Yes,0,0.0033333333333333335
36398.0,40.0,909.9497725125568,150-199,Pneumonia,Nonprofit,Urban,Non-Teaching,No,No,0,0.011988084599344653
69248.0,54.0,1282.3701328944198,150-199,Pneumonia,Government,Urban,Non-Teaching,No,No,0,0.0
112998.5,80.0,1412.4810734398657,300-499,Pneumonia,Nonprofit,Urban,Teaching,No,No,0,0.0
9934.0,5.0,1986.7960264079472,1-49,Pneumonia,Nonprofit,Rural,Non-Teaching,Yes,Yes,1,0.8564945129880893
15236.0,11.0,1385.0896499185,1-49,Pneumonia,Nonprofit,Rural,Non-Teaching,Yes,Yes,0,0.01399646171351662
26490.0,24.0,1103.7495401043584,100-149,Pneumonia,Nonprofit,Rural,Non-Teaching,No,No,0,0.0033333333333333335
9268.0,9.0,1029.7766335815184,50-99,Pneumonia,Investor Owned,Rural,Non-Teaching,Yes,Yes,0,0.0033333333333333335
63937.0,48.0,1332.0205558290509,300-499,Pneumonia,Nonprofit,Urban,Teaching,No,Yes,0,0.02666666666666667
11554.0,12.0,962.8325309728909,50-99,Pneumonia,Investor Owned,Rural,Non-Teaching,Yes,Yes,0,0.01
30623.0,20.0,1531.149234425383,150-199,Pneumonia,Government,Rural,Non-Teaching,Yes,Yes,0,0.016666666666666666
74433.0,36.0,2067.582759004789,300-499,Pneumonia,Nonprofit,Urban,Non-Teaching,No,Yes,1,0.98
45491.0,30.0,1516.3661612112796,200-299,Pneumonia,Government,Urban,Teaching,No,Yes,0,0.0
53560.0,40.0,1338.9996652500836,200-299,Pneumonia,Nonprofit,Urban,Non-Teaching,No,Yes,0,0.013333333333333334
2364.0,2.0,1181.9940900295499,1-49,Pneumonia,Nonprofit,Frontier,Non-Teaching,Yes,Yes,0,0.006666666666666667
41196.0,26.0,1584.4609290534888,300-499,Pneumonia,Nonprofit,Urban,Teaching,No,No,0,0.14333333333333334
72057.0,46.0,1566.456181205178,300-499,Pneumonia,Nonprofit,Urban,Non-Teaching,Yes,No,0,0.0033333333333333335
33564.0,14.0,2397.4268589808153,150-199,Pneumonia,Government,Urban,Non-Teaching,No,No,1,0.8966666666666666
31471.5,22.0,1430.5220770354194,100-149,Pneumonia,Nonprofit,Urban,Non-Teaching,No,No,0,0.04759523447527358
33640.5,16.0,2102.52993591879,300-499,Pneumonia,Nonprofit,Urban,Non-Teaching,No,No,1,0.5994109999389885
52043.0,50.0,1040.8597918280416,500+,Pneumonia,Nonprofit,Urban,Non-Teaching,No,No,0,0.01
29638.0,21.0,1411.3326612701612,150-199,Pneumonia,Investor Owned,Urban,Non-Teaching,No,No,0,0.006666666666666667
25109.5,16.0,1569.3427691607694,300-499,Pneumonia,Nonprofit,Urban,Non-Teaching,No,No,0,0.5994109999389885
50599.5,24.0,2108.3116215368245,300-499,Pneumonia,Investor Owned,Urban,Non-Teaching,No,No,1,0.7766666666666666
109217.0,29.0,3766.1021496199482,100-149,Pneumonia,Nonprofit,Urban,Non-Teaching,Yes,Yes,1,0.9733333333333334
10799.0,13.0,830.6916686987164,1-49,Pneumonia,Government,Rural,Non-Teaching,No,Yes,0,0.0
6472.0,8.0,808.998988751264,150-199,Pneumonia,Nonprofit,Rural,Non-Teaching,No,No,0,0.006666666666666667
23312.0,18.0,1295.110391605338,100-149,Pneumonia,Nonprofit,Rural,Non-Teaching,Yes,Yes,0,0.27
27460.0,23.0,1193.912524385859,150-199,Pneumonia,Government,Urban,Non-Teaching,No,No,0,0.09
11497.0,69.0,166.62316425751243,50-99,Pneumonia,Nonprofit,Urban,Non-Teaching,No,No,0,0.02
112998.5,72.0,1569.4233931356398,200-299,Pneumonia,Nonprofit,Urban,Teaching,No,No,0,0.0
87345.0,64.0,1364.7654117554043,500+,Pneumonia,Investor Owned,Urban,Teaching,Yes,Yes,0,0.0033333333333333335
51767.0,26.0,1991.0376957547323,100-149,Pneumonia,Nonprofit,Urban,Non-Teaching,No,Yes,1,0.83
99973.0,59.0,1694.4573399224846,200-299,Pneumonia,Nonprofit,Urban,Teaching,No,No,0,0.006666666666666667
30920.5,20.0,1546.0242269878865,300-499,Pneumonia,Nonprofit,Urban,Non-Teaching,No,No,0,0.04014577201264974
56462.0,31.0,1821.3542511760481,300-499,Pneumonia,Nonprofit,Urban,Non-Teaching,No,No,1,0.5573023167547668
45169.5,29.0,1557.56842842468,300-499,Pneumonia,Nonprofit,Urban,Non-Teaching,No,No,0,0.0
107243.0,53.0,2023.4524484051983,200-299,Pneumonia,Nonprofit,Urban,Teaching,No,No,1,0.69
42886.0,25.0,1715.4393138242744,100-149,Pneumonia,Nonprofit,Urban,Non-Teaching,No,No,0,0.13164800716524855
112998.5,80.5,1403.7079001605093,300-499,Pneumonia,Nonprofit,Urban,Teaching,Yes,No,0,0.0
62646.0,24.0,2610.2489123962864,300-499,Pneumonia,Nonprofit,Urban,Teaching,No,Yes,1,0.9766666666666667
4339.5,4.0,1084.8722878192805,1-49,Pneumonia,Nonprofit,Frontier,Non-Teaching,Yes,Yes,0,0.006666666666666667
14965.0,39.0,383.7178503287563,150-199,Pneumonia,Nonprofit,Urban,Non-Teaching,No,No,0,0.011988084599344653
112998.5,80.5,1403.7079001605093,300-499,Pneumonia,Nonprofit,Urban,Teaching,No,No,0,0.0
5637.5,7.0,805.3559923485824,50-99,Pneumonia,Nonprofit,Urban,Non-Teaching,No,Yes,0,0.30333333333333334
82844.0,62.0,1336.1933328720431,300-499,Pneumonia,Investor Owned,Urban,Teaching,Yes,Yes,0,0.0033333333333333335
13380.0,22.0,608.1815417356629,200-299,Pneumonia,Investor Owned,Urban,Non-Teaching,No,No,0,0.0033333333333333335
17158.0,17.0,1009.293523944986,150-199,Pneumonia,Nonprofit,Urban,Non-Teaching,No,No,0,0.0033333333333333335
43220.0,40.0,1080.4997298750675,300-499,Pneumonia,Nonprofit,Urban,Teaching,No,No,0,0.043022788643958344
63151.0,40.0,1578.7746053063486,200-299,Pneumonia,Nonprofit,Urban,Non-Teaching,No,No,0,0.013333333333333334
73413.0,36.0,2039.249433541824,200-299,Pneumonia,Nonprofit,Urban,Teaching,No,No,1,0.8666666666666667
74166.0,30.0,2472.199175933608,300-499,Pneumonia,Nonprofit,Urban,Teaching,No,No,1,0.9533333333333334
39333.0,24.0,1638.8743171357012,200-299,Pneumonia,Nonprofit,Urban,Non-Teaching,No,Yes,0,0.0
53345.0,27.0,1975.740008985182,150-199,Pneumonia,Nonprofit,Urban,Non-Teaching,No,No,1,0.75
59695.0,30.0,1989.8326700557766,150-199,Pneumonia,Nonprofit,Urban,Non-Teaching,No,Yes,1,0.9833333333333333
71708.0,73.0,982.3012353012006,300-499,Pneumonia,Government,Urban,Teaching,Yes,Yes,0,0.0
45896.0,35.0,1311.313911053168,150-199,Pneumonia,Government,Urban,Non-Teaching,No,No,0,0.03
34054.5,18.0,1891.9156156024358,100-149,Pneumonia,Nonprofit,Urban,Non-Teaching,No,No,1,0.9880841218022792
23820.0,19.5,1221.5378351088025,100-149,Pneumonia,Nonprofit,Urban,Non-Teaching,No,Yes,0,0.13333333333333333
32229.0,23.0,1401.260260321626,50-99,Pneumonia,Nonprofit,Urban,Non-Teaching,No,Yes,0,0.13
2837.0,2.0,1418.4929075354623,1-49,Pneumonia,Government,Frontier,Non-Teaching,Yes,Yes,0,0.0
23943.0,20.0,1197.1494014252994,300-499,Pneumonia,Investor Owned,Urban,Non-Teaching,Yes,No,0,0.0
32425.0,41.0,790.8534656454962,300-499,Pneumonia,Government,Urban,Teaching,No,No,0,0.0033333333333333335
28244.0,16.0,1765.2488967194397,100-149,Pneumonia,Nonprofit,Rural,Non-Teaching,Yes,Yes,1,0.9233333333333333
4834.0,4.0,1208.4969787575533,50-99,Pneumonia,Government,Frontier,Non-Teaching,Yes,Yes,0,0.006666666666666667
58831.0,56.0,1050.5533838297529,300-499,Pneumonia,Nonprofit,Urban,Non-Teaching,No,No,0,0.006666666666666667
73328.0,64.0,1145.7498209765904,300-499,Pneumonia,Investor Owned,Urban,Non-Teaching,Yes,Yes,0,0.0033333333333333335
68827.0,44.0,1564.249644488717,300-499,Pneumonia,Government,Urban,Teaching,No,Yes,0,0.0033333333333333335
51901.0,24.0,2162.540765608014,300-499,Pneumonia,Nonprofit,Urban,Non-Teaching,No,Yes,1,0.9933333333333333
33076.0,52.0,636.0768007544614,500+,Pneumonia,Government,Urban,Teaching,No,No,0,0.0
28108.0,21.0,1338.4755531068795,200-299,Pneumonia,Nonprofit,Urban,Non-Teaching,Yes,Yes,0,0.006666666666666667
67670.0,62.0,1091.4514368626715,300-499,Pneumonia,Investor Owned,Urban,Non-Teaching,Yes,Yes,0,0.0033333333333333335
13261.0,12.0,1105.082412431323,100-149,Respiratory,Government,Urban,Non-Teaching,No,No,0,0.07666666666666666
29420.666666666668,22.0,1337.302422438293,300-499,Respiratory,Nonprofit,Urban,Non-Teaching,No,No,0,0.01
30782.5,40.0,769.562307609423,150-199,Respiratory,Nonprofit,Urban,Teaching,No,No,0,0.006666666666666667
65082.0,59.0,1103.0845587992274,200-299,Respiratory,Government,Urban,Non-Teaching,No,No,0,0.0
29479.0,30.0,982.633005788998,300-499,Respiratory,Nonprofit,Urban,Non-Teaching,No,No,0,0.04979785834269488
42180.666666666664,39.0,1081.5552782336893,300-499,Respiratory,Government,Urban,Non-Teaching,No,No,0,0.04646683944798024
28620.0,17.0,1683.5284214538697,150-199,Respiratory,Nonprofit,Urban,Non-Teaching,No,No,0,0.01
37801.333333333336,18.0,2100.0729073669036,100-149,Respiratory,Nonprofit,Urban,Non-Teaching,No,No,1,0.9686196880335968
31745.0,22.0,1442.9538895664139,100-149,Respiratory,Nonprofit,Urban,Non-Teaching,No,No,0,0.0388731836830373
110997.0,80.0,1387.4623265672092,300-499,Respiratory,Nonprofit,Urban,Non-Teaching,No,No,0,0.0033333333333333335
66977.0,40.0,1674.4245813938546,200-299,Respiratory,Nonprofit,Urban,Non-Teaching,No,No,0,0.009157336915957605
24025.0,14.0,1716.070202806998,50-99,Respiratory,Nonprofit,Rural,Non-Teaching,Yes,No,0,0.023333333333333334
9708.5,5.0,1941.696116607767,100-149,Respiratory,Nonprofit,Rural,Non-Teaching,Yes,Yes,1,0.8433333333333334
8570.0,14.0,612.1424198982716,100-149,Respiratory,Nonprofit,Rural,Non-Teaching,Yes,Yes,0,0.37666666666666665
55911.0,49.0,1141.0405834611054,200-299,Respiratory,Nonprofit,Urban,Non-Teaching,No,Yes,0,0.0
10039.0,8.0,1254.8734314082108,1-49,Respiratory,Nonprofit,Rural,Non-Teaching,Yes,Yes,0,0.46447334197324436
41025.0,30.0,1367.4995441668186,100-149,Respiratory,Nonprofit,Urban,Non-Teaching,No,No,0,0.11
46164.333333333336,44.0,1049.1891554873132,500+,Respiratory,Nonprofit,Urban,Non-Teaching,No,No,0,0.0
63404.333333333336,52.0,1219.3138680806665,200-299,Respiratory,Nonprofit,Urban,Non-Teaching,No,No,0,0.034831171396270226
50722.333333333336,32.0,1585.072421331535,200-299,Respiratory,Nonprofit,Urban,Non-Teaching,No,No,0,0.014981340498581878
16929.333333333332,12.0,1410.7766021306093,100-149,Respiratory,Investor Owned,Urban,Non-Teaching,No,No,0,0.0033333333333333335
63958.666666666664,36.0,1776.629136121536,150-199,Respiratory,Nonprofit,Urban,Non-Teaching,No,No,1,0.78
16776.666666666668,12.0,1398.0543905102302,100-149,Respiratory,Nonprofit,Rural,Non-Teaching,Yes,Yes,0,0.20333333333333334
55450.333333333336,59.0,939.8359988978533,300-499,Respiratory,Nonprofit,Rural,Non-Teaching,Yes,Yes,0,0.0033333333333333335
7588.5,9.0,843.1657298158558,100-149,Respiratory,Investor Owned,Rural,Non-Teaching,Yes,Yes,0,0.0033333333333333335
80788.66666666667,73.0,1106.693912325035,500+,Respiratory,Nonprofit,Urban,Teaching,Yes,No,0,0.006666666666666667
35672.666666666664,10.0,3567.263099403567,1-49,Respiratory,Nonprofit,Rural,Non-Teaching,Yes,Yes,1,0.7889840682968996
57338.0,48.0,1194.5414178038711,300-499,Respiratory,Nonprofit,Urban,Non-Teaching,No,Yes,0,0.016666666666666666
47511.333333333336,21.0,2262.4433670904605,150-199,Respiratory,Nonprofit,Urban,Non-Teaching,No,Yes,1,0.98
5907.0,4.333333333333333,1363.1507004214607,1-49,Respiratory,Investor Owned,Frontier,Non-Teaching,Yes,Yes,0,0.0
10314.0,8.0,1289.2483884395144,1-49,Respiratory,Investor Owned,Rural,Non-Teaching,Yes,Yes,0,0.012799694765351833
28371.0,20.0,1418.5492907253547,100-149,Respiratory,Investor Owned,Rural,Non-Teaching,Yes,Yes,0,0.02
39829.0,16.0,2489.31094418066,100-149,Respiratory,Government,Rural,Non-Teaching,Yes,Yes,1,0.9733333333333334
7991.666666666667,7.666666666666667,1042.3899447087679,1-49,Respiratory,Government,Rural,Non-Teaching,No,No,0,0.0033333333333333335
1610.0,2.0,804.9959750201249,1-49,Respiratory,Government,Frontier,Non-Teaching,Yes,No,0,0.0
28485.0,10.0,2848.4971515028487,150-199,Respiratory,Nonprofit,Urban,Non-Teaching,Yes,Yes,1,0.98
6546.333333333333,8.0,818.290643803362,100-149,Respiratory,Government,Frontier,Non-Teaching,Yes,Yes,0,0.0033333333333333335
64106.0,42.666666666666664,1502.484022855307,100-149,Respiratory,Nonprofit,Urban,Non-Teaching,No,Yes,0,0.016666666666666666
15535.666666666666,12.0,1294.6378100240472,50-99,Respiratory,Nonprofit,Rural,Non-Teaching,Yes,Yes,0,0.31666666666666665
20035.333333333332,13.0,1541.1783016577167,1-49,Respiratory,Nonprofit,Rural,Non-Teaching,Yes,Yes,0,0.006666666666666667
88985.33333333333,40.666666666666664,2188.163396353263,150-199,Respiratory,Nonprofit,Urban,Non-Teaching,Yes,Yes,1,0.9733333333333334
18720.666666666668,8.0,2340.080408232823,1-49,Respiratory,Nonprofit,Rural,Non-Teaching,Yes,Yes,1,0.46447334197324436
18771.0,12.0,1564.2486964594198,1-49,Respiratory,Nonprofit,Rural,Non-Teaching,Yes,Yes,0,0.0
10002.666666666666,8.0,1250.3317704186202,1-49,Respiratory,Nonprofit,Rural,Non-Teaching,Yes,Yes,0,0.46447334197324436
14433.0,8.0,1804.122744846569,100-149,Respiratory,Investor Owned,Urban,Non-Teaching,No,No,1,0.00790506939805537
102466.66666666667,42.666666666666664,2401.561937133921,300-499,Respiratory,Government,Urban,Non-Teaching,No,Yes,1,0.96
36011.0,26.0,1385.0379288315658,300-499,Respiratory,Nonprofit,Urban,Non-Teaching,No,No,0,0.006184373531547696
12317.0,17.0,724.528985571185,300-499,Respiratory,Investor Owned,Urban,Non-Teaching,No,No,0,0.013333333333333334
57101.0,35.0,1631.4566767266635,300-499,Respiratory,Nonprofit,Urban,Non-Teaching,No,No,0,0.12094118722852744
34882.0,50.5,690.7325364886066,300-499,Respiratory,Investor Owned,Urban,Non-Teaching,Yes,No,0,0.01
65446.0,41.0,1596.2435131113382,300-499,Respiratory,Nonprofit,Urban,Teaching,Yes,No,0,0.0033333333333333335
29986.333333333332,14.0,2141.879422467079,50-99,Respiratory,Investor Owned,Urban,Non-Teaching,No,Yes,1,0.9733333333333334
3751.5,4.0,937.8726553183618,100-149,Respiratory,Investor Owned,Urban,Non-Teaching,Yes,Yes,0,0.04666666666666667
20267.0,12.0,1688.915259237284,200-299,Respiratory,Investor Owned,Urban,Non-Teaching,No,No,0,0.0033333333333333335
33361.5,14.0,2382.9625835981547,150-199,Respiratory,Investor Owned,Urban,Non-Teaching,No,No,1,0.81
46487.666666666664,30.666666666666668,1515.9016795972782,150-199,Respiratory,Nonprofit,Urban,Non-Teaching,No,No,0,0.12333333333333334
9859.5,8.0,1232.4359594550508,100-149,Respiratory,Investor Owned,Urban,Non-Teaching,Yes,Yes,0,0.07333333333333333
6710.333333333333,9.0,745.591764157299,100-149,Respiratory,Investor Owned,Urban,Non-Teaching,No,No,0,0.0
16033.333333333334,21.0,763.4916999245874,200-299,Respiratory,Investor Owned,Urban,Non-Teaching,No,No,0,0.0
39767.5,37.0,1074.7970068116197,500+,Respiratory,Nonprofit,Urban,Non-Teaching,No,No,0,0.006666666666666667
18635.5,9.0,2070.608810434655,100-149,Respiratory,Investor Owned,Urban,Non-Teaching,Yes,No,1,0.8166666666666667
79359.66666666667,32.0,2479.9888083368305,300-499,Respiratory,Nonprofit,Urban,Non-Teaching,No,No,1,0.6015602911688731
68964.66666666667,30.0,2298.8214559484036,500+,Respiratory,Nonprofit,Urban,Non-Teaching,Yes,No,1,0.97
53635.333333333336,57.0,940.9705951513575,300-499,Respiratory,Nonprofit,Urban,Teaching,Yes,No,0,0.0033333333333333335
62426.5,49.5,1261.1411593654223,200-299,Respiratory,Nonprofit,Urban,Non-Teaching,Yes,No,0,0.032490670249290934
61938.666666666664,41.0,1510.6988185287432,200-299,Respiratory,Nonprofit,Urban,Non-Teaching,No,No,0,0.0033333333333333335
79005.0,53.0,1490.6600961018685,200-299,Respiratory,Nonprofit,Urban,Non-Teaching,No,No,0,0.5821280114693351
40703.0,29.0,1403.5512401547448,300-499,Respiratory,Nonprofit,Urban,Non-Teaching,No,No,0,0.01102349832910671
32344.666666666668,18.0,1796.9249276342996,100-149,Respiratory,Nonprofit,Urban,Non-Teaching,No,No,1,0.9686196880335968
36378.0,15.0,2425.198383201078,200-299,Respiratory,Investor Owned,Urban,Non-Teaching,No,No,1,0.5333333333333333
29577.0,10.666666666666666,2772.841150461422,150-199,Respiratory,Investor Owned,Urban,Non-Teaching,Yes,No,1,0.7766666666666666
72059.5,64.0,1125.9295115735138,300-499,Respiratory,Nonprofit,Urban,Teaching,No,No,0,0.006666666666666667
35037.666666666664,29.0,1208.19498567989,300-499,Respiratory,Nonprofit,Urban,Non-Teaching,No,No,0,0.01102349832910671
16074.666666666666,5.666666666666667,2836.700876410218,100-149,Respiratory,Investor Owned,Urban,Non-Teaching,No,No,1,0.81
54946.0,55.5,990.0178396364253,500+,Respiratory,Nonprofit,Urban,Teaching,No,No,0,0.0033333333333333335
47234.0,37.0,1276.5942495691215,300-499,Respiratory,Nonprofit,Urban,Non-Teaching,No,No,0,0.09134319254425567
4946.5,4.0,1236.621908445229,50-99,Respiratory,Investor Owned,Urban,Non-Teaching,No,No,0,0.016666666666666666
6297.5,7.0,899.6415719406116,100-149,Respiratory,Investor Owned,Urban,Non-Teaching,No,No,0,0.013333333333333334
77714.0,71.0,1094.5632261178555,300-499,Respiratory,Nonprofit,Urban,Non-Teaching,No,No,0,0.013333333333333334
57211.0,61.0,937.8850921499849,500+,Respiratory,Nonprofit,Urban,Non-Teaching,No,No,0,0.0033333333333333335
12230.666666666666,8.0,1528.8314222940555,100-149,Respiratory,Investor Owned,Urban,Non-Teaching,No,No,0,0.00790506939805537
32363.666666666668,15.333333333333334,2110.672536517911,200-299,Respiratory,Nonprofit,Urban,Non-Teaching,No,No,1,0.48333333333333334
31796.5,21.0,1514.1183266103208,200-299,Respiratory,Government,Urban,Non-Teaching,No,No,0,0.013333333333333334
6826.0,7.0,975.1414640836227,200-299,Respiratory,Investor Owned,Urban,Non-Teaching,Yes,No,0,0.0033333333333333335
18475.333333333332,12.0,1539.609828102921,150-199,Respiratory,Nonprofit,Urban,Non-Teaching,No,No,0,0.006666666666666667
46827.333333333336,41.333333333333336,1132.9190807453836,300-499,Respiratory,Investor Owned,Urban,Non-Teaching,Yes,Yes,0,0.006666666666666667
23936.333333333332,27.0,886.530535852888,200-299,Respiratory,Nonprofit,Urban,Non-Teaching,No,No,0,0.0
50359.333333333336,40.0,1258.9830185875787,300-499,Respiratory,Nonprofit,Urban,Non-Teaching,No,No,0,0.44243067836562733
9195.333333333334,8.0,1149.4152298976294,100-149,Respiratory,Investor Owned,Urban,Non-Teaching,No,No,0,0.00790506939805537
43418.0,32.0,1356.8120759962262,300-499,Respiratory,Nonprofit,Urban,Non-Teaching,No,No,0,0.6015602911688731
21073.5,13.0,1621.037214586758,150-199,Respiratory,Nonprofit,Urban,Non-Teaching,No,No,0,0.01
46270.0,30.0,1542.3328192223937,200-299,Respiratory,Investor Owned,Urban,Non-Teaching,No,No,0,0.0033333333333333335
49428.0,28.0,1765.285083826756,300-499,Respiratory,Nonprofit,Urban,Teaching,No,No,1,0.87
23054.5,13.0,1773.4217127525287,150-199,Respiratory,Investor Owned,Urban,Non-Teaching,No,No,1,0.8066666666666666
52035.666666666664,30.0,1734.5216440483407,300-499,Respiratory,Nonprofit,Urban,Non-Teaching,No,No,0,0.04979785834269488
73969.0,72.66666666666667,1017.9218782676313,300-499,Respiratory,Government,Urban,Teaching,Yes,No,0,0.0
105955.5,80.5,1316.2172277991021,500+,Respiratory,Government,Urban,Teaching,No,No,0,0.0
99493.0,29.0,3430.791920416579,100-149,Respiratory,Nonprofit,Urban,Teaching,Yes,Yes,1,0.9566666666666667
50463.666666666664,50.666666666666664,995.9932244750214,300-499,Respiratory,Government,Urban,Teaching,No,No,0,0.0
40780.666666666664,37.333333333333336,1092.3389931234838,200-299,Respiratory,Nonprofit,Urban,Non-Teaching,No,No,0,0.06
67262.0,33.0,2038.2418065933919,200-299,Respiratory,Nonprofit,Urban,Non-Teaching,Yes,No,1,0.9066666666666666
92182.33333333333,80.0,1152.2790226317886,300-499,Respiratory,Nonprofit,Urban,Non-Teaching,No,No,0,0.0033333333333333335
64397.333333333336,35.0,1839.9232838314426,150-199,Respiratory,Investor Owned,Urban,Non-Teaching,Yes,Yes,1,0.8766666666666667
77745.33333333333,38.0,2045.9292861589595,300-499,Respiratory,Nonprofit,Rural,Non-Teaching,Yes,Yes,1,0.7779050693980554
27449.0,19.0,1444.683450166605,100-149,Respiratory,Nonprofit,Urban,Non-Teaching,No,No,0,0.6083138095395664
29936.333333333332,31.0,965.6878605307977,300-499,Respiratory,Nonprofit,Urban,Non-Teaching,No,No,0,0.5360089737272734
14621.0,9.0,1624.553750495833,1-49,Respiratory,Nonprofit,Urban,Non-Teaching,No,No,0,0.01
6284.0,3.6666666666666665,1713.8135077813424,1-49,Respiratory,Government,Rural,Non-Teaching,Yes,Yes,0,0.006666666666666667
9094.0,6.0,1515.6641405597659,1-49,Respiratory,Nonprofit,Rural,Non-Teaching,Yes,Yes,0,0.16437097329177017
28163.666666666668,19.0,1482.2974654574743,50-99,Respiratory,Nonprofit,Rural,Non-Teaching,Yes,Yes,0,0.006666666666666667
13366.0,9.0,1485.1094609894878,1-49,Respiratory,Nonprofit,Rural,Non-Teaching,Yes,Yes,0,0.15448485587334773
25567.333333333332,10.0,2556.7307766025565,1-49,Respiratory,Nonprofit,Rural,Non-Teaching,Yes,Yes,1,0.7889840682968996
57461.0,26.0,2210.0376115239956,150-199,Respiratory,Nonprofit,Urban,Non-Teaching,Yes,Yes,1,0.9866666666666667
41278.666666666664,30.666666666666668,1346.0430393337915,200-299,Respiratory,Nonprofit,Urban,Non-Teaching,No,No,0,0.0033333333333333335
14553.0,6.0,2425.495957506738,50-99,Respiratory,Nonprofit,Rural,Non-Teaching,No,Yes,1,0.7533333333333333
50028.333333333336,16.0,3126.768879102784,200-299,Respiratory,Government,Urban,Non-Teaching,Yes,Yes,1,0.96
51527.5,19.0,2711.972256856707,150-199,Respiratory,Government,Urban,Non-Teaching,Yes,Yes,1,0.97
24487.0,18.0,1360.3881331177038,150-199,Respiratory,Investor Owned,Urban,Non-Teaching,No,No,0,0.06333333333333334
6034.5,8.0,754.3115571105536,100-149,Respiratory,Nonprofit,Rural,Non-Teaching,No,No,0,0.01
12749.5,15.0,849.9661000226,50-99,Respiratory,Government,Rural,Non-Teaching,Yes,Yes,0,0.016666666666666666
92289.0,35.666666666666664,2587.5413305958887,300-499,Respiratory,Nonprofit,Urban,Non-Teaching,No,No,1,0.3381692643536907
27767.5,26.0,1067.9803584690928,200-299,Respiratory,Nonprofit,Urban,Non-Teaching,No,No,0,0.0
23505.0,30.0,783.4997388334205,200-299,Respiratory,Investor Owned,Urban,Teaching,No,Yes,0,0.006666666666666667
5063.0,8.0,632.8742089072389,100-149,Respiratory,Investor Owned,Urban,Non-Teaching,No,No,0,0.00790506939805537
12153.0,11.0,1104.8171774389295,150-199,Respiratory,Investor Owned,Urban,Non-Teaching,No,Yes,0,0.03
100965.66666666667,80.5,1254.2317282527874,300-499,Respiratory,Nonprofit,Urban,Non-Teaching,No,No,0,0.0033333333333333335
11960.0,12.0,996.6658361118033,100-149,Respiratory,Investor Owned,Urban,Non-Teaching,No,No,0,0.0033333333333333335
11887.333333333334,11.0,1080.6656842433174,100-149,Respiratory,Investor Owned,Urban,Non-Teaching,No,No,0,0.0
25199.5,23.0,1095.6299584217572,150-199,Respiratory,Investor Owned,Urban,Non-Teaching,No,No,0,0.04
11411.0,10.0,1141.098858901141,150-199,Respiratory,Investor Owned,Urban,Non-Teaching,Yes,No,0,0.13333333333333333
34495.5,44.5,775.1796010832356,300-499,Respiratory,Nonprofit,Urban,Non-Teaching,No,No,0,0.006737861754571955
42020.0,50.666666666666664,829.3419415772483,300-499,Respiratory,Government,Urban,Teaching,Yes,No,0,0.0
19240.0,12.0,1603.3319972233357,150-199,Respiratory,Investor Owned,Urban,Non-Teaching,Yes,No,0,0.15666666666666668
27262.5,31.0,879.4352001821935,200-299,Respiratory,Nonprofit,Urban,Non-Teaching,No,No,0,0.005824003582624272
14340.0,20.0,716.9996415001792,150-199,Respiratory,Nonprofit,Urban,Non-Teaching,No,No,0,0.0
53749.666666666664,36.0,1493.045881561329,300-499,Respiratory,Nonprofit,Urban,Non-Teaching,No,No,0,0.07046507292789102
24221.0,24.0,1009.2079128300363,200-299,Respiratory,Investor Owned,Urban,Non-Teaching,Yes,No,0,0.023333333333333334
17550.0,17.5,1002.8565697962458,200-299,Respiratory,Investor Owned,Urban,Non-Teaching,No,No,0,0.0
109291.5,72.0,1517.9372891753765,200-299,Respiratory,Nonprofit,Urban,Non-Teaching,No,No,0,0.08181614964255303
26386.333333333332,14.0,1884.7367489975602,50-99,Respiratory,Nonprofit,Urban,Non-Teaching,No,Yes,1,0.7566666666666667
69937.5,69.0,1013.5868096251,300-499,Respiratory,Nonprofit,Urban,Non-Teaching,No,No,0,0.013333333333333334
112998.5,62.0,1822.5561576522325,300-499,Respiratory,Nonprofit,Urban,Non-Teaching,No,No,1,0.8366666666666667
3495.0,3.0,1164.996116679611,1-49,Respiratory,Government,Frontier,Non-Teaching,Yes,Yes,0,0.0
2546.6666666666665,2.0,1273.3269666984997,1-49,Respiratory,Government,Frontier,Non-Teaching,Yes,Yes,0,0.0
44698.666666666664,30.0,1489.9550589038693,150-199,Respiratory,Investor Owned,Urban,Non-Teaching,No,Yes,0,0.023333333333333334
54417.5,28.0,1943.4814487566255,300-499,Respiratory,Investor Owned,Urban,Non-Teaching,No,Yes,1,0.97
39938.5,29.0,1377.189180279593,300-499,Respiratory,Investor Owned,Urban,Non-Teaching,Yes,Yes,0,0.07
45627.5,12.0,3802.2884980929184,100-149,Respiratory,Investor Owned,Urban,Non-Teaching,No,Yes,1,0.9333333333333333
7767.0,7.0,1109.5698434716523,1-49,Respiratory,Government,Rural,Non-Teaching,Yes,Yes,0,0.0
45660.666666666664,41.0,1113.6745251200343,150-199,Respiratory,Investor Owned,Urban,Non-Teaching,No,Yes,0,0.006666666666666667
37046.333333333336,28.0,1323.0828608037402,50-99,Respiratory,Government,Urban,Non-Teaching,No,Yes,0,0.14
15067.333333333334,12.0,1255.6100647693906,50-99,Respiratory,Investor Owned,Urban,Non-Teaching,Yes,No,0,0.006666666666666667
54291.666666666664,41.0,1324.1866688975604,200-299,Respiratory,Nonprofit,Urban,Non-Teaching,No,Yes,0,0.0
47474.5,26.0,1825.9416054070748,50-99,Respiratory,Nonprofit,Urban,Non-Teaching,No,Yes,1,0.9366666666666666
90694.33333333333,53.0,1711.213513607513,100-149,Respiratory,Investor Owned,Urban,Non-Teaching,No,Yes,0,0.02
35054.666666666664,21.0,1669.2690463798192,100-149,Respiratory,Investor Owned,Urban,Non-Teaching,No,No,0,0.0033333333333333335
47299.5,58.5,808.5383233267823,100-149,Respiratory,Nonprofit,Urban,Non-Teaching,No,Yes,0,0.0033333333333333335
95381.5,59.0,1616.6353192143526,200-299,Respiratory,Nonprofit,Urban,Non-Teaching,No,No,0,0.11077365933982421
63503.666666666664,70.0,907.1951084959368,500+,Respiratory,Government,Urban,Teaching,No,No,0,0.0
84523.33333333333,51.333333333333336,1646.5581208003657,500+,Respiratory,Nonprofit,Urban,Non-Teaching,No,No,0,0.0033333333333333335
106119.0,53.0,2002.2449052368102,200-299,Respiratory,Nonprofit,Urban,Non-Teaching,No,No,1,0.5821280114693351
21385.333333333332,18.0,1188.0734140332884,50-99,Respiratory,Government,Rural,Non-Teaching,Yes,No,0,0.006666666666666667
11297.666666666666,7.0,1613.9500753094162,1-49,Respiratory,Government,Rural,Non-Teaching,Yes,Yes,0,0.0
33224.0,15.0,2214.9318567120954,100-149,Respiratory,Investor Owned,Urban,Non-Teaching,No,No,1,0.36666666666666664
22289.0,12.0,1857.4151188207343,100-149,Respiratory,Investor Owned,Urban,Non-Teaching,No,Yes,1,0.9333333333333333
112998.5,80.5,1403.7079001605093,300-499,Respiratory,Nonprofit,Urban,Non-Teaching,Yes,No,0,0.0
40403.0,40.0,1010.074747481313,300-499,Respiratory,Nonprofit,Urban,Teaching,No,No,0,0.05386528458482708
8291.666666666666,6.0,1381.9421412075424,1-49,Respiratory,Government,Rural,Non-Teaching,Yes,Yes,0,0.0
75626.66666666667,52.0,1454.35869467461,300-499,Respiratory,Nonprofit,Urban,Non-Teaching,No,Yes,0,0.013333333333333334
53317.333333333336,18.0,2962.0724284782805,300-499,Respiratory,Nonprofit,Urban,Non-Teaching,No,Yes,1,0.95
62192.333333333336,43.0,1446.3329969768224,200-299,Respiratory,Nonprofit,Urban,Non-Teaching,No,Yes,0,0.0
30790.0,16.0,1924.3737972663766,100-149,Respiratory,Investor Owned,Urban,Non-Teaching,Yes,Yes,1,0.97
22806.333333333332,15.333333333333334,1487.3685951943944,150-199,Respiratory,Investor Owned,Rural,Non-Teaching,Yes,Yes,0,0.01
35471.0,20.333333333333332,1744.4745518977616,100-149,Respiratory,Investor Owned,Urban,Non-Teaching,Yes,Yes,1,0.96
57942.0,47.0,1232.8082483386704,300-499,Respiratory,Government,Urban,Teaching,Yes,No,0,0.0
25407.666666666668,16.0,1587.9781741803079,1-49,Respiratory,Investor Owned,Rural,Non-Teaching,Yes,Yes,0,0.0033333333333333335
23200.666666666668,15.0,1546.710079971058,50-99,Respiratory,Nonprofit,Urban,Non-Teaching,No,Yes,0,0.29333333333333333
79146.5,63.0,1256.2934513819919,500+,Respiratory,Nonprofit,Urban,Non-Teaching,No,No,0,0.0033333333333333335
86469.0,80.5,1074.148934888331,500+,Respiratory,Nonprofit,Urban,Non-Teaching,No,Yes,0,0.013333333333333334
112241.5,80.5,1394.3041746205993,300-499,Respiratory,Nonprofit,Urban,Non-Teaching,No,No,0,0.0033333333333333335
96961.66666666667,77.33333333333333,1253.8144930412295,300-499,Respiratory,Nonprofit,Urban,Teaching,No,No,0,0.0033333333333333335
17293.0,20.0,864.6495676752162,200-299,Respiratory,Investor Owned,Urban,Non-Teaching,Yes,Yes,0,0.006666666666666667
37200.666666666664,47.0,791.5033776943167,300-499,Respiratory,Nonprofit,Urban,Non-Teaching,No,No,0,0.013404528421238621
39953.666666666664,40.0,998.8414169563123,300-499,Respiratory,Government,Urban,Non-Teaching,No,No,0,0.04946235111763913
60332.5,80.5,749.4719565873346,300-499,Respiratory,Government,Urban,Teaching,No,No,0,0.0
63761.0,48.0,1328.3538899262728,300-499,Respiratory,Nonprofit,Urban,Non-Teaching,No,No,0,0.013404528421238621
26922.5,8.0,3365.3082933646333,200-299,Respiratory,Government,Urban,Non-Teaching,No,No,1,0.6966666666666667
44178.666666666664,38.0,1162.5961852817054,150-199,Respiratory,Nonprofit,Urban,Non-Teaching,No,No,0,0.03333333333333333
77978.0,72.0,1083.027627357274,200-299,Respiratory,Government,Urban,Non-Teaching,No,Yes,0,0.01
31841.333333333332,28.666666666666668,1110.7437985777447,200-299,Respiratory,Nonprofit,Urban,Teaching,No,No,0,0.07666666666666666
10480.666666666666,12.0,873.3881610654213,200-299,Respiratory,Nonprofit,Urban,Non-Teaching,No,No,0,0.02
43609.0,59.0,739.135467943141,300-499,Respiratory,Government,Urban,Teaching,No,No,0,0.0
20186.666666666668,19.0,1062.4555811637292,200-299,Respiratory,Nonprofit,Urban,Non-Teaching,No,No,0,0.0
11045.666666666666,12.0,920.4714551626762,200-299,Respiratory,Nonprofit,Urban,Teaching,No,No,0,0.023333333333333334
26493.666666666668,35.0,756.9616884871366,200-299,Respiratory,Nonprofit,Urban,Non-Teaching,No,Yes,0,0.0033333333333333335
17995.0,16.0,1124.686797070752,100-149,Respiratory,Nonprofit,Urban,Non-Teaching,No,No,0,0.07666666666666666
49033.666666666664,28.0,1751.2017555231826,150-199,Respiratory,Nonprofit,Urban,Non-Teaching,No,Yes,1,0.9966666666666667
41087.333333333336,25.333333333333332,1621.8677808416658,150-199,Respiratory,Government,Urban,Non-Teaching,Yes,Yes,0,0.23333333333333334
29388.666666666668,14.0,2099.1889767697785,50-99,Respiratory,Nonprofit,Urban,Non-Teaching,No,Yes,1,0.7566666666666667
25987.0,11.0,2362.4523977705476,50-99,Respiratory,Investor Owned,Urban,Non-Teaching,No,Yes,1,0.9733333333333334
103851.33333333333,46.666666666666664,2225.385237417449,50-99,Respiratory,Nonprofit,Urban,Non-Teaching,No,Yes,1,0.95
25632.666666666668,18.0,1424.0362459057894,50-99,Respiratory,Nonprofit,Rural,Non-Teaching,No,Yes,0,0.013333333333333334
20801.333333333332,22.0,945.5147217357325,50-99,Respiratory,Nonprofit,Rural,Non-Teaching,No,Yes,0,0.013333333333333334
19784.666666666668,11.0,1798.6044255111285,150-199,Respiratory,Investor Owned,Rural,Non-Teaching,No,Yes,1,0.96
27192.666666666668,23.0,1182.2893410336198,100-149,Respiratory,Investor Owned,Urban,Non-Teaching,No,No,0,0.0
33189.666666666664,15.0,2212.6429693491314,150-199,Respiratory,Government,Urban,Non-Teaching,No,No,1,0.85
39927.666666666664,19.0,2101.4550343219116,100-149,Respiratory,Nonprofit,Urban,Non-Teaching,No,No,1,0.6083138095395664
13136.0,22.0,597.0906376860738,300-499,Respiratory,Investor Owned,Urban,Non-Teaching,No,No,0,0.016666666666666666
1620.0,7.0,231.42824081679885,100-149,Respiratory,Investor Owned,Rural,Non-Teaching,No,No,0,0.0033333333333333335
41904.5,26.0,1611.7109185727236,200-299,Respiratory,Nonprofit,Urban,Non-Teaching,No,No,0,0.0
14532.0,17.0,854.8230265746903,200-299,Respiratory,Nonprofit,Urban,Non-Teaching,No,No,0,0.0033333333333333335
32738.0,24.0,1364.0827649655146,150-199,Respiratory,Nonprofit,Urban,Non-Teaching,No,No,0,0.0
22042.666666666668,22.0,1001.9389385126037,1-49,Respiratory,Nonprofit,Urban,Non-Teaching,No,Yes,0,0.08333333333333333
18819.5,10.0,1881.948118051882,50-99,Respiratory,Government,Rural,Non-Teaching,No,Yes,1,0.88
48621.0,41.0,1185.8777595420097,200-299,Respiratory,Nonprofit,Urban,Non-Teaching,Yes,Yes,0,0.0
35892.0,40.5,886.2220034019743,300-499,Respiratory,Nonprofit,Urban,Non-Teaching,No,No,0,0.07688177323599596
9330.0,8.0,1166.2485421893223,1-49,Respiratory,Nonprofit,Rural,Non-Teaching,No,Yes,0,0.07205623934062173
52909.5,40.0,1322.7371693157077,300-499,Respiratory,Nonprofit,Urban,Non-Teaching,No,No,0,0.44243067836562733
47574.333333333336,35.0,1359.266278304873,300-499,Respiratory,Investor Owned,Urban,Non-Teaching,No,No,0,0.325321417932678
49958.666666666664,25.0,1998.3458673283196,300-499,Respiratory,Government,Urban,Non-Teaching,No,No,1,0.8933333333333333
73416.5,80.5,912.0060978874412,200-299,Respiratory,Nonprofit,Urban,Teaching,No,No,0,0.0
65069.0,36.0,1807.4717201467442,200-299,Respiratory,Nonprofit,Urban,Non-Teaching,No,No,1,0.8066666666666666
33380.333333333336,8.0,4172.536450996104,50-99,Respiratory,Government,Rural,Non-Teaching,No,No,1,0.8433333333333334
67463.5,30.0,2248.7825837391388,300-499,Respiratory,Nonprofit,Urban,Non-Teaching,No,No,1,0.04979785834269488
28103.666666666668,13.333333333333334,2107.7734191699356,100-149,Respiratory,Nonprofit,Urban,Non-Teaching,Yes,No,1,0.9733333333333334
3986.3333333333335,6.0,664.3877815759197,100-149,Respiratory,Government,Frontier,Non-Teaching,Yes,Yes,0,0.0033333333333333335
24901.0,28.0,889.3211109567461,200-299,Respiratory,Investor Owned,Urban,Non-Teaching,No,Yes,0,0.01
42502.0,26.0,1634.691678964739,200-299,Respiratory,Nonprofit,Urban,Non-Teaching,No,Yes,0,0.0033333333333333335
9721.666666666666,11.0,883.7870753450829,1-49,Respiratory,Nonprofit,Rural,Non-Teaching,Yes,Yes,0,0.02666666666666667
9916.0,7.0,1416.5694049008503,1-49,Respiratory,Nonprofit,Rural,Non-Teaching,Yes,Yes,0,0.11349680340443481
57303.333333333336,51.0,1123.594550929173,200-299,Respiratory,Nonprofit,Urban,Non-Teaching,No,No,0,0.03211130832674541
24714.666666666668,13.0,1901.1267427230187,100-149,Respiratory,Nonprofit,Urban,Non-Teaching,No,No,1,0.7333333333333333
57780.0,45.0,1283.99971466673,150-199,Respiratory,Nonprofit,Urban,Non-Teaching,No,No,0,0.0033333333333333335
48864.0,27.0,1809.7771074899601,100-149,Respiratory,Nonprofit,Urban,Non-Teaching,No,No,1,0.7466666666666667
8867.0,9.0,985.2211275320806,1-49,Respiratory,Investor Owned,Rural,Non-Teaching,No,No,0,0.005321417932677986
17207.5,15.0,1147.1659018893988,50-99,Respiratory,Investor Owned,Urban,Non-Teaching,No,No,0,0.006666666666666667
35628.0,29.5,1207.728404159863,200-299,Respiratory,Investor Owned,Urban,Non-Teaching,No,Yes,0,0.0033333333333333335
8424.666666666666,8.333333333333334,1010.9587868494557,50-99,Respiratory,Government,Urban,Non-Teaching,Yes,No,0,0.01
53276.0,30.0,1775.8660747113086,150-199,Respiratory,Nonprofit,Urban,Teaching,No,Yes,1,0.99
31739.5,34.0,933.5144313192848,100-149,Respiratory,Nonprofit,Urban,Non-Teaching,No,Yes,0,0.03666666666666667
77669.33333333333,33.0,2353.6154483993587,300-499,Respiratory,Investor Owned,Urban,Non-Teaching,No,No,1,0.7636360917645932
51875.333333333336,32.0,1621.1036600717728,200-299,Respiratory,Investor Owned,Urban,Non-Teaching,No,No,0,0.006666666666666667
72098.66666666667,40.0,1802.4662160501127,300-499,Respiratory,Nonprofit,Urban,Non-Teaching,No,No,1,0.44243067836562733
18690.333333333332,12.0,1557.5264798390444,1-49,Respiratory,Government,Rural,Non-Teaching,Yes,No,0,0.0
28291.666666666668,14.0,2020.8318898819837,50-99,Respiratory,Nonprofit,Rural,Non-Teaching,Yes,Yes,1,0.84
59761.5,80.5,742.3787897666099,300-499,Respiratory,Government,Urban,Non-Teaching,Yes,Yes,0,0.01
33321.0,24.0,1388.3744215106578,150-199,Respiratory,Government,Rural,Non-Teaching,Yes,Yes,0,0.02
28867.333333333332,15.0,1924.4876058971515,100-149,Respiratory,Nonprofit,Rural,Non-Teaching,Yes,Yes,1,0.8533333333333334
30663.666666666668,18.0,1703.536090628098,50-99,Respiratory,Nonprofit,Rural,Non-Teaching,Yes,Yes,0,0.006666666666666667
40721.5,38.5,1057.70102397376,200-299,Respiratory,Government,Urban,Non-Teaching,No,No,0,0.0
40176.0,28.0,1434.8566304083463,300-499,Respiratory,Investor Owned,Urban,Non-Teaching,No,No,0,0.15666666666666668
7952.0,6.0,1325.331124448126,1-49,Respiratory,Nonprofit,Rural,Non-Teaching,No,No,0,0.0
22600.333333333332,14.0,1614.3083707321161,100-149,Respiratory,Nonprofit,Urban,Non-Teaching,No,No,0,0.17
45771.666666666664,31.0,1476.5049000521826,200-299,Respiratory,Nonprofit,Urban,Non-Teaching,No,Yes,0,0.0
26971.5,11.0,2451.952316406985,1-49,Respiratory,Nonprofit,Urban,Non-Teaching,No,Yes,1,0.8633333333333333
59699.0,44.0,1356.7951461829211,200-299,Respiratory,Nonprofit,Rural,Non-Teaching,Yes,Yes,0,0.0033333333333333335
36398.0,40.0,909.9497725125568,150-199,Respiratory,Nonprofit,Urban,Non-Teaching,No,No,0,0.013333333333333334
69248.0,54.0,1282.3701328944198,150-199,Respiratory,Government,Urban,Non-Teaching,No,No,0,0.002851040198214362
112998.5,80.0,1412.4810734398657,300-499,Respiratory,Nonprofit,Urban,Teaching,No,No,0,0.0033333333333333335
9934.0,5.0,1986.7960264079472,1-49,Respiratory,Nonprofit,Rural,Non-Teaching,Yes,Yes,1,0.829069263254871
15236.0,11.0,1385.0896499185,1-49,Respiratory,Nonprofit,Rural,Non-Teaching,Yes,Yes,0,0.02666666666666667
26490.0,24.0,1103.7495401043584,100-149,Respiratory,Nonprofit,Rural,Non-Teaching,No,No,0,0.0
9268.0,9.0,1029.7766335815184,50-99,Respiratory,Investor Owned,Rural,Non-Teaching,Yes,Yes,0,0.006666666666666667
63937.0,48.0,1332.0205558290509,300-499,Respiratory,Nonprofit,Urban,Teaching,No,Yes,0,0.013333333333333334
11554.0,12.0,962.8325309728909,50-99,Respiratory,Investor Owned,Rural,Non-Teaching,Yes,Yes,0,0.0033333333333333335
30623.0,20.0,1531.149234425383,150-199,Respiratory,Government,Rural,Non-Teaching,Yes,Yes,0,0.02
74433.0,36.0,2067.582759004789,300-499,Respiratory,Nonprofit,Urban,Non-Teaching,No,Yes,1,0.9766666666666667
45491.0,30.0,1516.3661612112796,200-299,Respiratory,Government,Urban,Teaching,No,Yes,0,0.01
53560.0,40.0,1338.9996652500836,200-299,Respiratory,Nonprofit,Urban,Non-Teaching,No,Yes,0,0.0
2364.0,2.0,1181.9940900295499,1-49,Respiratory,Nonprofit,Frontier,Non-Teaching,Yes,Yes,0,0.006184373531547696
41196.0,26.0,1584.4609290534888,300-499,Respiratory,Nonprofit,Urban,Teaching,No,No,0,0.13333333333333333
72057.0,46.0,1566.456181205178,300-499,Respiratory,Nonprofit,Urban,Non-Teaching,Yes,No,0,0.0033333333333333335
33564.0,14.0,2397.4268589808153,150-199,Respiratory,Government,Urban,Non-Teaching,No,No,1,0.8433333333333334
31471.5,22.0,1430.5220770354194,100-149,Respiratory,Nonprofit,Urban,Non-Teaching,No,No,0,0.0388731836830373
33640.5,16.0,2102.52993591879,300-499,Respiratory,Nonprofit,Urban,Non-Teaching,No,No,1,0.7288897688757667
52043.0,50.0,1040.8597918280416,500+,Respiratory,Nonprofit,Urban,Non-Teaching,No,No,0,0.0
29638.0,21.0,1411.3326612701612,150-199,Respiratory,Investor Owned,Urban,Non-Teaching,No,No,0,0.04
25109.5,16.0,1569.3427691607694,300-499,Respiratory,Nonprofit,Urban,Non-Teaching,No,No,0,0.7288897688757667
50599.5,24.0,2108.3116215368245,300-499,Respiratory,Investor Owned,Urban,Non-Teaching,No,No,1,0.37
109217.0,29.0,3766.1021496199482,100-149,Respiratory,Nonprofit,Urban,Non-Teaching,Yes,Yes,1,0.9
10799.0,13.0,830.6916686987164,1-49,Respiratory,Government,Rural,Non-Teaching,No,Yes,0,0.013333333333333334
6472.0,8.0,808.998988751264,150-199,Respiratory,Nonprofit,Rural,Non-Teaching,No,No,0,0.0033333333333333335
23312.0,18.0,1295.110391605338,100-149,Respiratory,Nonprofit,Rural,Non-Teaching,Yes,Yes,0,0.10666666666666667
27460.0,23.0,1193.912524385859,150-199,Respiratory,Government,Urban,Non-Teaching,No,No,0,0.09666666666666666
4040.0,8.0,504.9993687507891,150-199,Respiratory,Investor Owned,Urban,Non-Teaching,No,No,0,0.09
11497.0,69.0,166.62316425751243,50-99,Respiratory,Nonprofit,Urban,Non-Teaching,No,No,0,0.0
112998.5,72.0,1569.4233931356398,200-299,Respiratory,Nonprofit,Urban,Teaching,No,No,0,0.0
87345.0,64.0,1364.7654117554043,500+,Respiratory,Investor Owned,Urban,Teaching,Yes,Yes,0,0.0
51767.0,26.0,1991.0376957547323,100-149,Respiratory,Nonprofit,Urban,Non-Teaching,No,Yes,1,0.54
99973.0,59.0,1694.4573399224846,200-299,Respiratory,Nonprofit,Urban,Teaching,No,No,0,0.08
30920.5,20.0,1546.0242269878865,300-499,Respiratory,Nonprofit,Urban,Non-Teaching,No,No,0,0.029157336915957604
56462.0,31.0,1821.3542511760481,300-499,Respiratory,Nonprofit,Urban,Non-Teaching,No,No,1,0.5360089737272734
45169.5,29.0,1557.56842842468,300-499,Respiratory,Nonprofit,Urban,Non-Teaching,No,No,0,0.01102349832910671
107243.0,53.0,2023.4524484051983,200-299,Respiratory,Nonprofit,Urban,Teaching,No,No,1,0.8864668394479802
42886.0,25.0,1715.4393138242744,100-149,Respiratory,Nonprofit,Urban,Non-Teaching,No,No,0,0.14333333333333334
112998.5,80.5,1403.7079001605093,300-499,Respiratory,Nonprofit,Urban,Teaching,Yes,No,0,0.0
62646.0,24.0,2610.2489123962864,300-499,Respiratory,Nonprofit,Urban,Teaching,No,Yes,1,0.9633333333333334
4339.5,4.0,1084.8722878192805,1-49,Respiratory,Nonprofit,Frontier,Non-Teaching,Yes,Yes,0,0.006184373531547696
14965.0,39.0,383.7178503287563,150-199,Respiratory,Nonprofit,Urban,Non-Teaching,No,No,0,0.013333333333333334
112998.5,80.5,1403.7079001605093,300-499,Respiratory,Nonprofit,Urban,Teaching,No,No,0,0.0033333333333333335
5637.5,7.0,805.3559923485824,50-99,Respiratory,Nonprofit,Urban,Non-Teaching,No,Yes,0,0.08
82844.0,62.0,1336.1933328720431,300-499,Respiratory,Investor Owned,Urban,Teaching,Yes,Yes,0,0.0
13380.0,22.0,608.1815417356629,200-299,Respiratory,Investor Owned,Urban,Non-Teaching,No,No,0,0.0
17158.0,17.0,1009.293523944986,150-199,Respiratory,Nonprofit,Urban,Non-Teaching,No,No,0,0.01
43220.0,40.0,1080.4997298750675,300-499,Respiratory,Nonprofit,Urban,Teaching,No,No,0,0.05386528458482708
63151.0,40.0,1578.7746053063486,200-299,Respiratory,Nonprofit,Urban,Non-Teaching,No,No,0,0.009157336915957605
73413.0,36.0,2039.249433541824,200-299,Respiratory,Nonprofit,Urban,Teaching,No,No,1,0.8766666666666667
74166.0,30.0,2472.199175933608,300-499,Respiratory,Nonprofit,Urban,Teaching,No,No,1,0.9266666666666666
39333.0,24.0,1638.8743171357012,200-299,Respiratory,Nonprofit,Urban,Non-Teaching,No,Yes,0,0.006666666666666667
53345.0,27.0,1975.740008985182,150-199,Respiratory,Nonprofit,Urban,Non-Teaching,No,No,1,0.3466666666666667
59695.0,30.0,1989.8326700557766,150-199,Respiratory,Nonprofit,Urban,Non-Teaching,No,Yes,1,0.9866666666666667
71708.0,73.0,982.3012353012006,300-499,Respiratory,Government,Urban,Teaching,Yes,Yes,0,0.0
45896.0,35.0,1311.313911053168,150-199,Respiratory,Government,Urban,Non-Teaching,No,No,0,0.023333333333333334
34054.5,18.0,1891.9156156024358,100-149,Respiratory,Nonprofit,Urban,Non-Teaching,No,No,1,0.9686196880335968
23820.0,19.5,1221.5378351088025,100-149,Respiratory,Nonprofit,Urban,Non-Teaching,No,Yes,0,0.05249067024929094
32229.0,23.0,1401.260260321626,50-99,Respiratory,Nonprofit,Urban,Non-Teaching,No,Yes,0,0.36333333333333334
2837.0,2.0,1418.4929075354623,1-49,Respiratory,Government,Frontier,Non-Teaching,Yes,Yes,0,0.0
23943.0,20.0,1197.1494014252994,300-499,Respiratory,Investor Owned,Urban,Non-Teaching,Yes,No,0,0.0033333333333333335
32425.0,41.0,790.8534656454962,300-499,Respiratory,Government,Urban,Teaching,No,No,0,0.006666666666666667
28244.0,16.0,1765.2488967194397,100-149,Respiratory,Nonprofit,Rural,Non-Teaching,Yes,Yes,1,0.8533333333333334
4834.0,4.0,1208.4969787575533,50-99,Respiratory,Government,Frontier,Non-Teaching,Yes,Yes,0,0.0033333333333333335
58831.0,56.0,1050.5533838297529,300-499,Respiratory,Nonprofit,Urban,Non-Teaching,No,No,0,0.26582400358262426
73328.0,64.0,1145.7498209765904,300-499,Respiratory,Investor Owned,Urban,Non-Teaching,Yes,Yes,0,0.0
68827.0,44.0,1564.249644488717,300-499,Respiratory,Government,Urban,Teaching,No,Yes,0,0.013333333333333334
51901.0,24.0,2162.540765608014,300-499,Respiratory,Nonprofit,Urban,Non-Teaching,No,Yes,1,0.9866666666666667
33076.0,52.0,636.0768007544614,500+,Respiratory,Government,Urban,Teaching,No,No,0,0.0033333333333333335
28108.0,21.0,1338.4755531068795,200-299,Respiratory,Nonprofit,Urban,Non-Teaching,Yes,Yes,0,0.01
67670.0,62.0,1091.4514368626715,300-499,Respiratory,Investor Owned,Urban,Non-Teaching,Yes,Yes,0,0.0
13261.0,12.0,1105.082412431323,100-149,Sepsis,Government,Urban,Non-Teaching,No,No,0,0.07666666666666666
29420.666666666668,22.0,1337.302422438293,300-499,Sepsis,Nonprofit,Urban,Non-Teaching,No,No,0,0.042490670249290936
30782.5,40.0,769.562307609423,150-199,Sepsis,Nonprofit,Urban,Teaching,No,No,0,0.02
65082.0,59.0,1103.0845587992274,200-299,Sepsis,Government,Urban,Non-Teaching,No,No,0,0.0
29479.0,30.0,982.633005788998,300-499,Sepsis,Nonprofit,Urban,Non-Teaching,No,No,0,0.5501665146619634
42180.666666666664,39.0,1081.5552782336893,300-499,Sepsis,Government,Urban,Non-Teaching,No,No,0,0.01832093991671624
28620.0,17.0,1683.5284214538697,150-199,Sepsis,Nonprofit,Urban,Non-Teaching,No,No,0,0.0033333333333333335
37801.333333333336,18.0,2100.0729073669036,100-149,Sepsis,Nonprofit,Urban,Non-Teaching,No,No,1,0.9247730998996496
31745.0,22.0,1442.9538895664139,100-149,Sepsis,Nonprofit,Urban,Non-Teaching,No,No,0,0.04405689639821401
110997.0,80.0,1387.4623265672092,300-499,Sepsis,Nonprofit,Urban,Non-Teaching,No,No,0,0.0
66977.0,40.0,1674.4245813938546,200-299,Sepsis,Nonprofit,Urban,Non-Teaching,No,No,0,0.009157336915957605
24025.0,14.0,1716.070202806998,50-99,Sepsis,Nonprofit,Rural,Non-Teaching,Yes,No,0,0.016666666666666666
9708.5,5.0,1941.696116607767,100-149,Sepsis,Nonprofit,Rural,Non-Teaching,Yes,Yes,1,0.9666666666666667
8570.0,14.0,612.1424198982716,100-149,Sepsis,Nonprofit,Rural,Non-Teaching,Yes,Yes,0,0.5333333333333333
55911.0,49.0,1141.0405834611054,200-299,Sepsis,Nonprofit,Urban,Non-Teaching,No,Yes,0,0.0
10039.0,8.0,1254.8734314082108,1-49,Sepsis,Nonprofit,Rural,Non-Teaching,Yes,Yes,0,0.4527228444548325
41025.0,30.0,1367.4995441668186,100-149,Sepsis,Nonprofit,Urban,Non-Teaching,No,No,0,0.021145421515302257
46164.333333333336,44.0,1049.1891554873132,500+,Sepsis,Nonprofit,Urban,Non-Teaching,No,No,0,0.0
63404.333333333336,52.0,1219.3138680806665,200-299,Sepsis,Nonprofit,Urban,Non-Teaching,No,No,0,0.0
50722.333333333336,32.0,1585.072421331535,200-299,Sepsis,Nonprofit,Urban,Non-Teaching,No,No,0,0.02200837711417197
16929.333333333332,12.0,1410.7766021306093,100-149,Sepsis,Investor Owned,Urban,Non-Teaching,No,No,0,0.024571736064722037
63958.666666666664,36.0,1776.629136121536,150-199,Sepsis,Nonprofit,Urban,Non-Teaching,No,No,1,0.722008377114172
16776.666666666668,12.0,1398.0543905102302,100-149,Sepsis,Nonprofit,Rural,Non-Teaching,Yes,Yes,0,0.5
55450.333333333336,59.0,939.8359988978533,300-499,Sepsis,Nonprofit,Rural,Non-Teaching,Yes,Yes,0,0.04
7588.5,9.0,843.1657298158558,100-149,Sepsis,Investor Owned,Rural,Non-Teaching,Yes,Yes,0,0.06582400358262427
80788.66666666667,73.0,1106.693912325035,500+,Sepsis,Nonprofit,Urban,Teaching,Yes,No,0,0.0
35672.666666666664,10.0,3567.263099403567,1-49,Sepsis,Nonprofit,Rural,Non-Teaching,Yes,Yes,1,0.9324906702492909
57338.0,48.0,1194.5414178038711,300-499,Sepsis,Nonprofit,Urban,Non-Teaching,No,Yes,0,0.0
47511.333333333336,21.0,2262.4433670904605,150-199,Sepsis,Nonprofit,Urban,Non-Teaching,No,Yes,1,0.96
5907.0,4.333333333333333,1363.1507004214607,1-49,Sepsis,Investor Owned,Frontier,Non-Teaching,Yes,Yes,0,0.0
10314.0,8.0,1289.2483884395144,1-49,Sepsis,Investor Owned,Rural,Non-Teaching,Yes,Yes,0,0.01603217483593919
28371.0,20.0,1418.5492907253547,100-149,Sepsis,Investor Owned,Rural,Non-Teaching,Yes,Yes,0,0.03333333333333333
39829.0,16.0,2489.31094418066,100-149,Sepsis,Government,Rural,Non-Teaching,Yes,Yes,1,0.9866666666666667
7991.666666666667,7.666666666666667,1042.3899447087679,1-49,Sepsis,Government,Rural,Non-Teaching,No,No,0,0.0033333333333333335
1610.0,2.0,804.9959750201249,1-49,Sepsis,Government,Frontier,Non-Teaching,Yes,No,0,0.0033333333333333335
28485.0,10.0,2848.4971515028487,150-199,Sepsis,Nonprofit,Urban,Non-Teaching,Yes,Yes,1,0.9833333333333333
6546.333333333333,8.0,818.290643803362,100-149,Sepsis,Government,Frontier,Non-Teaching,Yes,Yes,0,0.0
64106.0,42.666666666666664,1502.484022855307,100-149,Sepsis,Nonprofit,Urban,Non-Teaching,No,Yes,0,0.04
15535.666666666666,12.0,1294.6378100240472,50-99,Sepsis,Nonprofit,Rural,Non-Teaching,Yes,Yes,0,0.04
20035.333333333332,13.0,1541.1783016577167,1-49,Sepsis,Nonprofit,Rural,Non-Teaching,Yes,Yes,0,0.006666666666666667
88985.33333333333,40.666666666666664,2188.163396353263,150-199,Sepsis,Nonprofit,Urban,Non-Teaching,Yes,Yes,1,0.9733333333333334
18720.666666666668,8.0,2340.080408232823,1-49,Sepsis,Nonprofit,Rural,Non-Teaching,Yes,Yes,1,0.4527228444548325
18771.0,12.0,1564.2486964594198,1-49,Sepsis,Nonprofit,Rural,Non-Teaching,Yes,Yes,0,0.006666666666666667
10002.666666666666,8.0,1250.3317704186202,1-49,Sepsis,Nonprofit,Rural,Non-Teaching,Yes,Yes,0,0.4527228444548325
14433.0,8.0,1804.122744846569,100-149,Sepsis,Investor Owned,Urban,Non-Teaching,No,No,1,0.37043239170122716
102466.66666666667,42.666666666666664,2401.561937133921,300-499,Sepsis,Government,Urban,Non-Teaching,No,Yes,1,0.9133333333333333
36011.0,26.0,1385.0379288315658,300-499,Sepsis,Nonprofit,Urban,Non-Teaching,No,No,0,0.002490670249290939
12317.0,17.0,724.528985571185,300-499,Sepsis,Investor Owned,Urban,Non-Teaching,No,No,0,0.11333333333333333
57101.0,35.0,1631.4566767266635,300-499,Sepsis,Nonprofit,Urban,Non-Teaching,No,No,0,0.23678112675509022
34882.0,50.5,690.7325364886066,300-499,Sepsis,Investor Owned,Urban,Non-Teaching,Yes,No,0,0.006666666666666667
65446.0,41.0,1596.2435131113382,300-499,Sepsis,Nonprofit,Urban,Teaching,Yes,No,0,0.006666666666666667
29986.333333333332,14.0,2141.879422467079,50-99,Sepsis,Investor Owned,Urban,Non-Teaching,No,Yes,1,0.97
3751.5,4.0,937.8726553183618,100-149,Sepsis,Investor Owned,Urban,Non-Teaching,Yes,Yes,0,0.043333333333333335
20267.0,12.0,1688.915259237284,200-299,Sepsis,Investor Owned,Urban,Non-Teaching,No,No,0,0.13333333333333333
33361.5,14.0,2382.9625835981547,150-199,Sepsis,Investor Owned,Urban,Non-Teaching,No,No,1,0.8366666666666667
46487.666666666664,30.666666666666668,1515.9016795972782,150-199,Sepsis,Nonprofit,Urban,Non-Teaching,No,No,0,0.4471341890841984
9859.5,8.0,1232.4359594550508,100-149,Sepsis,Investor Owned,Urban,Non-Teaching,Yes,Yes,0,0.056666666666666664
6710.333333333333,9.0,745.591764157299,100-149,Sepsis,Investor Owned,Urban,Non-Teaching,No,No,0,0.10201920109409707
16033.333333333334,21.0,763.4916999245874,200-299,Sepsis,Investor Owned,Urban,Non-Teaching,No,No,0,0.01
39767.5,37.0,1074.7970068116197,500+,Sepsis,Nonprofit,Urban,Non-Teaching,No,No,0,0.005824003582624272
18635.5,9.0,2070.608810434655,100-149,Sepsis,Investor Owned,Urban,Non-Teaching,Yes,No,1,0.9477105220303244
79359.66666666667,32.0,2479.9888083368305,300-499,Sepsis,Nonprofit,Urban,Non-Teaching,No,No,1,0.611997063817876
68964.66666666667,30.0,2298.8214559484036,500+,Sepsis,Nonprofit,Urban,Non-Teaching,Yes,No,1,0.9533333333333334
53635.333333333336,57.0,940.9705951513575,300-499,Sepsis,Nonprofit,Urban,Teaching,Yes,No,0,0.0033333333333333335
62426.5,49.5,1261.1411593654223,200-299,Sepsis,Nonprofit,Urban,Non-Teaching,Yes,No,0,0.08666666666666667
61938.666666666664,41.0,1510.6988185287432,200-299,Sepsis,Nonprofit,Urban,Non-Teaching,No,No,0,0.006666666666666667
79005.0,53.0,1490.6600961018685,200-299,Sepsis,Nonprofit,Urban,Non-Teaching,No,No,0,0.08525629432380301
40703.0,29.0,1403.5512401547448,300-499,Sepsis,Nonprofit,Urban,Non-Teaching,No,No,0,0.009157336915957605
32344.666666666668,18.0,1796.9249276342996,100-149,Sepsis,Nonprofit,Urban,Non-Teaching,No,No,1,0.9247730998996496
36378.0,15.0,2425.198383201078,200-299,Sepsis,Investor Owned,Urban,Non-Teaching,No,No,1,0.8633333333333333
29577.0,10.666666666666666,2772.841150461422,150-199,Sepsis,Investor Owned,Urban,Non-Teaching,Yes,No,1,0.81
72059.5,64.0,1125.9295115735138,300-499,Sepsis,Nonprofit,Urban,Teaching,No,No,0,0.0
35037.666666666664,29.0,1208.19498567989,300-499,Sepsis,Nonprofit,Urban,Non-Teaching,No,No,0,0.009157336915957605
16074.666666666666,5.666666666666667,2836.700876410218,100-149,Sepsis,Investor Owned,Urban,Non-Teaching,No,No,1,0.8526709914163224
54946.0,55.5,990.0178396364253,500+,Sepsis,Nonprofit,Urban,Teaching,No,No,0,0.01
47234.0,37.0,1276.5942495691215,300-499,Sepsis,Nonprofit,Urban,Non-Teaching,No,No,0,0.24809884098532156
4946.5,4.0,1236.621908445229,50-99,Sepsis,Investor Owned,Urban,Non-Teaching,No,No,0,0.0033333333333333335
6297.5,7.0,899.6415719406116,100-149,Sepsis,Investor Owned,Urban,Non-Teaching,No,No,0,0.10715551138709213
77714.0,71.0,1094.5632261178555,300-499,Sepsis,Nonprofit,Urban,Non-Teaching,No,No,0,0.016666666666666666
57211.0,61.0,937.8850921499849,500+,Sepsis,Nonprofit,Urban,Non-Teaching,No,No,0,0.006666666666666667
12230.666666666666,8.0,1528.8314222940555,100-149,Sepsis,Investor Owned,Urban,Non-Teaching,No,No,0,0.37043239170122716
32363.666666666668,15.333333333333334,2110.672536517911,200-299,Sepsis,Nonprofit,Urban,Non-Teaching,No,No,1,0.8833333333333333
31796.5,21.0,1514.1183266103208,200-299,Sepsis,Government,Urban,Non-Teaching,No,No,0,0.07666666666666666
6826.0,7.0,975.1414640836227,200-299,Sepsis,Investor Owned,Urban,Non-Teaching,Yes,No,0,0.043333333333333335
18475.333333333332,12.0,1539.609828102921,150-199,Sepsis,Nonprofit,Urban,Non-Teaching,No,No,0,0.01
46827.333333333336,41.333333333333336,1132.9190807453836,300-499,Sepsis,Investor Owned,Urban,Non-Teaching,Yes,Yes,0,0.006666666666666667
23936.333333333332,27.0,886.530535852888,200-299,Sepsis,Nonprofit,Urban,Non-Teaching,No,No,0,0.0
50359.333333333336,40.0,1258.9830185875787,300-499,Sepsis,Nonprofit,Urban,Non-Teaching,No,No,0,0.48242144337925613
9195.333333333334,8.0,1149.4152298976294,100-149,Sepsis,Investor Owned,Urban,Non-Teaching,No,No,0,0.37043239170122716
43418.0,32.0,1356.8120759962262,300-499,Sepsis,Nonprofit,Urban,Non-Teaching,No,No,0,0.611997063817876
21073.5,13.0,1621.037214586758,150-199,Sepsis,Nonprofit,Urban,Non-Teaching,No,No,0,0.016666666666666666
46270.0,30.0,1542.3328192223937,200-299,Sepsis,Investor Owned,Urban,Non-Teaching,No,No,0,0.0
49428.0,28.0,1765.285083826756,300-499,Sepsis,Nonprofit,Urban,Teaching,No,No,1,0.89
23054.5,13.0,1773.4217127525287,150-199,Sepsis,Investor Owned,Urban,Non-Teaching,No,No,1,0.8266666666666667
52035.666666666664,30.0,1734.5216440483407,300-499,Sepsis,Nonprofit,Urban,Non-Teaching,No,No,0,0.5501665146619634
73969.0,72.66666666666667,1017.9218782676313,300-499,Sepsis,Government,Urban,Teaching,Yes,No,0,0.0
105955.5,80.5,1316.2172277991021,500+,Sepsis,Government,Urban,Teaching,No,No,0,0.0
99493.0,29.0,3430.791920416579,100-149,Sepsis,Nonprofit,Urban,Teaching,Yes,Yes,1,0.9933333333333333
50463.666666666664,50.666666666666664,995.9932244750214,300-499,Sepsis,Government,Urban,Teaching,No,No,0,0.006666666666666667
40780.666666666664,37.333333333333336,1092.3389931234838,200-299,Sepsis,Nonprofit,Urban,Non-Teaching,No,No,0,0.05333333333333334
67262.0,33.0,2038.2418065933919,200-299,Sepsis,Nonprofit,Urban,Non-Teaching,Yes,No,1,0.9628510401982142
92182.33333333333,80.0,1152.2790226317886,300-499,Sepsis,Nonprofit,Urban,Non-Teaching,No,No,0,0.0
64397.333333333336,35.0,1839.9232838314426,150-199,Sepsis,Investor Owned,Urban,Non-Teaching,Yes,Yes,1,0.94
77745.33333333333,38.0,2045.9292861589595,300-499,Sepsis,Nonprofit,Rural,Non-Teaching,Yes,Yes,1,0.9333333333333333
27449.0,19.0,1444.683450166605,100-149,Sepsis,Nonprofit,Urban,Non-Teaching,No,No,0,0.6126666207823706
29936.333333333332,31.0,965.6878605307977,300-499,Sepsis,Nonprofit,Urban,Non-Teaching,No,No,0,0.6377537536071088
14621.0,9.0,1624.553750495833,1-49,Sepsis,Nonprofit,Urban,Non-Teaching,No,No,0,0.023333333333333334
6284.0,3.6666666666666665,1713.8135077813424,1-49,Sepsis,Government,Rural,Non-Teaching,Yes,Yes,0,0.0
9094.0,6.0,1515.6641405597659,1-49,Sepsis,Nonprofit,Rural,Non-Teaching,Yes,Yes,0,0.0807293825676019
28163.666666666668,19.0,1482.2974654574743,50-99,Sepsis,Nonprofit,Rural,Non-Teaching,Yes,Yes,0,0.0033333333333333335
13366.0,9.0,1485.1094609894878,1-49,Sepsis,Nonprofit,Rural,Non-Teaching,Yes,Yes,0,0.145872401826805
25567.333333333332,10.0,2556.7307766025565,1-49,Sepsis,Nonprofit,Rural,Non-Teaching,Yes,Yes,1,0.9324906702492909
57461.0,26.0,2210.0376115239956,150-199,Sepsis,Nonprofit,Urban,Non-Teaching,Yes,Yes,1,0.9866666666666667
511.0,1.0,510.99489005109945,1-49,Sepsis,Government,Frontier,Non-Teaching,Yes,Yes,0,0.0
41278.666666666664,30.666666666666668,1346.0430393337915,200-299,Sepsis,Nonprofit,Urban,Non-Teaching,No,No,0,0.005486181918949826
14553.0,6.0,2425.495957506738,50-99,Sepsis,Nonprofit,Rural,Non-Teaching,No,Yes,1,0.7166666666666667
50028.333333333336,16.0,3126.768879102784,200-299,Sepsis,Government,Urban,Non-Teaching,Yes,Yes,1,0.9033333333333333
51527.5,19.0,2711.972256856707,150-199,Sepsis,Government,Urban,Non-Teaching,Yes,Yes,1,0.8966666666666666
24487.0,18.0,1360.3881331177038,150-199,Sepsis,Investor Owned,Urban,Non-Teaching,No,No,0,0.12666666666666668
6034.5,8.0,754.3115571105536,100-149,Sepsis,Nonprofit,Rural,Non-Teaching,No,No,0,0.01
12749.5,15.0,849.9661000226,50-99,Sepsis,Government,Rural,Non-Teaching,Yes,Yes,0,0.016666666666666666
92289.0,35.666666666666664,2587.5413305958887,300-499,Sepsis,Nonprofit,Urban,Non-Teaching,No,No,1,0.7721892123592362
27767.5,26.0,1067.9803584690928,200-299,Sepsis,Nonprofit,Urban,Non-Teaching,No,No,0,0.0
23505.0,30.0,783.4997388334205,200-299,Sepsis,Investor Owned,Urban,Teaching,No,Yes,0,0.006666666666666667
5063.0,8.0,632.8742089072389,100-149,Sepsis,Investor Owned,Urban,Non-Teaching,No,No,0,0.37043239170122716
12153.0,11.0,1104.8171774389295,150-199,Sepsis,Investor Owned,Urban,Non-Teaching,No,Yes,0,0.06
100965.66666666667,80.5,1254.2317282527874,300-499,Sepsis,Nonprofit,Urban,Non-Teaching,No,No,0,0.0
11960.0,12.0,996.6658361118033,100-149,Sepsis,Investor Owned,Urban,Non-Teaching,No,No,0,0.024571736064722037
11887.333333333334,11.0,1080.6656842433174,100-149,Sepsis,Investor Owned,Urban,Non-Teaching,No,No,0,0.00581013879611074
25199.5,23.0,1095.6299584217572,150-199,Sepsis,Investor Owned,Urban,Non-Teaching,No,No,0,0.06
11411.0,10.0,1141.098858901141,150-199,Sepsis,Investor Owned,Urban,Non-Teaching,Yes,No,0,0.12
34495.5,44.5,775.1796010832356,300-499,Sepsis,Nonprofit,Urban,Non-Teaching,No,No,0,0.007812088181968925
42020.0,50.666666666666664,829.3419415772483,300-499,Sepsis,Government,Urban,Teaching,Yes,No,0,0.0
19240.0,12.0,1603.3319972233357,150-199,Sepsis,Investor Owned,Urban,Non-Teaching,Yes,No,0,0.12333333333333334
27262.5,31.0,879.4352001821935,200-299,Sepsis,Nonprofit,Urban,Non-Teaching,No,No,0,0.012995511669658887
14340.0,20.0,716.9996415001792,150-199,Sepsis,Nonprofit,Urban,Non-Teaching,No,No,0,0.006666666666666667
53749.666666666664,36.0,1493.045881561329,300-499,Sepsis,Nonprofit,Urban,Non-Teaching,No,No,0,0.17063181210944853
4135.333333333333,8.0,516.916020521641,150-199,Sepsis,Investor Owned,Urban,Non-Teaching,No,No,0,0.060460633778119985
24221.0,24.0,1009.2079128300363,200-299,Sepsis,Investor Owned,Urban,Non-Teaching,Yes,No,0,0.006666666666666667
17550.0,17.5,1002.8565697962458,200-299,Sepsis,Investor Owned,Urban,Non-Teaching,No,No,0,0.04
109291.5,72.0,1517.9372891753765,200-299,Sepsis,Nonprofit,Urban,Non-Teaching,No,No,0,0.0
26386.333333333332,14.0,1884.7367489975602,50-99,Sepsis,Nonprofit,Urban,Non-Teaching,No,Yes,1,0.8266666666666667
69937.5,69.0,1013.5868096251,300-499,Sepsis,Nonprofit,Urban,Non-Teaching,No,No,0,0.016666666666666666
112998.5,62.0,1822.5561576522325,300-499,Sepsis,Nonprofit,Urban,Non-Teaching,No,No,1,0.79
3495.0,3.0,1164.996116679611,1-49,Sepsis,Government,Frontier,Non-Teaching,Yes,Yes,0,0.0
2546.6666666666665,2.0,1273.3269666984997,1-49,Sepsis,Government,Frontier,Non-Teaching,Yes,Yes,0,0.0
44698.666666666664,30.0,1489.9550589038693,150-199,Sepsis,Investor Owned,Urban,Non-Teaching,No,Yes,0,0.05
54417.5,28.0,1943.4814487566255,300-499,Sepsis,Investor Owned,Urban,Non-Teaching,No,Yes,1,0.96
39938.5,29.0,1377.189180279593,300-499,Sepsis,Investor Owned,Urban,Non-Teaching,Yes,Yes,0,0.016666666666666666
45627.5,12.0,3802.2884980929184,100-149,Sepsis,Investor Owned,Urban,Non-Teaching,No,Yes,1,0.7933333333333333
7767.0,7.0,1109.5698434716523,1-49,Sepsis,Government,Rural,Non-Teaching,Yes,Yes,0,0.0033333333333333335
45660.666666666664,41.0,1113.6745251200343,150-199,Sepsis,Investor Owned,Urban,Non-Teaching,No,Yes,0,0.013333333333333334
37046.333333333336,28.0,1323.0828608037402,50-99,Sepsis,Government,Urban,Non-Teaching,No,Yes,0,0.02
15067.333333333334,12.0,1255.6100647693906,50-99,Sepsis,Investor Owned,Urban,Non-Teaching,Yes,No,0,0.023333333333333334
54291.666666666664,41.0,1324.1866688975604,200-299,Sepsis,Nonprofit,Urban,Non-Teaching,No,Yes,0,0.006666666666666667
47474.5,26.0,1825.9416054070748,50-99,Sepsis,Nonprofit,Urban,Non-Teaching,No,Yes,1,0.8333333333333334
90694.33333333333,53.0,1711.213513607513,100-149,Sepsis,Investor Owned,Urban,Non-Teaching,No,Yes,0,0.0
35054.666666666664,21.0,1669.2690463798192,100-149,Sepsis,Investor Owned,Urban,Non-Teaching,No,No,0,0.04666666666666667
47299.5,58.5,808.5383233267823,100-149,Sepsis,Nonprofit,Urban,Non-Teaching,No,Yes,0,0.023333333333333334
95381.5,59.0,1616.6353192143526,200-299,Sepsis,Nonprofit,Urban,Non-Teaching,No,No,0,0.0033333333333333335
63503.666666666664,70.0,907.1951084959368,500+,Sepsis,Government,Urban,Teaching,No,No,0,0.0
84523.33333333333,51.333333333333336,1646.5581208003657,500+,Sepsis,Nonprofit,Urban,Non-Teaching,No,No,0,0.0
106119.0,53.0,2002.2449052368102,200-299,Sepsis,Nonprofit,Urban,Non-Teaching,No,No,1,0.08525629432380301
21385.333333333332,18.0,1188.0734140332884,50-99,Sepsis,Government,Rural,Non-Teaching,Yes,No,0,0.0
11297.666666666666,7.0,1613.9500753094162,1-49,Sepsis,Government,Rural,Non-Teaching,Yes,Yes,0,0.0033333333333333335
33224.0,15.0,2214.9318567120954,100-149,Sepsis,Investor Owned,Urban,Non-Teaching,No,No,1,0.81
22289.0,12.0,1857.4151188207343,100-149,Sepsis,Investor Owned,Urban,Non-Teaching,No,Yes,1,0.7933333333333333
112998.5,80.5,1403.7079001605093,300-499,Sepsis,Nonprofit,Urban,Non-Teaching,Yes,No,0,0.0033333333333333335
40403.0,40.0,1010.074747481313,300-499,Sepsis,Nonprofit,Urban,Teaching,No,No,0,0.056738894397734704
8291.666666666666,6.0,1381.9421412075424,1-49,Sepsis,Government,Rural,Non-Teaching,Yes,Yes,0,0.0033333333333333335
75626.66666666667,52.0,1454.35869467461,300-499,Sepsis,Nonprofit,Urban,Non-Teaching,No,Yes,0,0.0
53317.333333333336,18.0,2962.0724284782805,300-499,Sepsis,Nonprofit,Urban,Non-Teaching,No,Yes,1,0.9024906702492911
62192.333333333336,43.0,1446.3329969768224,200-299,Sepsis,Nonprofit,Urban,Non-Teaching,No,Yes,0,0.0033333333333333335
30790.0,16.0,1924.3737972663766,100-149,Sepsis,Investor Owned,Urban,Non-Teaching,Yes,Yes,1,0.8833333333333333
22806.333333333332,15.333333333333334,1487.3685951943944,150-199,Sepsis,Investor Owned,Rural,Non-Teaching,Yes,Yes,0,0.016666666666666666
35471.0,20.333333333333332,1744.4745518977616,100-149,Sepsis,Investor Owned,Urban,Non-Teaching,Yes,Yes,1,0.91
57942.0,47.0,1232.8082483386704,300-499,Sepsis,Government,Urban,Teaching,Yes,No,0,0.0
25407.666666666668,16.0,1587.9781741803079,1-49,Sepsis,Investor Owned,Rural,Non-Teaching,Yes,Yes,0,0.0033333333333333335
23200.666666666668,15.0,1546.710079971058,50-99,Sepsis,Nonprofit,Urban,Non-Teaching,No,Yes,0,0.12
79146.5,63.0,1256.2934513819919,500+,Sepsis,Nonprofit,Urban,Non-Teaching,No,No,0,0.0
86469.0,80.5,1074.148934888331,500+,Sepsis,Nonprofit,Urban,Non-Teaching,No,Yes,0,0.0033333333333333335
112241.5,80.5,1394.3041746205993,300-499,Sepsis,Nonprofit,Urban,Non-Teaching,No,No,0,0.0
96961.66666666667,77.33333333333333,1253.8144930412295,300-499,Sepsis,Nonprofit,Urban,Teaching,No,No,0,0.0
17293.0,20.0,864.6495676752162,200-299,Sepsis,Investor Owned,Urban,Non-Teaching,Yes,Yes,0,0.006666666666666667
37200.666666666664,47.0,791.5033776943167,300-499,Sepsis,Nonprofit,Urban,Non-Teaching,No,No,0,0.007812088181968925
39953.666666666664,40.0,998.8414169563123,300-499,Sepsis,Government,Urban,Non-Teaching,No,No,0,0.01832093991671624
60332.5,80.5,749.4719565873346,300-499,Sepsis,Government,Urban,Teaching,No,No,0,0.0
63761.0,48.0,1328.3538899262728,300-499,Sepsis,Nonprofit,Urban,Non-Teaching,No,No,0,0.007812088181968925
26922.5,8.0,3365.3082933646333,200-299,Sepsis,Government,Urban,Non-Teaching,No,No,1,0.96
44178.666666666664,38.0,1162.5961852817054,150-199,Sepsis,Nonprofit,Urban,Non-Teaching,No,No,0,0.023333333333333334
77978.0,72.0,1083.027627357274,200-299,Sepsis,Government,Urban,Non-Teaching,No,Yes,0,0.013333333333333334
31841.333333333332,28.666666666666668,1110.7437985777447,200-299,Sepsis,Nonprofit,Urban,Teaching,No,No,0,0.24666666666666667
10480.666666666666,12.0,873.3881610654213,200-299,Sepsis,Nonprofit,Urban,Non-Teaching,No,No,0,0.38333333333333336
43609.0,59.0,739.135467943141,300-499,Sepsis,Government,Urban,Teaching,No,No,0,0.0
20186.666666666668,19.0,1062.4555811637292,200-299,Sepsis,Nonprofit,Urban,Non-Teaching,No,No,0,0.023333333333333334
11045.666666666666,12.0,920.4714551626762,200-299,Sepsis,Nonprofit,Urban,Teaching,No,No,0,0.10666666666666667
26493.666666666668,35.0,756.9616884871366,200-299,Sepsis,Nonprofit,Urban,Non-Teaching,No,Yes,0,0.016666666666666666
17995.0,16.0,1124.686797070752,100-149,Sepsis,Nonprofit,Urban,Non-Teaching,No,No,0,0.06249067024929093
49033.666666666664,28.0,1751.2017555231826,150-199,Sepsis,Nonprofit,Urban,Non-Teaching,No,Yes,1,0.99
41087.333333333336,25.333333333333332,1621.8677808416658,150-199,Sepsis,Government,Urban,Non-Teaching,Yes,Yes,0,0.10666666666666667
29388.666666666668,14.0,2099.1889767697785,50-99,Sepsis,Nonprofit,Urban,Non-Teaching,No,Yes,1,0.8266666666666667
25987.0,11.0,2362.4523977705476,50-99,Sepsis,Investor Owned,Urban,Non-Teaching,No,Yes,1,0.97
103851.33333333333,46.666666666666664,2225.385237417449,50-99,Sepsis,Nonprofit,Urban,Non-Teaching,No,Yes,1,0.9466666666666667
25632.666666666668,18.0,1424.0362459057894,50-99,Sepsis,Nonprofit,Rural,Non-Teaching,No,Yes,0,0.0
20801.333333333332,22.0,945.5147217357325,50-99,Sepsis,Nonprofit,Rural,Non-Teaching,No,Yes,0,0.006666666666666667
19784.666666666668,11.0,1798.6044255111285,150-199,Sepsis,Investor Owned,Rural,Non-Teaching,No,Yes,1,0.9566666666666667
27192.666666666668,23.0,1182.2893410336198,100-149,Sepsis,Investor Owned,Urban,Non-Teaching,No,No,0,0.04666666666666667
33189.666666666664,15.0,2212.6429693491314,150-199,Sepsis,Government,Urban,Non-Teaching,No,No,1,0.9666666666666667
39927.666666666664,19.0,2101.4550343219116,100-149,Sepsis,Nonprofit,Urban,Non-Teaching,No,No,1,0.6126666207823706
13136.0,22.0,597.0906376860738,300-499,Sepsis,Investor Owned,Urban,Non-Teaching,No,No,0,0.26
41904.5,26.0,1611.7109185727236,200-299,Sepsis,Nonprofit,Urban,Non-Teaching,No,No,0,0.0
14532.0,17.0,854.8230265746903,200-299,Sepsis,Nonprofit,Urban,Non-Teaching,No,No,0,0.08666666666666667
32738.0,24.0,1364.0827649655146,150-199,Sepsis,Nonprofit,Urban,Non-Teaching,No,No,0,0.09
22042.666666666668,22.0,1001.9389385126037,1-49,Sepsis,Nonprofit,Urban,Non-Teaching,No,Yes,0,0.05
18819.5,10.0,1881.948118051882,50-99,Sepsis,Government,Rural,Non-Teaching,No,Yes,1,0.8733333333333333
48621.0,41.0,1185.8777595420097,200-299,Sepsis,Nonprofit,Urban,Non-Teaching,Yes,Yes,0,0.016666666666666666
35892.0,40.5,886.2220034019743,300-499,Sepsis,Nonprofit,Urban,Non-Teaching,No,No,0,0.09438410792260914
9330.0,8.0,1166.2485421893223,1-49,Sepsis,Nonprofit,Rural,Non-Teaching,No,Yes,0,0.009988494379585737
52909.5,40.0,1322.7371693157077,300-499,Sepsis,Nonprofit,Urban,Non-Teaching,No,No,0,0.48242144337925613
47574.333333333336,35.0,1359.266278304873,300-499,Sepsis,Investor Owned,Urban,Non-Teaching,No,No,0,0.15
49958.666666666664,25.0,1998.3458673283196,300-499,Sepsis,Government,Urban,Non-Teaching,No,No,1,0.9366666666666666
73416.5,80.5,912.0060978874412,200-299,Sepsis,Nonprofit,Urban,Teaching,No,No,0,0.013333333333333334
65069.0,36.0,1807.4717201467442,200-299,Sepsis,Nonprofit,Urban,Non-Teaching,No,No,1,0.8366666666666667
33380.333333333336,8.0,4172.536450996104,50-99,Sepsis,Government,Rural,Non-Teaching,No,No,1,0.8966666666666666
67463.5,30.0,2248.7825837391388,300-499,Sepsis,Nonprofit,Urban,Non-Teaching,No,No,1,0.5501665146619634
28103.666666666668,13.333333333333334,2107.7734191699356,100-149,Sepsis,Nonprofit,Urban,Non-Teaching,Yes,No,1,0.99
3986.3333333333335,6.0,664.3877815759197,100-149,Sepsis,Government,Frontier,Non-Teaching,Yes,Yes,0,0.0
24901.0,28.0,889.3211109567461,200-299,Sepsis,Investor Owned,Urban,Non-Teaching,No,Yes,0,0.006666666666666667
42502.0,26.0,1634.691678964739,200-299,Sepsis,Nonprofit,Urban,Non-Teaching,No,Yes,0,0.02
9721.666666666666,11.0,883.7870753450829,1-49,Sepsis,Nonprofit,Rural,Non-Teaching,Yes,Yes,0,0.04666666666666667
9916.0,7.0,1416.5694049008503,1-49,Sepsis,Nonprofit,Rural,Non-Teaching,Yes,Yes,0,0.06441289390058466
57303.333333333336,51.0,1123.594550929173,200-299,Sepsis,Nonprofit,Urban,Non-Teaching,No,No,0,0.0
24714.666666666668,13.0,1901.1267427230187,100-149,Sepsis,Nonprofit,Urban,Non-Teaching,No,No,1,0.7466666666666667
57780.0,45.0,1283.99971466673,150-199,Sepsis,Nonprofit,Urban,Non-Teaching,No,No,0,0.0033333333333333335
48864.0,27.0,1809.7771074899601,100-149,Sepsis,Nonprofit,Urban,Non-Teaching,No,No,1,0.3433333333333333
8867.0,9.0,985.2211275320806,1-49,Sepsis,Investor Owned,Rural,Non-Teaching,No,No,0,0.001988084599344653
17207.5,15.0,1147.1659018893988,50-99,Sepsis,Investor Owned,Urban,Non-Teaching,No,No,0,0.02666666666666667
35628.0,29.5,1207.728404159863,200-299,Sepsis,Investor Owned,Urban,Non-Teaching,No,Yes,0,0.0033333333333333335
8424.666666666666,8.333333333333334,1010.9587868494557,50-99,Sepsis,Government,Urban,Non-Teaching,Yes,No,0,0.0033333333333333335
53276.0,30.0,1775.8660747113086,150-199,Sepsis,Nonprofit,Urban,Teaching,No,Yes,1,0.9933333333333333
31739.5,34.0,933.5144313192848,100-149,Sepsis,Nonprofit,Urban,Non-Teaching,No,Yes,0,0.07
77669.33333333333,33.0,2353.6154483993587,300-499,Sepsis,Investor Owned,Urban,Non-Teaching,No,No,1,0.76
51875.333333333336,32.0,1621.1036600717728,200-299,Sepsis,Investor Owned,Urban,Non-Teaching,No,No,0,0.0033333333333333335
72098.66666666667,40.0,1802.4662160501127,300-499,Sepsis,Nonprofit,Urban,Non-Teaching,No,No,1,0.48242144337925613
18690.333333333332,12.0,1557.5264798390444,1-49,Sepsis,Government,Rural,Non-Teaching,Yes,No,0,0.0
28291.666666666668,14.0,2020.8318898819837,50-99,Sepsis,Nonprofit,Rural,Non-Teaching,Yes,Yes,1,0.5266666666666666
59761.5,80.5,742.3787897666099,300-499,Sepsis,Government,Urban,Non-Teaching,Yes,Yes,0,0.0
33321.0,24.0,1388.3744215106578,150-199,Sepsis,Government,Rural,Non-Teaching,Yes,Yes,0,0.0033333333333333335
28867.333333333332,15.0,1924.4876058971515,100-149,Sepsis,Nonprofit,Rural,Non-Teaching,Yes,Yes,1,0.9766666666666667
30663.666666666668,18.0,1703.536090628098,50-99,Sepsis,Nonprofit,Rural,Non-Teaching,Yes,Yes,0,0.0033333333333333335
40721.5,38.5,1057.70102397376,200-299,Sepsis,Government,Urban,Non-Teaching,No,No,0,0.0
40176.0,28.0,1434.8566304083463,300-499,Sepsis,Investor Owned,Urban,Non-Teaching,No,No,0,0.18666666666666668
7952.0,6.0,1325.331124448126,1-49,Sepsis,Nonprofit,Rural,Non-Teaching,No,No,0,0.0
22600.333333333332,14.0,1614.3083707321161,100-149,Sepsis,Nonprofit,Urban,Non-Teaching,No,No,0,0.17
45771.666666666664,31.0,1476.5049000521826,200-299,Sepsis,Nonprofit,Urban,Non-Teaching,No,Yes,0,0.016666666666666666
26971.5,11.0,2451.952316406985,1-49,Sepsis,Nonprofit,Urban,Non-Teaching,No,Yes,1,0.86
59699.0,44.0,1356.7951461829211,200-299,Sepsis,Nonprofit,Rural,Non-Teaching,Yes,Yes,0,0.0033333333333333335
36398.0,40.0,909.9497725125568,150-199,Sepsis,Nonprofit,Urban,Non-Teaching,No,No,0,0.01
69248.0,54.0,1282.3701328944198,150-199,Sepsis,Government,Urban,Non-Teaching,No,No,0,0.016666666666666666
112998.5,80.0,1412.4810734398657,300-499,Sepsis,Nonprofit,Urban,Teaching,No,No,0,0.0
9934.0,5.0,1986.7960264079472,1-49,Sepsis,Nonprofit,Rural,Non-Teaching,Yes,Yes,1,0.8395294598096639
15236.0,11.0,1385.0896499185,1-49,Sepsis,Nonprofit,Rural,Non-Teaching,Yes,Yes,0,0.04666666666666667
26490.0,24.0,1103.7495401043584,100-149,Sepsis,Nonprofit,Rural,Non-Teaching,No,No,0,0.0
9268.0,9.0,1029.7766335815184,50-99,Sepsis,Investor Owned,Rural,Non-Teaching,Yes,Yes,0,0.013333333333333334
63937.0,48.0,1332.0205558290509,300-499,Sepsis,Nonprofit,Urban,Teaching,No,Yes,0,0.02
11554.0,12.0,962.8325309728909,50-99,Sepsis,Investor Owned,Rural,Non-Teaching,Yes,Yes,0,0.01
30623.0,20.0,1531.149234425383,150-199,Sepsis,Government,Rural,Non-Teaching,Yes,Yes,0,0.013333333333333334
74433.0,36.0,2067.582759004789,300-499,Sepsis,Nonprofit,Urban,Non-Teaching,No,Yes,1,0.9033333333333333
45491.0,30.0,1516.3661612112796,200-299,Sepsis,Government,Urban,Teaching,No,Yes,0,0.0
53560.0,40.0,1338.9996652500836,200-299,Sepsis,Nonprofit,Urban,Non-Teaching,No,Yes,0,0.0033333333333333335
2364.0,2.0,1181.9940900295499,1-49,Sepsis,Nonprofit,Frontier,Non-Teaching,Yes,Yes,0,0.006666666666666667
41196.0,26.0,1584.4609290534888,300-499,Sepsis,Nonprofit,Urban,Teaching,No,No,0,0.15
72057.0,46.0,1566.456181205178,300-499,Sepsis,Nonprofit,Urban,Non-Teaching,Yes,No,0,0.01
33564.0,14.0,2397.4268589808153,150-199,Sepsis,Government,Urban,Non-Teaching,No,No,1,0.9633333333333334
31471.5,22.0,1430.5220770354194,100-149,Sepsis,Nonprofit,Urban,Non-Teaching,No,No,0,0.04405689639821401
33640.5,16.0,2102.52993591879,300-499,Sepsis,Nonprofit,Urban,Non-Teaching,No,No,1,0.7437201685070812
52043.0,50.0,1040.8597918280416,500+,Sepsis,Nonprofit,Urban,Non-Teaching,No,No,0,0.0
29638.0,21.0,1411.3326612701612,150-199,Sepsis,Investor Owned,Urban,Non-Teaching,No,No,0,0.056666666666666664
25109.5,16.0,1569.3427691607694,300-499,Sepsis,Nonprofit,Urban,Non-Teaching,No,No,0,0.7437201685070812
50599.5,24.0,2108.3116215368245,300-499,Sepsis,Investor Owned,Urban,Non-Teaching,No,No,1,0.81
109217.0,29.0,3766.1021496199482,100-149,Sepsis,Nonprofit,Urban,Non-Teaching,Yes,Yes,1,0.9466666666666667
10799.0,13.0,830.6916686987164,1-49,Sepsis,Government,Rural,Non-Teaching,No,Yes,0,0.0033333333333333335
6472.0,8.0,808.998988751264,150-199,Sepsis,Nonprofit,Rural,Non-Teaching,No,No,0,0.006666666666666667
23312.0,18.0,1295.110391605338,100-149,Sepsis,Nonprofit,Rural,Non-Teaching,Yes,Yes,0,0.12666666666666668
27460.0,23.0,1193.912524385859,150-199,Sepsis,Government,Urban,Non-Teaching,No,No,0,0.26666666666666666
11497.0,69.0,166.62316425751243,50-99,Sepsis,Nonprofit,Urban,Non-Teaching,No,No,0,0.02
112998.5,72.0,1569.4233931356398,200-299,Sepsis,Nonprofit,Urban,Teaching,No,No,0,0.013333333333333334
87345.0,64.0,1364.7654117554043,500+,Sepsis,Investor Owned,Urban,Teaching,Yes,Yes,0,0.0
51767.0,26.0,1991.0376957547323,100-149,Sepsis,Nonprofit,Urban,Non-Teaching,No,Yes,1,0.8
99973.0,59.0,1694.4573399224846,200-299,Sepsis,Nonprofit,Urban,Teaching,No,No,0,0.06333333333333334
30920.5,20.0,1546.0242269878865,300-499,Sepsis,Nonprofit,Urban,Non-Teaching,No,No,0,0.11249067024929095
56462.0,31.0,1821.3542511760481,300-499,Sepsis,Nonprofit,Urban,Non-Teaching,No,No,1,0.6377537536071088
45169.5,29.0,1557.56842842468,300-499,Sepsis,Nonprofit,Urban,Non-Teaching,No,No,0,0.009157336915957605
107243.0,53.0,2023.4524484051983,200-299,Sepsis,Nonprofit,Urban,Teaching,No,No,1,0.8633333333333333
42886.0,25.0,1715.4393138242744,100-149,Sepsis,Nonprofit,Urban,Non-Teaching,No,No,0,0.009517706864881029
112998.5,80.5,1403.7079001605093,300-499,Sepsis,Nonprofit,Urban,Teaching,Yes,No,0,0.0
62646.0,24.0,2610.2489123962864,300-499,Sepsis,Nonprofit,Urban,Teaching,No,Yes,1,0.98
4339.5,4.0,1084.8722878192805,1-49,Sepsis,Nonprofit,Frontier,Non-Teaching,Yes,Yes,0,0.006666666666666667
14965.0,39.0,383.7178503287563,150-199,Sepsis,Nonprofit,Urban,Non-Teaching,No,No,0,0.01
112998.5,80.5,1403.7079001605093,300-499,Sepsis,Nonprofit,Urban,Teaching,No,No,0,0.0
5637.5,7.0,805.3559923485824,50-99,Sepsis,Nonprofit,Urban,Non-Teaching,No,Yes,0,0.1
82844.0,62.0,1336.1933328720431,300-499,Sepsis,Investor Owned,Urban,Teaching,Yes,Yes,0,0.0033333333333333335
13380.0,22.0,608.1815417356629,200-299,Sepsis,Investor Owned,Urban,Non-Teaching,No,No,0,0.01
17158.0,17.0,1009.293523944986,150-199,Sepsis,Nonprofit,Urban,Non-Teaching,No,No,0,0.0033333333333333335
43220.0,40.0,1080.4997298750675,300-499,Sepsis,Nonprofit,Urban,Teaching,No,No,0,0.056738894397734704
63151.0,40.0,1578.7746053063486,200-299,Sepsis,Nonprofit,Urban,Non-Teaching,No,No,0,0.009157336915957605
73413.0,36.0,2039.249433541824,200-299,Sepsis,Nonprofit,Urban,Teaching,No,No,1,0.9366666666666666
74166.0,30.0,2472.199175933608,300-499,Sepsis,Nonprofit,Urban,Teaching,No,No,1,0.942490670249291
39333.0,24.0,1638.8743171357012,200-299,Sepsis,Nonprofit,Urban,Non-Teaching,No,Yes,0,0.013333333333333334
53345.0,27.0,1975.740008985182,150-199,Sepsis,Nonprofit,Urban,Non-Teaching,No,No,1,0.77
59695.0,30.0,1989.8326700557766,150-199,Sepsis,Nonprofit,Urban,Non-Teaching,No,Yes,1,0.9833333333333333
71708.0,73.0,982.3012353012006,300-499,Sepsis,Government,Urban,Teaching,Yes,Yes,0,0.0
45896.0,35.0,1311.313911053168,150-199,Sepsis,Government,Urban,Non-Teaching,No,No,0,0.1
34054.5,18.0,1891.9156156024358,100-149,Sepsis,Nonprofit,Urban,Non-Teaching,No,No,1,0.9247730998996496
23820.0,19.5,1221.5378351088025,100-149,Sepsis,Nonprofit,Urban,Non-Teaching,No,Yes,0,0.1261843735315477
32229.0,23.0,1401.260260321626,50-99,Sepsis,Nonprofit,Urban,Non-Teaching,No,Yes,0,0.11333333333333333
2837.0,2.0,1418.4929075354623,1-49,Sepsis,Government,Frontier,Non-Teaching,Yes,Yes,0,0.0
23943.0,20.0,1197.1494014252994,300-499,Sepsis,Investor Owned,Urban,Non-Teaching,Yes,No,0,0.016666666666666666
32425.0,41.0,790.8534656454962,300-499,Sepsis,Government,Urban,Teaching,No,No,0,0.006666666666666667
28244.0,16.0,1765.2488967194397,100-149,Sepsis,Nonprofit,Rural,Non-Teaching,Yes,Yes,1,0.9766666666666667
4834.0,4.0,1208.4969787575533,50-99,Sepsis,Government,Frontier,Non-Teaching,Yes,Yes,0,0.0
58831.0,56.0,1050.5533838297529,300-499,Sepsis,Nonprofit,Urban,Non-Teaching,No,No,0,0.10333333333333333
73328.0,64.0,1145.7498209765904,300-499,Sepsis,Investor Owned,Urban,Non-Teaching,Yes,Yes,0,0.0
68827.0,44.0,1564.249644488717,300-499,Sepsis,Government,Urban,Teaching,No,Yes,0,0.016666666666666666
51901.0,24.0,2162.540765608014,300-499,Sepsis,Nonprofit,Urban,Non-Teaching,No,Yes,1,0.9458240035826242
33076.0,52.0,636.0768007544614,500+,Sepsis,Government,Urban,Teaching,No,No,0,0.0033333333333333335
28108.0,21.0,1338.4755531068795,200-299,Sepsis,Nonprofit,Urban,Non-Teaching,Yes,Yes,0,0.006666666666666667
67670.0,62.0,1091.4514368626715,300-499,Sepsis,Investor Owned,Urban,Non-Teaching,Yes,Yes,0,0.006666666666666667
13261.0,12.0,1105.082412431323,100-149,Stroke,Government,Urban,Non-Teaching,No,No,0,0.09333333333333334
29420.666666666668,22.0,1337.302422438293,300-499,Stroke,Nonprofit,Urban,Non-Teaching,No,No,0,0.04148876497621675
30782.5,40.0,769.562307609423,150-199,Stroke,Nonprofit,Urban,Teaching,No,No,0,0.023333333333333334
65082.0,59.0,1103.0845587992274,200-299,Stroke,Government,Urban,Non-Teaching,No,No,0,0.01632884500299222
29479.0,30.0,982.633005788998,300-499,Stroke,Nonprofit,Urban,Non-Teaching,No,No,0,0.07413867741453947
42180.666666666664,39.0,1081.5552782336893,300-499,Stroke,Government,Urban,Non-Teaching,No,No,0,0.01
28620.0,17.0,1683.5284214538697,150-199,Stroke,Nonprofit,Urban,Non-Teaching,No,No,0,0.016666666666666666
37801.333333333336,18.0,2100.0729073669036,100-149,Stroke,Nonprofit,Urban,Non-Teaching,No,No,1,0.99
31745.0,22.0,1442.9538895664139,100-149,Stroke,Nonprofit,Urban,Non-Teaching,No,No,0,0.04605653580238371
110997.0,80.0,1387.4623265672092,300-499,Stroke,Nonprofit,Urban,Non-Teaching,No,No,0,0.01
66977.0,40.0,1674.4245813938546,200-299,Stroke,Nonprofit,Urban,Non-Teaching,No,No,0,0.04732979504684995
24025.0,14.0,1716.070202806998,50-99,Stroke,Nonprofit,Rural,Non-Teaching,Yes,No,0,0.006666666666666667
9708.5,5.0,1941.696116607767,100-149,Stroke,Nonprofit,Rural,Non-Teaching,Yes,Yes,1,0.8266666666666667
8570.0,14.0,612.1424198982716,100-149,Stroke,Nonprofit,Rural,Non-Teaching,Yes,Yes,0,0.13
55911.0,49.0,1141.0405834611054,200-299,Stroke,Nonprofit,Urban,Non-Teaching,No,Yes,0,0.002490670249290939
10039.0,8.0,1254.8734314082108,1-49,Stroke,Nonprofit,Rural,Non-Teaching,Yes,Yes,0,0.4669452979508825
41025.0,30.0,1367.4995441668186,100-149,Stroke,Nonprofit,Urban,Non-Teaching,No,No,0,0.32408944292960307
46164.333333333336,44.0,1049.1891554873132,500+,Stroke,Nonprofit,Urban,Non-Teaching,No,No,0,0.0
63404.333333333336,52.0,1219.3138680806665,200-299,Stroke,Nonprofit,Urban,Non-Teaching,No,No,0,0.029805694578553622
50722.333333333336,32.0,1585.072421331535,200-299,Stroke,Nonprofit,Urban,Non-Teaching,No,No,0,0.03
16929.333333333332,12.0,1410.7766021306093,100-149,Stroke,Investor Owned,Urban,Non-Teaching,No,No,0,0.016666666666666666
63958.666666666664,36.0,1776.629136121536,150-199,Stroke,Nonprofit,Urban,Non-Teaching,No,No,1,0.922490670249291
16776.666666666668,12.0,1398.0543905102302,100-149,Stroke,Nonprofit,Rural,Non-Teaching,Yes,Yes,0,0.13
55450.333333333336,59.0,939.8359988978533,300-499,Stroke,Nonprofit,Rural,Non-Teaching,Yes,Yes,0,0.02666666666666667
7588.5,9.0,843.1657298158558,100-149,Stroke,Investor Owned,Rural,Non-Teaching,Yes,Yes,0,0.01
80788.66666666667,73.0,1106.693912325035,500+,Stroke,Nonprofit,Urban,Teaching,Yes,No,0,0.0033333333333333335
35672.666666666664,10.0,3567.263099403567,1-49,Stroke,Nonprofit,Rural,Non-Teaching,Yes,Yes,1,0.9314662690814424
57338.0,48.0,1194.5414178038711,300-499,Stroke,Nonprofit,Urban,Non-Teaching,No,Yes,0,0.01
47511.333333333336,21.0,2262.4433670904605,150-199,Stroke,Nonprofit,Urban,Non-Teaching,No,Yes,1,0.99
5907.0,4.333333333333333,1363.1507004214607,1-49,Stroke,Investor Owned,Frontier,Non-Teaching,Yes,Yes,0,0.0
10314.0,8.0,1289.2483884395144,1-49,Stroke,Investor Owned,Rural,Non-Teaching,Yes,Yes,0,0.005321417932677986
28371.0,20.0,1418.5492907253547,100-149,Stroke,Investor Owned,Rural,Non-Teaching,Yes,Yes,0,0.016666666666666666
39829.0,16.0,2489.31094418066,100-149,Stroke,Government,Rural,Non-Teaching,Yes,Yes,1,0.9533333333333334
7991.666666666667,7.666666666666667,1042.3899447087679,1-49,Stroke,Government,Rural,Non-Teaching,No,No,0,0.013333333333333334
1610.0,2.0,804.9959750201249,1-49,Stroke,Government,Frontier,Non-Teaching,Yes,No,0,0.0
28485.0,10.0,2848.4971515028487,150-199,Stroke,Nonprofit,Urban,Non-Teaching,Yes,Yes,1,1.0
6546.333333333333,8.0,818.290643803362,100-149,Stroke,Government,Frontier,Non-Teaching,Yes,Yes,0,0.016666666666666666
64106.0,42.666666666666664,1502.484022855307,100-149,Stroke,Nonprofit,Urban,Non-Teaching,No,Yes,0,0.01
15535.666666666666,12.0,1294.6378100240472,50-99,Stroke,Nonprofit,Rural,Non-Teaching,Yes,Yes,0,0.14666666666666667
20035.333333333332,13.0,1541.1783016577167,1-49,Stroke,Nonprofit,Rural,Non-Teaching,Yes,Yes,0,0.006666666666666667
88985.33333333333,40.666666666666664,2188.163396353263,150-199,Stroke,Nonprofit,Urban,Non-Teaching,Yes,Yes,1,0.9833333333333333
18720.666666666668,8.0,2340.080408232823,1-49,Stroke,Nonprofit,Rural,Non-Teaching,Yes,Yes,1,0.4669452979508825
18771.0,12.0,1564.2486964594198,1-49,Stroke,Nonprofit,Rural,Non-Teaching,Yes,Yes,0,0.0033333333333333335
10002.666666666666,8.0,1250.3317704186202,1-49,Stroke,Nonprofit,Rural,Non-Teaching,Yes,Yes,0,0.4669452979508825
14433.0,8.0,1804.122744846569,100-149,Stroke,Investor Owned,Urban,Non-Teaching,No,No,1,0.00832093991671624
102466.66666666667,42.666666666666664,2401.561937133921,300-499,Stroke,Government,Urban,Non-Teaching,No,Yes,1,0.94
36011.0,26.0,1385.0379288315658,300-499,Stroke,Nonprofit,Urban,Non-Teaching,No,No,0,0.014981340498581878
12317.0,17.0,724.528985571185,300-499,Stroke,Investor Owned,Urban,Non-Teaching,No,No,0,0.046184373531547696
57101.0,35.0,1631.4566767266635,300-499,Stroke,Nonprofit,Urban,Non-Teaching,No,No,0,0.5379099063976566
34882.0,50.5,690.7325364886066,300-499,Stroke,Investor Owned,Urban,Non-Teaching,Yes,No,0,0.0
65446.0,41.0,1596.2435131113382,300-499,Stroke,Nonprofit,Urban,Teaching,Yes,No,0,0.0
29986.333333333332,14.0,2141.879422467079,50-99,Stroke,Investor Owned,Urban,Non-Teaching,No,Yes,1,0.9766666666666667
3751.5,4.0,937.8726553183618,100-149,Stroke,Investor Owned,Urban,Non-Teaching,Yes,Yes,0,0.03333333333333333
20267.0,12.0,1688.915259237284,200-299,Stroke,Investor Owned,Urban,Non-Teaching,No,No,0,0.11666666666666667
33361.5,14.0,2382.9625835981547,150-199,Stroke,Investor Owned,Urban,Non-Teaching,No,No,1,0.9433333333333334
46487.666666666664,30.666666666666668,1515.9016795972782,150-199,Stroke,Nonprofit,Urban,Non-Teaching,No,No,0,0.5866666666666667
9859.5,8.0,1232.4359594550508,100-149,Stroke,Investor Owned,Urban,Non-Teaching,Yes,Yes,0,0.03333333333333333
6710.333333333333,9.0,745.591764157299,100-149,Stroke,Investor Owned,Urban,Non-Teaching,No,No,0,0.0033333333333333335
16033.333333333334,21.0,763.4916999245874,200-299,Stroke,Investor Owned,Urban,Non-Teaching,No,No,0,0.013333333333333334
39767.5,37.0,1074.7970068116197,500+,Stroke,Nonprofit,Urban,Non-Teaching,No,No,0,0.014499047363462907
18635.5,9.0,2070.608810434655,100-149,Stroke,Investor Owned,Urban,Non-Teaching,Yes,No,1,0.9233333333333333
79359.66666666667,32.0,2479.9888083368305,300-499,Stroke,Nonprofit,Urban,Non-Teaching,No,No,1,0.6665788659918571
68964.66666666667,30.0,2298.8214559484036,500+,Stroke,Nonprofit,Urban,Non-Teaching,Yes,No,1,0.97
53635.333333333336,57.0,940.9705951513575,300-499,Stroke,Nonprofit,Urban,Teaching,Yes,No,0,0.0
62426.5,49.5,1261.1411593654223,200-299,Stroke,Nonprofit,Urban,Non-Teaching,Yes,No,0,0.02666666666666667
61938.666666666664,41.0,1510.6988185287432,200-299,Stroke,Nonprofit,Urban,Non-Teaching,No,No,0,0.03285104019821436
79005.0,53.0,1490.6600961018685,200-299,Stroke,Nonprofit,Urban,Non-Teaching,No,No,0,0.5833680838959445
40703.0,29.0,1403.5512401547448,300-499,Stroke,Nonprofit,Urban,Non-Teaching,No,No,0,0.0033333333333333335
32344.666666666668,18.0,1796.9249276342996,100-149,Stroke,Nonprofit,Urban,Non-Teaching,No,No,1,0.99
36378.0,15.0,2425.198383201078,200-299,Stroke,Investor Owned,Urban,Non-Teaching,No,No,1,0.8366666666666667
29577.0,10.666666666666666,2772.841150461422,150-199,Stroke,Investor Owned,Urban,Non-Teaching,Yes,No,1,0.6233333333333333
72059.5,64.0,1125.9295115735138,300-499,Stroke,Nonprofit,Urban,Teaching,No,No,0,0.0
35037.666666666664,29.0,1208.19498567989,300-499,Stroke,Nonprofit,Urban,Non-Teaching,No,No,0,0.0033333333333333335
16074.666666666666,5.666666666666667,2836.700876410218,100-149,Stroke,Investor Owned,Urban,Non-Teaching,No,No,1,0.82
54946.0,55.5,990.0178396364253,500+,Stroke,Nonprofit,Urban,Teaching,No,No,0,0.01
47234.0,37.0,1276.5942495691215,300-499,Stroke,Nonprofit,Urban,Non-Teaching,No,No,0,0.08632962450134311
4946.5,4.0,1236.621908445229,50-99,Stroke,Investor Owned,Urban,Non-Teaching,No,No,0,0.03333333333333333
6297.5,7.0,899.6415719406116,100-149,Stroke,Investor Owned,Urban,Non-Teaching,No,No,0,0.006666666666666667
77714.0,71.0,1094.5632261178555,300-499,Stroke,Nonprofit,Urban,Non-Teaching,No,No,0,0.03333333333333333
57211.0,61.0,937.8850921499849,500+,Stroke,Nonprofit,Urban,Non-Teaching,No,No,0,0.01
12230.666666666666,8.0,1528.8314222940555,100-149,Stroke,Investor Owned,Urban,Non-Teaching,No,No,0,0.00832093991671624
32363.666666666668,15.333333333333334,2110.672536517911,200-299,Stroke,Nonprofit,Urban,Non-Teaching,No,No,1,0.8329955116696589
31796.5,21.0,1514.1183266103208,200-299,Stroke,Government,Urban,Non-Teaching,No,No,0,0.04666666666666667
18475.333333333332,12.0,1539.609828102921,150-199,Stroke,Nonprofit,Urban,Non-Teaching,No,No,0,0.02
46827.333333333336,41.333333333333336,1132.9190807453836,300-499,Stroke,Investor Owned,Urban,Non-Teaching,Yes,Yes,0,0.01
23936.333333333332,27.0,886.530535852888,200-299,Stroke,Nonprofit,Urban,Non-Teaching,No,No,0,0.0033333333333333335
50359.333333333336,40.0,1258.9830185875787,300-499,Stroke,Nonprofit,Urban,Non-Teaching,No,No,0,0.48064189383940725
9195.333333333334,8.0,1149.4152298976294,100-149,Stroke,Investor Owned,Urban,Non-Teaching,No,No,0,0.00832093991671624
43418.0,32.0,1356.8120759962262,300-499,Stroke,Nonprofit,Urban,Non-Teaching,No,No,0,0.6665788659918571
21073.5,13.0,1621.037214586758,150-199,Stroke,Nonprofit,Urban,Non-Teaching,No,No,0,0.02666666666666667
46270.0,30.0,1542.3328192223937,200-299,Stroke,Investor Owned,Urban,Non-Teaching,No,No,0,0.006666666666666667
49428.0,28.0,1765.285083826756,300-499,Stroke,Nonprofit,Urban,Teaching,No,No,1,0.8966666666666666
23054.5,13.0,1773.4217127525287,150-199,Stroke,Investor Owned,Urban,Non-Teaching,No,No,1,0.9366666666666666
52035.666666666664,30.0,1734.5216440483407,300-499,Stroke,Nonprofit,Urban,Non-Teaching,No,No,0,0.07413867741453947
73969.0,72.66666666666667,1017.9218782676313,300-499,Stroke,Government,Urban,Teaching,Yes,No,0,0.0
105955.5,80.5,1316.2172277991021,500+,Stroke,Government,Urban,Teaching,No,No,0,0.0
99493.0,29.0,3430.791920416579,100-149,Stroke,Nonprofit,Urban,Teaching,Yes,Yes,1,0.9933333333333333
50463.666666666664,50.666666666666664,995.9932244750214,300-499,Stroke,Government,Urban,Teaching,No,No,0,0.0
40780.666666666664,37.333333333333336,1092.3389931234838,200-299,Stroke,Nonprofit,Urban,Non-Teaching,No,No,0,0.08285104019821436
67262.0,33.0,2038.2418065933919,200-299,Stroke,Nonprofit,Urban,Non-Teaching,Yes,No,1,0.92
92182.33333333333,80.0,1152.2790226317886,300-499,Stroke,Nonprofit,Urban,Non-Teaching,No,No,0,0.01
64397.333333333336,35.0,1839.9232838314426,150-199,Stroke,Investor Owned,Urban,Non-Teaching,Yes,Yes,1,0.9366666666666666
77745.33333333333,38.0,2045.9292861589595,300-499,Stroke,Nonprofit,Rural,Non-Teaching,Yes,Yes,1,0.9333333333333333
27449.0,19.0,1444.683450166605,100-149,Stroke,Nonprofit,Urban,Non-Teaching,No,No,0,0.5845600825496253
29936.333333333332,31.0,965.6878605307977,300-499,Stroke,Nonprofit,Urban,Non-Teaching,No,No,0,0.6967570829320745
14621.0,9.0,1624.553750495833,1-49,Stroke,Nonprofit,Urban,Non-Teaching,No,No,0,0.012851040198214363
6284.0,3.6666666666666665,1713.8135077813424,1-49,Stroke,Government,Rural,Non-Teaching,Yes,Yes,0,0.0
9094.0,6.0,1515.6641405597659,1-49,Stroke,Nonprofit,Rural,Non-Teaching,Yes,Yes,0,0.054219088525461805
28163.666666666668,19.0,1482.2974654574743,50-99,Stroke,Nonprofit,Rural,Non-Teaching,Yes,Yes,0,0.06666666666666667
13366.0,9.0,1485.1094609894878,1-49,Stroke,Nonprofit,Rural,Non-Teaching,Yes,Yes,0,0.40974659767235944
25567.333333333332,10.0,2556.7307766025565,1-49,Stroke,Nonprofit,Rural,Non-Teaching,Yes,Yes,1,0.9314662690814424
57461.0,26.0,2210.0376115239956,150-199,Stroke,Nonprofit,Urban,Non-Teaching,Yes,Yes,1,0.9933333333333333
511.0,1.0,510.99489005109945,1-49,Stroke,Government,Frontier,Non-Teaching,Yes,Yes,0,0.0
41278.666666666664,30.666666666666668,1346.0430393337915,200-299,Stroke,Nonprofit,Urban,Non-Teaching,No,No,0,0.0033333333333333335
14553.0,6.0,2425.495957506738,50-99,Stroke,Nonprofit,Rural,Non-Teaching,No,Yes,1,0.9166666666666666
50028.333333333336,16.0,3126.768879102784,200-299,Stroke,Government,Urban,Non-Teaching,Yes,Yes,1,0.97
51527.5,19.0,2711.972256856707,150-199,Stroke,Government,Urban,Non-Teaching,Yes,Yes,1,0.91
24487.0,18.0,1360.3881331177038,150-199,Stroke,Investor Owned,Urban,Non-Teaching,No,No,0,0.04
6034.5,8.0,754.3115571105536,100-149,Stroke,Nonprofit,Rural,Non-Teaching,No,No,0,0.006666666666666667
12749.5,15.0,849.9661000226,50-99,Stroke,Government,Rural,Non-Teaching,Yes,Yes,0,0.02
100831.0,35.0,2880.884891175745,300-499,Stroke,Nonprofit,Urban,Non-Teaching,No,No,1,0.5379099063976566
27767.5,26.0,1067.9803584690928,200-299,Stroke,Nonprofit,Urban,Non-Teaching,No,No,0,0.0033333333333333335
23505.0,30.0,783.4997388334205,200-299,Stroke,Investor Owned,Urban,Teaching,No,Yes,0,0.0033333333333333335
5063.0,8.0,632.8742089072389,100-149,Stroke,Investor Owned,Urban,Non-Teaching,No,No,0,0.00832093991671624
12153.0,11.0,1104.8171774389295,150-199,Stroke,Investor Owned,Urban,Non-Teaching,No,Yes,0,0.21333333333333335
100965.66666666667,80.5,1254.2317282527874,300-499,Stroke,Nonprofit,Urban,Non-Teaching,No,No,0,0.01
11960.0,12.0,996.6658361118033,100-149,Stroke,Investor Owned,Urban,Non-Teaching,No,No,0,0.016666666666666666
11887.333333333334,11.0,1080.6656842433174,100-149,Stroke,Investor Owned,Urban,Non-Teaching,No,No,0,0.006666666666666667
25199.5,23.0,1095.6299584217572,150-199,Stroke,Investor Owned,Urban,Non-Teaching,No,No,0,0.013333333333333334
11411.0,10.0,1141.098858901141,150-199,Stroke,Investor Owned,Urban,Non-Teaching,Yes,No,0,0.06333333333333334
34495.5,44.5,775.1796010832356,300-499,Stroke,Nonprofit,Urban,Non-Teaching,No,No,0,0.009157336915957605
42020.0,50.666666666666664,829.3419415772483,300-499,Stroke,Government,Urban,Teaching,Yes,No,0,0.0
19240.0,12.0,1603.3319972233357,150-199,Stroke,Investor Owned,Urban,Non-Teaching,Yes,No,0,0.06333333333333334
27262.5,31.0,879.4352001821935,200-299,Stroke,Nonprofit,Urban,Non-Teaching,No,No,0,0.016666666666666666
14340.0,20.0,716.9996415001792,150-199,Stroke,Nonprofit,Urban,Non-Teaching,No,No,0,0.016666666666666666
53749.666666666664,36.0,1493.045881561329,300-499,Stroke,Nonprofit,Urban,Non-Teaching,No,No,0,0.12637723700550144
4135.333333333333,8.0,516.916020521641,150-199,Stroke,Investor Owned,Urban,Non-Teaching,No,No,0,0.3233333333333333
24221.0,24.0,1009.2079128300363,200-299,Stroke,Investor Owned,Urban,Non-Teaching,Yes,No,0,0.013333333333333334
17550.0,17.5,1002.8565697962458,200-299,Stroke,Investor Owned,Urban,Non-Teaching,No,No,0,0.056666666666666664
109291.5,72.0,1517.9372891753765,200-299,Stroke,Nonprofit,Urban,Non-Teaching,No,No,0,0.06445218755855382
26386.333333333332,14.0,1884.7367489975602,50-99,Stroke,Nonprofit,Urban,Non-Teaching,No,Yes,1,0.95
69937.5,69.0,1013.5868096251,300-499,Stroke,Nonprofit,Urban,Non-Teaching,No,No,0,0.03333333333333333
112998.5,62.0,1822.5561576522325,300-499,Stroke,Nonprofit,Urban,Non-Teaching,No,No,1,0.8466666666666667
3495.0,3.0,1164.996116679611,1-49,Stroke,Government,Frontier,Non-Teaching,Yes,Yes,0,0.0
2546.6666666666665,2.0,1273.3269666984997,1-49,Stroke,Government,Frontier,Non-Teaching,Yes,Yes,0,0.0
44698.666666666664,30.0,1489.9550589038693,150-199,Stroke,Investor Owned,Urban,Non-Teaching,No,Yes,0,0.15333333333333332
54417.5,28.0,1943.4814487566255,300-499,Stroke,Investor Owned,Urban,Non-Teaching,No,Yes,1,0.9733333333333334
39938.5,29.0,1377.189180279593,300-499,Stroke,Investor Owned,Urban,Non-Teaching,Yes,Yes,0,0.04666666666666667
45627.5,12.0,3802.2884980929184,100-149,Stroke,Investor Owned,Urban,Non-Teaching,No,Yes,1,0.9466666666666667
7767.0,7.0,1109.5698434716523,1-49,Stroke,Government,Rural,Non-Teaching,Yes,Yes,0,0.0
45660.666666666664,41.0,1113.6745251200343,150-199,Stroke,Investor Owned,Urban,Non-Teaching,No,Yes,0,0.06
37046.333333333336,28.0,1323.0828608037402,50-99,Stroke,Government,Urban,Non-Teaching,No,Yes,0,0.04666666666666667
15067.333333333334,12.0,1255.6100647693906,50-99,Stroke,Investor Owned,Urban,Non-Teaching,Yes,No,0,0.0033333333333333335
54291.666666666664,41.0,1324.1866688975604,200-299,Stroke,Nonprofit,Urban,Non-Teaching,No,Yes,0,0.0
47474.5,26.0,1825.9416054070748,50-99,Stroke,Nonprofit,Urban,Non-Teaching,No,Yes,1,0.8466666666666667
90694.33333333333,53.0,1711.213513607513,100-149,Stroke,Investor Owned,Urban,Non-Teaching,No,Yes,0,0.043333333333333335
35054.666666666664,21.0,1669.2690463798192,100-149,Stroke,Investor Owned,Urban,Non-Teaching,No,No,0,0.043333333333333335
47299.5,58.5,808.5383233267823,100-149,Stroke,Nonprofit,Urban,Non-Teaching,No,Yes,0,0.0
95381.5,59.0,1616.6353192143526,200-299,Stroke,Nonprofit,Urban,Non-Teaching,No,No,0,0.34713526045127996
63503.666666666664,70.0,907.1951084959368,500+,Stroke,Government,Urban,Teaching,No,No,0,0.0
84523.33333333333,51.333333333333336,1646.5581208003657,500+,Stroke,Nonprofit,Urban,Non-Teaching,No,No,0,0.0
106119.0,53.0,2002.2449052368102,200-299,Stroke,Nonprofit,Urban,Non-Teaching,No,No,1,0.5833680838959445
21385.333333333332,18.0,1188.0734140332884,50-99,Stroke,Government,Rural,Non-Teaching,Yes,No,0,0.01
11297.666666666666,7.0,1613.9500753094162,1-49,Stroke,Government,Rural,Non-Teaching,Yes,Yes,0,0.0
33224.0,15.0,2214.9318567120954,100-149,Stroke,Investor Owned,Urban,Non-Teaching,No,No,1,0.7666666666666667
22289.0,12.0,1857.4151188207343,100-149,Stroke,Investor Owned,Urban,Non-Teaching,No,Yes,1,0.9466666666666667
112998.5,80.5,1403.7079001605093,300-499,Stroke,Nonprofit,Urban,Non-Teaching,Yes,No,0,0.0
40403.0,40.0,1010.074747481313,300-499,Stroke,Nonprofit,Urban,Teaching,No,No,0,0.02666666666666667
8291.666666666666,6.0,1381.9421412075424,1-49,Stroke,Government,Rural,Non-Teaching,Yes,Yes,0,0.0
75626.66666666667,52.0,1454.35869467461,300-499,Stroke,Nonprofit,Urban,Non-Teaching,No,Yes,0,0.01
53317.333333333336,18.0,2962.0724284782805,300-499,Stroke,Nonprofit,Urban,Non-Teaching,No,Yes,1,0.9766666666666667
62192.333333333336,43.0,1446.3329969768224,200-299,Stroke,Nonprofit,Urban,Non-Teaching,No,Yes,0,0.0
30790.0,16.0,1924.3737972663766,100-149,Stroke,Investor Owned,Urban,Non-Teaching,Yes,Yes,1,0.95
22806.333333333332,15.333333333333334,1487.3685951943944,150-199,Stroke,Investor Owned,Rural,Non-Teaching,Yes,Yes,0,0.023333333333333334
35471.0,20.333333333333332,1744.4745518977616,100-149,Stroke,Investor Owned,Urban,Non-Teaching,Yes,Yes,1,0.9366666666666666
57942.0,47.0,1232.8082483386704,300-499,Stroke,Government,Urban,Teaching,Yes,No,0,0.0
25407.666666666668,16.0,1587.9781741803079,1-49,Stroke,Investor Owned,Rural,Non-Teaching,Yes,Yes,0,0.0033333333333333335
23200.666666666668,15.0,1546.710079971058,50-99,Stroke,Nonprofit,Urban,Non-Teaching,No,Yes,0,0.14666666666666667
79146.5,63.0,1256.2934513819919,500+,Stroke,Nonprofit,Urban,Non-Teaching,No,No,0,0.006666666666666667
86469.0,80.5,1074.148934888331,500+,Stroke,Nonprofit,Urban,Non-Teaching,No,Yes,0,0.0033333333333333335
112241.5,80.5,1394.3041746205993,300-499,Stroke,Nonprofit,Urban,Non-Teaching,No,No,0,0.01
96961.66666666667,77.33333333333333,1253.8144930412295,300-499,Stroke,Nonprofit,Urban,Teaching,No,No,0,0.0
17293.0,20.0,864.6495676752162,200-299,Stroke,Investor Owned,Urban,Non-Teaching,Yes,Yes,0,0.013333333333333334
37200.666666666664,47.0,791.5033776943167,300-499,Stroke,Nonprofit,Urban,Non-Teaching,No,No,0,0.009157336915957605
39953.666666666664,40.0,998.8414169563123,300-499,Stroke,Government,Urban,Non-Teaching,No,No,0,0.014981340498581878
60332.5,80.5,749.4719565873346,300-499,Stroke,Government,Urban,Teaching,No,No,0,0.0
63761.0,48.0,1328.3538899262728,300-499,Stroke,Nonprofit,Urban,Non-Teaching,No,No,0,0.009157336915957605
26922.5,8.0,3365.3082933646333,200-299,Stroke,Government,Urban,Non-Teaching,No,No,1,0.9166666666666666
44178.666666666664,38.0,1162.5961852817054,150-199,Stroke,Nonprofit,Urban,Non-Teaching,No,No,0,0.12030275843125987
77978.0,72.0,1083.027627357274,200-299,Stroke,Government,Urban,Non-Teaching,No,Yes,0,0.013333333333333334
31841.333333333332,28.666666666666668,1110.7437985777447,200-299,Stroke,Nonprofit,Urban,Teaching,No,No,0,0.22666666666666666
10480.666666666666,12.0,873.3881610654213,200-299,Stroke,Nonprofit,Urban,Non-Teaching,No,No,0,0.12966217833632554
43609.0,59.0,739.135467943141,300-499,Stroke,Government,Urban,Teaching,No,No,0,0.0
20186.666666666668,19.0,1062.4555811637292,200-299,Stroke,Nonprofit,Urban,Non-Teaching,No,No,0,0.05951770686488103
11045.666666666666,12.0,920.4714551626762,200-299,Stroke,Nonprofit,Urban,Teaching,No,No,0,0.08333333333333333
26493.666666666668,35.0,756.9616884871366,200-299,Stroke,Nonprofit,Urban,Non-Teaching,No,Yes,0,0.02
17995.0,16.0,1124.686797070752,100-149,Stroke,Nonprofit,Urban,Non-Teaching,No,No,0,0.2416542732500496
49033.666666666664,28.0,1751.2017555231826,150-199,Stroke,Nonprofit,Urban,Non-Teaching,No,Yes,1,0.9933333333333333
41087.333333333336,25.333333333333332,1621.8677808416658,150-199,Stroke,Government,Urban,Non-Teaching,Yes,Yes,0,0.10333333333333333
29388.666666666668,14.0,2099.1889767697785,50-99,Stroke,Nonprofit,Urban,Non-Teaching,No,Yes,1,0.95
25987.0,11.0,2362.4523977705476,50-99,Stroke,Investor Owned,Urban,Non-Teaching,No,Yes,1,0.9733333333333334
103851.33333333333,46.666666666666664,2225.385237417449,50-99,Stroke,Nonprofit,Urban,Non-Teaching,No,Yes,1,0.83
25632.666666666668,18.0,1424.0362459057894,50-99,Stroke,Nonprofit,Rural,Non-Teaching,No,Yes,0,0.01
20801.333333333332,22.0,945.5147217357325,50-99,Stroke,Nonprofit,Rural,Non-Teaching,No,Yes,0,0.01
19784.666666666668,11.0,1798.6044255111285,150-199,Stroke,Investor Owned,Rural,Non-Teaching,No,Yes,1,0.9733333333333334
27192.666666666668,23.0,1182.2893410336198,100-149,Stroke,Investor Owned,Urban,Non-Teaching,No,No,0,0.043333333333333335
33189.666666666664,15.0,2212.6429693491314,150-199,Stroke,Government,Urban,Non-Teaching,No,No,1,0.8866666666666667
39927.666666666664,19.0,2101.4550343219116,100-149,Stroke,Nonprofit,Urban,Non-Teaching,No,No,1,0.5845600825496253
13136.0,22.0,597.0906376860738,300-499,Stroke,Investor Owned,Urban,Non-Teaching,No,No,0,0.08
1620.0,7.0,231.42824081679885,100-149,Stroke,Investor Owned,Rural,Non-Teaching,No,No,0,0.0
41904.5,26.0,1611.7109185727236,200-299,Stroke,Nonprofit,Urban,Non-Teaching,No,No,0,0.0033333333333333335
14532.0,17.0,854.8230265746903,200-299,Stroke,Nonprofit,Urban,Non-Teaching,No,No,0,0.2
32738.0,24.0,1364.0827649655146,150-199,Stroke,Nonprofit,Urban,Non-Teaching,No,No,0,0.12333333333333334
22042.666666666668,22.0,1001.9389385126037,1-49,Stroke,Nonprofit,Urban,Non-Teaching,No,Yes,0,0.21
18819.5,10.0,1881.948118051882,50-99,Stroke,Government,Rural,Non-Teaching,No,Yes,1,0.97
48621.0,41.0,1185.8777595420097,200-299,Stroke,Nonprofit,Urban,Non-Teaching,Yes,Yes,0,0.02666666666666667
35892.0,40.5,886.2220034019743,300-499,Stroke,Nonprofit,Urban,Non-Teaching,No,No,0,0.10669481147050339
9330.0,8.0,1166.2485421893223,1-49,Stroke,Nonprofit,Rural,Non-Teaching,No,Yes,0,0.03494791705742597
52909.5,40.0,1322.7371693157077,300-499,Stroke,Nonprofit,Urban,Non-Teaching,No,No,0,0.48064189383940725
47574.333333333336,35.0,1359.266278304873,300-499,Stroke,Investor Owned,Urban,Non-Teaching,No,No,0,0.12
49958.666666666664,25.0,1998.3458673283196,300-499,Stroke,Government,Urban,Non-Teaching,No,No,1,0.9166666666666666
73416.5,80.5,912.0060978874412,200-299,Stroke,Nonprofit,Urban,Teaching,No,No,0,0.016666666666666666
65069.0,36.0,1807.4717201467442,200-299,Stroke,Nonprofit,Urban,Non-Teaching,No,No,1,0.87
33380.333333333336,8.0,4172.536450996104,50-99,Stroke,Government,Rural,Non-Teaching,No,No,1,0.96
67463.5,30.0,2248.7825837391388,300-499,Stroke,Nonprofit,Urban,Non-Teaching,No,No,1,0.07413867741453947
28103.666666666668,13.333333333333334,2107.7734191699356,100-149,Stroke,Nonprofit,Urban,Non-Teaching,Yes,No,1,0.9866666666666667
3986.3333333333335,6.0,664.3877815759197,100-149,Stroke,Government,Frontier,Non-Teaching,Yes,Yes,0,0.016666666666666666
24901.0,28.0,889.3211109567461,200-299,Stroke,Investor Owned,Urban,Non-Teaching,No,Yes,0,0.0
42502.0,26.0,1634.691678964739,200-299,Stroke,Nonprofit,Urban,Non-Teaching,No,Yes,0,0.0033333333333333335
9721.666666666666,11.0,883.7870753450829,1-49,Stroke,Nonprofit,Rural,Non-Teaching,Yes,Yes,0,0.04
9916.0,7.0,1416.5694049008503,1-49,Stroke,Nonprofit,Rural,Non-Teaching,Yes,Yes,0,0.05088575519212847
57303.333333333336,51.0,1123.594550929173,200-299,Stroke,Nonprofit,Urban,Non-Teaching,No,No,0,0.027315024329262687
24714.666666666668,13.0,1901.1267427230187,100-149,Stroke,Nonprofit,Urban,Non-Teaching,No,No,1,0.8383209399167163
57780.0,45.0,1283.99971466673,150-199,Stroke,Nonprofit,Urban,Non-Teaching,No,No,0,0.05333333333333334
48864.0,27.0,1809.7771074899601,100-149,Stroke,Nonprofit,Urban,Non-Teaching,No,No,1,0.7707561095962698
8867.0,9.0,985.2211275320806,1-49,Stroke,Investor Owned,Rural,Non-Teaching,No,No,0,0.0
17207.5,15.0,1147.1659018893988,50-99,Stroke,Investor Owned,Urban,Non-Teaching,No,No,0,0.07
35628.0,29.5,1207.728404159863,200-299,Stroke,Investor Owned,Urban,Non-Teaching,No,Yes,0,0.0
8424.666666666666,8.333333333333334,1010.9587868494557,50-99,Stroke,Government,Urban,Non-Teaching,Yes,No,0,0.006666666666666667
53276.0,30.0,1775.8660747113086,150-199,Stroke,Nonprofit,Urban,Teaching,No,Yes,1,0.9933333333333333
31739.5,34.0,933.5144313192848,100-149,Stroke,Nonprofit,Urban,Non-Teaching,No,Yes,0,0.03
77669.33333333333,33.0,2353.6154483993587,300-499,Stroke,Investor Owned,Urban,Non-Teaching,No,No,1,0.7433333333333333
51875.333333333336,32.0,1621.1036600717728,200-299,Stroke,Investor Owned,Urban,Non-Teaching,No,No,0,0.013333333333333334
72098.66666666667,40.0,1802.4662160501127,300-499,Stroke,Nonprofit,Urban,Non-Teaching,No,No,1,0.48064189383940725
18690.333333333332,12.0,1557.5264798390444,1-49,Stroke,Government,Rural,Non-Teaching,Yes,No,0,0.0
28291.666666666668,14.0,2020.8318898819837,50-99,Stroke,Nonprofit,Rural,Non-Teaching,Yes,Yes,1,0.7966666666666666
59761.5,80.5,742.3787897666099,300-499,Stroke,Government,Urban,Non-Teaching,Yes,Yes,0,0.016666666666666666
33321.0,24.0,1388.3744215106578,150-199,Stroke,Government,Rural,Non-Teaching,Yes,Yes,0,0.013333333333333334
28867.333333333332,15.0,1924.4876058971515,100-149,Stroke,Nonprofit,Rural,Non-Teaching,Yes,Yes,1,0.7733333333333333
30663.666666666668,18.0,1703.536090628098,50-99,Stroke,Nonprofit,Rural,Non-Teaching,Yes,Yes,0,0.06666666666666667
40721.5,38.5,1057.70102397376,200-299,Stroke,Government,Urban,Non-Teaching,No,No,0,0.0033333333333333335
40176.0,28.0,1434.8566304083463,300-499,Stroke,Investor Owned,Urban,Non-Teaching,No,No,0,0.21
7952.0,6.0,1325.331124448126,1-49,Stroke,Nonprofit,Rural,Non-Teaching,No,No,0,0.006666666666666667
22600.333333333332,14.0,1614.3083707321161,100-149,Stroke,Nonprofit,Urban,Non-Teaching,No,No,0,0.5283209399167162
45771.666666666664,31.0,1476.5049000521826,200-299,Stroke,Nonprofit,Urban,Non-Teaching,No,Yes,0,0.0033333333333333335
26971.5,11.0,2451.952316406985,1-49,Stroke,Nonprofit,Urban,Non-Teaching,No,Yes,1,0.94
59699.0,44.0,1356.7951461829211,200-299,Stroke,Nonprofit,Rural,Non-Teaching,Yes,Yes,0,0.01
69248.0,54.0,1282.3701328944198,150-199,Stroke,Government,Urban,Non-Teaching,No,No,0,0.006666666666666667
112998.5,80.0,1412.4810734398657,300-499,Stroke,Nonprofit,Urban,Teaching,No,No,0,0.0
9934.0,5.0,1986.7960264079472,1-49,Stroke,Nonprofit,Rural,Non-Teaching,Yes,Yes,1,0.4866182711720201
15236.0,11.0,1385.0896499185,1-49,Stroke,Nonprofit,Rural,Non-Teaching,Yes,Yes,0,0.04
26490.0,24.0,1103.7495401043584,100-149,Stroke,Nonprofit,Rural,Non-Teaching,No,No,0,0.0
9268.0,9.0,1029.7766335815184,50-99,Stroke,Investor Owned,Rural,Non-Teaching,Yes,Yes,0,0.02
63937.0,48.0,1332.0205558290509,300-499,Stroke,Nonprofit,Urban,Teaching,No,Yes,0,0.02666666666666667
11554.0,12.0,962.8325309728909,50-99,Stroke,Investor Owned,Rural,Non-Teaching,Yes,Yes,0,0.023333333333333334
30623.0,20.0,1531.149234425383,150-199,Stroke,Government,Rural,Non-Teaching,Yes,Yes,0,0.013333333333333334
74433.0,36.0,2067.582759004789,300-499,Stroke,Nonprofit,Urban,Non-Teaching,No,Yes,1,0.9733333333333334
45491.0,30.0,1516.3661612112796,200-299,Stroke,Government,Urban,Teaching,No,Yes,0,0.006666666666666667
53560.0,40.0,1338.9996652500836,200-299,Stroke,Nonprofit,Urban,Non-Teaching,No,Yes,0,0.0
2364.0,2.0,1181.9940900295499,1-49,Stroke,Nonprofit,Frontier,Non-Teaching,Yes,Yes,0,0.006666666666666667
41196.0,26.0,1584.4609290534888,300-499,Stroke,Nonprofit,Urban,Teaching,No,No,0,0.13
72057.0,46.0,1566.456181205178,300-499,Stroke,Nonprofit,Urban,Non-Teaching,Yes,No,0,0.0033333333333333335
33564.0,14.0,2397.4268589808153,150-199,Stroke,Government,Urban,Non-Teaching,No,No,1,0.8766666666666667
31471.5,22.0,1430.5220770354194,100-149,Stroke,Nonprofit,Urban,Non-Teaching,No,No,0,0.04605653580238371
33640.5,16.0,2102.52993591879,300-499,Stroke,Nonprofit,Urban,Non-Teaching,No,No,1,0.598329061759058
52043.0,50.0,1040.8597918280416,500+,Stroke,Nonprofit,Urban,Non-Teaching,No,No,0,0.0
29638.0,21.0,1411.3326612701612,150-199,Stroke,Investor Owned,Urban,Non-Teaching,No,No,0,0.013333333333333334
25109.5,16.0,1569.3427691607694,300-499,Stroke,Nonprofit,Urban,Non-Teaching,No,No,0,0.598329061759058
50599.5,24.0,2108.3116215368245,300-499,Stroke,Investor Owned,Urban,Non-Teaching,No,No,1,0.7833333333333333
6785.0,7.0,969.284329593815,200-299,Stroke,Investor Owned,Urban,Non-Teaching,Yes,No,0,0.013333333333333334
109217.0,29.0,3766.1021496199482,100-149,Stroke,Nonprofit,Urban,Non-Teaching,Yes,Yes,1,0.9566666666666667
10799.0,13.0,830.6916686987164,1-49,Stroke,Government,Rural,Non-Teaching,No,Yes,0,0.04
6472.0,8.0,808.998988751264,150-199,Stroke,Nonprofit,Rural,Non-Teaching,No,No,0,0.0033333333333333335
23312.0,18.0,1295.110391605338,100-149,Stroke,Nonprofit,Rural,Non-Teaching,Yes,Yes,0,0.08333333333333333
27460.0,23.0,1193.912524385859,150-199,Stroke,Government,Urban,Non-Teaching,No,No,0,0.06333333333333334
11497.0,69.0,166.62316425751243,50-99,Stroke,Nonprofit,Urban,Non-Teaching,No,No,0,0.006666666666666667
112998.5,72.0,1569.4233931356398,200-299,Stroke,Nonprofit,Urban,Teaching,No,No,0,0.016666666666666666
87345.0,64.0,1364.7654117554043,500+,Stroke,Investor Owned,Urban,Teaching,Yes,Yes,0,0.0
51767.0,26.0,1991.0376957547323,100-149,Stroke,Nonprofit,Urban,Non-Teaching,No,Yes,1,0.5533333333333333
99973.0,59.0,1694.4573399224846,200-299,Stroke,Nonprofit,Urban,Teaching,No,No,0,0.11
30920.5,20.0,1546.0242269878865,300-499,Stroke,Nonprofit,Urban,Non-Teaching,No,No,0,0.10976218302863462
56462.0,31.0,1821.3542511760481,300-499,Stroke,Nonprofit,Urban,Non-Teaching,No,No,1,0.6967570829320745
45169.5,29.0,1557.56842842468,300-499,Stroke,Nonprofit,Urban,Non-Teaching,No,No,0,0.0033333333333333335
107243.0,53.0,2023.4524484051983,200-299,Stroke,Nonprofit,Urban,Teaching,No,No,1,0.8731335061146471
42886.0,25.0,1715.4393138242744,100-149,Stroke,Nonprofit,Urban,Non-Teaching,No,No,0,0.17075610959626972
112998.5,80.5,1403.7079001605093,300-499,Stroke,Nonprofit,Urban,Teaching,Yes,No,0,0.0
62646.0,24.0,2610.2489123962864,300-499,Stroke,Nonprofit,Urban,Teaching,No,Yes,1,0.98
4339.5,4.0,1084.8722878192805,1-49,Stroke,Nonprofit,Frontier,Non-Teaching,Yes,Yes,0,0.006666666666666667
14965.0,39.0,383.7178503287563,150-199,Stroke,Nonprofit,Urban,Non-Teaching,No,No,0,0.07811484661322877
112998.5,80.5,1403.7079001605093,300-499,Stroke,Nonprofit,Urban,Teaching,No,No,0,0.0
5637.5,7.0,805.3559923485824,50-99,Stroke,Nonprofit,Urban,Non-Teaching,No,Yes,0,0.34
82844.0,62.0,1336.1933328720431,300-499,Stroke,Investor Owned,Urban,Teaching,Yes,Yes,0,0.0
13380.0,22.0,608.1815417356629,200-299,Stroke,Investor Owned,Urban,Non-Teaching,No,No,0,0.013333333333333334
17158.0,17.0,1009.293523944986,150-199,Stroke,Nonprofit,Urban,Non-Teaching,No,No,0,0.016666666666666666
43220.0,40.0,1080.4997298750675,300-499,Stroke,Nonprofit,Urban,Teaching,No,No,0,0.02666666666666667
63151.0,40.0,1578.7746053063486,200-299,Stroke,Nonprofit,Urban,Non-Teaching,No,No,0,0.04732979504684995
73413.0,36.0,2039.249433541824,200-299,Stroke,Nonprofit,Urban,Teaching,No,No,1,0.9433333333333334
74166.0,30.0,2472.199175933608,300-499,Stroke,Nonprofit,Urban,Teaching,No,No,1,0.9466666666666667
39333.0,24.0,1638.8743171357012,200-299,Stroke,Nonprofit,Urban,Non-Teaching,No,Yes,0,0.0033333333333333335
53345.0,27.0,1975.740008985182,150-199,Stroke,Nonprofit,Urban,Non-Teaching,No,No,1,0.8366666666666667
59695.0,30.0,1989.8326700557766,150-199,Stroke,Nonprofit,Urban,Non-Teaching,No,Yes,1,0.9933333333333333
71708.0,73.0,982.3012353012006,300-499,Stroke,Government,Urban,Teaching,Yes,Yes,0,0.0033333333333333335
45896.0,35.0,1311.313911053168,150-199,Stroke,Government,Urban,Non-Teaching,No,No,0,0.03333333333333333
34054.5,18.0,1891.9156156024358,100-149,Stroke,Nonprofit,Urban,Non-Teaching,No,No,1,0.99
23820.0,19.5,1221.5378351088025,100-149,Stroke,Nonprofit,Urban,Non-Teaching,No,Yes,0,0.06781208818196892
32229.0,23.0,1401.260260321626,50-99,Stroke,Nonprofit,Urban,Non-Teaching,No,Yes,0,0.13333333333333333
2837.0,2.0,1418.4929075354623,1-49,Stroke,Government,Frontier,Non-Teaching,Yes,Yes,0,0.0
23943.0,20.0,1197.1494014252994,300-499,Stroke,Investor Owned,Urban,Non-Teaching,Yes,No,0,0.01
32425.0,41.0,790.8534656454962,300-499,Stroke,Government,Urban,Teaching,No,No,0,0.0
28244.0,16.0,1765.2488967194397,100-149,Stroke,Nonprofit,Rural,Non-Teaching,Yes,Yes,1,0.7766666666666666
4834.0,4.0,1208.4969787575533,50-99,Stroke,Government,Frontier,Non-Teaching,Yes,Yes,0,0.01
58831.0,56.0,1050.5533838297529,300-499,Stroke,Nonprofit,Urban,Non-Teaching,No,No,0,0.12781208818196893
73328.0,64.0,1145.7498209765904,300-499,Stroke,Investor Owned,Urban,Non-Teaching,Yes,Yes,0,0.0033333333333333335
68827.0,44.0,1564.249644488717,300-499,Stroke,Government,Urban,Teaching,No,Yes,0,0.016666666666666666
51901.0,24.0,2162.540765608014,300-499,Stroke,Nonprofit,Urban,Non-Teaching,No,Yes,1,0.99
33076.0,52.0,636.0768007544614,500+,Stroke,Government,Urban,Teaching,No,No,0,0.0033333333333333335
28108.0,21.0,1338.4755531068795,200-299,Stroke,Nonprofit,Urban,Non-Teaching,Yes,Yes,0,0.06333333333333334
67670.0,62.0,1091.4514368626715,300-499,Stroke,Investor Owned,Urban,Non-Teaching,Yes,Yes,0,0.0033333333333333335
13261.0,12.0,1105.082412431323,100-149,Substance Abuse,Government,Urban,Non-Teaching,No,No,0,0.04666666666666667
29420.666666666668,22.0,1337.302422438293,300-499,Substance Abuse,Nonprofit,Urban,Non-Teaching,No,No,0,0.06976510085844558
30782.5,40.0,769.562307609423,150-199,Substance Abuse,Nonprofit,Urban,Teaching,No,No,0,0.016666666666666666
65082.0,59.0,1103.0845587992274,200-299,Substance Abuse,Government,Urban,Non-Teaching,No,No,0,0.0
29479.0,30.0,982.633005788998,300-499,Substance Abuse,Nonprofit,Urban,Non-Teaching,No,No,0,0.5625457968671432
42180.666666666664,39.0,1081.5552782336893,300-499,Substance Abuse,Government,Urban,Non-Teaching,No,No,0,0.0033333333333333335
28620.0,17.0,1683.5284214538697,150-199,Substance Abuse,Nonprofit,Urban,Non-Teaching,No,No,0,0.0
37801.333333333336,18.0,2100.0729073669036,100-149,Substance Abuse,Nonprofit,Urban,Non-Teaching,No,No,1,0.9662627126244788
31745.0,22.0,1442.9538895664139,100-149,Substance Abuse,Nonprofit,Urban,Non-Teaching,No,No,0,0.06531650099329052
110997.0,80.0,1387.4623265672092,300-499,Substance Abuse,Nonprofit,Urban,Non-Teaching,No,No,0,0.0
66977.0,40.0,1674.4245813938546,200-299,Substance Abuse,Nonprofit,Urban,Non-Teaching,No,No,0,0.0
24025.0,14.0,1716.070202806998,50-99,Substance Abuse,Nonprofit,Rural,Non-Teaching,Yes,No,0,0.0033333333333333335
9708.5,5.0,1941.696116607767,100-149,Substance Abuse,Nonprofit,Rural,Non-Teaching,Yes,Yes,1,0.5253214179326781
8570.0,14.0,612.1424198982716,100-149,Substance Abuse,Nonprofit,Rural,Non-Teaching,Yes,Yes,0,0.12333333333333334
55911.0,49.0,1141.0405834611054,200-299,Substance Abuse,Nonprofit,Urban,Non-Teaching,No,Yes,0,0.0
10039.0,8.0,1254.8734314082108,1-49,Substance Abuse,Nonprofit,Rural,Non-Teaching,Yes,Yes,0,0.470116813624651
41025.0,30.0,1367.4995441668186,100-149,Substance Abuse,Nonprofit,Urban,Non-Teaching,No,No,0,0.12666666666666668
46164.333333333336,44.0,1049.1891554873132,500+,Substance Abuse,Nonprofit,Urban,Non-Teaching,No,No,0,0.0
63404.333333333336,52.0,1219.3138680806665,200-299,Substance Abuse,Nonprofit,Urban,Non-Teaching,No,No,0,0.0
50722.333333333336,32.0,1585.072421331535,200-299,Substance Abuse,Nonprofit,Urban,Non-Teaching,No,No,0,0.02437712417726736
16929.333333333332,12.0,1410.7766021306093,100-149,Substance Abuse,Investor Owned,Urban,Non-Teaching,No,No,0,0.05164800716524854
63958.666666666664,36.0,1776.629136121536,150-199,Substance Abuse,Nonprofit,Urban,Non-Teaching,No,No,1,0.89
16776.666666666668,12.0,1398.0543905102302,100-149,Substance Abuse,Nonprofit,Rural,Non-Teaching,Yes,Yes,0,0.05333333333333334
55450.333333333336,59.0,939.8359988978533,300-499,Substance Abuse,Nonprofit,Rural,Non-Teaching,Yes,Yes,0,0.016666666666666666
7588.5,9.0,843.1657298158558,100-149,Substance Abuse,Investor Owned,Rural,Non-Teaching,Yes,Yes,0,0.0033333333333333335
80788.66666666667,73.0,1106.693912325035,500+,Substance Abuse,Nonprofit,Urban,Teaching,Yes,No,0,0.0
35672.666666666664,10.0,3567.263099403567,1-49,Substance Abuse,Nonprofit,Rural,Non-Teaching,Yes,Yes,1,0.8072648649648884
57338.0,48.0,1194.5414178038711,300-499,Substance Abuse,Nonprofit,Urban,Non-Teaching,No,Yes,0,0.016666666666666666
47511.333333333336,21.0,2262.4433670904605,150-199,Substance Abuse,Nonprofit,Urban,Non-Teaching,No,Yes,1,0.9733333333333334
5907.0,4.333333333333333,1363.1507004214607,1-49,Substance Abuse,Investor Owned,Frontier,Non-Teaching,Yes,Yes,0,0.0033333333333333335
10314.0,8.0,1289.2483884395144,1-49,Substance Abuse,Investor Owned,Rural,Non-Teaching,Yes,Yes,0,0.010180835245064317
28371.0,20.0,1418.5492907253547,100-149,Substance Abuse,Investor Owned,Rural,Non-Teaching,Yes,Yes,0,0.0033333333333333335
39829.0,16.0,2489.31094418066,100-149,Substance Abuse,Government,Rural,Non-Teaching,Yes,Yes,1,0.8933333333333333
7991.666666666667,7.666666666666667,1042.3899447087679,1-49,Substance Abuse,Government,Rural,Non-Teaching,No,No,0,0.02666666666666667
1610.0,2.0,804.9959750201249,1-49,Substance Abuse,Government,Frontier,Non-Teaching,Yes,No,0,0.0
28485.0,10.0,2848.4971515028487,150-199,Substance Abuse,Nonprofit,Urban,Non-Teaching,Yes,Yes,1,1.0
6546.333333333333,8.0,818.290643803362,100-149,Substance Abuse,Government,Frontier,Non-Teaching,Yes,Yes,0,0.0
64106.0,42.666666666666664,1502.484022855307,100-149,Substance Abuse,Nonprofit,Urban,Non-Teaching,No,Yes,0,0.016666666666666666
15535.666666666666,12.0,1294.6378100240472,50-99,Substance Abuse,Nonprofit,Rural,Non-Teaching,Yes,Yes,0,0.16666666666666666
20035.333333333332,13.0,1541.1783016577167,1-49,Substance Abuse,Nonprofit,Rural,Non-Teaching,Yes,Yes,0,0.06666666666666667
88985.33333333333,40.666666666666664,2188.163396353263,150-199,Substance Abuse,Nonprofit,Urban,Non-Teaching,Yes,Yes,1,0.97
18720.666666666668,8.0,2340.080408232823,1-49,Substance Abuse,Nonprofit,Rural,Non-Teaching,Yes,Yes,1,0.470116813624651
18771.0,12.0,1564.2486964594198,1-49,Substance Abuse,Nonprofit,Rural,Non-Teaching,Yes,Yes,0,0.056666666666666664
10002.666666666666,8.0,1250.3317704186202,1-49,Substance Abuse,Nonprofit,Rural,Non-Teaching,Yes,Yes,0,0.470116813624651
14433.0,8.0,1804.122744846569,100-149,Substance Abuse,Investor Owned,Urban,Non-Teaching,No,No,1,0.5379994979433288
102466.66666666667,42.666666666666664,2401.561937133921,300-499,Substance Abuse,Government,Urban,Non-Teaching,No,Yes,1,0.9433333333333334
36011.0,26.0,1385.0379288315658,300-499,Substance Abuse,Nonprofit,Urban,Non-Teaching,No,No,0,0.04461960370748678
12317.0,17.0,724.528985571185,300-499,Substance Abuse,Investor Owned,Urban,Non-Teaching,No,No,0,0.05333333333333334
57101.0,35.0,1631.4566767266635,300-499,Substance Abuse,Nonprofit,Urban,Non-Teaching,No,No,0,0.5430309850613271
34882.0,50.5,690.7325364886066,300-499,Substance Abuse,Investor Owned,Urban,Non-Teaching,Yes,No,0,0.006666666666666667
65446.0,41.0,1596.2435131113382,300-499,Substance Abuse,Nonprofit,Urban,Teaching,Yes,No,0,0.0033333333333333335
29986.333333333332,14.0,2141.879422467079,50-99,Substance Abuse,Investor Owned,Urban,Non-Teaching,No,Yes,1,0.98
3751.5,4.0,937.8726553183618,100-149,Substance Abuse,Investor Owned,Urban,Non-Teaching,Yes,Yes,0,0.07
20267.0,12.0,1688.915259237284,200-299,Substance Abuse,Investor Owned,Urban,Non-Teaching,No,No,0,0.12
33361.5,14.0,2382.9625835981547,150-199,Substance Abuse,Investor Owned,Urban,Non-Teaching,No,No,1,0.8733333333333333
46487.666666666664,30.666666666666668,1515.9016795972782,150-199,Substance Abuse,Nonprofit,Urban,Non-Teaching,No,No,0,0.602031643774092
9859.5,8.0,1232.4359594550508,100-149,Substance Abuse,Investor Owned,Urban,Non-Teaching,Yes,Yes,0,0.08
6710.333333333333,9.0,745.591764157299,100-149,Substance Abuse,Investor Owned,Urban,Non-Teaching,No,No,0,0.14893315567452883
16033.333333333334,21.0,763.4916999245874,200-299,Substance Abuse,Investor Owned,Urban,Non-Teaching,No,No,0,0.013333333333333334
39767.5,37.0,1074.7970068116197,500+,Substance Abuse,Nonprofit,Urban,Non-Teaching,No,No,0,0.006666666666666667
18635.5,9.0,2070.608810434655,100-149,Substance Abuse,Investor Owned,Urban,Non-Teaching,Yes,No,1,0.9433333333333334
79359.66666666667,32.0,2479.9888083368305,300-499,Substance Abuse,Nonprofit,Urban,Non-Teaching,No,No,1,0.6604053464071726
68964.66666666667,30.0,2298.8214559484036,500+,Substance Abuse,Nonprofit,Urban,Non-Teaching,Yes,No,1,0.9766666666666667
53635.333333333336,57.0,940.9705951513575,300-499,Substance Abuse,Nonprofit,Urban,Teaching,Yes,No,0,0.0
62426.5,49.5,1261.1411593654223,200-299,Substance Abuse,Nonprofit,Urban,Non-Teaching,Yes,No,0,0.006666666666666667
61938.666666666664,41.0,1510.6988185287432,200-299,Substance Abuse,Nonprofit,Urban,Non-Teaching,No,No,0,0.0
79005.0,53.0,1490.6600961018685,200-299,Substance Abuse,Nonprofit,Urban,Non-Teaching,No,No,0,0.10168883254175153
40703.0,29.0,1403.5512401547448,300-499,Substance Abuse,Nonprofit,Urban,Non-Teaching,No,No,0,0.03576502522278905
32344.666666666668,18.0,1796.9249276342996,100-149,Substance Abuse,Nonprofit,Urban,Non-Teaching,No,No,1,0.9662627126244788
36378.0,15.0,2425.198383201078,200-299,Substance Abuse,Investor Owned,Urban,Non-Teaching,No,No,1,0.8766666666666667
29577.0,10.666666666666666,2772.841150461422,150-199,Substance Abuse,Investor Owned,Urban,Non-Teaching,Yes,No,1,0.7966666666666666
72059.5,64.0,1125.9295115735138,300-499,Substance Abuse,Nonprofit,Urban,Teaching,No,No,0,0.0033333333333333335
35037.666666666664,29.0,1208.19498567989,300-499,Substance Abuse,Nonprofit,Urban,Non-Teaching,No,No,0,0.03576502522278905
16074.666666666666,5.666666666666667,2836.700876410218,100-149,Substance Abuse,Investor Owned,Urban,Non-Teaching,No,No,1,0.9052205646699321
54946.0,55.5,990.0178396364253,500+,Substance Abuse,Nonprofit,Urban,Teaching,No,No,0,0.006666666666666667
47234.0,37.0,1276.5942495691215,300-499,Substance Abuse,Nonprofit,Urban,Non-Teaching,No,No,0,0.08950114906630657
4946.5,4.0,1236.621908445229,50-99,Substance Abuse,Investor Owned,Urban,Non-Teaching,No,No,0,0.02666666666666667
6297.5,7.0,899.6415719406116,100-149,Substance Abuse,Investor Owned,Urban,Non-Teaching,No,No,0,0.18466849389180895
77714.0,71.0,1094.5632261178555,300-499,Substance Abuse,Nonprofit,Urban,Non-Teaching,No,No,0,0.08
57211.0,61.0,937.8850921499849,500+,Substance Abuse,Nonprofit,Urban,Non-Teaching,No,No,0,0.006666666666666667
12230.666666666666,8.0,1528.8314222940555,100-149,Substance Abuse,Investor Owned,Urban,Non-Teaching,No,No,0,0.5379994979433288
32363.666666666668,15.333333333333334,2110.672536517911,200-299,Substance Abuse,Nonprofit,Urban,Non-Teaching,No,No,1,0.8433333333333334
31796.5,21.0,1514.1183266103208,200-299,Substance Abuse,Government,Urban,Non-Teaching,No,No,0,0.056666666666666664
6826.0,7.0,975.1414640836227,200-299,Substance Abuse,Investor Owned,Urban,Non-Teaching,Yes,No,0,0.01
18475.333333333332,12.0,1539.609828102921,150-199,Substance Abuse,Nonprofit,Urban,Non-Teaching,No,No,0,0.002490670249290939
46827.333333333336,41.333333333333336,1132.9190807453836,300-499,Substance Abuse,Investor Owned,Urban,Non-Teaching,Yes,Yes,0,0.006666666666666667
23936.333333333332,27.0,886.530535852888,200-299,Substance Abuse,Nonprofit,Urban,Non-Teaching,No,No,0,0.0033333333333333335
50359.333333333336,40.0,1258.9830185875787,300-499,Substance Abuse,Nonprofit,Urban,Non-Teaching,No,No,0,0.47583115447077073
9195.333333333334,8.0,1149.4152298976294,100-149,Substance Abuse,Investor Owned,Urban,Non-Teaching,No,No,0,0.5379994979433288
43418.0,32.0,1356.8120759962262,300-499,Substance Abuse,Nonprofit,Urban,Non-Teaching,No,No,0,0.6604053464071726
21073.5,13.0,1621.037214586758,150-199,Substance Abuse,Nonprofit,Urban,Non-Teaching,No,No,0,0.01249067024929094
46270.0,30.0,1542.3328192223937,200-299,Substance Abuse,Investor Owned,Urban,Non-Teaching,No,No,0,0.02
49428.0,28.0,1765.285083826756,300-499,Substance Abuse,Nonprofit,Urban,Teaching,No,No,1,0.57
23054.5,13.0,1773.4217127525287,150-199,Substance Abuse,Investor Owned,Urban,Non-Teaching,No,No,1,0.8633333333333333
52035.666666666664,30.0,1734.5216440483407,300-499,Substance Abuse,Nonprofit,Urban,Non-Teaching,No,No,0,0.5625457968671432
73969.0,72.66666666666667,1017.9218782676313,300-499,Substance Abuse,Government,Urban,Teaching,Yes,No,0,0.0
105955.5,80.5,1316.2172277991021,500+,Substance Abuse,Government,Urban,Teaching,No,No,0,0.0
99493.0,29.0,3430.791920416579,100-149,Substance Abuse,Nonprofit,Urban,Teaching,Yes,Yes,1,0.9866666666666667
50463.666666666664,50.666666666666664,995.9932244750214,300-499,Substance Abuse,Government,Urban,Teaching,No,No,0,0.0
40780.666666666664,37.333333333333336,1092.3389931234838,200-299,Substance Abuse,Nonprofit,Urban,Non-Teaching,No,No,0,0.0033333333333333335
67262.0,33.0,2038.2418065933919,200-299,Substance Abuse,Nonprofit,Urban,Non-Teaching,Yes,No,1,0.8233333333333334
92182.33333333333,80.0,1152.2790226317886,300-499,Substance Abuse,Nonprofit,Urban,Non-Teaching,No,No,0,0.0
64397.333333333336,35.0,1839.9232838314426,150-199,Substance Abuse,Investor Owned,Urban,Non-Teaching,Yes,Yes,1,0.9233333333333333
77745.33333333333,38.0,2045.9292861589595,300-499,Substance Abuse,Nonprofit,Rural,Non-Teaching,Yes,Yes,1,0.8133333333333334
27449.0,19.0,1444.683450166605,100-149,Substance Abuse,Nonprofit,Urban,Non-Teaching,No,No,0,0.6585098352334641
29936.333333333332,31.0,965.6878605307977,300-499,Substance Abuse,Nonprofit,Urban,Non-Teaching,No,No,0,0.6456071071052523
14621.0,9.0,1624.553750495833,1-49,Substance Abuse,Nonprofit,Urban,Non-Teaching,No,No,0,0.013333333333333334
6284.0,3.6666666666666665,1713.8135077813424,1-49,Substance Abuse,Government,Rural,Non-Teaching,Yes,Yes,0,0.013333333333333334
9094.0,6.0,1515.6641405597659,1-49,Substance Abuse,Nonprofit,Rural,Non-Teaching,Yes,Yes,0,0.055117096395584694
28163.666666666668,19.0,1482.2974654574743,50-99,Substance Abuse,Nonprofit,Rural,Non-Teaching,Yes,Yes,0,0.01
13366.0,9.0,1485.1094609894878,1-49,Substance Abuse,Nonprofit,Rural,Non-Teaching,Yes,Yes,0,0.15394163824747684
25567.333333333332,10.0,2556.7307766025565,1-49,Substance Abuse,Nonprofit,Rural,Non-Teaching,Yes,Yes,1,0.8072648649648884
57461.0,26.0,2210.0376115239956,150-199,Substance Abuse,Nonprofit,Urban,Non-Teaching,Yes,Yes,1,0.99
511.0,1.0,510.99489005109945,1-49,Substance Abuse,Government,Frontier,Non-Teaching,Yes,Yes,0,0.0
41278.666666666664,30.666666666666668,1346.0430393337915,200-299,Substance Abuse,Nonprofit,Urban,Non-Teaching,No,No,0,0.005824003582624272
14553.0,6.0,2425.495957506738,50-99,Substance Abuse,Nonprofit,Rural,Non-Teaching,No,Yes,1,0.9133333333333333
50028.333333333336,16.0,3126.768879102784,200-299,Substance Abuse,Government,Urban,Non-Teaching,Yes,Yes,1,0.9133333333333333
51527.5,19.0,2711.972256856707,150-199,Substance Abuse,Government,Urban,Non-Teaching,Yes,Yes,1,0.89
24487.0,18.0,1360.3881331177038,150-199,Substance Abuse,Investor Owned,Urban,Non-Teaching,No,No,0,0.02666666666666667
6034.5,8.0,754.3115571105536,100-149,Substance Abuse,Nonprofit,Rural,Non-Teaching,No,No,0,0.016666666666666666
12749.5,15.0,849.9661000226,50-99,Substance Abuse,Government,Rural,Non-Teaching,Yes,Yes,0,0.04666666666666667
92289.0,35.666666666666664,2587.5413305958887,300-499,Substance Abuse,Nonprofit,Urban,Non-Teaching,No,No,1,0.7751893027972084
27767.5,26.0,1067.9803584690928,200-299,Substance Abuse,Nonprofit,Urban,Non-Teaching,No,No,0,0.0
23505.0,30.0,783.4997388334205,200-299,Substance Abuse,Investor Owned,Urban,Teaching,No,Yes,0,0.013333333333333334
5063.0,8.0,632.8742089072389,100-149,Substance Abuse,Investor Owned,Urban,Non-Teaching,No,No,0,0.5379994979433288
12153.0,11.0,1104.8171774389295,150-199,Substance Abuse,Investor Owned,Urban,Non-Teaching,No,Yes,0,0.05333333333333334
100965.66666666667,80.5,1254.2317282527874,300-499,Substance Abuse,Nonprofit,Urban,Non-Teaching,No,No,0,0.0
11960.0,12.0,996.6658361118033,100-149,Substance Abuse,Investor Owned,Urban,Non-Teaching,No,No,0,0.05164800716524854
11887.333333333334,11.0,1080.6656842433174,100-149,Substance Abuse,Investor Owned,Urban,Non-Teaching,No,No,0,0.01464351883490743
25199.5,23.0,1095.6299584217572,150-199,Substance Abuse,Investor Owned,Urban,Non-Teaching,No,No,0,0.016666666666666666
11411.0,10.0,1141.098858901141,150-199,Substance Abuse,Investor Owned,Urban,Non-Teaching,Yes,No,0,0.14666666666666667
34495.5,44.5,775.1796010832356,300-499,Substance Abuse,Nonprofit,Urban,Non-Teaching,No,No,0,0.025400608793773878
42020.0,50.666666666666664,829.3419415772483,300-499,Substance Abuse,Government,Urban,Teaching,Yes,No,0,0.0
19240.0,12.0,1603.3319972233357,150-199,Substance Abuse,Investor Owned,Urban,Non-Teaching,Yes,No,0,0.13666666666666666
27262.5,31.0,879.4352001821935,200-299,Substance Abuse,Nonprofit,Urban,Non-Teaching,No,No,0,0.006666666666666667
14340.0,20.0,716.9996415001792,150-199,Substance Abuse,Nonprofit,Urban,Non-Teaching,No,No,0,0.0
53749.666666666664,36.0,1493.045881561329,300-499,Substance Abuse,Nonprofit,Urban,Non-Teaching,No,No,0,0.1763138633437495
4135.333333333333,8.0,516.916020521641,150-199,Substance Abuse,Investor Owned,Urban,Non-Teaching,No,No,0,0.2913350567847148
24221.0,24.0,1009.2079128300363,200-299,Substance Abuse,Investor Owned,Urban,Non-Teaching,Yes,No,0,0.0
17550.0,17.5,1002.8565697962458,200-299,Substance Abuse,Investor Owned,Urban,Non-Teaching,No,No,0,0.05
109291.5,72.0,1517.9372891753765,200-299,Substance Abuse,Nonprofit,Urban,Non-Teaching,No,No,0,0.0
26386.333333333332,14.0,1884.7367489975602,50-99,Substance Abuse,Nonprofit,Urban,Non-Teaching,No,Yes,1,0.7966666666666666
69937.5,69.0,1013.5868096251,300-499,Substance Abuse,Nonprofit,Urban,Non-Teaching,No,No,0,0.08
112998.5,62.0,1822.5561576522325,300-499,Substance Abuse,Nonprofit,Urban,Non-Teaching,No,No,1,0.82
3495.0,3.0,1164.996116679611,1-49,Substance Abuse,Government,Frontier,Non-Teaching,Yes,Yes,0,0.0
2546.6666666666665,2.0,1273.3269666984997,1-49,Substance Abuse,Government,Frontier,Non-Teaching,Yes,Yes,0,0.0
44698.666666666664,30.0,1489.9550589038693,150-199,Substance Abuse,Investor Owned,Urban,Non-Teaching,No,Yes,0,0.03666666666666667
54417.5,28.0,1943.4814487566255,300-499,Substance Abuse,Investor Owned,Urban,Non-Teaching,No,Yes,1,0.9766666666666667
39938.5,29.0,1377.189180279593,300-499,Substance Abuse,Investor Owned,Urban,Non-Teaching,Yes,Yes,0,0.02
45627.5,12.0,3802.2884980929184,100-149,Substance Abuse,Investor Owned,Urban,Non-Teaching,No,Yes,1,0.9933333333333333
7767.0,7.0,1109.5698434716523,1-49,Substance Abuse,Government,Rural,Non-Teaching,Yes,Yes,0,0.0
45660.666666666664,41.0,1113.6745251200343,150-199,Substance Abuse,Investor Owned,Urban,Non-Teaching,No,Yes,0,0.013333333333333334
37046.333333333336,28.0,1323.0828608037402,50-99,Substance Abuse,Government,Urban,Non-Teaching,No,Yes,0,0.03
15067.333333333334,12.0,1255.6100647693906,50-99,Substance Abuse,Investor Owned,Urban,Non-Teaching,Yes,No,0,0.01
54291.666666666664,41.0,1324.1866688975604,200-299,Substance Abuse,Nonprofit,Urban,Non-Teaching,No,Yes,0,0.0
47474.5,26.0,1825.9416054070748,50-99,Substance Abuse,Nonprofit,Urban,Non-Teaching,No,Yes,1,0.8466666666666667
90694.33333333333,53.0,1711.213513607513,100-149,Substance Abuse,Investor Owned,Urban,Non-Teaching,No,Yes,0,0.03666666666666667
35054.666666666664,21.0,1669.2690463798192,100-149,Substance Abuse,Investor Owned,Urban,Non-Teaching,No,No,0,0.13
47299.5,58.5,808.5383233267823,100-149,Substance Abuse,Nonprofit,Urban,Non-Teaching,No,Yes,0,0.0
95381.5,59.0,1616.6353192143526,200-299,Substance Abuse,Nonprofit,Urban,Non-Teaching,No,No,0,0.015321417932677986
63503.666666666664,70.0,907.1951084959368,500+,Substance Abuse,Government,Urban,Teaching,No,No,0,0.0
84523.33333333333,51.333333333333336,1646.5581208003657,500+,Substance Abuse,Nonprofit,Urban,Non-Teaching,No,No,0,0.0
106119.0,53.0,2002.2449052368102,200-299,Substance Abuse,Nonprofit,Urban,Non-Teaching,No,No,1,0.10168883254175153
21385.333333333332,18.0,1188.0734140332884,50-99,Substance Abuse,Government,Rural,Non-Teaching,Yes,No,0,0.006666666666666667
11297.666666666666,7.0,1613.9500753094162,1-49,Substance Abuse,Government,Rural,Non-Teaching,Yes,Yes,0,0.0
33224.0,15.0,2214.9318567120954,100-149,Substance Abuse,Investor Owned,Urban,Non-Teaching,No,No,1,0.7966666666666666
22289.0,12.0,1857.4151188207343,100-149,Substance Abuse,Investor Owned,Urban,Non-Teaching,No,Yes,1,0.9933333333333333
112998.5,80.5,1403.7079001605093,300-499,Substance Abuse,Nonprofit,Urban,Non-Teaching,Yes,No,0,0.0
40403.0,40.0,1010.074747481313,300-499,Substance Abuse,Nonprofit,Urban,Teaching,No,No,0,0.01
8291.666666666666,6.0,1381.9421412075424,1-49,Substance Abuse,Government,Rural,Non-Teaching,Yes,Yes,0,0.0
75626.66666666667,52.0,1454.35869467461,300-499,Substance Abuse,Nonprofit,Urban,Non-Teaching,No,Yes,0,0.02
53317.333333333336,18.0,2962.0724284782805,300-499,Substance Abuse,Nonprofit,Urban,Non-Teaching,No,Yes,1,0.9733333333333334
62192.333333333336,43.0,1446.3329969768224,200-299,Substance Abuse,Nonprofit,Urban,Non-Teaching,No,Yes,0,0.0
30790.0,16.0,1924.3737972663766,100-149,Substance Abuse,Investor Owned,Urban,Non-Teaching,Yes,Yes,1,0.88
22806.333333333332,15.333333333333334,1487.3685951943944,150-199,Substance Abuse,Investor Owned,Rural,Non-Teaching,Yes,Yes,0,0.02
35471.0,20.333333333333332,1744.4745518977616,100-149,Substance Abuse,Investor Owned,Urban,Non-Teaching,Yes,Yes,1,0.9
57942.0,47.0,1232.8082483386704,300-499,Substance Abuse,Government,Urban,Teaching,Yes,No,0,0.0
25407.666666666668,16.0,1587.9781741803079,1-49,Substance Abuse,Investor Owned,Rural,Non-Teaching,Yes,Yes,0,0.01
23200.666666666668,15.0,1546.710079971058,50-99,Substance Abuse,Nonprofit,Urban,Non-Teaching,No,Yes,0,0.12666666666666668
79146.5,63.0,1256.2934513819919,500+,Substance Abuse,Nonprofit,Urban,Non-Teaching,No,No,0,0.0
86469.0,80.5,1074.148934888331,500+,Substance Abuse,Nonprofit,Urban,Non-Teaching,No,Yes,0,0.0033333333333333335
112241.5,80.5,1394.3041746205993,300-499,Substance Abuse,Nonprofit,Urban,Non-Teaching,No,No,0,0.0
96961.66666666667,77.33333333333333,1253.8144930412295,300-499,Substance Abuse,Nonprofit,Urban,Teaching,No,No,0,0.0
17293.0,20.0,864.6495676752162,200-299,Substance Abuse,Investor Owned,Urban,Non-Teaching,Yes,Yes,0,0.0033333333333333335
37200.666666666664,47.0,791.5033776943167,300-499,Substance Abuse,Nonprofit,Urban,Non-Teaching,No,No,0,0.023412524194429227
39953.666666666664,40.0,998.8414169563123,300-499,Substance Abuse,Government,Urban,Non-Teaching,No,No,0,0.0033333333333333335
60332.5,80.5,749.4719565873346,300-499,Substance Abuse,Government,Urban,Teaching,No,No,0,0.0
63761.0,48.0,1328.3538899262728,300-499,Substance Abuse,Nonprofit,Urban,Non-Teaching,No,No,0,0.023412524194429227
26922.5,8.0,3365.3082933646333,200-299,Substance Abuse,Government,Urban,Non-Teaching,No,No,1,0.9133333333333333
44178.666666666664,38.0,1162.5961852817054,150-199,Substance Abuse,Nonprofit,Urban,Non-Teaching,No,No,0,0.02666666666666667
77978.0,72.0,1083.027627357274,200-299,Substance Abuse,Government,Urban,Non-Teaching,No,Yes,0,0.01
31841.333333333332,28.666666666666668,1110.7437985777447,200-299,Substance Abuse,Nonprofit,Urban,Teaching,No,No,0,0.06333333333333334
10480.666666666666,12.0,873.3881610654213,200-299,Substance Abuse,Nonprofit,Urban,Non-Teaching,No,No,0,0.33666666666666667
43609.0,59.0,739.135467943141,300-499,Substance Abuse,Government,Urban,Teaching,No,No,0,0.0
20186.666666666668,19.0,1062.4555811637292,200-299,Substance Abuse,Nonprofit,Urban,Non-Teaching,No,No,0,0.02666666666666667
11045.666666666666,12.0,920.4714551626762,200-299,Substance Abuse,Nonprofit,Urban,Teaching,No,No,0,0.03333333333333333
26493.666666666668,35.0,756.9616884871366,200-299,Substance Abuse,Nonprofit,Urban,Non-Teaching,No,Yes,0,0.0033333333333333335
17995.0,16.0,1124.686797070752,100-149,Substance Abuse,Nonprofit,Urban,Non-Teaching,No,No,0,0.10285104019821435
49033.666666666664,28.0,1751.2017555231826,150-199,Substance Abuse,Nonprofit,Urban,Non-Teaching,No,Yes,1,0.9866666666666667
41087.333333333336,25.333333333333332,1621.8677808416658,150-199,Substance Abuse,Government,Urban,Non-Teaching,Yes,Yes,0,0.1
29388.666666666668,14.0,2099.1889767697785,50-99,Substance Abuse,Nonprofit,Urban,Non-Teaching,No,Yes,1,0.7966666666666666
25987.0,11.0,2362.4523977705476,50-99,Substance Abuse,Investor Owned,Urban,Non-Teaching,No,Yes,1,0.9766666666666667
103851.33333333333,46.666666666666664,2225.385237417449,50-99,Substance Abuse,Nonprofit,Urban,Non-Teaching,No,Yes,1,0.8833333333333333
25632.666666666668,18.0,1424.0362459057894,50-99,Substance Abuse,Nonprofit,Rural,Non-Teaching,No,Yes,0,0.016666666666666666
20801.333333333332,22.0,945.5147217357325,50-99,Substance Abuse,Nonprofit,Rural,Non-Teaching,No,Yes,0,0.016666666666666666
19784.666666666668,11.0,1798.6044255111285,150-199,Substance Abuse,Investor Owned,Rural,Non-Teaching,No,Yes,1,0.9533333333333334
27192.666666666668,23.0,1182.2893410336198,100-149,Substance Abuse,Investor Owned,Urban,Non-Teaching,No,No,0,0.13333333333333333
33189.666666666664,15.0,2212.6429693491314,150-199,Substance Abuse,Government,Urban,Non-Teaching,No,No,1,0.8933333333333333
39927.666666666664,19.0,2101.4550343219116,100-149,Substance Abuse,Nonprofit,Urban,Non-Teaching,No,No,1,0.6585098352334641
13136.0,22.0,597.0906376860738,300-499,Substance Abuse,Investor Owned,Urban,Non-Teaching,No,No,0,0.09666666666666666
1620.0,7.0,231.42824081679885,100-149,Substance Abuse,Investor Owned,Rural,Non-Teaching,No,No,0,0.013333333333333334
41904.5,26.0,1611.7109185727236,200-299,Substance Abuse,Nonprofit,Urban,Non-Teaching,No,No,0,0.0
14532.0,17.0,854.8230265746903,200-299,Substance Abuse,Nonprofit,Urban,Non-Teaching,No,No,0,0.08666666666666667
32738.0,24.0,1364.0827649655146,150-199,Substance Abuse,Nonprofit,Urban,Non-Teaching,No,No,0,0.10333333333333333
22042.666666666668,22.0,1001.9389385126037,1-49,Substance Abuse,Nonprofit,Urban,Non-Teaching,No,Yes,0,0.03
18819.5,10.0,1881.948118051882,50-99,Substance Abuse,Government,Rural,Non-Teaching,No,Yes,1,0.94
48621.0,41.0,1185.8777595420097,200-299,Substance Abuse,Nonprofit,Urban,Non-Teaching,Yes,Yes,0,0.0
35892.0,40.5,886.2220034019743,300-499,Substance Abuse,Nonprofit,Urban,Non-Teaching,No,No,0,0.0924584721155112
9330.0,8.0,1166.2485421893223,1-49,Substance Abuse,Nonprofit,Rural,Non-Teaching,No,Yes,0,0.042064398183905095
52909.5,40.0,1322.7371693157077,300-499,Substance Abuse,Nonprofit,Urban,Non-Teaching,No,No,0,0.47583115447077073
47574.333333333336,35.0,1359.266278304873,300-499,Substance Abuse,Investor Owned,Urban,Non-Teaching,No,No,0,0.14
49958.666666666664,25.0,1998.3458673283196,300-499,Substance Abuse,Government,Urban,Non-Teaching,No,No,1,0.9033333333333333
73416.5,80.5,912.0060978874412,200-299,Substance Abuse,Nonprofit,Urban,Teaching,No,No,0,0.02
65069.0,36.0,1807.4717201467442,200-299,Substance Abuse,Nonprofit,Urban,Non-Teaching,No,No,1,0.5761843735315477
33380.333333333336,8.0,4172.536450996104,50-99,Substance Abuse,Government,Rural,Non-Teaching,No,No,1,0.97
67463.5,30.0,2248.7825837391388,300-499,Substance Abuse,Nonprofit,Urban,Non-Teaching,No,No,1,0.5625457968671432
28103.666666666668,13.333333333333334,2107.7734191699356,100-149,Substance Abuse,Nonprofit,Urban,Non-Teaching,Yes,No,1,0.9933333333333333
3986.3333333333335,6.0,664.3877815759197,100-149,Substance Abuse,Government,Frontier,Non-Teaching,Yes,Yes,0,0.0
24901.0,28.0,889.3211109567461,200-299,Substance Abuse,Investor Owned,Urban,Non-Teaching,No,Yes,0,0.0033333333333333335
42502.0,26.0,1634.691678964739,200-299,Substance Abuse,Nonprofit,Urban,Non-Teaching,No,Yes,0,0.0
9721.666666666666,11.0,883.7870753450829,1-49,Substance Abuse,Nonprofit,Rural,Non-Teaching,Yes,Yes,0,0.05
9916.0,7.0,1416.5694049008503,1-49,Substance Abuse,Nonprofit,Rural,Non-Teaching,Yes,Yes,0,0.03681335369491374
57303.333333333336,51.0,1123.594550929173,200-299,Substance Abuse,Nonprofit,Urban,Non-Teaching,No,No,0,0.0
24714.666666666668,13.0,1901.1267427230187,100-149,Substance Abuse,Nonprofit,Urban,Non-Teaching,No,No,1,0.7961843735315477
57780.0,45.0,1283.99971466673,150-199,Substance Abuse,Nonprofit,Urban,Non-Teaching,No,No,0,0.0033333333333333335
48864.0,27.0,1809.7771074899601,100-149,Substance Abuse,Nonprofit,Urban,Non-Teaching,No,No,1,0.77
8867.0,9.0,985.2211275320806,1-49,Substance Abuse,Investor Owned,Rural,Non-Teaching,No,No,0,0.006666666666666667
17207.5,15.0,1147.1659018893988,50-99,Substance Abuse,Investor Owned,Urban,Non-Teaching,No,No,0,0.04198808459934465
35628.0,29.5,1207.728404159863,200-299,Substance Abuse,Investor Owned,Urban,Non-Teaching,No,Yes,0,0.0
8424.666666666666,8.333333333333334,1010.9587868494557,50-99,Substance Abuse,Government,Urban,Non-Teaching,Yes,No,0,0.0033333333333333335
53276.0,30.0,1775.8660747113086,150-199,Substance Abuse,Nonprofit,Urban,Teaching,No,Yes,1,0.98
31739.5,34.0,933.5144313192848,100-149,Substance Abuse,Nonprofit,Urban,Non-Teaching,No,Yes,0,0.18666666666666668
77669.33333333333,33.0,2353.6154483993587,300-499,Substance Abuse,Investor Owned,Urban,Non-Teaching,No,No,1,0.7766666666666666
51875.333333333336,32.0,1621.1036600717728,200-299,Substance Abuse,Investor Owned,Urban,Non-Teaching,No,No,0,0.023333333333333334
72098.66666666667,40.0,1802.4662160501127,300-499,Substance Abuse,Nonprofit,Urban,Non-Teaching,No,No,1,0.47583115447077073
18690.333333333332,12.0,1557.5264798390444,1-49,Substance Abuse,Government,Rural,Non-Teaching,Yes,No,0,0.0033333333333333335
28291.666666666668,14.0,2020.8318898819837,50-99,Substance Abuse,Nonprofit,Rural,Non-Teaching,Yes,Yes,1,0.84
59761.5,80.5,742.3787897666099,300-499,Substance Abuse,Government,Urban,Non-Teaching,Yes,Yes,0,0.0033333333333333335
33321.0,24.0,1388.3744215106578,150-199,Substance Abuse,Government,Rural,Non-Teaching,Yes,Yes,0,0.006666666666666667
28867.333333333332,15.0,1924.4876058971515,100-149,Substance Abuse,Nonprofit,Rural,Non-Teaching,Yes,Yes,1,0.85
30663.666666666668,18.0,1703.536090628098,50-99,Substance Abuse,Nonprofit,Rural,Non-Teaching,Yes,Yes,0,0.01
40721.5,38.5,1057.70102397376,200-299,Substance Abuse,Government,Urban,Non-Teaching,No,No,0,0.01
40176.0,28.0,1434.8566304083463,300-499,Substance Abuse,Investor Owned,Urban,Non-Teaching,No,No,0,0.20666666666666667
7952.0,6.0,1325.331124448126,1-49,Substance Abuse,Nonprofit,Rural,Non-Teaching,No,No,0,0.01
22600.333333333332,14.0,1614.3083707321161,100-149,Substance Abuse,Nonprofit,Urban,Non-Teaching,No,No,0,0.21285104019821438
45771.666666666664,31.0,1476.5049000521826,200-299,Substance Abuse,Nonprofit,Urban,Non-Teaching,No,Yes,0,0.0033333333333333335
26971.5,11.0,2451.952316406985,1-49,Substance Abuse,Nonprofit,Urban,Non-Teaching,No,Yes,1,0.7566666666666667
59699.0,44.0,1356.7951461829211,200-299,Substance Abuse,Nonprofit,Rural,Non-Teaching,Yes,Yes,0,0.0
36398.0,40.0,909.9497725125568,150-199,Substance Abuse,Nonprofit,Urban,Non-Teaching,No,No,0,0.006666666666666667
69248.0,54.0,1282.3701328944198,150-199,Substance Abuse,Government,Urban,Non-Teaching,No,No,0,0.01
112998.5,80.0,1412.4810734398657,300-499,Substance Abuse,Nonprofit,Urban,Teaching,No,No,0,0.0
9934.0,5.0,1986.7960264079472,1-49,Substance Abuse,Nonprofit,Rural,Non-Teaching,Yes,Yes,1,0.782651212979528
15236.0,11.0,1385.0896499185,1-49,Substance Abuse,Nonprofit,Rural,Non-Teaching,Yes,Yes,0,0.05
26490.0,24.0,1103.7495401043584,100-149,Substance Abuse,Nonprofit,Rural,Non-Teaching,No,No,0,0.006666666666666667
9268.0,9.0,1029.7766335815184,50-99,Substance Abuse,Investor Owned,Rural,Non-Teaching,Yes,Yes,0,0.01
63937.0,48.0,1332.0205558290509,300-499,Substance Abuse,Nonprofit,Urban,Teaching,No,Yes,0,0.013333333333333334
11554.0,12.0,962.8325309728909,50-99,Substance Abuse,Investor Owned,Rural,Non-Teaching,Yes,Yes,0,0.02
30623.0,20.0,1531.149234425383,150-199,Substance Abuse,Government,Rural,Non-Teaching,Yes,Yes,0,0.023333333333333334
74433.0,36.0,2067.582759004789,300-499,Substance Abuse,Nonprofit,Urban,Non-Teaching,No,Yes,1,0.9766666666666667
45491.0,30.0,1516.3661612112796,200-299,Substance Abuse,Government,Urban,Teaching,No,Yes,0,0.0033333333333333335
53560.0,40.0,1338.9996652500836,200-299,Substance Abuse,Nonprofit,Urban,Non-Teaching,No,Yes,0,0.0
2364.0,2.0,1181.9940900295499,1-49,Substance Abuse,Nonprofit,Frontier,Non-Teaching,Yes,Yes,0,0.01582400358262427
41196.0,26.0,1584.4609290534888,300-499,Substance Abuse,Nonprofit,Urban,Teaching,No,No,0,0.016666666666666666
72057.0,46.0,1566.456181205178,300-499,Substance Abuse,Nonprofit,Urban,Non-Teaching,Yes,No,0,0.0
33564.0,14.0,2397.4268589808153,150-199,Substance Abuse,Government,Urban,Non-Teaching,No,No,1,0.89
31471.5,22.0,1430.5220770354194,100-149,Substance Abuse,Nonprofit,Urban,Non-Teaching,No,No,0,0.06531650099329052
33640.5,16.0,2102.52993591879,300-499,Substance Abuse,Nonprofit,Urban,Non-Teaching,No,No,1,0.5152964928798546
52043.0,50.0,1040.8597918280416,500+,Substance Abuse,Nonprofit,Urban,Non-Teaching,No,No,0,0.0
29638.0,21.0,1411.3326612701612,150-199,Substance Abuse,Investor Owned,Urban,Non-Teaching,No,No,0,0.013333333333333334
25109.5,16.0,1569.3427691607694,300-499,Substance Abuse,Nonprofit,Urban,Non-Teaching,No,No,0,0.5152964928798546
50599.5,24.0,2108.3116215368245,300-499,Substance Abuse,Investor Owned,Urban,Non-Teaching,No,No,1,0.7866666666666666
109217.0,29.0,3766.1021496199482,100-149,Substance Abuse,Nonprofit,Urban,Non-Teaching,Yes,Yes,1,0.9566666666666667
10799.0,13.0,830.6916686987164,1-49,Substance Abuse,Government,Rural,Non-Teaching,No,Yes,0,0.0033333333333333335
6472.0,8.0,808.998988751264,150-199,Substance Abuse,Nonprofit,Rural,Non-Teaching,No,No,0,0.005824003582624272
23312.0,18.0,1295.110391605338,100-149,Substance Abuse,Nonprofit,Rural,Non-Teaching,Yes,Yes,0,0.07
27460.0,23.0,1193.912524385859,150-199,Substance Abuse,Government,Urban,Non-Teaching,No,No,0,0.06
11497.0,69.0,166.62316425751243,50-99,Substance Abuse,Nonprofit,Urban,Non-Teaching,No,No,0,0.02
112998.5,72.0,1569.4233931356398,200-299,Substance Abuse,Nonprofit,Urban,Teaching,No,No,0,0.02
87345.0,64.0,1364.7654117554043,500+,Substance Abuse,Investor Owned,Urban,Teaching,Yes,Yes,0,0.006666666666666667
51767.0,26.0,1991.0376957547323,100-149,Substance Abuse,Nonprofit,Urban,Non-Teaching,No,Yes,1,0.8366666666666667
99973.0,59.0,1694.4573399224846,200-299,Substance Abuse,Nonprofit,Urban,Teaching,No,No,0,0.08666666666666667
30920.5,20.0,1546.0242269878865,300-499,Substance Abuse,Nonprofit,Urban,Non-Teaching,No,No,0,0.07225577110773651
56462.0,31.0,1821.3542511760481,300-499,Substance Abuse,Nonprofit,Urban,Non-Teaching,No,No,1,0.6456071071052523
45169.5,29.0,1557.56842842468,300-499,Substance Abuse,Nonprofit,Urban,Non-Teaching,No,No,0,0.03576502522278905
107243.0,53.0,2023.4524484051983,200-299,Substance Abuse,Nonprofit,Urban,Teaching,No,No,1,0.8633333333333333
42886.0,25.0,1715.4393138242744,100-149,Substance Abuse,Nonprofit,Urban,Non-Teaching,No,No,0,0.18165427325004957
112998.5,80.5,1403.7079001605093,300-499,Substance Abuse,Nonprofit,Urban,Teaching,Yes,No,0,0.0
62646.0,24.0,2610.2489123962864,300-499,Substance Abuse,Nonprofit,Urban,Teaching,No,Yes,1,0.8833333333333333
4339.5,4.0,1084.8722878192805,1-49,Substance Abuse,Nonprofit,Frontier,Non-Teaching,Yes,Yes,0,0.01582400358262427
14965.0,39.0,383.7178503287563,150-199,Substance Abuse,Nonprofit,Urban,Non-Teaching,No,No,0,0.006666666666666667
112998.5,80.5,1403.7079001605093,300-499,Substance Abuse,Nonprofit,Urban,Teaching,No,No,0,0.0
5637.5,7.0,805.3559923485824,50-99,Substance Abuse,Nonprofit,Urban,Non-Teaching,No,Yes,0,0.08
82844.0,62.0,1336.1933328720431,300-499,Substance Abuse,Investor Owned,Urban,Teaching,Yes,Yes,0,0.0
13380.0,22.0,608.1815417356629,200-299,Substance Abuse,Investor Owned,Urban,Non-Teaching,No,No,0,0.013333333333333334
17158.0,17.0,1009.293523944986,150-199,Substance Abuse,Nonprofit,Urban,Non-Teaching,No,No,0,0.0
43220.0,40.0,1080.4997298750675,300-499,Substance Abuse,Nonprofit,Urban,Teaching,No,No,0,0.01
63151.0,40.0,1578.7746053063486,200-299,Substance Abuse,Nonprofit,Urban,Non-Teaching,No,No,0,0.0
73413.0,36.0,2039.249433541824,200-299,Substance Abuse,Nonprofit,Urban,Teaching,No,No,1,0.8833333333333333
74166.0,30.0,2472.199175933608,300-499,Substance Abuse,Nonprofit,Urban,Teaching,No,No,1,0.607812088181969
39333.0,24.0,1638.8743171357012,200-299,Substance Abuse,Nonprofit,Urban,Non-Teaching,No,Yes,0,0.0
53345.0,27.0,1975.740008985182,150-199,Substance Abuse,Nonprofit,Urban,Non-Teaching,No,No,1,0.8166666666666667
59695.0,30.0,1989.8326700557766,150-199,Substance Abuse,Nonprofit,Urban,Non-Teaching,No,Yes,1,0.9833333333333333
71708.0,73.0,982.3012353012006,300-499,Substance Abuse,Government,Urban,Teaching,Yes,Yes,0,0.0
45896.0,35.0,1311.313911053168,150-199,Substance Abuse,Government,Urban,Non-Teaching,No,No,0,0.056666666666666664
34054.5,18.0,1891.9156156024358,100-149,Substance Abuse,Nonprofit,Urban,Non-Teaching,No,No,1,0.9662627126244788
23820.0,19.5,1221.5378351088025,100-149,Substance Abuse,Nonprofit,Urban,Non-Teaching,No,Yes,0,0.11333333333333333
32229.0,23.0,1401.260260321626,50-99,Substance Abuse,Nonprofit,Urban,Non-Teaching,No,Yes,0,0.11
2837.0,2.0,1418.4929075354623,1-49,Substance Abuse,Government,Frontier,Non-Teaching,Yes,Yes,0,0.0
23943.0,20.0,1197.1494014252994,300-499,Substance Abuse,Investor Owned,Urban,Non-Teaching,Yes,No,0,0.006666666666666667
32425.0,41.0,790.8534656454962,300-499,Substance Abuse,Government,Urban,Teaching,No,No,0,0.0
28244.0,16.0,1765.2488967194397,100-149,Substance Abuse,Nonprofit,Rural,Non-Teaching,Yes,Yes,1,0.9166666666666666
4834.0,4.0,1208.4969787575533,50-99,Substance Abuse,Government,Frontier,Non-Teaching,Yes,Yes,0,0.0033333333333333335
58831.0,56.0,1050.5533838297529,300-499,Substance Abuse,Nonprofit,Urban,Non-Teaching,No,No,0,0.28563044244873886
73328.0,64.0,1145.7498209765904,300-499,Substance Abuse,Investor Owned,Urban,Non-Teaching,Yes,Yes,0,0.0033333333333333335
68827.0,44.0,1564.249644488717,300-499,Substance Abuse,Government,Urban,Teaching,No,Yes,0,0.0
51901.0,24.0,2162.540765608014,300-499,Substance Abuse,Nonprofit,Urban,Non-Teaching,No,Yes,1,0.9833333333333333
33076.0,52.0,636.0768007544614,500+,Substance Abuse,Government,Urban,Teaching,No,No,0,0.006666666666666667
28108.0,21.0,1338.4755531068795,200-299,Substance Abuse,Nonprofit,Urban,Non-Teaching,Yes,Yes,0,0.01
67670.0,62.0,1091.4514368626715,300-499,Substance Abuse,Investor Owned,Urban,Non-Teaching,Yes,Yes,0,0.006666666666666667
